image_path,true_label,predicted_label,confidence,top_3,source,session_id
C:/Code/airwrite-vocab-assistant/data/airwrite_identity_eval/../raw_airwrite/A/airwrite_A_20260728_215529_839191_25d943.png,a,k,0.9833977222442627,"[{""label"": ""k"", ""probability"": 0.9833977222442627}, {""label"": ""r"", ""probability"": 0.013372663408517838}, {""label"": ""f"", ""probability"": 0.001419596141204238}]",uppercase,custom_uppercase_sprint9
C:/Code/airwrite-vocab-assistant/data/airwrite_identity_eval/../raw_airwrite/A/airwrite_A_20260728_220314_965246_73faed.png,a,k,0.2817021906375885,"[{""label"": ""k"", ""probability"": 0.2817021906375885}, {""label"": ""x"", ""probability"": 0.2167741358280182}, {""label"": ""a"", ""probability"": 0.20280972123146057}]",uppercase,custom_uppercase_sprint9
C:/Code/airwrite-vocab-assistant/data/airwrite_identity_eval/../raw_airwrite/A/airwrite_A_20260728_220440_416995_0a199a.png,a,f,0.4390518367290497,"[{""label"": ""f"", ""probability"": 0.4390518367290497}, {""label"": ""a"", ""probability"": 0.18904370069503784}, {""label"": ""i"", ""probability"": 0.09513416141271591}]",uppercase,custom_uppercase_sprint9
C:/Code/airwrite-vocab-assistant/data/airwrite_identity_eval/../raw_airwrite/A/airwrite_A_20260728_220516_688131_23112b.png,a,m,0.1586696207523346,"[{""label"": ""m"", ""probability"": 0.1586696207523346}, {""label"": ""n"", ""probability"": 0.12970001995563507}, {""label"": ""h"", ""probability"": 0.12730181217193604}]",uppercase,custom_uppercase_sprint9
C:/Code/airwrite-vocab-assistant/data/airwrite_identity_eval/../raw_airwrite/A/airwrite_A_20260728_220531_874170_563ed9.png,a,n,0.40799927711486816,"[{""label"": ""n"", ""probability"": 0.40799927711486816}, {""label"": ""r"", ""probability"": 0.3055117726325989}, {""label"": ""t"", ""probability"": 0.10593420267105103}]",uppercase,custom_uppercase_sprint9
C:/Code/airwrite-vocab-assistant/data/airwrite_identity_eval/../raw_airwrite/A/airwrite_A_20260728_220602_494801_7b254b.png,a,t,0.20189301669597626,"[{""label"": ""t"", ""probability"": 0.20189301669597626}, {""label"": ""l"", ""probability"": 0.20180922746658325}, {""label"": ""i"", ""probability"": 0.18899005651474}]",uppercase,custom_uppercase_sprint9
C:/Code/airwrite-vocab-assistant/data/airwrite_identity_eval/../raw_airwrite/A/airwrite_A_20260728_220608_597731_21bbbf.png,a,i,0.7495980858802795,"[{""label"": ""i"", ""probability"": 0.7495980858802795}, {""label"": ""z"", ""probability"": 0.10083796083927155}, {""label"": ""t"", ""probability"": 0.04314444214105606}]",uppercase,custom_uppercase_sprint9
C:/Code/airwrite-vocab-assistant/data/airwrite_identity_eval/../raw_airwrite/A/airwrite_A_20260728_220615_633247_b74777.png,a,y,0.43057528138160706,"[{""label"": ""y"", ""probability"": 0.43057528138160706}, {""label"": ""v"", ""probability"": 0.17497403919696808}, {""label"": ""j"", ""probability"": 0.135103240609169}]",uppercase,custom_uppercase_sprint9
C:/Code/airwrite-vocab-assistant/data/airwrite_identity_eval/../raw_airwrite/A/airwrite_A_20260728_220622_351571_6f0b4a.png,a,f,0.5507607460021973,"[{""label"": ""f"", ""probability"": 0.5507607460021973}, {""label"": ""k"", ""probability"": 0.23255258798599243}, {""label"": ""x"", ""probability"": 0.10220195353031158}]",uppercase,custom_uppercase_sprint9
C:/Code/airwrite-vocab-assistant/data/airwrite_identity_eval/../raw_airwrite/A/airwrite_A_20260728_220741_852313_8dd31e.png,a,y,0.4518693685531616,"[{""label"": ""y"", ""probability"": 0.4518693685531616}, {""label"": ""h"", ""probability"": 0.15724995732307434}, {""label"": ""v"", ""probability"": 0.11735230684280396}]",uppercase,custom_uppercase_sprint9
C:/Code/airwrite-vocab-assistant/data/airwrite_identity_eval/../raw_airwrite/A/airwrite_A_20260728_220802_188167_5787b2.png,a,r,0.5593257546424866,"[{""label"": ""r"", ""probability"": 0.5593257546424866}, {""label"": ""a"", ""probability"": 0.1584363579750061}, {""label"": ""n"", ""probability"": 0.08104175329208374}]",uppercase,custom_uppercase_sprint9
C:/Code/airwrite-vocab-assistant/data/airwrite_identity_eval/../raw_airwrite/A/airwrite_A_20260728_220818_591210_a82418.png,a,f,0.46058157086372375,"[{""label"": ""f"", ""probability"": 0.46058157086372375}, {""label"": ""a"", ""probability"": 0.3049354553222656}, {""label"": ""r"", ""probability"": 0.04512399807572365}]",uppercase,custom_uppercase_sprint9
C:/Code/airwrite-vocab-assistant/data/airwrite_identity_eval/../raw_airwrite/A/airwrite_A_20260728_220830_230461_61066d.png,a,d,0.4461861848831177,"[{""label"": ""d"", ""probability"": 0.4461861848831177}, {""label"": ""p"", ""probability"": 0.2338709980249405}, {""label"": ""j"", ""probability"": 0.111077219247818}]",uppercase,custom_uppercase_sprint9
C:/Code/airwrite-vocab-assistant/data/airwrite_identity_eval/../raw_airwrite/A/airwrite_A_20260728_220836_706139_df3568.png,a,c,0.4782060980796814,"[{""label"": ""c"", ""probability"": 0.4782060980796814}, {""label"": ""e"", ""probability"": 0.3137992322444916}, {""label"": ""g"", ""probability"": 0.05704868212342262}]",uppercase,custom_uppercase_sprint9
C:/Code/airwrite-vocab-assistant/data/airwrite_identity_eval/../raw_airwrite/A/airwrite_A_20260728_220855_284469_4136d0.png,a,i,0.7557858228683472,"[{""label"": ""i"", ""probability"": 0.7557858228683472}, {""label"": ""t"", ""probability"": 0.06963355839252472}, {""label"": ""j"", ""probability"": 0.05783146619796753}]",uppercase,custom_uppercase_sprint9
C:/Code/airwrite-vocab-assistant/data/airwrite_identity_eval/../raw_airwrite/A/airwrite_A_20260728_220905_909299_7518fe.png,a,i,0.2552351653575897,"[{""label"": ""i"", ""probability"": 0.2552351653575897}, {""label"": ""f"", ""probability"": 0.25395533442497253}, {""label"": ""t"", ""probability"": 0.24073317646980286}]",uppercase,custom_uppercase_sprint9
C:/Code/airwrite-vocab-assistant/data/airwrite_identity_eval/../raw_airwrite/A/airwrite_A_20260728_220943_320091_460834.png,a,i,0.3627582788467407,"[{""label"": ""i"", ""probability"": 0.3627582788467407}, {""label"": ""t"", ""probability"": 0.12428489327430725}, {""label"": ""l"", ""probability"": 0.09962867945432663}]",uppercase,custom_uppercase_sprint9
C:/Code/airwrite-vocab-assistant/data/airwrite_identity_eval/../raw_airwrite/A/airwrite_A_20260728_220955_758235_297a45.png,a,w,0.45842888951301575,"[{""label"": ""w"", ""probability"": 0.45842888951301575}, {""label"": ""v"", ""probability"": 0.3373062312602997}, {""label"": ""u"", ""probability"": 0.08248045295476913}]",uppercase,custom_uppercase_sprint9
C:/Code/airwrite-vocab-assistant/data/airwrite_identity_eval/../raw_airwrite/A/airwrite_A_20260728_221015_119888_480335.png,a,f,0.6191146969795227,"[{""label"": ""f"", ""probability"": 0.6191146969795227}, {""label"": ""t"", ""probability"": 0.1807893067598343}, {""label"": ""r"", ""probability"": 0.12684522569179535}]",uppercase,custom_uppercase_sprint9
C:/Code/airwrite-vocab-assistant/data/airwrite_identity_eval/../raw_airwrite/A/airwrite_A_20260728_221302_711607_6f9d86.png,a,v,0.6908931732177734,"[{""label"": ""v"", ""probability"": 0.6908931732177734}, {""label"": ""w"", ""probability"": 0.08236753195524216}, {""label"": ""n"", ""probability"": 0.04166026785969734}]",uppercase,custom_uppercase_sprint9
C:/Code/airwrite-vocab-assistant/data/airwrite_identity_eval/../raw_airwrite/A/airwrite_A_20260728_221310_708333_c608f0.png,a,v,0.3524038791656494,"[{""label"": ""v"", ""probability"": 0.3524038791656494}, {""label"": ""w"", ""probability"": 0.22325976192951202}, {""label"": ""j"", ""probability"": 0.10027489066123962}]",uppercase,custom_uppercase_sprint9
C:/Code/airwrite-vocab-assistant/data/airwrite_identity_eval/../raw_airwrite/A/airwrite_A_20260728_221316_929475_c12536.png,a,j,0.30920812487602234,"[{""label"": ""j"", ""probability"": 0.30920812487602234}, {""label"": ""i"", ""probability"": 0.17322885990142822}, {""label"": ""f"", ""probability"": 0.1405780166387558}]",uppercase,custom_uppercase_sprint9
C:/Code/airwrite-vocab-assistant/data/airwrite_identity_eval/../raw_airwrite/A/airwrite_A_20260728_221328_271610_1c6f98.png,a,i,0.6901969313621521,"[{""label"": ""i"", ""probability"": 0.6901969313621521}, {""label"": ""b"", ""probability"": 0.07940048724412918}, {""label"": ""j"", ""probability"": 0.055759578943252563}]",uppercase,custom_uppercase_sprint9
C:/Code/airwrite-vocab-assistant/data/airwrite_identity_eval/../raw_airwrite/A/airwrite_A_20260728_221335_445282_c45926.png,a,k,0.6387757658958435,"[{""label"": ""k"", ""probability"": 0.6387757658958435}, {""label"": ""y"", ""probability"": 0.11129790544509888}, {""label"": ""x"", ""probability"": 0.07081325352191925}]",uppercase,custom_uppercase_sprint9
C:/Code/airwrite-vocab-assistant/data/airwrite_identity_eval/../raw_airwrite/A/airwrite_A_20260728_221346_447982_f06ef3.png,a,f,0.7538905739784241,"[{""label"": ""f"", ""probability"": 0.7538905739784241}, {""label"": ""a"", ""probability"": 0.08602658659219742}, {""label"": ""t"", ""probability"": 0.05911976471543312}]",uppercase,custom_uppercase_sprint9
C:/Code/airwrite-vocab-assistant/data/airwrite_identity_eval/../raw_airwrite/B/airwrite_B_20260728_221601_658453_b20d87.png,b,p,0.26628005504608154,"[{""label"": ""p"", ""probability"": 0.26628005504608154}, {""label"": ""q"", ""probability"": 0.26163238286972046}, {""label"": ""b"", ""probability"": 0.19231820106506348}]",uppercase,custom_uppercase_sprint9
C:/Code/airwrite-vocab-assistant/data/airwrite_identity_eval/../raw_airwrite/B/airwrite_B_20260728_221624_811338_815349.png,b,s,0.38411325216293335,"[{""label"": ""s"", ""probability"": 0.38411325216293335}, {""label"": ""b"", ""probability"": 0.25387269258499146}, {""label"": ""g"", ""probability"": 0.11119357496500015}]",uppercase,custom_uppercase_sprint9
C:/Code/airwrite-vocab-assistant/data/airwrite_identity_eval/../raw_airwrite/B/airwrite_B_20260728_221640_990416_f77c78.png,b,o,0.5282326936721802,"[{""label"": ""o"", ""probability"": 0.5282326936721802}, {""label"": ""d"", ""probability"": 0.42137157917022705}, {""label"": ""b"", ""probability"": 0.0183714646846056}]",uppercase,custom_uppercase_sprint9
C:/Code/airwrite-vocab-assistant/data/airwrite_identity_eval/../raw_airwrite/B/airwrite_B_20260728_221644_794161_995379.png,b,p,0.22671230137348175,"[{""label"": ""p"", ""probability"": 0.22671230137348175}, {""label"": ""b"", ""probability"": 0.2232993245124817}, {""label"": ""q"", ""probability"": 0.19257299602031708}]",uppercase,custom_uppercase_sprint9
C:/Code/airwrite-vocab-assistant/data/airwrite_identity_eval/../raw_airwrite/B/airwrite_B_20260728_221654_757876_2779ec.png,b,j,0.736061692237854,"[{""label"": ""j"", ""probability"": 0.736061692237854}, {""label"": ""i"", ""probability"": 0.19188977777957916}, {""label"": ""d"", ""probability"": 0.01596388779580593}]",uppercase,custom_uppercase_sprint9
C:/Code/airwrite-vocab-assistant/data/airwrite_identity_eval/../raw_airwrite/B/airwrite_B_20260728_221729_954581_67bae1.png,b,f,0.2692660093307495,"[{""label"": ""f"", ""probability"": 0.2692660093307495}, {""label"": ""p"", ""probability"": 0.11416912823915482}, {""label"": ""t"", ""probability"": 0.10465841740369797}]",uppercase,custom_uppercase_sprint9
C:/Code/airwrite-vocab-assistant/data/airwrite_identity_eval/../raw_airwrite/B/airwrite_B_20260728_221734_186515_be1bb5.png,b,d,0.2988428473472595,"[{""label"": ""d"", ""probability"": 0.2988428473472595}, {""label"": ""o"", ""probability"": 0.16287730634212494}, {""label"": ""p"", ""probability"": 0.14454297721385956}]",uppercase,custom_uppercase_sprint9
C:/Code/airwrite-vocab-assistant/data/airwrite_identity_eval/../raw_airwrite/B/airwrite_B_20260728_221742_311049_0c41f5.png,b,d,0.3854512572288513,"[{""label"": ""d"", ""probability"": 0.3854512572288513}, {""label"": ""p"", ""probability"": 0.2483709156513214}, {""label"": ""b"", ""probability"": 0.21613731980323792}]",uppercase,custom_uppercase_sprint9
C:/Code/airwrite-vocab-assistant/data/airwrite_identity_eval/../raw_airwrite/B/airwrite_B_20260728_221745_724572_378f57.png,b,s,0.24810481071472168,"[{""label"": ""s"", ""probability"": 0.24810481071472168}, {""label"": ""d"", ""probability"": 0.21244312822818756}, {""label"": ""o"", ""probability"": 0.190338134765625}]",uppercase,custom_uppercase_sprint9
C:/Code/airwrite-vocab-assistant/data/airwrite_identity_eval/../raw_airwrite/B/airwrite_B_20260728_221751_349799_7894c2.png,b,a,0.17721830308437347,"[{""label"": ""a"", ""probability"": 0.17721830308437347}, {""label"": ""o"", ""probability"": 0.15913242101669312}, {""label"": ""g"", ""probability"": 0.13953052461147308}]",uppercase,custom_uppercase_sprint9
C:/Code/airwrite-vocab-assistant/data/airwrite_identity_eval/../raw_airwrite/B/airwrite_B_20260728_221803_260191_3fb83b.png,b,o,0.15420427918434143,"[{""label"": ""o"", ""probability"": 0.15420427918434143}, {""label"": ""p"", ""probability"": 0.10739345848560333}, {""label"": ""s"", ""probability"": 0.0978875681757927}]",uppercase,custom_uppercase_sprint9
C:/Code/airwrite-vocab-assistant/data/airwrite_identity_eval/../raw_airwrite/B/airwrite_B_20260728_221808_190055_c509a3.png,b,i,0.2984001040458679,"[{""label"": ""i"", ""probability"": 0.2984001040458679}, {""label"": ""e"", ""probability"": 0.1983909010887146}, {""label"": ""c"", ""probability"": 0.19072316586971283}]",uppercase,custom_uppercase_sprint9
C:/Code/airwrite-vocab-assistant/data/airwrite_identity_eval/../raw_airwrite/B/airwrite_B_20260728_221821_213496_e5b633.png,b,s,0.21710151433944702,"[{""label"": ""s"", ""probability"": 0.21710151433944702}, {""label"": ""p"", ""probability"": 0.1714347004890442}, {""label"": ""e"", ""probability"": 0.1637876182794571}]",uppercase,custom_uppercase_sprint9
C:/Code/airwrite-vocab-assistant/data/airwrite_identity_eval/../raw_airwrite/B/airwrite_B_20260728_221829_446727_d38b5f.png,b,c,0.20335523784160614,"[{""label"": ""c"", ""probability"": 0.20335523784160614}, {""label"": ""i"", ""probability"": 0.16084182262420654}, {""label"": ""e"", ""probability"": 0.1388232260942459}]",uppercase,custom_uppercase_sprint9
C:/Code/airwrite-vocab-assistant/data/airwrite_identity_eval/../raw_airwrite/B/airwrite_B_20260728_221833_168645_a38bb9.png,b,a,0.34900209307670593,"[{""label"": ""a"", ""probability"": 0.34900209307670593}, {""label"": ""n"", ""probability"": 0.2077733874320984}, {""label"": ""m"", ""probability"": 0.09915057569742203}]",uppercase,custom_uppercase_sprint9
C:/Code/airwrite-vocab-assistant/data/airwrite_identity_eval/../raw_airwrite/B/airwrite_B_20260728_221909_220927_aa6f89.png,b,s,0.2088785320520401,"[{""label"": ""s"", ""probability"": 0.2088785320520401}, {""label"": ""v"", ""probability"": 0.10650903731584549}, {""label"": ""e"", ""probability"": 0.10335291922092438}]",uppercase,custom_uppercase_sprint9
C:/Code/airwrite-vocab-assistant/data/airwrite_identity_eval/../raw_airwrite/B/airwrite_B_20260728_221913_854634_3629d7.png,b,p,0.17556393146514893,"[{""label"": ""p"", ""probability"": 0.17556393146514893}, {""label"": ""b"", ""probability"": 0.12524253129959106}, {""label"": ""f"", ""probability"": 0.1018059104681015}]",uppercase,custom_uppercase_sprint9
C:/Code/airwrite-vocab-assistant/data/airwrite_identity_eval/../raw_airwrite/B/airwrite_B_20260728_221918_849215_92400b.png,b,g,0.4367791414260864,"[{""label"": ""g"", ""probability"": 0.4367791414260864}, {""label"": ""j"", ""probability"": 0.1770775467157364}, {""label"": ""q"", ""probability"": 0.07853453606367111}]",uppercase,custom_uppercase_sprint9
C:/Code/airwrite-vocab-assistant/data/airwrite_identity_eval/../raw_airwrite/B/airwrite_B_20260728_221923_132684_e587de.png,b,s,0.20269560813903809,"[{""label"": ""s"", ""probability"": 0.20269560813903809}, {""label"": ""p"", ""probability"": 0.169065922498703}, {""label"": ""v"", ""probability"": 0.10310883074998856}]",uppercase,custom_uppercase_sprint9
C:/Code/airwrite-vocab-assistant/data/airwrite_identity_eval/../raw_airwrite/B/airwrite_B_20260728_221926_718484_1ed9f5.png,b,p,0.3021544814109802,"[{""label"": ""p"", ""probability"": 0.3021544814109802}, {""label"": ""q"", ""probability"": 0.26068708300590515}, {""label"": ""d"", ""probability"": 0.1826285719871521}]",uppercase,custom_uppercase_sprint9
C:/Code/airwrite-vocab-assistant/data/airwrite_identity_eval/../raw_airwrite/B/airwrite_B_20260728_221930_158716_0c1b72.png,b,s,0.18201148509979248,"[{""label"": ""s"", ""probability"": 0.18201148509979248}, {""label"": ""p"", ""probability"": 0.1740713268518448}, {""label"": ""o"", ""probability"": 0.1709989309310913}]",uppercase,custom_uppercase_sprint9
C:/Code/airwrite-vocab-assistant/data/airwrite_identity_eval/../raw_airwrite/B/airwrite_B_20260728_221934_237226_3cb80a.png,b,o,0.2734830975532532,"[{""label"": ""o"", ""probability"": 0.2734830975532532}, {""label"": ""c"", ""probability"": 0.1558801382780075}, {""label"": ""s"", ""probability"": 0.14901410043239594}]",uppercase,custom_uppercase_sprint9
C:/Code/airwrite-vocab-assistant/data/airwrite_identity_eval/../raw_airwrite/B/airwrite_B_20260728_221940_119241_e0a935.png,b,p,0.5490188598632812,"[{""label"": ""p"", ""probability"": 0.5490188598632812}, {""label"": ""f"", ""probability"": 0.08178441226482391}, {""label"": ""z"", ""probability"": 0.054186731576919556}]",uppercase,custom_uppercase_sprint9
C:/Code/airwrite-vocab-assistant/data/airwrite_identity_eval/../raw_airwrite/B/airwrite_B_20260728_221950_833530_5ec9ed.png,b,o,0.1719365119934082,"[{""label"": ""o"", ""probability"": 0.1719365119934082}, {""label"": ""v"", ""probability"": 0.1451808661222458}, {""label"": ""s"", ""probability"": 0.09802883863449097}]",uppercase,custom_uppercase_sprint9
C:/Code/airwrite-vocab-assistant/data/airwrite_identity_eval/../raw_airwrite/B/airwrite_B_20260728_222001_186910_246743.png,b,o,0.29972043633461,"[{""label"": ""o"", ""probability"": 0.29972043633461}, {""label"": ""e"", ""probability"": 0.13294586539268494}, {""label"": ""s"", ""probability"": 0.11794966459274292}]",uppercase,custom_uppercase_sprint9
C:/Code/airwrite-vocab-assistant/data/airwrite_identity_eval/../raw_airwrite/B/airwrite_B_20260728_222004_248545_9d8ddc.png,b,i,0.8075661659240723,"[{""label"": ""i"", ""probability"": 0.8075661659240723}, {""label"": ""l"", ""probability"": 0.12833333015441895}, {""label"": ""j"", ""probability"": 0.030922377482056618}]",uppercase,custom_uppercase_sprint9
C:/Code/airwrite-vocab-assistant/data/airwrite_identity_eval/../raw_airwrite/B/airwrite_B_20260728_222013_903257_65334c.png,b,e,0.21725121140480042,"[{""label"": ""e"", ""probability"": 0.21725121140480042}, {""label"": ""c"", ""probability"": 0.17556266486644745}, {""label"": ""g"", ""probability"": 0.09296034276485443}]",uppercase,custom_uppercase_sprint9
C:/Code/airwrite-vocab-assistant/data/airwrite_identity_eval/../raw_airwrite/B/airwrite_B_20260728_222020_710344_8fc84f.png,b,s,0.23927459120750427,"[{""label"": ""s"", ""probability"": 0.23927459120750427}, {""label"": ""c"", ""probability"": 0.14191783964633942}, {""label"": ""f"", ""probability"": 0.1418696790933609}]",uppercase,custom_uppercase_sprint9
C:/Code/airwrite-vocab-assistant/data/airwrite_identity_eval/../raw_airwrite/B/airwrite_B_20260728_222026_703075_ecca14.png,b,o,0.41569578647613525,"[{""label"": ""o"", ""probability"": 0.41569578647613525}, {""label"": ""d"", ""probability"": 0.18215632438659668}, {""label"": ""p"", ""probability"": 0.11913046985864639}]",uppercase,custom_uppercase_sprint9
C:/Code/airwrite-vocab-assistant/data/airwrite_identity_eval/../raw_airwrite/B/airwrite_B_20260728_222030_787101_d9197f.png,b,s,0.22927945852279663,"[{""label"": ""s"", ""probability"": 0.22927945852279663}, {""label"": ""o"", ""probability"": 0.16423176229000092}, {""label"": ""e"", ""probability"": 0.11972937732934952}]",uppercase,custom_uppercase_sprint9
C:/Code/airwrite-vocab-assistant/data/airwrite_identity_eval/../raw_airwrite/B/airwrite_B_20260728_222038_987627_3e6ea9.png,b,s,0.2012380063533783,"[{""label"": ""s"", ""probability"": 0.2012380063533783}, {""label"": ""o"", ""probability"": 0.17363429069519043}, {""label"": ""p"", ""probability"": 0.08550010621547699}]",uppercase,custom_uppercase_sprint9
C:/Code/airwrite-vocab-assistant/data/airwrite_identity_eval/../raw_airwrite/B/airwrite_B_20260728_222048_058022_e238f5.png,b,o,0.15531811118125916,"[{""label"": ""o"", ""probability"": 0.15531811118125916}, {""label"": ""s"", ""probability"": 0.14395356178283691}, {""label"": ""e"", ""probability"": 0.11017462611198425}]",uppercase,custom_uppercase_sprint9
C:/Code/airwrite-vocab-assistant/data/airwrite_identity_eval/../raw_airwrite/B/airwrite_B_20260728_222056_013208_c59846.png,b,s,0.2732950448989868,"[{""label"": ""s"", ""probability"": 0.2732950448989868}, {""label"": ""e"", ""probability"": 0.14711886644363403}, {""label"": ""p"", ""probability"": 0.13017717003822327}]",uppercase,custom_uppercase_sprint9
C:/Code/airwrite-vocab-assistant/data/airwrite_identity_eval/../raw_airwrite/B/airwrite_B_20260728_222126_164013_0eb88d.png,b,p,0.2922315299510956,"[{""label"": ""p"", ""probability"": 0.2922315299510956}, {""label"": ""f"", ""probability"": 0.2813884913921356}, {""label"": ""g"", ""probability"": 0.14191560447216034}]",uppercase,custom_uppercase_sprint9
C:/Code/airwrite-vocab-assistant/data/airwrite_identity_eval/../raw_airwrite/B/airwrite_B_20260728_222130_911237_45061e.png,b,j,0.28564363718032837,"[{""label"": ""j"", ""probability"": 0.28564363718032837}, {""label"": ""f"", ""probability"": 0.28215235471725464}, {""label"": ""g"", ""probability"": 0.22279509902000427}]",uppercase,custom_uppercase_sprint9
C:/Code/airwrite-vocab-assistant/data/airwrite_identity_eval/../raw_airwrite/B/airwrite_B_20260728_222135_832841_0b0446.png,b,a,0.22861962020397186,"[{""label"": ""a"", ""probability"": 0.22861962020397186}, {""label"": ""g"", ""probability"": 0.19932341575622559}, {""label"": ""d"", ""probability"": 0.19396650791168213}]",uppercase,custom_uppercase_sprint9
C:/Code/airwrite-vocab-assistant/data/airwrite_identity_eval/../raw_airwrite/B/airwrite_B_20260728_222140_656220_904c1d.png,b,g,0.5134171843528748,"[{""label"": ""g"", ""probability"": 0.5134171843528748}, {""label"": ""d"", ""probability"": 0.17987219989299774}, {""label"": ""a"", ""probability"": 0.15702058374881744}]",uppercase,custom_uppercase_sprint9
C:/Code/airwrite-vocab-assistant/data/airwrite_identity_eval/../raw_airwrite/B/airwrite_B_20260728_222145_979392_3e3c6b.png,b,g,0.2999815046787262,"[{""label"": ""g"", ""probability"": 0.2999815046787262}, {""label"": ""a"", ""probability"": 0.22334273159503937}, {""label"": ""d"", ""probability"": 0.1394069641828537}]",uppercase,custom_uppercase_sprint9
C:/Code/airwrite-vocab-assistant/data/airwrite_identity_eval/../raw_airwrite/B/airwrite_B_20260728_222150_765633_0dc364.png,b,g,0.25193068385124207,"[{""label"": ""g"", ""probability"": 0.25193068385124207}, {""label"": ""o"", ""probability"": 0.1621304303407669}, {""label"": ""q"", ""probability"": 0.13713032007217407}]",uppercase,custom_uppercase_sprint9
C:/Code/airwrite-vocab-assistant/data/airwrite_identity_eval/../raw_airwrite/B/airwrite_B_20260728_222206_506363_dc8901.png,b,g,0.6198675632476807,"[{""label"": ""g"", ""probability"": 0.6198675632476807}, {""label"": ""a"", ""probability"": 0.1934971660375595}, {""label"": ""q"", ""probability"": 0.10584164410829544}]",uppercase,custom_uppercase_sprint9
C:/Code/airwrite-vocab-assistant/data/airwrite_identity_eval/../raw_airwrite/B/airwrite_B_20260728_222217_539907_7db769.png,b,o,0.4626244902610779,"[{""label"": ""o"", ""probability"": 0.4626244902610779}, {""label"": ""a"", ""probability"": 0.2052334100008011}, {""label"": ""e"", ""probability"": 0.10434413701295853}]",uppercase,custom_uppercase_sprint9
C:/Code/airwrite-vocab-assistant/data/airwrite_identity_eval/../raw_airwrite/B/airwrite_B_20260728_222221_729015_5d4619.png,b,p,0.4878155589103699,"[{""label"": ""p"", ""probability"": 0.4878155589103699}, {""label"": ""f"", ""probability"": 0.13502292335033417}, {""label"": ""e"", ""probability"": 0.08248235285282135}]",uppercase,custom_uppercase_sprint9
C:/Code/airwrite-vocab-assistant/data/airwrite_identity_eval/../raw_airwrite/B/airwrite_B_20260728_222224_958391_4d0544.png,b,d,0.4249565303325653,"[{""label"": ""d"", ""probability"": 0.4249565303325653}, {""label"": ""p"", ""probability"": 0.14830324053764343}, {""label"": ""f"", ""probability"": 0.10149732232093811}]",uppercase,custom_uppercase_sprint9
C:/Code/airwrite-vocab-assistant/data/airwrite_identity_eval/../raw_airwrite/C/airwrite_C_20260728_222412_311164_e99064.png,c,f,0.24842315912246704,"[{""label"": ""f"", ""probability"": 0.24842315912246704}, {""label"": ""e"", ""probability"": 0.22297073900699615}, {""label"": ""c"", ""probability"": 0.21303854882717133}]",uppercase,custom_uppercase_sprint9
C:/Code/airwrite-vocab-assistant/data/airwrite_identity_eval/../raw_airwrite/C/airwrite_C_20260728_222432_765158_b0e629.png,c,u,0.6029461026191711,"[{""label"": ""u"", ""probability"": 0.6029461026191711}, {""label"": ""j"", ""probability"": 0.14507341384887695}, {""label"": ""s"", ""probability"": 0.04867608845233917}]",uppercase,custom_uppercase_sprint9
C:/Code/airwrite-vocab-assistant/data/airwrite_identity_eval/../raw_airwrite/C/airwrite_C_20260728_222435_294915_9bc633.png,c,u,0.6896806359291077,"[{""label"": ""u"", ""probability"": 0.6896806359291077}, {""label"": ""c"", ""probability"": 0.09541923552751541}, {""label"": ""v"", ""probability"": 0.07650110870599747}]",uppercase,custom_uppercase_sprint9
C:/Code/airwrite-vocab-assistant/data/airwrite_identity_eval/../raw_airwrite/C/airwrite_C_20260728_222437_610624_bd3110.png,c,u,0.26440098881721497,"[{""label"": ""u"", ""probability"": 0.26440098881721497}, {""label"": ""d"", ""probability"": 0.2247602790594101}, {""label"": ""o"", ""probability"": 0.19835005700588226}]",uppercase,custom_uppercase_sprint9
C:/Code/airwrite-vocab-assistant/data/airwrite_identity_eval/../raw_airwrite/C/airwrite_C_20260728_222443_974106_7f1a2e.png,c,j,0.9745848774909973,"[{""label"": ""j"", ""probability"": 0.9745848774909973}, {""label"": ""i"", ""probability"": 0.010956178419291973}, {""label"": ""d"", ""probability"": 0.00881228782236576}]",uppercase,custom_uppercase_sprint9
C:/Code/airwrite-vocab-assistant/data/airwrite_identity_eval/../raw_airwrite/C/airwrite_C_20260728_222446_014822_1c0094.png,c,j,0.8398204445838928,"[{""label"": ""j"", ""probability"": 0.8398204445838928}, {""label"": ""d"", ""probability"": 0.13339145481586456}, {""label"": ""i"", ""probability"": 0.01199901569634676}]",uppercase,custom_uppercase_sprint9
C:/Code/airwrite-vocab-assistant/data/airwrite_identity_eval/../raw_airwrite/C/airwrite_C_20260728_222448_150899_0fa204.png,c,d,0.48089802265167236,"[{""label"": ""d"", ""probability"": 0.48089802265167236}, {""label"": ""j"", ""probability"": 0.4231719672679901}, {""label"": ""i"", ""probability"": 0.030975989997386932}]",uppercase,custom_uppercase_sprint9
C:/Code/airwrite-vocab-assistant/data/airwrite_identity_eval/../raw_airwrite/C/airwrite_C_20260728_222450_235507_51ea45.png,c,d,0.43187904357910156,"[{""label"": ""d"", ""probability"": 0.43187904357910156}, {""label"": ""j"", ""probability"": 0.3760794699192047}, {""label"": ""i"", ""probability"": 0.0688706785440445}]",uppercase,custom_uppercase_sprint9
C:/Code/airwrite-vocab-assistant/data/airwrite_identity_eval/../raw_airwrite/C/airwrite_C_20260728_222659_116006_113226.png,c,o,0.6599231362342834,"[{""label"": ""o"", ""probability"": 0.6599231362342834}, {""label"": ""a"", ""probability"": 0.14858749508857727}, {""label"": ""g"", ""probability"": 0.05211678892374039}]",uppercase,custom_uppercase_sprint9
C:/Code/airwrite-vocab-assistant/data/airwrite_identity_eval/../raw_airwrite/C/airwrite_C_20260728_222709_749318_0cd306.png,c,o,0.8743746876716614,"[{""label"": ""o"", ""probability"": 0.8743746876716614}, {""label"": ""d"", ""probability"": 0.07387693226337433}, {""label"": ""q"", ""probability"": 0.01669507473707199}]",uppercase,custom_uppercase_sprint9
C:/Code/airwrite-vocab-assistant/data/airwrite_identity_eval/../raw_airwrite/C/airwrite_C_20260728_222742_640936_96fdd7.png,c,d,0.9040955305099487,"[{""label"": ""d"", ""probability"": 0.9040955305099487}, {""label"": ""j"", ""probability"": 0.07326740771532059}, {""label"": ""o"", ""probability"": 0.009504093788564205}]",uppercase,custom_uppercase_sprint9
C:/Code/airwrite-vocab-assistant/data/airwrite_identity_eval/../raw_airwrite/C/airwrite_C_20260728_222816_419923_c6949b.png,c,j,0.9875139594078064,"[{""label"": ""j"", ""probability"": 0.9875139594078064}, {""label"": ""d"", ""probability"": 0.011523433029651642}, {""label"": ""g"", ""probability"": 0.0004667749162763357}]",uppercase,custom_uppercase_sprint9
C:/Code/airwrite-vocab-assistant/data/airwrite_identity_eval/../raw_airwrite/C/airwrite_C_20260728_222835_749624_d51726.png,c,j,0.8842315077781677,"[{""label"": ""j"", ""probability"": 0.8842315077781677}, {""label"": ""i"", ""probability"": 0.05589687451720238}, {""label"": ""d"", ""probability"": 0.05495395511388779}]",uppercase,custom_uppercase_sprint9
C:/Code/airwrite-vocab-assistant/data/airwrite_identity_eval/../raw_airwrite/D/airwrite_D_20260728_222940_685652_ed7ab3.png,d,o,0.595252275466919,"[{""label"": ""o"", ""probability"": 0.595252275466919}, {""label"": ""d"", ""probability"": 0.3955136239528656}, {""label"": ""a"", ""probability"": 0.0024077007547020912}]",uppercase,custom_uppercase_sprint9
C:/Code/airwrite-vocab-assistant/data/airwrite_identity_eval/../raw_airwrite/D/airwrite_D_20260728_223001_520918_39e87f.png,d,p,0.9413016438484192,"[{""label"": ""p"", ""probability"": 0.9413016438484192}, {""label"": ""f"", ""probability"": 0.044716037809848785}, {""label"": ""q"", ""probability"": 0.0029760373290628195}]",uppercase,custom_uppercase_sprint9
C:/Code/airwrite-vocab-assistant/data/airwrite_identity_eval/../raw_airwrite/D/airwrite_D_20260728_223019_071091_163116.png,d,p,0.6386381983757019,"[{""label"": ""p"", ""probability"": 0.6386381983757019}, {""label"": ""d"", ""probability"": 0.21030710637569427}, {""label"": ""o"", ""probability"": 0.08055462688207626}]",uppercase,custom_uppercase_sprint9
C:/Code/airwrite-vocab-assistant/data/airwrite_identity_eval/../raw_airwrite/D/airwrite_D_20260728_223136_682702_9d250f.png,d,p,0.4932147264480591,"[{""label"": ""p"", ""probability"": 0.4932147264480591}, {""label"": ""f"", ""probability"": 0.43452188372612}, {""label"": ""t"", ""probability"": 0.02745259925723076}]",uppercase,custom_uppercase_sprint9
C:/Code/airwrite-vocab-assistant/data/airwrite_identity_eval/../raw_airwrite/D/airwrite_D_20260728_223205_349193_e36664.png,d,a,0.41166847944259644,"[{""label"": ""a"", ""probability"": 0.41166847944259644}, {""label"": ""c"", ""probability"": 0.16445186734199524}, {""label"": ""d"", ""probability"": 0.12001471221446991}]",uppercase,custom_uppercase_sprint9
C:/Code/airwrite-vocab-assistant/data/airwrite_identity_eval/../raw_airwrite/D/airwrite_D_20260728_223222_375788_4f3db3.png,d,o,0.6330248117446899,"[{""label"": ""o"", ""probability"": 0.6330248117446899}, {""label"": ""p"", ""probability"": 0.09809517860412598}, {""label"": ""a"", ""probability"": 0.09555729478597641}]",uppercase,custom_uppercase_sprint9
C:/Code/airwrite-vocab-assistant/data/airwrite_identity_eval/../raw_airwrite/D/airwrite_D_20260728_223229_024315_3d3c46.png,d,i,0.2779637575149536,"[{""label"": ""i"", ""probability"": 0.2779637575149536}, {""label"": ""t"", ""probability"": 0.2455984205007553}, {""label"": ""j"", ""probability"": 0.14075414836406708}]",uppercase,custom_uppercase_sprint9
C:/Code/airwrite-vocab-assistant/data/airwrite_identity_eval/../raw_airwrite/D/airwrite_D_20260728_223237_550730_a4e935.png,d,o,0.20444244146347046,"[{""label"": ""o"", ""probability"": 0.20444244146347046}, {""label"": ""d"", ""probability"": 0.15291158854961395}, {""label"": ""c"", ""probability"": 0.1190115362405777}]",uppercase,custom_uppercase_sprint9
C:/Code/airwrite-vocab-assistant/data/airwrite_identity_eval/../raw_airwrite/D/airwrite_D_20260728_223242_984016_b193c7.png,d,j,0.3604150712490082,"[{""label"": ""j"", ""probability"": 0.3604150712490082}, {""label"": ""s"", ""probability"": 0.2865680456161499}, {""label"": ""i"", ""probability"": 0.167916938662529}]",uppercase,custom_uppercase_sprint9
C:/Code/airwrite-vocab-assistant/data/airwrite_identity_eval/../raw_airwrite/D/airwrite_D_20260728_223315_835324_8e9a79.png,d,j,0.2920781672000885,"[{""label"": ""j"", ""probability"": 0.2920781672000885}, {""label"": ""i"", ""probability"": 0.13896307349205017}, {""label"": ""s"", ""probability"": 0.09913719445466995}]",uppercase,custom_uppercase_sprint9
C:/Code/airwrite-vocab-assistant/data/airwrite_identity_eval/../raw_airwrite/D/airwrite_D_20260728_223347_752609_bb0f4f.png,d,q,0.24682848155498505,"[{""label"": ""q"", ""probability"": 0.24682848155498505}, {""label"": ""o"", ""probability"": 0.1658359318971634}, {""label"": ""g"", ""probability"": 0.14533255994319916}]",uppercase,custom_uppercase_sprint9
C:/Code/airwrite-vocab-assistant/data/airwrite_identity_eval/../raw_airwrite/D/airwrite_D_20260728_223354_730344_ad3fd4.png,d,p,0.5044599175453186,"[{""label"": ""p"", ""probability"": 0.5044599175453186}, {""label"": ""d"", ""probability"": 0.42080438137054443}, {""label"": ""b"", ""probability"": 0.025554928928613663}]",uppercase,custom_uppercase_sprint9
C:/Code/airwrite-vocab-assistant/data/airwrite_identity_eval/../raw_airwrite/D/airwrite_D_20260728_223409_071119_0da363.png,d,p,0.9874273538589478,"[{""label"": ""p"", ""probability"": 0.9874273538589478}, {""label"": ""b"", ""probability"": 0.010573050938546658}, {""label"": ""r"", ""probability"": 0.0005856280331499875}]",uppercase,custom_uppercase_sprint9
C:/Code/airwrite-vocab-assistant/data/airwrite_identity_eval/../raw_airwrite/D/airwrite_D_20260728_223417_007938_b0aebe.png,d,p,0.8423492908477783,"[{""label"": ""p"", ""probability"": 0.8423492908477783}, {""label"": ""f"", ""probability"": 0.054396722465753555}, {""label"": ""r"", ""probability"": 0.024676136672496796}]",uppercase,custom_uppercase_sprint9
C:/Code/airwrite-vocab-assistant/data/airwrite_identity_eval/../raw_airwrite/D/airwrite_D_20260728_223439_804397_fa3b60.png,d,i,0.3272542655467987,"[{""label"": ""i"", ""probability"": 0.3272542655467987}, {""label"": ""t"", ""probability"": 0.2883688807487488}, {""label"": ""r"", ""probability"": 0.0971890389919281}]",uppercase,custom_uppercase_sprint9
C:/Code/airwrite-vocab-assistant/data/airwrite_identity_eval/../raw_airwrite/D/airwrite_D_20260728_223448_554546_81c95f.png,d,y,0.26267263293266296,"[{""label"": ""y"", ""probability"": 0.26267263293266296}, {""label"": ""p"", ""probability"": 0.13912008702754974}, {""label"": ""v"", ""probability"": 0.1362774670124054}]",uppercase,custom_uppercase_sprint9
C:/Code/airwrite-vocab-assistant/data/airwrite_identity_eval/../raw_airwrite/D/airwrite_D_20260728_223549_954517_f0ef21.png,d,a,0.21229900419712067,"[{""label"": ""a"", ""probability"": 0.21229900419712067}, {""label"": ""d"", ""probability"": 0.14001424610614777}, {""label"": ""i"", ""probability"": 0.1226954385638237}]",uppercase,custom_uppercase_sprint9
C:/Code/airwrite-vocab-assistant/data/airwrite_identity_eval/../raw_airwrite/D/airwrite_D_20260728_223553_540845_b3e5e7.png,d,o,0.47851645946502686,"[{""label"": ""o"", ""probability"": 0.47851645946502686}, {""label"": ""d"", ""probability"": 0.33119872212409973}, {""label"": ""p"", ""probability"": 0.06605760753154755}]",uppercase,custom_uppercase_sprint9
C:/Code/airwrite-vocab-assistant/data/airwrite_identity_eval/../raw_airwrite/D/airwrite_D_20260728_223610_989905_837c04.png,d,o,0.2177908569574356,"[{""label"": ""o"", ""probability"": 0.2177908569574356}, {""label"": ""s"", ""probability"": 0.1967691034078598}, {""label"": ""d"", ""probability"": 0.1277114599943161}]",uppercase,custom_uppercase_sprint9
C:/Code/airwrite-vocab-assistant/data/airwrite_identity_eval/../raw_airwrite/D/airwrite_D_20260728_223743_653596_bd3a84.png,d,p,0.8524138331413269,"[{""label"": ""p"", ""probability"": 0.8524138331413269}, {""label"": ""d"", ""probability"": 0.08543688803911209}, {""label"": ""b"", ""probability"": 0.014974278397858143}]",uppercase,custom_uppercase_sprint9
C:/Code/airwrite-vocab-assistant/data/airwrite_identity_eval/../raw_airwrite/D/airwrite_D_20260728_223752_434643_11e112.png,d,o,0.41535869240760803,"[{""label"": ""o"", ""probability"": 0.41535869240760803}, {""label"": ""s"", ""probability"": 0.12457935512065887}, {""label"": ""d"", ""probability"": 0.11849720031023026}]",uppercase,custom_uppercase_sprint9
C:/Code/airwrite-vocab-assistant/data/airwrite_identity_eval/../raw_airwrite/D/airwrite_D_20260728_223758_726196_af18af.png,d,s,0.2989319860935211,"[{""label"": ""s"", ""probability"": 0.2989319860935211}, {""label"": ""e"", ""probability"": 0.16920143365859985}, {""label"": ""o"", ""probability"": 0.12933513522148132}]",uppercase,custom_uppercase_sprint9
C:/Code/airwrite-vocab-assistant/data/airwrite_identity_eval/../raw_airwrite/D/airwrite_D_20260728_223804_553798_0c0add.png,d,p,0.3367402255535126,"[{""label"": ""p"", ""probability"": 0.3367402255535126}, {""label"": ""i"", ""probability"": 0.21847082674503326}, {""label"": ""f"", ""probability"": 0.06966826319694519}]",uppercase,custom_uppercase_sprint9
C:/Code/airwrite-vocab-assistant/data/airwrite_identity_eval/../raw_airwrite/D/airwrite_D_20260728_223825_542136_eeabbd.png,d,j,0.21215665340423584,"[{""label"": ""j"", ""probability"": 0.21215665340423584}, {""label"": ""p"", ""probability"": 0.1940763145685196}, {""label"": ""t"", ""probability"": 0.17923632264137268}]",uppercase,custom_uppercase_sprint9
C:/Code/airwrite-vocab-assistant/data/airwrite_identity_eval/../raw_airwrite/D/airwrite_D_20260728_223830_778064_b0fc42.png,d,f,0.44559726119041443,"[{""label"": ""f"", ""probability"": 0.44559726119041443}, {""label"": ""t"", ""probability"": 0.2120371162891388}, {""label"": ""p"", ""probability"": 0.1535647064447403}]",uppercase,custom_uppercase_sprint9
C:/Code/airwrite-vocab-assistant/data/airwrite_identity_eval/../raw_airwrite/D/airwrite_D_20260728_223836_957311_e511cf.png,d,x,0.16490362584590912,"[{""label"": ""x"", ""probability"": 0.16490362584590912}, {""label"": ""d"", ""probability"": 0.15978167951107025}, {""label"": ""t"", ""probability"": 0.08495866507291794}]",uppercase,custom_uppercase_sprint9
C:/Code/airwrite-vocab-assistant/data/airwrite_identity_eval/../raw_airwrite/E/airwrite_E_20260804_140818_879995_388613.png,e,f,0.7748426795005798,"[{""label"": ""f"", ""probability"": 0.7748426795005798}, {""label"": ""e"", ""probability"": 0.21482981741428375}, {""label"": ""r"", ""probability"": 0.0016778719145804644}]",uppercase,custom_uppercase_sprint9
C:/Code/airwrite-vocab-assistant/data/airwrite_identity_eval/../raw_airwrite/E/airwrite_E_20260804_141015_745840_f54e3a.png,e,f,0.5442981123924255,"[{""label"": ""f"", ""probability"": 0.5442981123924255}, {""label"": ""e"", ""probability"": 0.24225308001041412}, {""label"": ""t"", ""probability"": 0.14628276228904724}]",uppercase,custom_uppercase_sprint9
C:/Code/airwrite-vocab-assistant/data/airwrite_identity_eval/../raw_airwrite/E/airwrite_E_20260804_141046_709126_cc47a9.png,e,z,0.7547389268875122,"[{""label"": ""z"", ""probability"": 0.7547389268875122}, {""label"": ""g"", ""probability"": 0.10558920353651047}, {""label"": ""b"", ""probability"": 0.0650741383433342}]",uppercase,custom_uppercase_sprint9
C:/Code/airwrite-vocab-assistant/data/airwrite_identity_eval/../raw_airwrite/E/airwrite_E_20260804_141058_917642_1297be.png,e,i,0.5547258853912354,"[{""label"": ""i"", ""probability"": 0.5547258853912354}, {""label"": ""t"", ""probability"": 0.22319036722183228}, {""label"": ""j"", ""probability"": 0.09488096833229065}]",uppercase,custom_uppercase_sprint9
C:/Code/airwrite-vocab-assistant/data/airwrite_identity_eval/../raw_airwrite/E/airwrite_E_20260804_141107_647498_2190c6.png,e,j,0.3255908191204071,"[{""label"": ""j"", ""probability"": 0.3255908191204071}, {""label"": ""f"", ""probability"": 0.2653566002845764}, {""label"": ""t"", ""probability"": 0.19136519730091095}]",uppercase,custom_uppercase_sprint9
C:/Code/airwrite-vocab-assistant/data/airwrite_identity_eval/../raw_airwrite/E/airwrite_E_20260804_141222_049998_f7b4f2.png,e,i,0.28025659918785095,"[{""label"": ""i"", ""probability"": 0.28025659918785095}, {""label"": ""f"", ""probability"": 0.26726868748664856}, {""label"": ""z"", ""probability"": 0.2153918445110321}]",uppercase,custom_uppercase_sprint9
C:/Code/airwrite-vocab-assistant/data/airwrite_identity_eval/../raw_airwrite/E/airwrite_E_20260804_141228_646698_8692d6.png,e,i,0.26683416962623596,"[{""label"": ""i"", ""probability"": 0.26683416962623596}, {""label"": ""v"", ""probability"": 0.18210741877555847}, {""label"": ""s"", ""probability"": 0.16318941116333008}]",uppercase,custom_uppercase_sprint9
C:/Code/airwrite-vocab-assistant/data/airwrite_identity_eval/../raw_airwrite/E/airwrite_E_20260804_141233_273401_c458d2.png,e,w,0.5341339707374573,"[{""label"": ""w"", ""probability"": 0.5341339707374573}, {""label"": ""v"", ""probability"": 0.2013639360666275}, {""label"": ""u"", ""probability"": 0.18313494324684143}]",uppercase,custom_uppercase_sprint9
C:/Code/airwrite-vocab-assistant/data/airwrite_identity_eval/../raw_airwrite/E/airwrite_E_20260804_141240_754372_961c43.png,e,f,0.39385879039764404,"[{""label"": ""f"", ""probability"": 0.39385879039764404}, {""label"": ""t"", ""probability"": 0.36384961009025574}, {""label"": ""z"", ""probability"": 0.07026155292987823}]",uppercase,custom_uppercase_sprint9
C:/Code/airwrite-vocab-assistant/data/airwrite_identity_eval/../raw_airwrite/E/airwrite_E_20260804_141247_597391_740209.png,e,j,0.7792830467224121,"[{""label"": ""j"", ""probability"": 0.7792830467224121}, {""label"": ""g"", ""probability"": 0.09994052350521088}, {""label"": ""z"", ""probability"": 0.06564365327358246}]",uppercase,custom_uppercase_sprint9
C:/Code/airwrite-vocab-assistant/data/airwrite_identity_eval/../raw_airwrite/E/airwrite_E_20260804_141255_606046_24bce0.png,e,j,0.39138510823249817,"[{""label"": ""j"", ""probability"": 0.39138510823249817}, {""label"": ""z"", ""probability"": 0.2844088077545166}, {""label"": ""i"", ""probability"": 0.22178559005260468}]",uppercase,custom_uppercase_sprint9
C:/Code/airwrite-vocab-assistant/data/airwrite_identity_eval/../raw_airwrite/E/airwrite_E_20260804_141305_032344_ff9841.png,e,m,0.9421764612197876,"[{""label"": ""m"", ""probability"": 0.9421764612197876}, {""label"": ""n"", ""probability"": 0.04494047164916992}, {""label"": ""h"", ""probability"": 0.007869495078921318}]",uppercase,custom_uppercase_sprint9
C:/Code/airwrite-vocab-assistant/data/airwrite_identity_eval/../raw_airwrite/E/airwrite_E_20260804_141311_191338_d9c64e.png,e,m,0.7160516977310181,"[{""label"": ""m"", ""probability"": 0.7160516977310181}, {""label"": ""n"", ""probability"": 0.22599603235721588}, {""label"": ""a"", ""probability"": 0.027333714067935944}]",uppercase,custom_uppercase_sprint9
C:/Code/airwrite-vocab-assistant/data/airwrite_identity_eval/../raw_airwrite/E/airwrite_E_20260804_141430_311497_ee7ca7.png,e,f,0.6340370178222656,"[{""label"": ""f"", ""probability"": 0.6340370178222656}, {""label"": ""e"", ""probability"": 0.21219979226589203}, {""label"": ""g"", ""probability"": 0.03521990776062012}]",uppercase,custom_uppercase_sprint9
C:/Code/airwrite-vocab-assistant/data/airwrite_identity_eval/../raw_airwrite/E/airwrite_E_20260804_141536_689247_084ef9.png,e,v,0.308102548122406,"[{""label"": ""v"", ""probability"": 0.308102548122406}, {""label"": ""u"", ""probability"": 0.3061269521713257}, {""label"": ""c"", ""probability"": 0.1199437826871872}]",uppercase,custom_uppercase_sprint9
C:/Code/airwrite-vocab-assistant/data/airwrite_identity_eval/../raw_airwrite/E/airwrite_E_20260804_141547_160826_940a4a.png,e,u,0.6290749907493591,"[{""label"": ""u"", ""probability"": 0.6290749907493591}, {""label"": ""w"", ""probability"": 0.19781291484832764}, {""label"": ""v"", ""probability"": 0.12676669657230377}]",uppercase,custom_uppercase_sprint9
C:/Code/airwrite-vocab-assistant/data/airwrite_identity_eval/../raw_airwrite/E/airwrite_E_20260804_141610_647249_0e914e.png,e,i,0.4280617833137512,"[{""label"": ""i"", ""probability"": 0.4280617833137512}, {""label"": ""z"", ""probability"": 0.2880858778953552}, {""label"": ""b"", ""probability"": 0.08229079097509384}]",uppercase,custom_uppercase_sprint9
C:/Code/airwrite-vocab-assistant/data/airwrite_identity_eval/../raw_airwrite/E/airwrite_E_20260804_141617_588967_14b2b0.png,e,z,0.7967531681060791,"[{""label"": ""z"", ""probability"": 0.7967531681060791}, {""label"": ""i"", ""probability"": 0.11464963853359222}, {""label"": ""j"", ""probability"": 0.07337908446788788}]",uppercase,custom_uppercase_sprint9
C:/Code/airwrite-vocab-assistant/data/airwrite_identity_eval/../raw_airwrite/E/airwrite_E_20260804_141628_808357_a2d9a9.png,e,j,0.7845475673675537,"[{""label"": ""j"", ""probability"": 0.7845475673675537}, {""label"": ""f"", ""probability"": 0.09009985625743866}, {""label"": ""i"", ""probability"": 0.06763307005167007}]",uppercase,custom_uppercase_sprint9
C:/Code/airwrite-vocab-assistant/data/airwrite_identity_eval/../raw_airwrite/E/airwrite_E_20260804_141746_400799_6f4313.png,e,z,0.6655644774436951,"[{""label"": ""z"", ""probability"": 0.6655644774436951}, {""label"": ""i"", ""probability"": 0.2037958949804306}, {""label"": ""j"", ""probability"": 0.06324535608291626}]",uppercase,custom_uppercase_sprint9
C:/Code/airwrite-vocab-assistant/data/airwrite_identity_eval/../raw_airwrite/E/airwrite_E_20260804_141753_090527_e46517.png,e,j,0.4600241184234619,"[{""label"": ""j"", ""probability"": 0.4600241184234619}, {""label"": ""f"", ""probability"": 0.2260839194059372}, {""label"": ""z"", ""probability"": 0.11585406213998795}]",uppercase,custom_uppercase_sprint9
C:/Code/airwrite-vocab-assistant/data/airwrite_identity_eval/../raw_airwrite/E/airwrite_E_20260804_141802_583508_781075.png,e,f,0.25613152980804443,"[{""label"": ""f"", ""probability"": 0.25613152980804443}, {""label"": ""e"", ""probability"": 0.19509044289588928}, {""label"": ""i"", ""probability"": 0.16731874644756317}]",uppercase,custom_uppercase_sprint9
C:/Code/airwrite-vocab-assistant/data/airwrite_identity_eval/../raw_airwrite/E/airwrite_E_20260804_141820_429293_04cbba.png,e,f,0.5084520578384399,"[{""label"": ""f"", ""probability"": 0.5084520578384399}, {""label"": ""j"", ""probability"": 0.30095741152763367}, {""label"": ""t"", ""probability"": 0.07249265909194946}]",uppercase,custom_uppercase_sprint9
C:/Code/airwrite-vocab-assistant/data/airwrite_identity_eval/../raw_airwrite/E/airwrite_E_20260804_141846_364829_b38fb9.png,e,f,0.36849191784858704,"[{""label"": ""f"", ""probability"": 0.36849191784858704}, {""label"": ""i"", ""probability"": 0.19772785902023315}, {""label"": ""t"", ""probability"": 0.10347790271043777}]",uppercase,custom_uppercase_sprint9
C:/Code/airwrite-vocab-assistant/data/airwrite_identity_eval/../raw_airwrite/E/airwrite_E_20260804_141900_508570_ed4e68.png,e,j,0.3706553876399994,"[{""label"": ""j"", ""probability"": 0.3706553876399994}, {""label"": ""z"", ""probability"": 0.1269768923521042}, {""label"": ""f"", ""probability"": 0.11984023451805115}]",uppercase,custom_uppercase_sprint9
C:/Code/airwrite-vocab-assistant/data/airwrite_identity_eval/../raw_airwrite/F/airwrite_F_20260804_142019_290844_402f6a.png,f,j,0.4841800332069397,"[{""label"": ""j"", ""probability"": 0.4841800332069397}, {""label"": ""i"", ""probability"": 0.2489854395389557}, {""label"": ""t"", ""probability"": 0.19202080368995667}]",uppercase,custom_uppercase_sprint9
C:/Code/airwrite-vocab-assistant/data/airwrite_identity_eval/../raw_airwrite/F/airwrite_F_20260804_142024_393772_fcadc9.png,f,t,0.4976404011249542,"[{""label"": ""t"", ""probability"": 0.4976404011249542}, {""label"": ""f"", ""probability"": 0.14063909649848938}, {""label"": ""r"", ""probability"": 0.11107644438743591}]",uppercase,custom_uppercase_sprint9
C:/Code/airwrite-vocab-assistant/data/airwrite_identity_eval/../raw_airwrite/F/airwrite_F_20260804_142032_691548_8a89bd.png,f,t,0.8808336853981018,"[{""label"": ""t"", ""probability"": 0.8808336853981018}, {""label"": ""f"", ""probability"": 0.03804066777229309}, {""label"": ""j"", ""probability"": 0.025523802265524864}]",uppercase,custom_uppercase_sprint9
C:/Code/airwrite-vocab-assistant/data/airwrite_identity_eval/../raw_airwrite/F/airwrite_F_20260804_142040_184668_e3bf7e.png,f,i,0.47832465171813965,"[{""label"": ""i"", ""probability"": 0.47832465171813965}, {""label"": ""t"", ""probability"": 0.2779671549797058}, {""label"": ""j"", ""probability"": 0.13284358382225037}]",uppercase,custom_uppercase_sprint9
C:/Code/airwrite-vocab-assistant/data/airwrite_identity_eval/../raw_airwrite/F/airwrite_F_20260804_142045_970242_a0b894.png,f,i,0.38187727332115173,"[{""label"": ""i"", ""probability"": 0.38187727332115173}, {""label"": ""j"", ""probability"": 0.26732099056243896}, {""label"": ""z"", ""probability"": 0.08915095031261444}]",uppercase,custom_uppercase_sprint9
C:/Code/airwrite-vocab-assistant/data/airwrite_identity_eval/../raw_airwrite/F/airwrite_F_20260804_142118_673414_45c017.png,f,a,0.850246012210846,"[{""label"": ""a"", ""probability"": 0.850246012210846}, {""label"": ""g"", ""probability"": 0.06568371504545212}, {""label"": ""z"", ""probability"": 0.03402566909790039}]",uppercase,custom_uppercase_sprint9
C:/Code/airwrite-vocab-assistant/data/airwrite_identity_eval/../raw_airwrite/F/airwrite_F_20260804_142121_614540_1261cd.png,f,t,0.8216125965118408,"[{""label"": ""t"", ""probability"": 0.8216125965118408}, {""label"": ""q"", ""probability"": 0.049419645220041275}, {""label"": ""g"", ""probability"": 0.026177942752838135}]",uppercase,custom_uppercase_sprint9
C:/Code/airwrite-vocab-assistant/data/airwrite_identity_eval/../raw_airwrite/F/airwrite_F_20260804_142134_745116_32f6a7.png,f,t,0.5346295237541199,"[{""label"": ""t"", ""probability"": 0.5346295237541199}, {""label"": ""j"", ""probability"": 0.12431947141885757}, {""label"": ""g"", ""probability"": 0.08637737482786179}]",uppercase,custom_uppercase_sprint9
C:/Code/airwrite-vocab-assistant/data/airwrite_identity_eval/../raw_airwrite/F/airwrite_F_20260804_142142_399490_e3e056.png,f,t,0.2553008794784546,"[{""label"": ""t"", ""probability"": 0.2553008794784546}, {""label"": ""i"", ""probability"": 0.22609232366085052}, {""label"": ""f"", ""probability"": 0.2189982533454895}]",uppercase,custom_uppercase_sprint9
C:/Code/airwrite-vocab-assistant/data/airwrite_identity_eval/../raw_airwrite/F/airwrite_F_20260804_142213_585421_a5daa0.png,f,t,0.6994136571884155,"[{""label"": ""t"", ""probability"": 0.6994136571884155}, {""label"": ""q"", ""probability"": 0.11552704870700836}, {""label"": ""g"", ""probability"": 0.06774295121431351}]",uppercase,custom_uppercase_sprint9
C:/Code/airwrite-vocab-assistant/data/airwrite_identity_eval/../raw_airwrite/F/airwrite_F_20260804_142223_573764_95e695.png,f,i,0.6638563871383667,"[{""label"": ""i"", ""probability"": 0.6638563871383667}, {""label"": ""t"", ""probability"": 0.18201184272766113}, {""label"": ""l"", ""probability"": 0.06427522748708725}]",uppercase,custom_uppercase_sprint9
C:/Code/airwrite-vocab-assistant/data/airwrite_identity_eval/../raw_airwrite/F/airwrite_F_20260804_142416_031787_0a524f.png,f,i,0.8869056105613708,"[{""label"": ""i"", ""probability"": 0.8869056105613708}, {""label"": ""l"", ""probability"": 0.046981897205114365}, {""label"": ""j"", ""probability"": 0.041182950139045715}]",uppercase,custom_uppercase_sprint9
C:/Code/airwrite-vocab-assistant/data/airwrite_identity_eval/../raw_airwrite/G/airwrite_G_20260804_142632_986687_176cf7.png,g,f,0.7557051777839661,"[{""label"": ""f"", ""probability"": 0.7557051777839661}, {""label"": ""c"", ""probability"": 0.08140009641647339}, {""label"": ""g"", ""probability"": 0.07222792506217957}]",uppercase,custom_uppercase_sprint9
C:/Code/airwrite-vocab-assistant/data/airwrite_identity_eval/../raw_airwrite/G/airwrite_G_20260804_142650_928799_96d8d9.png,g,f,0.42559799551963806,"[{""label"": ""f"", ""probability"": 0.42559799551963806}, {""label"": ""g"", ""probability"": 0.3437301516532898}, {""label"": ""s"", ""probability"": 0.14953848719596863}]",uppercase,custom_uppercase_sprint9
C:/Code/airwrite-vocab-assistant/data/airwrite_identity_eval/../raw_airwrite/G/airwrite_G_20260804_142905_362518_c34268.png,g,j,0.4129539132118225,"[{""label"": ""j"", ""probability"": 0.4129539132118225}, {""label"": ""g"", ""probability"": 0.28516507148742676}, {""label"": ""z"", ""probability"": 0.15927629172801971}]",uppercase,custom_uppercase_sprint9
C:/Code/airwrite-vocab-assistant/data/airwrite_identity_eval/../raw_airwrite/G/airwrite_G_20260804_142914_554813_a3d424.png,g,j,0.8475023508071899,"[{""label"": ""j"", ""probability"": 0.8475023508071899}, {""label"": ""g"", ""probability"": 0.05337858572602272}, {""label"": ""i"", ""probability"": 0.05129580572247505}]",uppercase,custom_uppercase_sprint9
C:/Code/airwrite-vocab-assistant/data/airwrite_identity_eval/../raw_airwrite/G/airwrite_G_20260804_142926_220002_0d8bce.png,g,j,0.4624207317829132,"[{""label"": ""j"", ""probability"": 0.4624207317829132}, {""label"": ""s"", ""probability"": 0.1618208885192871}, {""label"": ""d"", ""probability"": 0.13048450648784637}]",uppercase,custom_uppercase_sprint9
C:/Code/airwrite-vocab-assistant/data/airwrite_identity_eval/../raw_airwrite/G/airwrite_G_20260804_142933_482764_09e00f.png,g,j,0.5563210844993591,"[{""label"": ""j"", ""probability"": 0.5563210844993591}, {""label"": ""z"", ""probability"": 0.09091895073652267}, {""label"": ""g"", ""probability"": 0.08313777297735214}]",uppercase,custom_uppercase_sprint9
C:/Code/airwrite-vocab-assistant/data/airwrite_identity_eval/../raw_airwrite/G/airwrite_G_20260804_142954_495218_e22123.png,g,f,0.6344153881072998,"[{""label"": ""f"", ""probability"": 0.6344153881072998}, {""label"": ""g"", ""probability"": 0.22719863057136536}, {""label"": ""q"", ""probability"": 0.050723135471343994}]",uppercase,custom_uppercase_sprint9
C:/Code/airwrite-vocab-assistant/data/airwrite_identity_eval/../raw_airwrite/G/airwrite_G_20260804_143008_497607_e2023e.png,g,f,0.57036292552948,"[{""label"": ""f"", ""probability"": 0.57036292552948}, {""label"": ""c"", ""probability"": 0.17584769427776337}, {""label"": ""g"", ""probability"": 0.14561942219734192}]",uppercase,custom_uppercase_sprint9
C:/Code/airwrite-vocab-assistant/data/airwrite_identity_eval/../raw_airwrite/G/airwrite_G_20260804_143121_526953_ad328c.png,g,c,0.5330203771591187,"[{""label"": ""c"", ""probability"": 0.5330203771591187}, {""label"": ""g"", ""probability"": 0.4014330208301544}, {""label"": ""f"", ""probability"": 0.03805139660835266}]",uppercase,custom_uppercase_sprint9
C:/Code/airwrite-vocab-assistant/data/airwrite_identity_eval/../raw_airwrite/G/airwrite_G_20260804_143131_141499_cfeaec.png,g,c,0.4010810852050781,"[{""label"": ""c"", ""probability"": 0.4010810852050781}, {""label"": ""g"", ""probability"": 0.27709367871284485}, {""label"": ""f"", ""probability"": 0.14252111315727234}]",uppercase,custom_uppercase_sprint9
C:/Code/airwrite-vocab-assistant/data/airwrite_identity_eval/../raw_airwrite/G/airwrite_G_20260804_143134_005240_0972ac.png,g,c,0.6594783067703247,"[{""label"": ""c"", ""probability"": 0.6594783067703247}, {""label"": ""g"", ""probability"": 0.23187990486621857}, {""label"": ""s"", ""probability"": 0.04398692026734352}]",uppercase,custom_uppercase_sprint9
C:/Code/airwrite-vocab-assistant/data/airwrite_identity_eval/../raw_airwrite/G/airwrite_G_20260804_143149_030052_f3ddc0.png,g,c,0.30769985914230347,"[{""label"": ""c"", ""probability"": 0.30769985914230347}, {""label"": ""g"", ""probability"": 0.14649967849254608}, {""label"": ""f"", ""probability"": 0.10717570036649704}]",uppercase,custom_uppercase_sprint9
C:/Code/airwrite-vocab-assistant/data/airwrite_identity_eval/../raw_airwrite/G/airwrite_G_20260804_143151_570231_0ae844.png,g,c,0.7295029163360596,"[{""label"": ""c"", ""probability"": 0.7295029163360596}, {""label"": ""s"", ""probability"": 0.054219696670770645}, {""label"": ""i"", ""probability"": 0.05116075649857521}]",uppercase,custom_uppercase_sprint9
C:/Code/airwrite-vocab-assistant/data/airwrite_identity_eval/../raw_airwrite/H/airwrite_H_20260804_143340_101672_092c1c.png,h,b,0.4013211727142334,"[{""label"": ""b"", ""probability"": 0.4013211727142334}, {""label"": ""h"", ""probability"": 0.21889133751392365}, {""label"": ""y"", ""probability"": 0.1922016143798828}]",uppercase,custom_uppercase_sprint9
C:/Code/airwrite-vocab-assistant/data/airwrite_identity_eval/../raw_airwrite/H/airwrite_H_20260804_143343_598249_af1cd3.png,h,j,0.2508819103240967,"[{""label"": ""j"", ""probability"": 0.2508819103240967}, {""label"": ""f"", ""probability"": 0.14076057076454163}, {""label"": ""y"", ""probability"": 0.13599815964698792}]",uppercase,custom_uppercase_sprint9
C:/Code/airwrite-vocab-assistant/data/airwrite_identity_eval/../raw_airwrite/H/airwrite_H_20260804_143347_153943_ced2b6.png,h,a,0.15815049409866333,"[{""label"": ""a"", ""probability"": 0.15815049409866333}, {""label"": ""m"", ""probability"": 0.10187223553657532}, {""label"": ""z"", ""probability"": 0.10177590698003769}]",uppercase,custom_uppercase_sprint9
C:/Code/airwrite-vocab-assistant/data/airwrite_identity_eval/../raw_airwrite/H/airwrite_H_20260804_143613_199653_2b2051.png,h,n,0.38203129172325134,"[{""label"": ""n"", ""probability"": 0.38203129172325134}, {""label"": ""v"", ""probability"": 0.1491655856370926}, {""label"": ""r"", ""probability"": 0.10611807554960251}]",uppercase,custom_uppercase_sprint9
C:/Code/airwrite-vocab-assistant/data/airwrite_identity_eval/../raw_airwrite/H/airwrite_H_20260804_143616_697040_825707.png,h,k,0.23930524289608002,"[{""label"": ""k"", ""probability"": 0.23930524289608002}, {""label"": ""f"", ""probability"": 0.15651528537273407}, {""label"": ""e"", ""probability"": 0.08451322466135025}]",uppercase,custom_uppercase_sprint9
C:/Code/airwrite-vocab-assistant/data/airwrite_identity_eval/../raw_airwrite/H/airwrite_H_20260804_143619_706780_d25dfd.png,h,z,0.355305016040802,"[{""label"": ""z"", ""probability"": 0.355305016040802}, {""label"": ""j"", ""probability"": 0.22004446387290955}, {""label"": ""f"", ""probability"": 0.1424519270658493}]",uppercase,custom_uppercase_sprint9
C:/Code/airwrite-vocab-assistant/data/airwrite_identity_eval/../raw_airwrite/H/airwrite_H_20260804_143628_218340_43d728.png,h,f,0.30251410603523254,"[{""label"": ""f"", ""probability"": 0.30251410603523254}, {""label"": ""k"", ""probability"": 0.1697840392589569}, {""label"": ""y"", ""probability"": 0.1513241082429886}]",uppercase,custom_uppercase_sprint9
C:/Code/airwrite-vocab-assistant/data/airwrite_identity_eval/../raw_airwrite/H/airwrite_H_20260804_143631_031981_57adc9.png,h,f,0.6632725596427917,"[{""label"": ""f"", ""probability"": 0.6632725596427917}, {""label"": ""t"", ""probability"": 0.11958004534244537}, {""label"": ""r"", ""probability"": 0.03636666014790535}]",uppercase,custom_uppercase_sprint9
C:/Code/airwrite-vocab-assistant/data/airwrite_identity_eval/../raw_airwrite/H/airwrite_H_20260804_143633_661801_42407b.png,h,y,0.22835524380207062,"[{""label"": ""y"", ""probability"": 0.22835524380207062}, {""label"": ""t"", ""probability"": 0.16779501736164093}, {""label"": ""x"", ""probability"": 0.16044194996356964}]",uppercase,custom_uppercase_sprint9
C:/Code/airwrite-vocab-assistant/data/airwrite_identity_eval/../raw_airwrite/H/airwrite_H_20260804_143639_548037_cd48f6.png,h,y,0.40632715821266174,"[{""label"": ""y"", ""probability"": 0.40632715821266174}, {""label"": ""h"", ""probability"": 0.12771804630756378}, {""label"": ""j"", ""probability"": 0.06800839304924011}]",uppercase,custom_uppercase_sprint9
C:/Code/airwrite-vocab-assistant/data/airwrite_identity_eval/../raw_airwrite/H/airwrite_H_20260804_143716_711090_861c00.png,h,t,0.870963454246521,"[{""label"": ""t"", ""probability"": 0.870963454246521}, {""label"": ""h"", ""probability"": 0.04148666188120842}, {""label"": ""y"", ""probability"": 0.04085134342312813}]",uppercase,custom_uppercase_sprint9
C:/Code/airwrite-vocab-assistant/data/airwrite_identity_eval/../raw_airwrite/H/airwrite_H_20260804_143801_082472_f5d0b3.png,h,i,0.9118388891220093,"[{""label"": ""i"", ""probability"": 0.9118388891220093}, {""label"": ""j"", ""probability"": 0.04707115888595581}, {""label"": ""l"", ""probability"": 0.02299712598323822}]",uppercase,custom_uppercase_sprint9
C:/Code/airwrite-vocab-assistant/data/airwrite_identity_eval/../raw_airwrite/H/airwrite_H_20260804_143907_754679_15428f.png,h,k,0.8817762136459351,"[{""label"": ""k"", ""probability"": 0.8817762136459351}, {""label"": ""h"", ""probability"": 0.08600980788469315}, {""label"": ""x"", ""probability"": 0.009137514047324657}]",uppercase,custom_uppercase_sprint9
C:/Code/airwrite-vocab-assistant/data/airwrite_identity_eval/../raw_airwrite/H/airwrite_H_20260804_143915_851213_f3dedf.png,h,f,0.21866849064826965,"[{""label"": ""f"", ""probability"": 0.21866849064826965}, {""label"": ""p"", ""probability"": 0.190530464053154}, {""label"": ""t"", ""probability"": 0.10115785896778107}]",uppercase,custom_uppercase_sprint9
C:/Code/airwrite-vocab-assistant/data/airwrite_identity_eval/../raw_airwrite/H/airwrite_H_20260804_143921_065671_d19580.png,h,k,0.5849854350090027,"[{""label"": ""k"", ""probability"": 0.5849854350090027}, {""label"": ""x"", ""probability"": 0.1309211701154709}, {""label"": ""h"", ""probability"": 0.11092883348464966}]",uppercase,custom_uppercase_sprint9
C:/Code/airwrite-vocab-assistant/data/airwrite_identity_eval/../raw_airwrite/H/airwrite_H_20260804_143928_019499_30e399.png,h,p,0.20889484882354736,"[{""label"": ""p"", ""probability"": 0.20889484882354736}, {""label"": ""f"", ""probability"": 0.18372942507266998}, {""label"": ""t"", ""probability"": 0.13424737751483917}]",uppercase,custom_uppercase_sprint9
C:/Code/airwrite-vocab-assistant/data/airwrite_identity_eval/../raw_airwrite/H/airwrite_H_20260804_143941_212041_66e182.png,h,f,0.4163241684436798,"[{""label"": ""f"", ""probability"": 0.4163241684436798}, {""label"": ""t"", ""probability"": 0.3449030816555023}, {""label"": ""y"", ""probability"": 0.0778450071811676}]",uppercase,custom_uppercase_sprint9
C:/Code/airwrite-vocab-assistant/data/airwrite_identity_eval/../raw_airwrite/H/airwrite_H_20260804_143954_964884_6b7ef3.png,h,k,0.3091374337673187,"[{""label"": ""k"", ""probability"": 0.3091374337673187}, {""label"": ""h"", ""probability"": 0.2854767441749573}, {""label"": ""f"", ""probability"": 0.11233431100845337}]",uppercase,custom_uppercase_sprint9
C:/Code/airwrite-vocab-assistant/data/airwrite_identity_eval/../raw_airwrite/H/airwrite_H_20260804_144013_072509_0df2e6.png,h,k,0.5046127438545227,"[{""label"": ""k"", ""probability"": 0.5046127438545227}, {""label"": ""h"", ""probability"": 0.3331241011619568}, {""label"": ""y"", ""probability"": 0.03357141092419624}]",uppercase,custom_uppercase_sprint9
C:/Code/airwrite-vocab-assistant/data/airwrite_identity_eval/../raw_airwrite/H/airwrite_H_20260804_144047_750805_a63366.png,h,r,0.20032605528831482,"[{""label"": ""r"", ""probability"": 0.20032605528831482}, {""label"": ""t"", ""probability"": 0.19775205850601196}, {""label"": ""f"", ""probability"": 0.18772603571414948}]",uppercase,custom_uppercase_sprint9
C:/Code/airwrite-vocab-assistant/data/airwrite_identity_eval/../raw_airwrite/H/airwrite_H_20260804_144114_006874_49fe1e.png,h,t,0.2320876568555832,"[{""label"": ""t"", ""probability"": 0.2320876568555832}, {""label"": ""h"", ""probability"": 0.2050442099571228}, {""label"": ""y"", ""probability"": 0.1723233163356781}]",uppercase,custom_uppercase_sprint9
C:/Code/airwrite-vocab-assistant/data/airwrite_identity_eval/../raw_airwrite/H/airwrite_H_20260804_144129_694713_d25696.png,h,y,0.7127174735069275,"[{""label"": ""y"", ""probability"": 0.7127174735069275}, {""label"": ""h"", ""probability"": 0.05644802004098892}, {""label"": ""t"", ""probability"": 0.055928509682416916}]",uppercase,custom_uppercase_sprint9
C:/Code/airwrite-vocab-assistant/data/airwrite_identity_eval/../raw_airwrite/H/airwrite_H_20260804_144134_279152_6f999f.png,h,n,0.32801204919815063,"[{""label"": ""n"", ""probability"": 0.32801204919815063}, {""label"": ""h"", ""probability"": 0.24831320345401764}, {""label"": ""m"", ""probability"": 0.20683810114860535}]",uppercase,custom_uppercase_sprint9
C:/Code/airwrite-vocab-assistant/data/airwrite_identity_eval/../raw_airwrite/H/airwrite_H_20260804_144149_563102_4beff9.png,h,y,0.40189650654792786,"[{""label"": ""y"", ""probability"": 0.40189650654792786}, {""label"": ""h"", ""probability"": 0.28307902812957764}, {""label"": ""w"", ""probability"": 0.2365594208240509}]",uppercase,custom_uppercase_sprint9
C:/Code/airwrite-vocab-assistant/data/airwrite_identity_eval/../raw_airwrite/I/airwrite_I_20260804_145500_321858_5ab209 (2).png,i,j,0.23258771002292633,"[{""label"": ""j"", ""probability"": 0.23258771002292633}, {""label"": ""t"", ""probability"": 0.17472447454929352}, {""label"": ""f"", ""probability"": 0.1695365011692047}]",uppercase,custom_uppercase_sprint9
C:/Code/airwrite-vocab-assistant/data/airwrite_identity_eval/../raw_airwrite/I/airwrite_I_20260804_145500_321858_5ab209 (3).png,i,j,0.27317872643470764,"[{""label"": ""j"", ""probability"": 0.27317872643470764}, {""label"": ""z"", ""probability"": 0.22790023684501648}, {""label"": ""f"", ""probability"": 0.16680917143821716}]",uppercase,custom_uppercase_sprint9
C:/Code/airwrite-vocab-assistant/data/airwrite_identity_eval/../raw_airwrite/I/airwrite_I_20260804_145659_440791_5a420b.png,i,t,0.30821114778518677,"[{""label"": ""t"", ""probability"": 0.30821114778518677}, {""label"": ""i"", ""probability"": 0.27144283056259155}, {""label"": ""j"", ""probability"": 0.17008739709854126}]",uppercase,custom_uppercase_sprint9
C:/Code/airwrite-vocab-assistant/data/airwrite_identity_eval/../raw_airwrite/I/airwrite_I_20260804_145724_148260_50c649.png,i,t,0.367114782333374,"[{""label"": ""t"", ""probability"": 0.367114782333374}, {""label"": ""i"", ""probability"": 0.22069869935512543}, {""label"": ""f"", ""probability"": 0.07589061558246613}]",uppercase,custom_uppercase_sprint9
C:/Code/airwrite-vocab-assistant/data/airwrite_identity_eval/../raw_airwrite/I/airwrite_I_20260804_145833_982453_58ab12.png,i,f,0.3574528694152832,"[{""label"": ""f"", ""probability"": 0.3574528694152832}, {""label"": ""e"", ""probability"": 0.19987310469150543}, {""label"": ""i"", ""probability"": 0.1540662944316864}]",uppercase,custom_uppercase_sprint9
C:/Code/airwrite-vocab-assistant/data/airwrite_identity_eval/../raw_airwrite/I/airwrite_I_20260804_145858_959660_bb536e.png,i,j,0.39348214864730835,"[{""label"": ""j"", ""probability"": 0.39348214864730835}, {""label"": ""z"", ""probability"": 0.25472795963287354}, {""label"": ""s"", ""probability"": 0.11716566234827042}]",uppercase,custom_uppercase_sprint9
C:/Code/airwrite-vocab-assistant/data/airwrite_identity_eval/../raw_airwrite/I/airwrite_I_20260804_145926_797362_934d9e.png,i,t,0.34412989020347595,"[{""label"": ""t"", ""probability"": 0.34412989020347595}, {""label"": ""z"", ""probability"": 0.17590738832950592}, {""label"": ""f"", ""probability"": 0.17470340430736542}]",uppercase,custom_uppercase_sprint9
C:/Code/airwrite-vocab-assistant/data/airwrite_identity_eval/../raw_airwrite/I/airwrite_I_20260804_145932_012720_bc43f4.png,i,f,0.2851983904838562,"[{""label"": ""f"", ""probability"": 0.2851983904838562}, {""label"": ""z"", ""probability"": 0.18829011917114258}, {""label"": ""i"", ""probability"": 0.17627373337745667}]",uppercase,custom_uppercase_sprint9
C:/Code/airwrite-vocab-assistant/data/airwrite_identity_eval/../raw_airwrite/I/airwrite_I_20260804_145958_729236_608eb9.png,i,f,0.3731054663658142,"[{""label"": ""f"", ""probability"": 0.3731054663658142}, {""label"": ""i"", ""probability"": 0.2735360860824585}, {""label"": ""t"", ""probability"": 0.18609508872032166}]",uppercase,custom_uppercase_sprint9
C:/Code/airwrite-vocab-assistant/data/airwrite_identity_eval/../raw_airwrite/I/airwrite_I_20260804_150003_615329_103539.png,i,f,0.6993564367294312,"[{""label"": ""f"", ""probability"": 0.6993564367294312}, {""label"": ""i"", ""probability"": 0.09324851632118225}, {""label"": ""e"", ""probability"": 0.08638127148151398}]",uppercase,custom_uppercase_sprint9
C:/Code/airwrite-vocab-assistant/data/airwrite_identity_eval/../raw_airwrite/I/airwrite_I_20260804_150008_778576_56d3e6.png,i,f,0.30714887380599976,"[{""label"": ""f"", ""probability"": 0.30714887380599976}, {""label"": ""t"", ""probability"": 0.20543211698532104}, {""label"": ""j"", ""probability"": 0.16074563562870026}]",uppercase,custom_uppercase_sprint9
C:/Code/airwrite-vocab-assistant/data/airwrite_identity_eval/../raw_airwrite/I/airwrite_I_20260804_150036_544263_1453a5.png,i,j,0.5052794218063354,"[{""label"": ""j"", ""probability"": 0.5052794218063354}, {""label"": ""i"", ""probability"": 0.20325832068920135}, {""label"": ""t"", ""probability"": 0.14297184348106384}]",uppercase,custom_uppercase_sprint9
C:/Code/airwrite-vocab-assistant/data/airwrite_identity_eval/../raw_airwrite/I/airwrite_I_20260804_150126_345429_88a33d.png,i,j,0.3795740604400635,"[{""label"": ""j"", ""probability"": 0.3795740604400635}, {""label"": ""i"", ""probability"": 0.33283382654190063}, {""label"": ""z"", ""probability"": 0.23445981740951538}]",uppercase,custom_uppercase_sprint9
C:/Code/airwrite-vocab-assistant/data/airwrite_identity_eval/../raw_airwrite/I/airwrite_I_20260804_150131_046685_62fdc4.png,i,t,0.4616669714450836,"[{""label"": ""t"", ""probability"": 0.4616669714450836}, {""label"": ""f"", ""probability"": 0.28148964047431946}, {""label"": ""i"", ""probability"": 0.0836903303861618}]",uppercase,custom_uppercase_sprint9
C:/Code/airwrite-vocab-assistant/data/airwrite_identity_eval/../raw_airwrite/I/airwrite_I_20260804_150139_725473_23cde9.png,i,f,0.36866092681884766,"[{""label"": ""f"", ""probability"": 0.36866092681884766}, {""label"": ""i"", ""probability"": 0.11219890415668488}, {""label"": ""x"", ""probability"": 0.07029928267002106}]",uppercase,custom_uppercase_sprint9
C:/Code/airwrite-vocab-assistant/data/airwrite_identity_eval/../raw_airwrite/I/airwrite_I_20260804_150146_577222_fc93fa.png,i,t,0.23996564745903015,"[{""label"": ""t"", ""probability"": 0.23996564745903015}, {""label"": ""f"", ""probability"": 0.22989030182361603}, {""label"": ""s"", ""probability"": 0.16886606812477112}]",uppercase,custom_uppercase_sprint9
C:/Code/airwrite-vocab-assistant/data/airwrite_identity_eval/../raw_airwrite/J/airwrite_J_20260804_150323_594986_1e9710.png,j,l,0.24209731817245483,"[{""label"": ""l"", ""probability"": 0.24209731817245483}, {""label"": ""i"", ""probability"": 0.14949989318847656}, {""label"": ""c"", ""probability"": 0.14441482722759247}]",uppercase,custom_uppercase_sprint9
C:/Code/airwrite-vocab-assistant/data/airwrite_identity_eval/../raw_airwrite/J/airwrite_J_20260804_150342_494987_c391c2.png,j,t,0.4855797588825226,"[{""label"": ""t"", ""probability"": 0.4855797588825226}, {""label"": ""i"", ""probability"": 0.44691210985183716}, {""label"": ""l"", ""probability"": 0.016450615599751472}]",uppercase,custom_uppercase_sprint9
C:/Code/airwrite-vocab-assistant/data/airwrite_identity_eval/../raw_airwrite/J/airwrite_J_20260804_150350_613539_65a249.png,j,i,0.8610010743141174,"[{""label"": ""i"", ""probability"": 0.8610010743141174}, {""label"": ""t"", ""probability"": 0.06336084753274918}, {""label"": ""j"", ""probability"": 0.02686614915728569}]",uppercase,custom_uppercase_sprint9
C:/Code/airwrite-vocab-assistant/data/airwrite_identity_eval/../raw_airwrite/J/airwrite_J_20260804_150419_908886_d043d0.png,j,i,0.4519006013870239,"[{""label"": ""i"", ""probability"": 0.4519006013870239}, {""label"": ""j"", ""probability"": 0.4292773902416229}, {""label"": ""t"", ""probability"": 0.039347827434539795}]",uppercase,custom_uppercase_sprint9
C:/Code/airwrite-vocab-assistant/data/airwrite_identity_eval/../raw_airwrite/J/airwrite_J_20260804_150434_220418_b45835.png,j,i,0.7890027761459351,"[{""label"": ""i"", ""probability"": 0.7890027761459351}, {""label"": ""t"", ""probability"": 0.06893780827522278}, {""label"": ""c"", ""probability"": 0.0498039647936821}]",uppercase,custom_uppercase_sprint9
C:/Code/airwrite-vocab-assistant/data/airwrite_identity_eval/../raw_airwrite/J/airwrite_J_20260804_150449_070149_5825b1.png,j,t,0.37706461548805237,"[{""label"": ""t"", ""probability"": 0.37706461548805237}, {""label"": ""i"", ""probability"": 0.31927117705345154}, {""label"": ""l"", ""probability"": 0.09238756448030472}]",uppercase,custom_uppercase_sprint9
C:/Code/airwrite-vocab-assistant/data/airwrite_identity_eval/../raw_airwrite/J/airwrite_J_20260804_150723_683010_a6ec2c.png,j,s,0.4363359808921814,"[{""label"": ""s"", ""probability"": 0.4363359808921814}, {""label"": ""j"", ""probability"": 0.36820799112319946}, {""label"": ""i"", ""probability"": 0.14043086767196655}]",uppercase,custom_uppercase_sprint9
C:/Code/airwrite-vocab-assistant/data/airwrite_identity_eval/../raw_airwrite/J/airwrite_J_20260804_150813_143597_23fe70.png,j,s,0.4573192000389099,"[{""label"": ""s"", ""probability"": 0.4573192000389099}, {""label"": ""j"", ""probability"": 0.3158937990665436}, {""label"": ""f"", ""probability"": 0.06715524941682816}]",uppercase,custom_uppercase_sprint9
C:/Code/airwrite-vocab-assistant/data/airwrite_identity_eval/../raw_airwrite/K/airwrite_K_20260804_150912_915541_510ae0.png,k,v,0.28282997012138367,"[{""label"": ""v"", ""probability"": 0.28282997012138367}, {""label"": ""u"", ""probability"": 0.12814398109912872}, {""label"": ""x"", ""probability"": 0.119230255484581}]",uppercase,custom_uppercase_sprint9
C:/Code/airwrite-vocab-assistant/data/airwrite_identity_eval/../raw_airwrite/K/airwrite_K_20260804_150918_835182_9a608b.png,k,t,0.43206480145454407,"[{""label"": ""t"", ""probability"": 0.43206480145454407}, {""label"": ""f"", ""probability"": 0.35141393542289734}, {""label"": ""k"", ""probability"": 0.15240159630775452}]",uppercase,custom_uppercase_sprint9
C:/Code/airwrite-vocab-assistant/data/airwrite_identity_eval/../raw_airwrite/K/airwrite_K_20260804_150923_678372_ac0738.png,k,t,0.4619268774986267,"[{""label"": ""t"", ""probability"": 0.4619268774986267}, {""label"": ""f"", ""probability"": 0.19715480506420135}, {""label"": ""k"", ""probability"": 0.07679823786020279}]",uppercase,custom_uppercase_sprint9
C:/Code/airwrite-vocab-assistant/data/airwrite_identity_eval/../raw_airwrite/K/airwrite_K_20260804_150947_525376_2b1094.png,k,e,0.705308735370636,"[{""label"": ""e"", ""probability"": 0.705308735370636}, {""label"": ""c"", ""probability"": 0.1151265799999237}, {""label"": ""u"", ""probability"": 0.043736182153224945}]",uppercase,custom_uppercase_sprint9
C:/Code/airwrite-vocab-assistant/data/airwrite_identity_eval/../raw_airwrite/K/airwrite_K_20260804_151108_518033_381d42.png,k,f,0.3861788809299469,"[{""label"": ""f"", ""probability"": 0.3861788809299469}, {""label"": ""r"", ""probability"": 0.33441388607025146}, {""label"": ""k"", ""probability"": 0.11635385453701019}]",uppercase,custom_uppercase_sprint9
C:/Code/airwrite-vocab-assistant/data/airwrite_identity_eval/../raw_airwrite/K/airwrite_K_20260804_151128_139150_f38b43.png,k,c,0.35912057757377625,"[{""label"": ""c"", ""probability"": 0.35912057757377625}, {""label"": ""e"", ""probability"": 0.19382642209529877}, {""label"": ""f"", ""probability"": 0.14728137850761414}]",uppercase,custom_uppercase_sprint9
C:/Code/airwrite-vocab-assistant/data/airwrite_identity_eval/../raw_airwrite/K/airwrite_K_20260804_151153_741101_0cb306.png,k,c,0.3572996258735657,"[{""label"": ""c"", ""probability"": 0.3572996258735657}, {""label"": ""r"", ""probability"": 0.1910935491323471}, {""label"": ""l"", ""probability"": 0.1147424504160881}]",uppercase,custom_uppercase_sprint9
C:/Code/airwrite-vocab-assistant/data/airwrite_identity_eval/../raw_airwrite/K/airwrite_K_20260804_151159_141050_537877.png,k,r,0.7730163931846619,"[{""label"": ""r"", ""probability"": 0.7730163931846619}, {""label"": ""f"", ""probability"": 0.0777786374092102}, {""label"": ""a"", ""probability"": 0.037953875958919525}]",uppercase,custom_uppercase_sprint9
C:/Code/airwrite-vocab-assistant/data/airwrite_identity_eval/../raw_airwrite/K/airwrite_K_20260804_151219_239195_446fbb.png,k,r,0.24530497193336487,"[{""label"": ""r"", ""probability"": 0.24530497193336487}, {""label"": ""i"", ""probability"": 0.202281191945076}, {""label"": ""l"", ""probability"": 0.14362317323684692}]",uppercase,custom_uppercase_sprint9
C:/Code/airwrite-vocab-assistant/data/airwrite_identity_eval/../raw_airwrite/K/airwrite_K_20260804_151319_561694_6ebc9c.png,k,v,0.2282048612833023,"[{""label"": ""v"", ""probability"": 0.2282048612833023}, {""label"": ""y"", ""probability"": 0.19770149886608124}, {""label"": ""u"", ""probability"": 0.1262766420841217}]",uppercase,custom_uppercase_sprint9
C:/Code/airwrite-vocab-assistant/data/airwrite_identity_eval/../raw_airwrite/K/airwrite_K_20260804_151333_030433_a97045.png,k,f,0.6637433767318726,"[{""label"": ""f"", ""probability"": 0.6637433767318726}, {""label"": ""k"", ""probability"": 0.16590546071529388}, {""label"": ""t"", ""probability"": 0.10043293982744217}]",uppercase,custom_uppercase_sprint9
C:/Code/airwrite-vocab-assistant/data/airwrite_identity_eval/../raw_airwrite/K/airwrite_K_20260804_151341_065443_9f872e.png,k,t,0.9275680184364319,"[{""label"": ""t"", ""probability"": 0.9275680184364319}, {""label"": ""y"", ""probability"": 0.0193889532238245}, {""label"": ""f"", ""probability"": 0.019052360206842422}]",uppercase,custom_uppercase_sprint9
C:/Code/airwrite-vocab-assistant/data/airwrite_identity_eval/../raw_airwrite/K/airwrite_K_20260804_151345_527134_395f17.png,k,t,0.2671675384044647,"[{""label"": ""t"", ""probability"": 0.2671675384044647}, {""label"": ""i"", ""probability"": 0.1374252289533615}, {""label"": ""c"", ""probability"": 0.09667425602674484}]",uppercase,custom_uppercase_sprint9
C:/Code/airwrite-vocab-assistant/data/airwrite_identity_eval/../raw_airwrite/K/airwrite_K_20260804_151356_796099_bab0b7.png,k,l,0.5586615800857544,"[{""label"": ""l"", ""probability"": 0.5586615800857544}, {""label"": ""k"", ""probability"": 0.11070069670677185}, {""label"": ""h"", ""probability"": 0.07180986553430557}]",uppercase,custom_uppercase_sprint9
C:/Code/airwrite-vocab-assistant/data/airwrite_identity_eval/../raw_airwrite/L/airwrite_L_20260804_151617_863509_6b7f90.png,l,i,0.5777738094329834,"[{""label"": ""i"", ""probability"": 0.5777738094329834}, {""label"": ""l"", ""probability"": 0.4032004475593567}, {""label"": ""c"", ""probability"": 0.00813152827322483}]",uppercase,custom_uppercase_sprint9
C:/Code/airwrite-vocab-assistant/data/airwrite_identity_eval/../raw_airwrite/L/airwrite_L_20260804_151630_152231_5f3093.png,l,i,0.8523733615875244,"[{""label"": ""i"", ""probability"": 0.8523733615875244}, {""label"": ""l"", ""probability"": 0.1341892033815384}, {""label"": ""j"", ""probability"": 0.006365451496094465}]",uppercase,custom_uppercase_sprint9
C:/Code/airwrite-vocab-assistant/data/airwrite_identity_eval/../raw_airwrite/L/airwrite_L_20260804_151651_205093_270864.png,l,i,0.3340841829776764,"[{""label"": ""i"", ""probability"": 0.3340841829776764}, {""label"": ""v"", ""probability"": 0.24513119459152222}, {""label"": ""c"", ""probability"": 0.19475561380386353}]",uppercase,custom_uppercase_sprint9
C:/Code/airwrite-vocab-assistant/data/airwrite_identity_eval/../raw_airwrite/L/airwrite_L_20260804_151653_624675_cf5c1d.png,l,v,0.3945790231227875,"[{""label"": ""v"", ""probability"": 0.3945790231227875}, {""label"": ""i"", ""probability"": 0.28623881936073303}, {""label"": ""j"", ""probability"": 0.10699526220560074}]",uppercase,custom_uppercase_sprint9
C:/Code/airwrite-vocab-assistant/data/airwrite_identity_eval/../raw_airwrite/L/airwrite_L_20260804_151657_521429_cb5b1b.png,l,i,0.8126851916313171,"[{""label"": ""i"", ""probability"": 0.8126851916313171}, {""label"": ""l"", ""probability"": 0.10117799788713455}, {""label"": ""j"", ""probability"": 0.03472137451171875}]",uppercase,custom_uppercase_sprint9
C:/Code/airwrite-vocab-assistant/data/airwrite_identity_eval/../raw_airwrite/L/airwrite_L_20260804_151700_820874_1629f5.png,l,i,0.7522711157798767,"[{""label"": ""i"", ""probability"": 0.7522711157798767}, {""label"": ""j"", ""probability"": 0.12425582855939865}, {""label"": ""v"", ""probability"": 0.03996359556913376}]",uppercase,custom_uppercase_sprint9
C:/Code/airwrite-vocab-assistant/data/airwrite_identity_eval/../raw_airwrite/L/airwrite_L_20260804_151703_346455_7030e6.png,l,i,0.7369272708892822,"[{""label"": ""i"", ""probability"": 0.7369272708892822}, {""label"": ""l"", ""probability"": 0.22296126186847687}, {""label"": ""j"", ""probability"": 0.007393442559987307}]",uppercase,custom_uppercase_sprint9
C:/Code/airwrite-vocab-assistant/data/airwrite_identity_eval/../raw_airwrite/L/airwrite_L_20260804_151705_474256_bc29ec.png,l,i,0.714219331741333,"[{""label"": ""i"", ""probability"": 0.714219331741333}, {""label"": ""l"", ""probability"": 0.1469714194536209}, {""label"": ""c"", ""probability"": 0.09176833182573318}]",uppercase,custom_uppercase_sprint9
C:/Code/airwrite-vocab-assistant/data/airwrite_identity_eval/../raw_airwrite/L/airwrite_L_20260804_151720_844277_3bcd7b.png,l,i,0.5949982404708862,"[{""label"": ""i"", ""probability"": 0.5949982404708862}, {""label"": ""l"", ""probability"": 0.37960687279701233}, {""label"": ""j"", ""probability"": 0.010929633863270283}]",uppercase,custom_uppercase_sprint9
C:/Code/airwrite-vocab-assistant/data/airwrite_identity_eval/../raw_airwrite/L/airwrite_L_20260804_151723_209777_d9c57a.png,l,i,0.7361356019973755,"[{""label"": ""i"", ""probability"": 0.7361356019973755}, {""label"": ""l"", ""probability"": 0.1786343902349472}, {""label"": ""c"", ""probability"": 0.03476222977042198}]",uppercase,custom_uppercase_sprint9
C:/Code/airwrite-vocab-assistant/data/airwrite_identity_eval/../raw_airwrite/L/airwrite_L_20260804_151728_847234_9f2936.png,l,i,0.3255195617675781,"[{""label"": ""i"", ""probability"": 0.3255195617675781}, {""label"": ""h"", ""probability"": 0.15861548483371735}, {""label"": ""j"", ""probability"": 0.08672572672367096}]",uppercase,custom_uppercase_sprint9
C:/Code/airwrite-vocab-assistant/data/airwrite_identity_eval/../raw_airwrite/M/airwrite_M_20260804_151749_108238_717eba.png,m,n,0.3638179898262024,"[{""label"": ""n"", ""probability"": 0.3638179898262024}, {""label"": ""r"", ""probability"": 0.29911890625953674}, {""label"": ""c"", ""probability"": 0.12481790035963058}]",uppercase,custom_uppercase_sprint9
C:/Code/airwrite-vocab-assistant/data/airwrite_identity_eval/../raw_airwrite/M/airwrite_M_20260804_151752_807531_02cadd.png,m,j,0.3886379897594452,"[{""label"": ""j"", ""probability"": 0.3886379897594452}, {""label"": ""y"", ""probability"": 0.3356977105140686}, {""label"": ""h"", ""probability"": 0.06069951131939888}]",uppercase,custom_uppercase_sprint9
C:/Code/airwrite-vocab-assistant/data/airwrite_identity_eval/../raw_airwrite/M/airwrite_M_20260804_151756_273233_4eff31.png,m,n,0.25085359811782837,"[{""label"": ""n"", ""probability"": 0.25085359811782837}, {""label"": ""c"", ""probability"": 0.24687106907367706}, {""label"": ""r"", ""probability"": 0.24470113217830658}]",uppercase,custom_uppercase_sprint9
C:/Code/airwrite-vocab-assistant/data/airwrite_identity_eval/../raw_airwrite/M/airwrite_M_20260804_151837_459503_460b76.png,m,g,0.28102898597717285,"[{""label"": ""g"", ""probability"": 0.28102898597717285}, {""label"": ""j"", ""probability"": 0.20752611756324768}, {""label"": ""y"", ""probability"": 0.1538160741329193}]",uppercase,custom_uppercase_sprint9
C:/Code/airwrite-vocab-assistant/data/airwrite_identity_eval/../raw_airwrite/M/airwrite_M_20260804_151906_107132_a06f43.png,m,z,0.8385619521141052,"[{""label"": ""z"", ""probability"": 0.8385619521141052}, {""label"": ""e"", ""probability"": 0.07594659924507141}, {""label"": ""i"", ""probability"": 0.03142247721552849}]",uppercase,custom_uppercase_sprint9
C:/Code/airwrite-vocab-assistant/data/airwrite_identity_eval/../raw_airwrite/M/airwrite_M_20260804_151957_492124_797c81.png,m,n,0.3853808045387268,"[{""label"": ""n"", ""probability"": 0.3853808045387268}, {""label"": ""r"", ""probability"": 0.316143661737442}, {""label"": ""m"", ""probability"": 0.07633381336927414}]",uppercase,custom_uppercase_sprint9
C:/Code/airwrite-vocab-assistant/data/airwrite_identity_eval/../raw_airwrite/M/airwrite_M_20260804_152032_516272_f94185.png,m,n,0.43744558095932007,"[{""label"": ""n"", ""probability"": 0.43744558095932007}, {""label"": ""r"", ""probability"": 0.40832430124282837}, {""label"": ""m"", ""probability"": 0.10484298318624496}]",uppercase,custom_uppercase_sprint9
C:/Code/airwrite-vocab-assistant/data/airwrite_identity_eval/../raw_airwrite/M/airwrite_M_20260804_152055_442211_6b197d.png,m,n,0.22438187897205353,"[{""label"": ""n"", ""probability"": 0.22438187897205353}, {""label"": ""r"", ""probability"": 0.2198563665151596}, {""label"": ""m"", ""probability"": 0.19481657445430756}]",uppercase,custom_uppercase_sprint9
C:/Code/airwrite-vocab-assistant/data/airwrite_identity_eval/../raw_airwrite/M/airwrite_M_20260804_152107_328821_6d2c45.png,m,i,0.8121621608734131,"[{""label"": ""i"", ""probability"": 0.8121621608734131}, {""label"": ""l"", ""probability"": 0.17224788665771484}, {""label"": ""j"", ""probability"": 0.007565653417259455}]",uppercase,custom_uppercase_sprint9
C:/Code/airwrite-vocab-assistant/data/airwrite_identity_eval/../raw_airwrite/N/airwrite_N_20260804_152952_731973_c07ba0.png,n,y,0.28468766808509827,"[{""label"": ""y"", ""probability"": 0.28468766808509827}, {""label"": ""j"", ""probability"": 0.2293403446674347}, {""label"": ""i"", ""probability"": 0.12237358093261719}]",uppercase,custom_uppercase_sprint9
C:/Code/airwrite-vocab-assistant/data/airwrite_identity_eval/../raw_airwrite/N/airwrite_N_20260804_152955_446829_b0f056.png,n,t,0.2872505486011505,"[{""label"": ""t"", ""probability"": 0.2872505486011505}, {""label"": ""r"", ""probability"": 0.17372338473796844}, {""label"": ""f"", ""probability"": 0.16891057789325714}]",uppercase,custom_uppercase_sprint9
C:/Code/airwrite-vocab-assistant/data/airwrite_identity_eval/../raw_airwrite/N/airwrite_N_20260804_153226_790758_662deb.png,n,v,0.1693374216556549,"[{""label"": ""v"", ""probability"": 0.1693374216556549}, {""label"": ""y"", ""probability"": 0.15513819456100464}, {""label"": ""j"", ""probability"": 0.13055387139320374}]",uppercase,custom_uppercase_sprint9
C:/Code/airwrite-vocab-assistant/data/airwrite_identity_eval/../raw_airwrite/N/airwrite_N_20260804_153229_441693_5edb1d.png,n,y,0.3818265497684479,"[{""label"": ""y"", ""probability"": 0.3818265497684479}, {""label"": ""j"", ""probability"": 0.12051324546337128}, {""label"": ""v"", ""probability"": 0.07128234952688217}]",uppercase,custom_uppercase_sprint9
C:/Code/airwrite-vocab-assistant/data/airwrite_identity_eval/../raw_airwrite/N/airwrite_N_20260804_153242_954484_e4a942.png,n,i,0.20264653861522675,"[{""label"": ""i"", ""probability"": 0.20264653861522675}, {""label"": ""j"", ""probability"": 0.11600740998983383}, {""label"": ""h"", ""probability"": 0.11005894094705582}]",uppercase,custom_uppercase_sprint9
C:/Code/airwrite-vocab-assistant/data/airwrite_identity_eval/../raw_airwrite/N/airwrite_N_20260804_153246_228706_a3f2e8.png,n,k,0.22381116449832916,"[{""label"": ""k"", ""probability"": 0.22381116449832916}, {""label"": ""n"", ""probability"": 0.21627995371818542}, {""label"": ""h"", ""probability"": 0.11673730611801147}]",uppercase,custom_uppercase_sprint9
C:/Code/airwrite-vocab-assistant/data/airwrite_identity_eval/../raw_airwrite/N/airwrite_N_20260804_153311_671707_168f93.png,n,j,0.4201434254646301,"[{""label"": ""j"", ""probability"": 0.4201434254646301}, {""label"": ""f"", ""probability"": 0.19940753281116486}, {""label"": ""t"", ""probability"": 0.06137704476714134}]",uppercase,custom_uppercase_sprint9
C:/Code/airwrite-vocab-assistant/data/airwrite_identity_eval/../raw_airwrite/N/airwrite_N_20260804_153314_012312_e6a5a9.png,n,j,0.47871214151382446,"[{""label"": ""j"", ""probability"": 0.47871214151382446}, {""label"": ""f"", ""probability"": 0.20436805486679077}, {""label"": ""s"", ""probability"": 0.06765579432249069}]",uppercase,custom_uppercase_sprint9
C:/Code/airwrite-vocab-assistant/data/airwrite_identity_eval/../raw_airwrite/N/airwrite_N_20260804_153316_692671_010b53.png,n,r,0.19244906306266785,"[{""label"": ""r"", ""probability"": 0.19244906306266785}, {""label"": ""c"", ""probability"": 0.154178649187088}, {""label"": ""v"", ""probability"": 0.12042708694934845}]",uppercase,custom_uppercase_sprint9
C:/Code/airwrite-vocab-assistant/data/airwrite_identity_eval/../raw_airwrite/N/airwrite_N_20260804_153327_129551_010777.png,n,j,0.24171176552772522,"[{""label"": ""j"", ""probability"": 0.24171176552772522}, {""label"": ""t"", ""probability"": 0.2221864014863968}, {""label"": ""f"", ""probability"": 0.17380362749099731}]",uppercase,custom_uppercase_sprint9
C:/Code/airwrite-vocab-assistant/data/airwrite_identity_eval/../raw_airwrite/N/airwrite_N_20260804_153334_526466_91d780.png,n,j,0.5276234745979309,"[{""label"": ""j"", ""probability"": 0.5276234745979309}, {""label"": ""i"", ""probability"": 0.11097293347120285}, {""label"": ""y"", ""probability"": 0.08303708583116531}]",uppercase,custom_uppercase_sprint9
C:/Code/airwrite-vocab-assistant/data/airwrite_identity_eval/../raw_airwrite/N/airwrite_N_20260804_153337_115329_099ab6.png,n,j,0.41030988097190857,"[{""label"": ""j"", ""probability"": 0.41030988097190857}, {""label"": ""n"", ""probability"": 0.19460920989513397}, {""label"": ""w"", ""probability"": 0.16420741379261017}]",uppercase,custom_uppercase_sprint9
C:/Code/airwrite-vocab-assistant/data/airwrite_identity_eval/../raw_airwrite/N/airwrite_N_20260804_153339_379352_e24a5e.png,n,j,0.9088846445083618,"[{""label"": ""j"", ""probability"": 0.9088846445083618}, {""label"": ""v"", ""probability"": 0.040060143917798996}, {""label"": ""y"", ""probability"": 0.013249401934444904}]",uppercase,custom_uppercase_sprint9
C:/Code/airwrite-vocab-assistant/data/airwrite_identity_eval/../raw_airwrite/N/airwrite_N_20260804_153341_563619_59f3bd.png,n,j,0.8898851871490479,"[{""label"": ""j"", ""probability"": 0.8898851871490479}, {""label"": ""i"", ""probability"": 0.04527183249592781}, {""label"": ""y"", ""probability"": 0.035788387060165405}]",uppercase,custom_uppercase_sprint9
C:/Code/airwrite-vocab-assistant/data/airwrite_identity_eval/../raw_airwrite/N/airwrite_N_20260804_153351_181249_9fe63c.png,n,v,0.523452639579773,"[{""label"": ""v"", ""probability"": 0.523452639579773}, {""label"": ""n"", ""probability"": 0.12917540967464447}, {""label"": ""w"", ""probability"": 0.11586876958608627}]",uppercase,custom_uppercase_sprint9
C:/Code/airwrite-vocab-assistant/data/airwrite_identity_eval/../raw_airwrite/N/airwrite_N_20260804_153356_457563_816934.png,n,s,0.455733984708786,"[{""label"": ""s"", ""probability"": 0.455733984708786}, {""label"": ""j"", ""probability"": 0.30044278502464294}, {""label"": ""i"", ""probability"": 0.045855358242988586}]",uppercase,custom_uppercase_sprint9
C:/Code/airwrite-vocab-assistant/data/airwrite_identity_eval/../raw_airwrite/N/airwrite_N_20260804_153359_672885_0a05d8.png,n,w,0.7595468759536743,"[{""label"": ""w"", ""probability"": 0.7595468759536743}, {""label"": ""v"", ""probability"": 0.13085722923278809}, {""label"": ""u"", ""probability"": 0.04364371672272682}]",uppercase,custom_uppercase_sprint9
C:/Code/airwrite-vocab-assistant/data/airwrite_identity_eval/../raw_airwrite/N/airwrite_N_20260804_153413_712361_51a366.png,n,i,0.29489970207214355,"[{""label"": ""i"", ""probability"": 0.29489970207214355}, {""label"": ""j"", ""probability"": 0.2512457072734833}, {""label"": ""f"", ""probability"": 0.13118323683738708}]",uppercase,custom_uppercase_sprint9
C:/Code/airwrite-vocab-assistant/data/airwrite_identity_eval/../raw_airwrite/N/airwrite_N_20260804_153416_609080_cbd938.png,n,y,0.41586288809776306,"[{""label"": ""y"", ""probability"": 0.41586288809776306}, {""label"": ""j"", ""probability"": 0.17517393827438354}, {""label"": ""t"", ""probability"": 0.08081412315368652}]",uppercase,custom_uppercase_sprint9
C:/Code/airwrite-vocab-assistant/data/airwrite_identity_eval/../raw_airwrite/N/airwrite_N_20260804_153420_757323_bef572.png,n,j,0.8214676380157471,"[{""label"": ""j"", ""probability"": 0.8214676380157471}, {""label"": ""i"", ""probability"": 0.07674729824066162}, {""label"": ""y"", ""probability"": 0.03362076357007027}]",uppercase,custom_uppercase_sprint9
C:/Code/airwrite-vocab-assistant/data/airwrite_identity_eval/../raw_airwrite/N/airwrite_N_20260804_153423_471092_e8c20f.png,n,j,0.7038140892982483,"[{""label"": ""j"", ""probability"": 0.7038140892982483}, {""label"": ""f"", ""probability"": 0.08930654078722}, {""label"": ""i"", ""probability"": 0.05277155339717865}]",uppercase,custom_uppercase_sprint9
C:/Code/airwrite-vocab-assistant/data/airwrite_identity_eval/../raw_airwrite/N/airwrite_N_20260804_153438_465400_1f5484.png,n,j,0.5770881175994873,"[{""label"": ""j"", ""probability"": 0.5770881175994873}, {""label"": ""i"", ""probability"": 0.4047918915748596}, {""label"": ""s"", ""probability"": 0.0071115512400865555}]",uppercase,custom_uppercase_sprint9
C:/Code/airwrite-vocab-assistant/data/airwrite_identity_eval/../raw_airwrite/N/airwrite_N_20260804_153446_373918_206834.png,n,j,0.5789713263511658,"[{""label"": ""j"", ""probability"": 0.5789713263511658}, {""label"": ""y"", ""probability"": 0.10378715395927429}, {""label"": ""i"", ""probability"": 0.1020936518907547}]",uppercase,custom_uppercase_sprint9
C:/Code/airwrite-vocab-assistant/data/airwrite_identity_eval/../raw_airwrite/N/airwrite_N_20260804_153449_479374_4fadd7.png,n,j,0.6517550945281982,"[{""label"": ""j"", ""probability"": 0.6517550945281982}, {""label"": ""t"", ""probability"": 0.05546800047159195}, {""label"": ""y"", ""probability"": 0.05232200771570206}]",uppercase,custom_uppercase_sprint9
C:/Code/airwrite-vocab-assistant/data/airwrite_identity_eval/../raw_airwrite/N/airwrite_N_20260804_153519_598167_bd7c5c.png,n,j,0.6608919501304626,"[{""label"": ""j"", ""probability"": 0.6608919501304626}, {""label"": ""i"", ""probability"": 0.1892150491476059}, {""label"": ""f"", ""probability"": 0.04537484049797058}]",uppercase,custom_uppercase_sprint9
C:/Code/airwrite-vocab-assistant/data/airwrite_identity_eval/../raw_airwrite/N/airwrite_N_20260804_153522_645723_c12b19.png,n,f,0.4591006934642792,"[{""label"": ""f"", ""probability"": 0.4591006934642792}, {""label"": ""j"", ""probability"": 0.3524268865585327}, {""label"": ""s"", ""probability"": 0.0576927550137043}]",uppercase,custom_uppercase_sprint9
C:/Code/airwrite-vocab-assistant/data/airwrite_identity_eval/../raw_airwrite/N/airwrite_N_20260804_153531_536368_b37c43.png,n,j,0.5260201096534729,"[{""label"": ""j"", ""probability"": 0.5260201096534729}, {""label"": ""s"", ""probability"": 0.2796592116355896}, {""label"": ""i"", ""probability"": 0.09143393486738205}]",uppercase,custom_uppercase_sprint9
C:/Code/airwrite-vocab-assistant/data/airwrite_identity_eval/../raw_airwrite/N/airwrite_N_20260804_153533_929559_50a0af.png,n,j,0.838970959186554,"[{""label"": ""j"", ""probability"": 0.838970959186554}, {""label"": ""i"", ""probability"": 0.058067578822374344}, {""label"": ""s"", ""probability"": 0.05607646331191063}]",uppercase,custom_uppercase_sprint9
C:/Code/airwrite-vocab-assistant/data/airwrite_identity_eval/../raw_airwrite/N/airwrite_N_20260804_153536_837786_7449e8.png,n,f,0.594353437423706,"[{""label"": ""f"", ""probability"": 0.594353437423706}, {""label"": ""j"", ""probability"": 0.268068790435791}, {""label"": ""i"", ""probability"": 0.04791756719350815}]",uppercase,custom_uppercase_sprint9
C:/Code/airwrite-vocab-assistant/data/airwrite_identity_eval/../raw_airwrite/N/airwrite_N_20260804_153541_405422_0edcb9.png,n,j,0.6804406642913818,"[{""label"": ""j"", ""probability"": 0.6804406642913818}, {""label"": ""i"", ""probability"": 0.17560002207756042}, {""label"": ""y"", ""probability"": 0.04754110425710678}]",uppercase,custom_uppercase_sprint9
C:/Code/airwrite-vocab-assistant/data/airwrite_identity_eval/../raw_airwrite/N/airwrite_N_20260804_153544_179427_f1fbd9.png,n,j,0.4146254360675812,"[{""label"": ""j"", ""probability"": 0.4146254360675812}, {""label"": ""f"", ""probability"": 0.27754703164100647}, {""label"": ""s"", ""probability"": 0.13397429883480072}]",uppercase,custom_uppercase_sprint9
C:/Code/airwrite-vocab-assistant/data/airwrite_identity_eval/../raw_airwrite/N/airwrite_N_20260804_153549_691520_a2761f.png,n,j,0.5387321710586548,"[{""label"": ""j"", ""probability"": 0.5387321710586548}, {""label"": ""p"", ""probability"": 0.09142685681581497}, {""label"": ""f"", ""probability"": 0.08411364257335663}]",uppercase,custom_uppercase_sprint9
C:/Code/airwrite-vocab-assistant/data/airwrite_identity_eval/../raw_airwrite/N/airwrite_N_20260804_153553_067461_242a57.png,n,j,0.7840928435325623,"[{""label"": ""j"", ""probability"": 0.7840928435325623}, {""label"": ""i"", ""probability"": 0.1306380331516266}, {""label"": ""d"", ""probability"": 0.01922151818871498}]",uppercase,custom_uppercase_sprint9
C:/Code/airwrite-vocab-assistant/data/airwrite_identity_eval/../raw_airwrite/N/airwrite_N_20260804_153555_512524_4de8c7.png,n,j,0.865505039691925,"[{""label"": ""j"", ""probability"": 0.865505039691925}, {""label"": ""i"", ""probability"": 0.07516705989837646}, {""label"": ""y"", ""probability"": 0.02242094650864601}]",uppercase,custom_uppercase_sprint9
C:/Code/airwrite-vocab-assistant/data/airwrite_identity_eval/../raw_airwrite/N/airwrite_N_20260804_153558_127721_e5ca8a.png,n,f,0.48390069603919983,"[{""label"": ""f"", ""probability"": 0.48390069603919983}, {""label"": ""s"", ""probability"": 0.20749233663082123}, {""label"": ""j"", ""probability"": 0.13861605525016785}]",uppercase,custom_uppercase_sprint9
C:/Code/airwrite-vocab-assistant/data/airwrite_identity_eval/../raw_airwrite/N/airwrite_N_20260804_153601_195812_a26a26.png,n,f,0.426392525434494,"[{""label"": ""f"", ""probability"": 0.426392525434494}, {""label"": ""t"", ""probability"": 0.16344161331653595}, {""label"": ""j"", ""probability"": 0.16092611849308014}]",uppercase,custom_uppercase_sprint9
C:/Code/airwrite-vocab-assistant/data/airwrite_identity_eval/../raw_airwrite/N/airwrite_N_20260804_153608_799701_2b3ecd.png,n,j,0.789109468460083,"[{""label"": ""j"", ""probability"": 0.789109468460083}, {""label"": ""f"", ""probability"": 0.0722140371799469}, {""label"": ""i"", ""probability"": 0.04531911760568619}]",uppercase,custom_uppercase_sprint9
C:/Code/airwrite-vocab-assistant/data/airwrite_identity_eval/../raw_airwrite/N/airwrite_N_20260804_153611_869199_ee9e41.png,n,f,0.344916969537735,"[{""label"": ""f"", ""probability"": 0.344916969537735}, {""label"": ""r"", ""probability"": 0.13891060650348663}, {""label"": ""y"", ""probability"": 0.13158677518367767}]",uppercase,custom_uppercase_sprint9
C:/Code/airwrite-vocab-assistant/data/airwrite_identity_eval/../raw_airwrite/N/airwrite_N_20260804_153618_211664_135995.png,n,j,0.7459197044372559,"[{""label"": ""j"", ""probability"": 0.7459197044372559}, {""label"": ""i"", ""probability"": 0.14610593020915985}, {""label"": ""s"", ""probability"": 0.0305277481675148}]",uppercase,custom_uppercase_sprint9
C:/Code/airwrite-vocab-assistant/data/airwrite_identity_eval/../raw_airwrite/N/airwrite_N_20260804_153621_373224_be0517.png,n,j,0.3561572730541229,"[{""label"": ""j"", ""probability"": 0.3561572730541229}, {""label"": ""f"", ""probability"": 0.23296496272087097}, {""label"": ""t"", ""probability"": 0.17547327280044556}]",uppercase,custom_uppercase_sprint9
C:/Code/airwrite-vocab-assistant/data/airwrite_identity_eval/../raw_airwrite/N/airwrite_N_20260804_153627_828648_960912.png,n,j,0.484499454498291,"[{""label"": ""j"", ""probability"": 0.484499454498291}, {""label"": ""v"", ""probability"": 0.12653744220733643}, {""label"": ""y"", ""probability"": 0.1040000393986702}]",uppercase,custom_uppercase_sprint9
C:/Code/airwrite-vocab-assistant/data/airwrite_identity_eval/../raw_airwrite/N/airwrite_N_20260804_153639_652603_48794a.png,n,j,0.6472816467285156,"[{""label"": ""j"", ""probability"": 0.6472816467285156}, {""label"": ""s"", ""probability"": 0.19022530317306519}, {""label"": ""i"", ""probability"": 0.055347051471471786}]",uppercase,custom_uppercase_sprint9
C:/Code/airwrite-vocab-assistant/data/airwrite_identity_eval/../raw_airwrite/O/airwrite_O_20260804_153657_484471_ceecb4.png,o,d,0.49044331908226013,"[{""label"": ""d"", ""probability"": 0.49044331908226013}, {""label"": ""o"", ""probability"": 0.275774210691452}, {""label"": ""j"", ""probability"": 0.06668690592050552}]",uppercase,custom_uppercase_sprint9
C:/Code/airwrite-vocab-assistant/data/airwrite_identity_eval/../raw_airwrite/O/airwrite_O_20260804_153704_626195_3b22cc.png,o,d,0.7640262842178345,"[{""label"": ""d"", ""probability"": 0.7640262842178345}, {""label"": ""o"", ""probability"": 0.11365197598934174}, {""label"": ""j"", ""probability"": 0.04452097415924072}]",uppercase,custom_uppercase_sprint9
C:/Code/airwrite-vocab-assistant/data/airwrite_identity_eval/../raw_airwrite/O/airwrite_O_20260804_153714_549740_e9e5c7.png,o,d,0.6932365298271179,"[{""label"": ""d"", ""probability"": 0.6932365298271179}, {""label"": ""o"", ""probability"": 0.2760598659515381}, {""label"": ""b"", ""probability"": 0.00852048397064209}]",uppercase,custom_uppercase_sprint9
C:/Code/airwrite-vocab-assistant/data/airwrite_identity_eval/../raw_airwrite/O/airwrite_O_20260804_153717_103780_b5e63c.png,o,d,0.5438534617424011,"[{""label"": ""d"", ""probability"": 0.5438534617424011}, {""label"": ""o"", ""probability"": 0.11269651353359222}, {""label"": ""j"", ""probability"": 0.07144923508167267}]",uppercase,custom_uppercase_sprint9
C:/Code/airwrite-vocab-assistant/data/airwrite_identity_eval/../raw_airwrite/O/airwrite_O_20260804_153722_197128_f80d89.png,o,g,0.2853311002254486,"[{""label"": ""g"", ""probability"": 0.2853311002254486}, {""label"": ""o"", ""probability"": 0.23862473666667938}, {""label"": ""j"", ""probability"": 0.14996665716171265}]",uppercase,custom_uppercase_sprint9
C:/Code/airwrite-vocab-assistant/data/airwrite_identity_eval/../raw_airwrite/O/airwrite_O_20260804_153727_295386_344c73.png,o,d,0.5640579462051392,"[{""label"": ""d"", ""probability"": 0.5640579462051392}, {""label"": ""j"", ""probability"": 0.2058054357767105}, {""label"": ""o"", ""probability"": 0.1572604924440384}]",uppercase,custom_uppercase_sprint9
C:/Code/airwrite-vocab-assistant/data/airwrite_identity_eval/../raw_airwrite/O/airwrite_O_20260804_153727_572982_6df35c.png,o,d,0.5646161437034607,"[{""label"": ""d"", ""probability"": 0.5646161437034607}, {""label"": ""j"", ""probability"": 0.2079927623271942}, {""label"": ""o"", ""probability"": 0.15472133457660675}]",uppercase,custom_uppercase_sprint9
C:/Code/airwrite-vocab-assistant/data/airwrite_identity_eval/../raw_airwrite/O/airwrite_O_20260804_153727_900484_64a6d2.png,o,d,0.5650023221969604,"[{""label"": ""d"", ""probability"": 0.5650023221969604}, {""label"": ""j"", ""probability"": 0.21450188755989075}, {""label"": ""o"", ""probability"": 0.14840292930603027}]",uppercase,custom_uppercase_sprint9
C:/Code/airwrite-vocab-assistant/data/airwrite_identity_eval/../raw_airwrite/O/airwrite_O_20260804_153728_067051_6c3005.png,o,d,0.564468502998352,"[{""label"": ""d"", ""probability"": 0.564468502998352}, {""label"": ""j"", ""probability"": 0.2227664440870285}, {""label"": ""o"", ""probability"": 0.14132387936115265}]",uppercase,custom_uppercase_sprint9
C:/Code/airwrite-vocab-assistant/data/airwrite_identity_eval/../raw_airwrite/O/airwrite_O_20260804_153728_231622_001ae1.png,o,d,0.5633859634399414,"[{""label"": ""d"", ""probability"": 0.5633859634399414}, {""label"": ""j"", ""probability"": 0.2336670309305191}, {""label"": ""o"", ""probability"": 0.13400818407535553}]",uppercase,custom_uppercase_sprint9
C:/Code/airwrite-vocab-assistant/data/airwrite_identity_eval/../raw_airwrite/O/airwrite_O_20260804_153744_078541_a4a9eb.png,o,d,0.8530929684638977,"[{""label"": ""d"", ""probability"": 0.8530929684638977}, {""label"": ""o"", ""probability"": 0.11503996700048447}, {""label"": ""j"", ""probability"": 0.012353446334600449}]",uppercase,custom_uppercase_sprint9
C:/Code/airwrite-vocab-assistant/data/airwrite_identity_eval/../raw_airwrite/O/airwrite_O_20260804_153755_272193_22f181.png,o,a,0.502031147480011,"[{""label"": ""a"", ""probability"": 0.502031147480011}, {""label"": ""o"", ""probability"": 0.22571463882923126}, {""label"": ""c"", ""probability"": 0.09762638807296753}]",uppercase,custom_uppercase_sprint9
C:/Code/airwrite-vocab-assistant/data/airwrite_identity_eval/../raw_airwrite/O/airwrite_O_20260804_153811_350963_a752d6.png,o,d,0.6229798197746277,"[{""label"": ""d"", ""probability"": 0.6229798197746277}, {""label"": ""o"", ""probability"": 0.1792357861995697}, {""label"": ""g"", ""probability"": 0.09502578526735306}]",uppercase,custom_uppercase_sprint9
C:/Code/airwrite-vocab-assistant/data/airwrite_identity_eval/../raw_airwrite/O/airwrite_O_20260804_154002_889984_768293.png,o,d,0.7338155508041382,"[{""label"": ""d"", ""probability"": 0.7338155508041382}, {""label"": ""o"", ""probability"": 0.19918861985206604}, {""label"": ""q"", ""probability"": 0.02490156516432762}]",uppercase,custom_uppercase_sprint9
C:/Code/airwrite-vocab-assistant/data/airwrite_identity_eval/../raw_airwrite/O/airwrite_O_20260804_154012_046725_6e340f.png,o,d,0.41717129945755005,"[{""label"": ""d"", ""probability"": 0.41717129945755005}, {""label"": ""o"", ""probability"": 0.21796727180480957}, {""label"": ""q"", ""probability"": 0.11256526410579681}]",uppercase,custom_uppercase_sprint9
C:/Code/airwrite-vocab-assistant/data/airwrite_identity_eval/../raw_airwrite/O/airwrite_O_20260804_154017_903988_3f8251.png,o,d,0.38600242137908936,"[{""label"": ""d"", ""probability"": 0.38600242137908936}, {""label"": ""o"", ""probability"": 0.29153329133987427}, {""label"": ""j"", ""probability"": 0.11937552690505981}]",uppercase,custom_uppercase_sprint9
C:/Code/airwrite-vocab-assistant/data/airwrite_identity_eval/../raw_airwrite/O/airwrite_O_20260804_154135_707773_558574.png,o,d,0.4922626316547394,"[{""label"": ""d"", ""probability"": 0.4922626316547394}, {""label"": ""o"", ""probability"": 0.42776113748550415}, {""label"": ""p"", ""probability"": 0.01536465622484684}]",uppercase,custom_uppercase_sprint9
C:/Code/airwrite-vocab-assistant/data/airwrite_identity_eval/../raw_airwrite/P/airwrite_P_20260804_154516_226978_93903e.png,p,f,0.6232576370239258,"[{""label"": ""f"", ""probability"": 0.6232576370239258}, {""label"": ""p"", ""probability"": 0.10647482424974442}, {""label"": ""i"", ""probability"": 0.05913488566875458}]",uppercase,custom_uppercase_sprint9
C:/Code/airwrite-vocab-assistant/data/airwrite_identity_eval/../raw_airwrite/P/airwrite_P_20260804_154519_364611_642eaf.png,p,q,0.4202430546283722,"[{""label"": ""q"", ""probability"": 0.4202430546283722}, {""label"": ""p"", ""probability"": 0.3182249665260315}, {""label"": ""f"", ""probability"": 0.15292803943157196}]",uppercase,custom_uppercase_sprint9
C:/Code/airwrite-vocab-assistant/data/airwrite_identity_eval/../raw_airwrite/P/airwrite_P_20260804_154531_401076_d43f71.png,p,f,0.717495322227478,"[{""label"": ""f"", ""probability"": 0.717495322227478}, {""label"": ""p"", ""probability"": 0.1801755279302597}, {""label"": ""t"", ""probability"": 0.05533120036125183}]",uppercase,custom_uppercase_sprint9
C:/Code/airwrite-vocab-assistant/data/airwrite_identity_eval/../raw_airwrite/P/airwrite_P_20260804_154534_663130_973dc9.png,p,f,0.356026291847229,"[{""label"": ""f"", ""probability"": 0.356026291847229}, {""label"": ""i"", ""probability"": 0.2161417007446289}, {""label"": ""t"", ""probability"": 0.17793554067611694}]",uppercase,custom_uppercase_sprint9
C:/Code/airwrite-vocab-assistant/data/airwrite_identity_eval/../raw_airwrite/P/airwrite_P_20260804_154653_169246_fe561f.png,p,f,0.4638262689113617,"[{""label"": ""f"", ""probability"": 0.4638262689113617}, {""label"": ""p"", ""probability"": 0.30078110098838806}, {""label"": ""t"", ""probability"": 0.12877468764781952}]",uppercase,custom_uppercase_sprint9
C:/Code/airwrite-vocab-assistant/data/airwrite_identity_eval/../raw_airwrite/P/airwrite_P_20260804_154659_830774_0e1682.png,p,f,0.4684866666793823,"[{""label"": ""f"", ""probability"": 0.4684866666793823}, {""label"": ""p"", ""probability"": 0.41476401686668396}, {""label"": ""t"", ""probability"": 0.031564343720674515}]",uppercase,custom_uppercase_sprint9
C:/Code/airwrite-vocab-assistant/data/airwrite_identity_eval/../raw_airwrite/P/airwrite_P_20260804_154854_559363_01de70.png,p,f,0.5699375867843628,"[{""label"": ""f"", ""probability"": 0.5699375867843628}, {""label"": ""p"", ""probability"": 0.2877448499202728}, {""label"": ""z"", ""probability"": 0.0352025106549263}]",uppercase,custom_uppercase_sprint9
C:/Code/airwrite-vocab-assistant/data/airwrite_identity_eval/../raw_airwrite/P/airwrite_P_20260804_155018_702783_4aee8c.png,p,f,0.6507700085639954,"[{""label"": ""f"", ""probability"": 0.6507700085639954}, {""label"": ""p"", ""probability"": 0.3350268304347992}, {""label"": ""r"", ""probability"": 0.006054347846657038}]",uppercase,custom_uppercase_sprint9
C:/Code/airwrite-vocab-assistant/data/airwrite_identity_eval/../raw_airwrite/P/airwrite_P_20260804_155237_773303_da804f.png,p,f,0.596952497959137,"[{""label"": ""f"", ""probability"": 0.596952497959137}, {""label"": ""p"", ""probability"": 0.24150286614894867}, {""label"": ""i"", ""probability"": 0.03039233572781086}]",uppercase,custom_uppercase_sprint9
C:/Code/airwrite-vocab-assistant/data/airwrite_identity_eval/../raw_airwrite/Q/airwrite_Q_20260804_155359_281483_7e1e8b.png,q,g,0.2930396795272827,"[{""label"": ""g"", ""probability"": 0.2930396795272827}, {""label"": ""a"", ""probability"": 0.17792928218841553}, {""label"": ""o"", ""probability"": 0.1471741944551468}]",uppercase,custom_uppercase_sprint9
C:/Code/airwrite-vocab-assistant/data/airwrite_identity_eval/../raw_airwrite/Q/airwrite_Q_20260804_155528_236504_f26641.png,q,c,0.3164818286895752,"[{""label"": ""c"", ""probability"": 0.3164818286895752}, {""label"": ""a"", ""probability"": 0.2843869924545288}, {""label"": ""o"", ""probability"": 0.1191193088889122}]",uppercase,custom_uppercase_sprint9
C:/Code/airwrite-vocab-assistant/data/airwrite_identity_eval/../raw_airwrite/Q/airwrite_Q_20260804_155536_979831_6c34b6.png,q,a,0.2330731302499771,"[{""label"": ""a"", ""probability"": 0.2330731302499771}, {""label"": ""g"", ""probability"": 0.22353270649909973}, {""label"": ""o"", ""probability"": 0.07341451942920685}]",uppercase,custom_uppercase_sprint9
C:/Code/airwrite-vocab-assistant/data/airwrite_identity_eval/../raw_airwrite/Q/airwrite_Q_20260804_155615_938410_f7a128.png,q,c,0.6972902417182922,"[{""label"": ""c"", ""probability"": 0.6972902417182922}, {""label"": ""a"", ""probability"": 0.18742117285728455}, {""label"": ""g"", ""probability"": 0.045365624129772186}]",uppercase,custom_uppercase_sprint9
C:/Code/airwrite-vocab-assistant/data/airwrite_identity_eval/../raw_airwrite/Q/airwrite_Q_20260804_155628_531093_b8e599.png,q,a,0.5557339787483215,"[{""label"": ""a"", ""probability"": 0.5557339787483215}, {""label"": ""g"", ""probability"": 0.1788468062877655}, {""label"": ""q"", ""probability"": 0.08027738332748413}]",uppercase,custom_uppercase_sprint9
C:/Code/airwrite-vocab-assistant/data/airwrite_identity_eval/../raw_airwrite/Q/airwrite_Q_20260804_155643_471426_8290f4.png,q,a,0.6428044438362122,"[{""label"": ""a"", ""probability"": 0.6428044438362122}, {""label"": ""q"", ""probability"": 0.19806700944900513}, {""label"": ""g"", ""probability"": 0.08553216606378555}]",uppercase,custom_uppercase_sprint9
C:/Code/airwrite-vocab-assistant/data/airwrite_identity_eval/../raw_airwrite/Q/airwrite_Q_20260804_155742_512734_6c889e.png,q,a,0.26751720905303955,"[{""label"": ""a"", ""probability"": 0.26751720905303955}, {""label"": ""o"", ""probability"": 0.22945979237556458}, {""label"": ""q"", ""probability"": 0.21617066860198975}]",uppercase,custom_uppercase_sprint9
C:/Code/airwrite-vocab-assistant/data/airwrite_identity_eval/../raw_airwrite/Q/airwrite_Q_20260804_155748_107244_2124b0.png,q,a,0.863422155380249,"[{""label"": ""a"", ""probability"": 0.863422155380249}, {""label"": ""g"", ""probability"": 0.05967893451452255}, {""label"": ""q"", ""probability"": 0.04844488576054573}]",uppercase,custom_uppercase_sprint9
C:/Code/airwrite-vocab-assistant/data/airwrite_identity_eval/../raw_airwrite/Q/airwrite_Q_20260804_155751_076171_e737f9.png,q,a,0.6829072833061218,"[{""label"": ""a"", ""probability"": 0.6829072833061218}, {""label"": ""q"", ""probability"": 0.24795153737068176}, {""label"": ""g"", ""probability"": 0.0570957288146019}]",uppercase,custom_uppercase_sprint9
C:/Code/airwrite-vocab-assistant/data/airwrite_identity_eval/../raw_airwrite/Q/airwrite_Q_20260804_155755_474255_ef9a6d.png,q,a,0.43813642859458923,"[{""label"": ""a"", ""probability"": 0.43813642859458923}, {""label"": ""q"", ""probability"": 0.24923616647720337}, {""label"": ""g"", ""probability"": 0.16301515698432922}]",uppercase,custom_uppercase_sprint9
C:/Code/airwrite-vocab-assistant/data/airwrite_identity_eval/../raw_airwrite/Q/airwrite_Q_20260804_155803_834916_fd37b7.png,q,t,0.13220474123954773,"[{""label"": ""t"", ""probability"": 0.13220474123954773}, {""label"": ""q"", ""probability"": 0.10827060043811798}, {""label"": ""g"", ""probability"": 0.10010207444429398}]",uppercase,custom_uppercase_sprint9
C:/Code/airwrite-vocab-assistant/data/airwrite_identity_eval/../raw_airwrite/Q/airwrite_Q_20260804_155834_765438_642834.png,q,a,0.5258201360702515,"[{""label"": ""a"", ""probability"": 0.5258201360702515}, {""label"": ""q"", ""probability"": 0.2934717833995819}, {""label"": ""g"", ""probability"": 0.05247563496232033}]",uppercase,custom_uppercase_sprint9
C:/Code/airwrite-vocab-assistant/data/airwrite_identity_eval/../raw_airwrite/Q/airwrite_Q_20260804_155854_132821_58665e.png,q,a,0.3807311952114105,"[{""label"": ""a"", ""probability"": 0.3807311952114105}, {""label"": ""o"", ""probability"": 0.192353755235672}, {""label"": ""d"", ""probability"": 0.09227835386991501}]",uppercase,custom_uppercase_sprint9
C:/Code/airwrite-vocab-assistant/data/airwrite_identity_eval/../raw_airwrite/Q/airwrite_Q_20260804_155948_464491_380221.png,q,i,0.840326726436615,"[{""label"": ""i"", ""probability"": 0.840326726436615}, {""label"": ""l"", ""probability"": 0.10082925111055374}, {""label"": ""j"", ""probability"": 0.045578207820653915}]",uppercase,custom_uppercase_sprint9
C:/Code/airwrite-vocab-assistant/data/airwrite_identity_eval/../raw_airwrite/Q/airwrite_Q_20260804_160025_233364_d3b394.png,q,a,0.570497989654541,"[{""label"": ""a"", ""probability"": 0.570497989654541}, {""label"": ""q"", ""probability"": 0.19584231078624725}, {""label"": ""o"", ""probability"": 0.06414011120796204}]",uppercase,custom_uppercase_sprint9
C:/Code/airwrite-vocab-assistant/data/airwrite_identity_eval/../raw_airwrite/Q/airwrite_Q_20260804_160040_424185_5feddf.png,q,z,0.17390626668930054,"[{""label"": ""z"", ""probability"": 0.17390626668930054}, {""label"": ""e"", ""probability"": 0.11980666220188141}, {""label"": ""q"", ""probability"": 0.11290352046489716}]",uppercase,custom_uppercase_sprint9
C:/Code/airwrite-vocab-assistant/data/airwrite_identity_eval/../raw_airwrite/Q/airwrite_Q_20260804_160055_130882_95273a.png,q,a,0.27545347809791565,"[{""label"": ""a"", ""probability"": 0.27545347809791565}, {""label"": ""g"", ""probability"": 0.1439632922410965}, {""label"": ""q"", ""probability"": 0.13114145398139954}]",uppercase,custom_uppercase_sprint9
C:/Code/airwrite-vocab-assistant/data/airwrite_identity_eval/../raw_airwrite/Q/airwrite_Q_20260804_160100_635443_b62ae8.png,q,f,0.3917370140552521,"[{""label"": ""f"", ""probability"": 0.3917370140552521}, {""label"": ""q"", ""probability"": 0.18852345645427704}, {""label"": ""g"", ""probability"": 0.17141175270080566}]",uppercase,custom_uppercase_sprint9
C:/Code/airwrite-vocab-assistant/data/airwrite_identity_eval/../raw_airwrite/R/airwrite_R_20260804_160110_106506_fe7c63.png,r,f,0.6984506249427795,"[{""label"": ""f"", ""probability"": 0.6984506249427795}, {""label"": ""r"", ""probability"": 0.15636737644672394}, {""label"": ""p"", ""probability"": 0.07494191825389862}]",uppercase,custom_uppercase_sprint9
C:/Code/airwrite-vocab-assistant/data/airwrite_identity_eval/../raw_airwrite/R/airwrite_R_20260804_160113_191252_8be047.png,r,f,0.6634113788604736,"[{""label"": ""f"", ""probability"": 0.6634113788604736}, {""label"": ""t"", ""probability"": 0.2772712707519531}, {""label"": ""a"", ""probability"": 0.013612700626254082}]",uppercase,custom_uppercase_sprint9
C:/Code/airwrite-vocab-assistant/data/airwrite_identity_eval/../raw_airwrite/R/airwrite_R_20260804_160115_983931_150ae8.png,r,z,0.46468159556388855,"[{""label"": ""z"", ""probability"": 0.46468159556388855}, {""label"": ""f"", ""probability"": 0.2005239725112915}, {""label"": ""b"", ""probability"": 0.06767432391643524}]",uppercase,custom_uppercase_sprint9
C:/Code/airwrite-vocab-assistant/data/airwrite_identity_eval/../raw_airwrite/R/airwrite_R_20260804_160118_688163_0f7b5d.png,r,f,0.7536093592643738,"[{""label"": ""f"", ""probability"": 0.7536093592643738}, {""label"": ""g"", ""probability"": 0.11374565213918686}, {""label"": ""e"", ""probability"": 0.06248855218291283}]",uppercase,custom_uppercase_sprint9
C:/Code/airwrite-vocab-assistant/data/airwrite_identity_eval/../raw_airwrite/R/airwrite_R_20260804_160121_478394_285212.png,r,f,0.9067707657814026,"[{""label"": ""f"", ""probability"": 0.9067707657814026}, {""label"": ""p"", ""probability"": 0.050837475806474686}, {""label"": ""r"", ""probability"": 0.020078513771295547}]",uppercase,custom_uppercase_sprint9
C:/Code/airwrite-vocab-assistant/data/airwrite_identity_eval/../raw_airwrite/R/airwrite_R_20260804_160129_224371_07a89c.png,r,f,0.7826036214828491,"[{""label"": ""f"", ""probability"": 0.7826036214828491}, {""label"": ""t"", ""probability"": 0.0864960327744484}, {""label"": ""z"", ""probability"": 0.035429712384939194}]",uppercase,custom_uppercase_sprint9
C:/Code/airwrite-vocab-assistant/data/airwrite_identity_eval/../raw_airwrite/R/airwrite_R_20260804_160132_311407_a6cbdc.png,r,f,0.30760154128074646,"[{""label"": ""f"", ""probability"": 0.30760154128074646}, {""label"": ""e"", ""probability"": 0.2841777503490448}, {""label"": ""r"", ""probability"": 0.2452525496482849}]",uppercase,custom_uppercase_sprint9
C:/Code/airwrite-vocab-assistant/data/airwrite_identity_eval/../raw_airwrite/R/airwrite_R_20260804_160135_419752_09fcc3.png,r,f,0.8105917572975159,"[{""label"": ""f"", ""probability"": 0.8105917572975159}, {""label"": ""e"", ""probability"": 0.04738451912999153}, {""label"": ""p"", ""probability"": 0.03139500319957733}]",uppercase,custom_uppercase_sprint9
C:/Code/airwrite-vocab-assistant/data/airwrite_identity_eval/../raw_airwrite/R/airwrite_R_20260804_160245_217720_be6fb5.png,r,k,0.3987952172756195,"[{""label"": ""k"", ""probability"": 0.3987952172756195}, {""label"": ""f"", ""probability"": 0.3398011326789856}, {""label"": ""r"", ""probability"": 0.07165967673063278}]",uppercase,custom_uppercase_sprint9
C:/Code/airwrite-vocab-assistant/data/airwrite_identity_eval/../raw_airwrite/R/airwrite_R_20260804_160248_015505_cee085.png,r,z,0.5086642503738403,"[{""label"": ""z"", ""probability"": 0.5086642503738403}, {""label"": ""k"", ""probability"": 0.19262705743312836}, {""label"": ""f"", ""probability"": 0.09435496479272842}]",uppercase,custom_uppercase_sprint9
C:/Code/airwrite-vocab-assistant/data/airwrite_identity_eval/../raw_airwrite/R/airwrite_R_20260804_160253_912189_b05cd8.png,r,f,0.6605268716812134,"[{""label"": ""f"", ""probability"": 0.6605268716812134}, {""label"": ""r"", ""probability"": 0.1462629735469818}, {""label"": ""p"", ""probability"": 0.11159101873636246}]",uppercase,custom_uppercase_sprint9
C:/Code/airwrite-vocab-assistant/data/airwrite_identity_eval/../raw_airwrite/R/airwrite_R_20260804_160257_316590_f41734.png,r,f,0.6340099573135376,"[{""label"": ""f"", ""probability"": 0.6340099573135376}, {""label"": ""r"", ""probability"": 0.12934483587741852}, {""label"": ""e"", ""probability"": 0.06835419684648514}]",uppercase,custom_uppercase_sprint9
C:/Code/airwrite-vocab-assistant/data/airwrite_identity_eval/../raw_airwrite/R/airwrite_R_20260804_160306_803082_a2c68a.png,r,f,0.8901574611663818,"[{""label"": ""f"", ""probability"": 0.8901574611663818}, {""label"": ""p"", ""probability"": 0.06565818935632706}, {""label"": ""r"", ""probability"": 0.021694911643862724}]",uppercase,custom_uppercase_sprint9
C:/Code/airwrite-vocab-assistant/data/airwrite_identity_eval/../raw_airwrite/R/airwrite_R_20260804_160310_126072_480e52.png,r,f,0.852557897567749,"[{""label"": ""f"", ""probability"": 0.852557897567749}, {""label"": ""p"", ""probability"": 0.09398527443408966}, {""label"": ""e"", ""probability"": 0.018775412812829018}]",uppercase,custom_uppercase_sprint9
C:/Code/airwrite-vocab-assistant/data/airwrite_identity_eval/../raw_airwrite/R/airwrite_R_20260804_160313_236349_198361.png,r,f,0.47904565930366516,"[{""label"": ""f"", ""probability"": 0.47904565930366516}, {""label"": ""z"", ""probability"": 0.2816418409347534}, {""label"": ""t"", ""probability"": 0.145316481590271}]",uppercase,custom_uppercase_sprint9
C:/Code/airwrite-vocab-assistant/data/airwrite_identity_eval/../raw_airwrite/R/airwrite_R_20260804_160320_416131_fb9c54.png,r,f,0.5502789616584778,"[{""label"": ""f"", ""probability"": 0.5502789616584778}, {""label"": ""r"", ""probability"": 0.3330521583557129}, {""label"": ""p"", ""probability"": 0.07570365816354752}]",uppercase,custom_uppercase_sprint9
C:/Code/airwrite-vocab-assistant/data/airwrite_identity_eval/../raw_airwrite/R/airwrite_R_20260804_160323_334167_202ae6.png,r,f,0.3625648319721222,"[{""label"": ""f"", ""probability"": 0.3625648319721222}, {""label"": ""z"", ""probability"": 0.22587808966636658}, {""label"": ""e"", ""probability"": 0.09753432124853134}]",uppercase,custom_uppercase_sprint9
C:/Code/airwrite-vocab-assistant/data/airwrite_identity_eval/../raw_airwrite/R/airwrite_R_20260804_160326_699425_cfd763.png,r,f,0.5458581447601318,"[{""label"": ""f"", ""probability"": 0.5458581447601318}, {""label"": ""r"", ""probability"": 0.22001855075359344}, {""label"": ""t"", ""probability"": 0.07117975503206253}]",uppercase,custom_uppercase_sprint9
C:/Code/airwrite-vocab-assistant/data/airwrite_identity_eval/../raw_airwrite/R/airwrite_R_20260804_160329_487061_bee0c3.png,r,f,0.46642792224884033,"[{""label"": ""f"", ""probability"": 0.46642792224884033}, {""label"": ""r"", ""probability"": 0.24169017374515533}, {""label"": ""p"", ""probability"": 0.19201737642288208}]",uppercase,custom_uppercase_sprint9
C:/Code/airwrite-vocab-assistant/data/airwrite_identity_eval/../raw_airwrite/R/airwrite_R_20260804_160334_634007_d3f8e2.png,r,p,0.5133761763572693,"[{""label"": ""p"", ""probability"": 0.5133761763572693}, {""label"": ""f"", ""probability"": 0.2784540057182312}, {""label"": ""r"", ""probability"": 0.16710694134235382}]",uppercase,custom_uppercase_sprint9
C:/Code/airwrite-vocab-assistant/data/airwrite_identity_eval/../raw_airwrite/R/airwrite_R_20260804_160337_853653_2132ed.png,r,f,0.32516947388648987,"[{""label"": ""f"", ""probability"": 0.32516947388648987}, {""label"": ""r"", ""probability"": 0.31356561183929443}, {""label"": ""p"", ""probability"": 0.2301325649023056}]",uppercase,custom_uppercase_sprint9
C:/Code/airwrite-vocab-assistant/data/airwrite_identity_eval/../raw_airwrite/R/airwrite_R_20260804_160340_967362_d16564.png,r,k,0.4442276358604431,"[{""label"": ""k"", ""probability"": 0.4442276358604431}, {""label"": ""b"", ""probability"": 0.18484783172607422}, {""label"": ""r"", ""probability"": 0.1294011026620865}]",uppercase,custom_uppercase_sprint9
C:/Code/airwrite-vocab-assistant/data/airwrite_identity_eval/../raw_airwrite/R/airwrite_R_20260804_160347_744424_5e44b6.png,r,f,0.5903473496437073,"[{""label"": ""f"", ""probability"": 0.5903473496437073}, {""label"": ""k"", ""probability"": 0.22742293775081635}, {""label"": ""e"", ""probability"": 0.04310160502791405}]",uppercase,custom_uppercase_sprint9
C:/Code/airwrite-vocab-assistant/data/airwrite_identity_eval/../raw_airwrite/R/airwrite_R_20260804_160355_072374_0331ad.png,r,f,0.5521449446678162,"[{""label"": ""f"", ""probability"": 0.5521449446678162}, {""label"": ""k"", ""probability"": 0.14958912134170532}, {""label"": ""t"", ""probability"": 0.07349508255720139}]",uppercase,custom_uppercase_sprint9
C:/Code/airwrite-vocab-assistant/data/airwrite_identity_eval/../raw_airwrite/R/airwrite_R_20260804_160357_878913_c78e8d.png,r,t,0.5679028630256653,"[{""label"": ""t"", ""probability"": 0.5679028630256653}, {""label"": ""f"", ""probability"": 0.30625542998313904}, {""label"": ""y"", ""probability"": 0.019249403849244118}]",uppercase,custom_uppercase_sprint9
C:/Code/airwrite-vocab-assistant/data/airwrite_identity_eval/../raw_airwrite/R/airwrite_R_20260804_160400_557037_054259.png,r,k,0.40861696004867554,"[{""label"": ""k"", ""probability"": 0.40861696004867554}, {""label"": ""f"", ""probability"": 0.19804054498672485}, {""label"": ""e"", ""probability"": 0.08792939782142639}]",uppercase,custom_uppercase_sprint9
C:/Code/airwrite-vocab-assistant/data/airwrite_identity_eval/../raw_airwrite/R/airwrite_R_20260804_160403_391285_7f0dad.png,r,f,0.8938140869140625,"[{""label"": ""f"", ""probability"": 0.8938140869140625}, {""label"": ""p"", ""probability"": 0.03344690799713135}, {""label"": ""e"", ""probability"": 0.02361489087343216}]",uppercase,custom_uppercase_sprint9
C:/Code/airwrite-vocab-assistant/data/airwrite_identity_eval/../raw_airwrite/R/airwrite_R_20260804_160410_691147_bbc21c.png,r,f,0.8318753838539124,"[{""label"": ""f"", ""probability"": 0.8318753838539124}, {""label"": ""p"", ""probability"": 0.0904192253947258}, {""label"": ""e"", ""probability"": 0.02376498095691204}]",uppercase,custom_uppercase_sprint9
C:/Code/airwrite-vocab-assistant/data/airwrite_identity_eval/../raw_airwrite/R/airwrite_R_20260804_160413_805072_fea9a4.png,r,f,0.998267412185669,"[{""label"": ""f"", ""probability"": 0.998267412185669}, {""label"": ""e"", ""probability"": 0.0007162884576246142}, {""label"": ""t"", ""probability"": 0.000701064825989306}]",uppercase,custom_uppercase_sprint9
C:/Code/airwrite-vocab-assistant/data/airwrite_identity_eval/../raw_airwrite/R/airwrite_R_20260804_160416_649181_961004.png,r,f,0.7374172806739807,"[{""label"": ""f"", ""probability"": 0.7374172806739807}, {""label"": ""r"", ""probability"": 0.1427771896123886}, {""label"": ""e"", ""probability"": 0.05301867425441742}]",uppercase,custom_uppercase_sprint9
C:/Code/airwrite-vocab-assistant/data/airwrite_identity_eval/../raw_airwrite/R/airwrite_R_20260804_160419_749299_c53fc6.png,r,p,0.3506912291049957,"[{""label"": ""p"", ""probability"": 0.3506912291049957}, {""label"": ""f"", ""probability"": 0.30712196230888367}, {""label"": ""r"", ""probability"": 0.1650405377149582}]",uppercase,custom_uppercase_sprint9
C:/Code/airwrite-vocab-assistant/data/airwrite_identity_eval/../raw_airwrite/R/airwrite_R_20260804_160427_829021_930e50.png,r,f,0.9384861588478088,"[{""label"": ""f"", ""probability"": 0.9384861588478088}, {""label"": ""r"", ""probability"": 0.023335721343755722}, {""label"": ""e"", ""probability"": 0.015666209161281586}]",uppercase,custom_uppercase_sprint9
C:/Code/airwrite-vocab-assistant/data/airwrite_identity_eval/../raw_airwrite/R/airwrite_R_20260804_160437_025711_80dc1e.png,r,f,0.5556032061576843,"[{""label"": ""f"", ""probability"": 0.5556032061576843}, {""label"": ""k"", ""probability"": 0.13466040790081024}, {""label"": ""z"", ""probability"": 0.0772329568862915}]",uppercase,custom_uppercase_sprint9
C:/Code/airwrite-vocab-assistant/data/airwrite_identity_eval/../raw_airwrite/R/airwrite_R_20260804_160445_084938_9d46e1.png,r,f,0.4482804834842682,"[{""label"": ""f"", ""probability"": 0.4482804834842682}, {""label"": ""r"", ""probability"": 0.146121546626091}, {""label"": ""e"", ""probability"": 0.14438578486442566}]",uppercase,custom_uppercase_sprint9
C:/Code/airwrite-vocab-assistant/data/airwrite_identity_eval/../raw_airwrite/R/airwrite_R_20260804_160448_099983_7841ff.png,r,f,0.6203272342681885,"[{""label"": ""f"", ""probability"": 0.6203272342681885}, {""label"": ""r"", ""probability"": 0.14427193999290466}, {""label"": ""e"", ""probability"": 0.13213956356048584}]",uppercase,custom_uppercase_sprint9
C:/Code/airwrite-vocab-assistant/data/airwrite_identity_eval/../raw_airwrite/R/airwrite_R_20260804_160458_477297_a2c2cf.png,r,f,0.8800129294395447,"[{""label"": ""f"", ""probability"": 0.8800129294395447}, {""label"": ""p"", ""probability"": 0.0512942411005497}, {""label"": ""r"", ""probability"": 0.030878659337759018}]",uppercase,custom_uppercase_sprint9
C:/Code/airwrite-vocab-assistant/data/airwrite_identity_eval/../raw_airwrite/R/airwrite_R_20260804_160501_490950_4798eb.png,r,k,0.5447808504104614,"[{""label"": ""k"", ""probability"": 0.5447808504104614}, {""label"": ""f"", ""probability"": 0.2217855006456375}, {""label"": ""t"", ""probability"": 0.09511411935091019}]",uppercase,custom_uppercase_sprint9
C:/Code/airwrite-vocab-assistant/data/airwrite_identity_eval/../raw_airwrite/R/airwrite_R_20260804_160506_177469_b55816.png,r,f,0.4490468204021454,"[{""label"": ""f"", ""probability"": 0.4490468204021454}, {""label"": ""i"", ""probability"": 0.2033216655254364}, {""label"": ""t"", ""probability"": 0.1019354909658432}]",uppercase,custom_uppercase_sprint9
C:/Code/airwrite-vocab-assistant/data/airwrite_identity_eval/../raw_airwrite/R/airwrite_R_20260804_160509_232703_ac6844.png,r,f,0.7325208783149719,"[{""label"": ""f"", ""probability"": 0.7325208783149719}, {""label"": ""t"", ""probability"": 0.05970318615436554}, {""label"": ""k"", ""probability"": 0.04979117959737778}]",uppercase,custom_uppercase_sprint9
C:/Code/airwrite-vocab-assistant/data/airwrite_identity_eval/../raw_airwrite/S/airwrite_S_20260804_160527_424263_8c8c00.png,s,p,0.7098677754402161,"[{""label"": ""p"", ""probability"": 0.7098677754402161}, {""label"": ""f"", ""probability"": 0.10405130684375763}, {""label"": ""t"", ""probability"": 0.06216850131750107}]",uppercase,custom_uppercase_sprint9
C:/Code/airwrite-vocab-assistant/data/airwrite_identity_eval/../raw_airwrite/S/airwrite_S_20260804_160528_943912_1b0d88.png,s,p,0.6123555898666382,"[{""label"": ""p"", ""probability"": 0.6123555898666382}, {""label"": ""i"", ""probability"": 0.10478821396827698}, {""label"": ""f"", ""probability"": 0.0929594486951828}]",uppercase,custom_uppercase_sprint9
C:/Code/airwrite-vocab-assistant/data/airwrite_identity_eval/../raw_airwrite/S/airwrite_S_20260804_160530_587876_2ef653.png,s,i,0.32563284039497375,"[{""label"": ""i"", ""probability"": 0.32563284039497375}, {""label"": ""t"", ""probability"": 0.21346500515937805}, {""label"": ""l"", ""probability"": 0.13396108150482178}]",uppercase,custom_uppercase_sprint9
C:/Code/airwrite-vocab-assistant/data/airwrite_identity_eval/../raw_airwrite/S/airwrite_S_20260804_160535_408024_a75705.png,s,p,0.37441855669021606,"[{""label"": ""p"", ""probability"": 0.37441855669021606}, {""label"": ""f"", ""probability"": 0.2657586932182312}, {""label"": ""s"", ""probability"": 0.11618810892105103}]",uppercase,custom_uppercase_sprint9
C:/Code/airwrite-vocab-assistant/data/airwrite_identity_eval/../raw_airwrite/S/airwrite_S_20260804_160555_422235_e0ffab.png,s,j,0.5500890016555786,"[{""label"": ""j"", ""probability"": 0.5500890016555786}, {""label"": ""s"", ""probability"": 0.29239654541015625}, {""label"": ""i"", ""probability"": 0.09895490854978561}]",uppercase,custom_uppercase_sprint9
C:/Code/airwrite-vocab-assistant/data/airwrite_identity_eval/../raw_airwrite/S/airwrite_S_20260804_160557_739987_faf48d.png,s,j,0.7721295952796936,"[{""label"": ""j"", ""probability"": 0.7721295952796936}, {""label"": ""s"", ""probability"": 0.11543376743793488}, {""label"": ""g"", ""probability"": 0.06994710117578506}]",uppercase,custom_uppercase_sprint9
C:/Code/airwrite-vocab-assistant/data/airwrite_identity_eval/../raw_airwrite/S/airwrite_S_20260804_160609_863138_e0260b.png,s,j,0.9024099707603455,"[{""label"": ""j"", ""probability"": 0.9024099707603455}, {""label"": ""s"", ""probability"": 0.05023221671581268}, {""label"": ""i"", ""probability"": 0.03768587484955788}]",uppercase,custom_uppercase_sprint9
C:/Code/airwrite-vocab-assistant/data/airwrite_identity_eval/../raw_airwrite/S/airwrite_S_20260804_160612_001914_332b03.png,s,j,0.7966429591178894,"[{""label"": ""j"", ""probability"": 0.7966429591178894}, {""label"": ""s"", ""probability"": 0.1411043405532837}, {""label"": ""g"", ""probability"": 0.02066914737224579}]",uppercase,custom_uppercase_sprint9
C:/Code/airwrite-vocab-assistant/data/airwrite_identity_eval/../raw_airwrite/S/airwrite_S_20260804_160627_291047_9d4c9a.png,s,j,0.970030665397644,"[{""label"": ""j"", ""probability"": 0.970030665397644}, {""label"": ""s"", ""probability"": 0.021379366517066956}, {""label"": ""i"", ""probability"": 0.006674766540527344}]",uppercase,custom_uppercase_sprint9
C:/Code/airwrite-vocab-assistant/data/airwrite_identity_eval/../raw_airwrite/S/airwrite_S_20260804_160628_923074_8ef93e.png,s,j,0.672810435295105,"[{""label"": ""j"", ""probability"": 0.672810435295105}, {""label"": ""s"", ""probability"": 0.2953496277332306}, {""label"": ""i"", ""probability"": 0.021443311125040054}]",uppercase,custom_uppercase_sprint9
C:/Code/airwrite-vocab-assistant/data/airwrite_identity_eval/../raw_airwrite/S/airwrite_S_20260804_160631_131922_45a98d.png,s,j,0.4776206910610199,"[{""label"": ""j"", ""probability"": 0.4776206910610199}, {""label"": ""i"", ""probability"": 0.25361335277557373}, {""label"": ""s"", ""probability"": 0.13458803296089172}]",uppercase,custom_uppercase_sprint9
C:/Code/airwrite-vocab-assistant/data/airwrite_identity_eval/../raw_airwrite/S/airwrite_S_20260804_160653_277704_068b7c.png,s,f,0.5451833009719849,"[{""label"": ""f"", ""probability"": 0.5451833009719849}, {""label"": ""s"", ""probability"": 0.3456157147884369}, {""label"": ""j"", ""probability"": 0.06704997271299362}]",uppercase,custom_uppercase_sprint9
C:/Code/airwrite-vocab-assistant/data/airwrite_identity_eval/../raw_airwrite/S/airwrite_S_20260804_160655_676756_887e67.png,s,f,0.5127561092376709,"[{""label"": ""f"", ""probability"": 0.5127561092376709}, {""label"": ""s"", ""probability"": 0.1751684993505478}, {""label"": ""j"", ""probability"": 0.10357685387134552}]",uppercase,custom_uppercase_sprint9
C:/Code/airwrite-vocab-assistant/data/airwrite_identity_eval/../raw_airwrite/S/airwrite_S_20260804_160705_436278_8ca11b.png,s,j,0.6022566556930542,"[{""label"": ""j"", ""probability"": 0.6022566556930542}, {""label"": ""s"", ""probability"": 0.26571419835090637}, {""label"": ""f"", ""probability"": 0.05701661482453346}]",uppercase,custom_uppercase_sprint9
C:/Code/airwrite-vocab-assistant/data/airwrite_identity_eval/../raw_airwrite/S/airwrite_S_20260804_160710_772123_857dff.png,s,f,0.5625342130661011,"[{""label"": ""f"", ""probability"": 0.5625342130661011}, {""label"": ""i"", ""probability"": 0.1290518194437027}, {""label"": ""j"", ""probability"": 0.12086429446935654}]",uppercase,custom_uppercase_sprint9
C:/Code/airwrite-vocab-assistant/data/airwrite_identity_eval/../raw_airwrite/S/airwrite_S_20260804_160725_460789_c6ea95.png,s,i,0.7651087641716003,"[{""label"": ""i"", ""probability"": 0.7651087641716003}, {""label"": ""l"", ""probability"": 0.09929927438497543}, {""label"": ""j"", ""probability"": 0.0898178219795227}]",uppercase,custom_uppercase_sprint9
C:/Code/airwrite-vocab-assistant/data/airwrite_identity_eval/../raw_airwrite/S/airwrite_S_20260804_160747_679107_ded6ff.png,s,j,0.34116384387016296,"[{""label"": ""j"", ""probability"": 0.34116384387016296}, {""label"": ""f"", ""probability"": 0.3060344457626343}, {""label"": ""s"", ""probability"": 0.1844196319580078}]",uppercase,custom_uppercase_sprint9
C:/Code/airwrite-vocab-assistant/data/airwrite_identity_eval/../raw_airwrite/T/airwrite_T_20260804_160921_487235_346d05.png,t,l,0.2448611557483673,"[{""label"": ""l"", ""probability"": 0.2448611557483673}, {""label"": ""h"", ""probability"": 0.22906558215618134}, {""label"": ""i"", ""probability"": 0.1456359326839447}]",uppercase,custom_uppercase_sprint9
C:/Code/airwrite-vocab-assistant/data/airwrite_identity_eval/../raw_airwrite/T/airwrite_T_20260804_160925_118883_cb2f0e.png,t,h,0.2687199115753174,"[{""label"": ""h"", ""probability"": 0.2687199115753174}, {""label"": ""i"", ""probability"": 0.1818036437034607}, {""label"": ""l"", ""probability"": 0.15219613909721375}]",uppercase,custom_uppercase_sprint9
C:/Code/airwrite-vocab-assistant/data/airwrite_identity_eval/../raw_airwrite/U/airwrite_U_20260804_161202_487827_8e8714.png,u,j,0.6501187682151794,"[{""label"": ""j"", ""probability"": 0.6501187682151794}, {""label"": ""i"", ""probability"": 0.15713033080101013}, {""label"": ""v"", ""probability"": 0.10560721904039383}]",uppercase,custom_uppercase_sprint9
C:/Code/airwrite-vocab-assistant/data/airwrite_identity_eval/../raw_airwrite/U/airwrite_U_20260804_161204_757804_81a38c.png,u,j,0.4505085051059723,"[{""label"": ""j"", ""probability"": 0.4505085051059723}, {""label"": ""y"", ""probability"": 0.31319427490234375}, {""label"": ""v"", ""probability"": 0.1378805935382843}]",uppercase,custom_uppercase_sprint9
C:/Code/airwrite-vocab-assistant/data/airwrite_identity_eval/../raw_airwrite/U/airwrite_U_20260804_161206_523166_41da9b.png,u,j,0.5420575737953186,"[{""label"": ""j"", ""probability"": 0.5420575737953186}, {""label"": ""v"", ""probability"": 0.16902394592761993}, {""label"": ""y"", ""probability"": 0.15432769060134888}]",uppercase,custom_uppercase_sprint9
C:/Code/airwrite-vocab-assistant/data/airwrite_identity_eval/../raw_airwrite/U/airwrite_U_20260804_161208_244064_3b5730.png,u,j,0.4452191889286041,"[{""label"": ""j"", ""probability"": 0.4452191889286041}, {""label"": ""u"", ""probability"": 0.3286113142967224}, {""label"": ""v"", ""probability"": 0.11982191354036331}]",uppercase,custom_uppercase_sprint9
C:/Code/airwrite-vocab-assistant/data/airwrite_identity_eval/../raw_airwrite/U/airwrite_U_20260804_161217_148297_dffced.png,u,j,0.7737776637077332,"[{""label"": ""j"", ""probability"": 0.7737776637077332}, {""label"": ""v"", ""probability"": 0.12400685995817184}, {""label"": ""u"", ""probability"": 0.0538032203912735}]",uppercase,custom_uppercase_sprint9
C:/Code/airwrite-vocab-assistant/data/airwrite_identity_eval/../raw_airwrite/U/airwrite_U_20260804_161219_373813_f943a3.png,u,j,0.9632146954536438,"[{""label"": ""j"", ""probability"": 0.9632146954536438}, {""label"": ""v"", ""probability"": 0.012166852131485939}, {""label"": ""u"", ""probability"": 0.010336383245885372}]",uppercase,custom_uppercase_sprint9
C:/Code/airwrite-vocab-assistant/data/airwrite_identity_eval/../raw_airwrite/U/airwrite_U_20260804_161226_697372_205d38.png,u,j,0.2564162611961365,"[{""label"": ""j"", ""probability"": 0.2564162611961365}, {""label"": ""v"", ""probability"": 0.24679188430309296}, {""label"": ""u"", ""probability"": 0.17941954731941223}]",uppercase,custom_uppercase_sprint9
C:/Code/airwrite-vocab-assistant/data/airwrite_identity_eval/../raw_airwrite/U/airwrite_U_20260804_161228_802740_90dcf9.png,u,v,0.6297369599342346,"[{""label"": ""v"", ""probability"": 0.6297369599342346}, {""label"": ""u"", ""probability"": 0.24974437057971954}, {""label"": ""j"", ""probability"": 0.09929627180099487}]",uppercase,custom_uppercase_sprint9
C:/Code/airwrite-vocab-assistant/data/airwrite_identity_eval/../raw_airwrite/U/airwrite_U_20260804_161234_364657_a42be6.png,u,j,0.6304953694343567,"[{""label"": ""j"", ""probability"": 0.6304953694343567}, {""label"": ""v"", ""probability"": 0.19707335531711578}, {""label"": ""u"", ""probability"": 0.12832921743392944}]",uppercase,custom_uppercase_sprint9
C:/Code/airwrite-vocab-assistant/data/airwrite_identity_eval/../raw_airwrite/U/airwrite_U_20260804_161241_311408_07725d.png,u,w,0.5568661093711853,"[{""label"": ""w"", ""probability"": 0.5568661093711853}, {""label"": ""u"", ""probability"": 0.3237495422363281}, {""label"": ""y"", ""probability"": 0.052864380180835724}]",uppercase,custom_uppercase_sprint9
C:/Code/airwrite-vocab-assistant/data/airwrite_identity_eval/../raw_airwrite/U/airwrite_U_20260804_161346_104634_04b543.png,u,w,0.6796309351921082,"[{""label"": ""w"", ""probability"": 0.6796309351921082}, {""label"": ""u"", ""probability"": 0.23124273121356964}, {""label"": ""v"", ""probability"": 0.04021495208144188}]",uppercase,custom_uppercase_sprint9
C:/Code/airwrite-vocab-assistant/data/airwrite_identity_eval/../raw_airwrite/U/airwrite_U_20260804_161352_350937_da2a6f.png,u,w,0.9848319888114929,"[{""label"": ""w"", ""probability"": 0.9848319888114929}, {""label"": ""u"", ""probability"": 0.006878310348838568}, {""label"": ""v"", ""probability"": 0.004785564262419939}]",uppercase,custom_uppercase_sprint9
C:/Code/airwrite-vocab-assistant/data/airwrite_identity_eval/../raw_airwrite/U/airwrite_U_20260804_161409_902898_c3ffc3.png,u,y,0.5675541162490845,"[{""label"": ""y"", ""probability"": 0.5675541162490845}, {""label"": ""u"", ""probability"": 0.27924951910972595}, {""label"": ""v"", ""probability"": 0.05158175900578499}]",uppercase,custom_uppercase_sprint9
C:/Code/airwrite-vocab-assistant/data/airwrite_identity_eval/../raw_airwrite/U/airwrite_U_20260804_161421_544238_503da4.png,u,j,0.6151896119117737,"[{""label"": ""j"", ""probability"": 0.6151896119117737}, {""label"": ""u"", ""probability"": 0.14217926561832428}, {""label"": ""v"", ""probability"": 0.12139924615621567}]",uppercase,custom_uppercase_sprint9
C:/Code/airwrite-vocab-assistant/data/airwrite_identity_eval/../raw_airwrite/U/airwrite_U_20260804_161433_927040_f4401c.png,u,j,0.765513002872467,"[{""label"": ""j"", ""probability"": 0.765513002872467}, {""label"": ""v"", ""probability"": 0.1248542070388794}, {""label"": ""u"", ""probability"": 0.04078188166022301}]",uppercase,custom_uppercase_sprint9
C:/Code/airwrite-vocab-assistant/data/airwrite_identity_eval/../raw_airwrite/U/airwrite_U_20260804_161525_633744_329cef.png,u,v,0.43442389369010925,"[{""label"": ""v"", ""probability"": 0.43442389369010925}, {""label"": ""u"", ""probability"": 0.32023829221725464}, {""label"": ""j"", ""probability"": 0.15225358307361603}]",uppercase,custom_uppercase_sprint9
C:/Code/airwrite-vocab-assistant/data/airwrite_identity_eval/../raw_airwrite/U/airwrite_U_20260804_161528_027227_27c5bc.png,u,j,0.7771551012992859,"[{""label"": ""j"", ""probability"": 0.7771551012992859}, {""label"": ""v"", ""probability"": 0.08972972631454468}, {""label"": ""u"", ""probability"": 0.051990751177072525}]",uppercase,custom_uppercase_sprint9
C:/Code/airwrite-vocab-assistant/data/airwrite_identity_eval/../raw_airwrite/U/airwrite_U_20260804_161531_220052_539733.png,u,j,0.5795968770980835,"[{""label"": ""j"", ""probability"": 0.5795968770980835}, {""label"": ""v"", ""probability"": 0.19211894273757935}, {""label"": ""u"", ""probability"": 0.16090995073318481}]",uppercase,custom_uppercase_sprint9
C:/Code/airwrite-vocab-assistant/data/airwrite_identity_eval/../raw_airwrite/U/airwrite_U_20260804_161534_775091_c36bfc.png,u,j,0.7489699125289917,"[{""label"": ""j"", ""probability"": 0.7489699125289917}, {""label"": ""v"", ""probability"": 0.13908450305461884}, {""label"": ""u"", ""probability"": 0.05417441949248314}]",uppercase,custom_uppercase_sprint9
C:/Code/airwrite-vocab-assistant/data/airwrite_identity_eval/../raw_airwrite/U/airwrite_U_20260804_161541_649223_7f848d.png,u,j,0.5696978569030762,"[{""label"": ""j"", ""probability"": 0.5696978569030762}, {""label"": ""v"", ""probability"": 0.26657381653785706}, {""label"": ""u"", ""probability"": 0.07634266465902328}]",uppercase,custom_uppercase_sprint9
C:/Code/airwrite-vocab-assistant/data/airwrite_identity_eval/../raw_airwrite/U/airwrite_U_20260804_161543_980168_b9ae1a.png,u,j,0.6232569813728333,"[{""label"": ""j"", ""probability"": 0.6232569813728333}, {""label"": ""v"", ""probability"": 0.23932237923145294}, {""label"": ""u"", ""probability"": 0.05462009832262993}]",uppercase,custom_uppercase_sprint9
C:/Code/airwrite-vocab-assistant/data/airwrite_identity_eval/../raw_airwrite/U/airwrite_U_20260804_161554_213764_84901f.png,u,v,0.36385905742645264,"[{""label"": ""v"", ""probability"": 0.36385905742645264}, {""label"": ""j"", ""probability"": 0.3431907892227173}, {""label"": ""u"", ""probability"": 0.23234187066555023}]",uppercase,custom_uppercase_sprint9
C:/Code/airwrite-vocab-assistant/data/airwrite_identity_eval/../raw_airwrite/U/airwrite_U_20260804_161600_852205_a97f1e.png,u,j,0.33585506677627563,"[{""label"": ""j"", ""probability"": 0.33585506677627563}, {""label"": ""v"", ""probability"": 0.32987865805625916}, {""label"": ""u"", ""probability"": 0.2284916490316391}]",uppercase,custom_uppercase_sprint9
C:/Code/airwrite-vocab-assistant/data/airwrite_identity_eval/../raw_airwrite/U/airwrite_U_20260804_161605_437343_519e32.png,u,j,0.46406736969947815,"[{""label"": ""j"", ""probability"": 0.46406736969947815}, {""label"": ""v"", ""probability"": 0.3491656482219696}, {""label"": ""u"", ""probability"": 0.14270392060279846}]",uppercase,custom_uppercase_sprint9
C:/Code/airwrite-vocab-assistant/data/airwrite_identity_eval/../raw_airwrite/U/airwrite_U_20260804_161609_635312_b8bf55.png,u,v,0.5603703260421753,"[{""label"": ""v"", ""probability"": 0.5603703260421753}, {""label"": ""j"", ""probability"": 0.23231451213359833}, {""label"": ""u"", ""probability"": 0.13189436495304108}]",uppercase,custom_uppercase_sprint9
C:/Code/airwrite-vocab-assistant/data/airwrite_identity_eval/../raw_airwrite/U/airwrite_U_20260804_161621_958963_507182.png,u,j,0.8259010314941406,"[{""label"": ""j"", ""probability"": 0.8259010314941406}, {""label"": ""u"", ""probability"": 0.08038730919361115}, {""label"": ""v"", ""probability"": 0.05923648178577423}]",uppercase,custom_uppercase_sprint9
C:/Code/airwrite-vocab-assistant/data/airwrite_identity_eval/../raw_airwrite/U/airwrite_U_20260804_161624_000860_bdc577.png,u,j,0.7529217004776001,"[{""label"": ""j"", ""probability"": 0.7529217004776001}, {""label"": ""v"", ""probability"": 0.13614968955516815}, {""label"": ""u"", ""probability"": 0.07020971179008484}]",uppercase,custom_uppercase_sprint9
C:/Code/airwrite-vocab-assistant/data/airwrite_identity_eval/../raw_airwrite/U/airwrite_U_20260804_161626_971225_6a1667.png,u,j,0.7204188704490662,"[{""label"": ""j"", ""probability"": 0.7204188704490662}, {""label"": ""u"", ""probability"": 0.13813439011573792}, {""label"": ""v"", ""probability"": 0.08298009634017944}]",uppercase,custom_uppercase_sprint9
C:/Code/airwrite-vocab-assistant/data/airwrite_identity_eval/../raw_airwrite/U/airwrite_U_20260804_161633_684029_9d15b9.png,u,j,0.32766300439834595,"[{""label"": ""j"", ""probability"": 0.32766300439834595}, {""label"": ""v"", ""probability"": 0.2694541811943054}, {""label"": ""u"", ""probability"": 0.24305416643619537}]",uppercase,custom_uppercase_sprint9
C:/Code/airwrite-vocab-assistant/data/airwrite_identity_eval/../raw_airwrite/U/airwrite_U_20260804_161640_439291_a621fc.png,u,j,0.5083616971969604,"[{""label"": ""j"", ""probability"": 0.5083616971969604}, {""label"": ""v"", ""probability"": 0.21420229971408844}, {""label"": ""u"", ""probability"": 0.21060876548290253}]",uppercase,custom_uppercase_sprint9
C:/Code/airwrite-vocab-assistant/data/airwrite_identity_eval/../raw_airwrite/V/airwrite_V_20260804_161720_794329_cd641f.png,v,j,0.3033396601676941,"[{""label"": ""j"", ""probability"": 0.3033396601676941}, {""label"": ""y"", ""probability"": 0.3023703694343567}, {""label"": ""v"", ""probability"": 0.27788838744163513}]",uppercase,custom_uppercase_sprint9
C:/Code/airwrite-vocab-assistant/data/airwrite_identity_eval/../raw_airwrite/V/airwrite_V_20260804_161722_609209_30a0bb.png,v,i,0.43982961773872375,"[{""label"": ""i"", ""probability"": 0.43982961773872375}, {""label"": ""v"", ""probability"": 0.15694090723991394}, {""label"": ""y"", ""probability"": 0.1248573586344719}]",uppercase,custom_uppercase_sprint9
C:/Code/airwrite-vocab-assistant/data/airwrite_identity_eval/../raw_airwrite/V/airwrite_V_20260804_161724_378371_706726.png,v,y,0.5897947549819946,"[{""label"": ""y"", ""probability"": 0.5897947549819946}, {""label"": ""j"", ""probability"": 0.25158455967903137}, {""label"": ""i"", ""probability"": 0.07004852592945099}]",uppercase,custom_uppercase_sprint9
C:/Code/airwrite-vocab-assistant/data/airwrite_identity_eval/../raw_airwrite/V/airwrite_V_20260804_161728_611072_45f6a9.png,v,j,0.7653421759605408,"[{""label"": ""j"", ""probability"": 0.7653421759605408}, {""label"": ""v"", ""probability"": 0.11508560925722122}, {""label"": ""i"", ""probability"": 0.06900706887245178}]",uppercase,custom_uppercase_sprint9
C:/Code/airwrite-vocab-assistant/data/airwrite_identity_eval/../raw_airwrite/V/airwrite_V_20260804_161730_058536_9ad43c.png,v,i,0.5743619799613953,"[{""label"": ""i"", ""probability"": 0.5743619799613953}, {""label"": ""l"", ""probability"": 0.41140151023864746}, {""label"": ""j"", ""probability"": 0.012765314429998398}]",uppercase,custom_uppercase_sprint9
C:/Code/airwrite-vocab-assistant/data/airwrite_identity_eval/../raw_airwrite/V/airwrite_V_20260804_161731_447979_831b19.png,v,j,0.9490405321121216,"[{""label"": ""j"", ""probability"": 0.9490405321121216}, {""label"": ""i"", ""probability"": 0.03046518750488758}, {""label"": ""y"", ""probability"": 0.013448316603899002}]",uppercase,custom_uppercase_sprint9
C:/Code/airwrite-vocab-assistant/data/airwrite_identity_eval/../raw_airwrite/V/airwrite_V_20260804_161737_957615_71a14b.png,v,j,0.8477379083633423,"[{""label"": ""j"", ""probability"": 0.8477379083633423}, {""label"": ""v"", ""probability"": 0.13934725522994995}, {""label"": ""u"", ""probability"": 0.006462496239691973}]",uppercase,custom_uppercase_sprint9
C:/Code/airwrite-vocab-assistant/data/airwrite_identity_eval/../raw_airwrite/V/airwrite_V_20260804_162110_966542_a02be7.png,v,j,0.7547616958618164,"[{""label"": ""j"", ""probability"": 0.7547616958618164}, {""label"": ""v"", ""probability"": 0.22557024657726288}, {""label"": ""i"", ""probability"": 0.006215472240000963}]",uppercase,custom_uppercase_sprint9
C:/Code/airwrite-vocab-assistant/data/airwrite_identity_eval/../raw_airwrite/V/airwrite_V_20260804_162112_846639_65b597.png,v,j,0.9247589707374573,"[{""label"": ""j"", ""probability"": 0.9247589707374573}, {""label"": ""v"", ""probability"": 0.06019122526049614}, {""label"": ""i"", ""probability"": 0.00498918816447258}]",uppercase,custom_uppercase_sprint9
C:/Code/airwrite-vocab-assistant/data/airwrite_identity_eval/../raw_airwrite/V/airwrite_V_20260804_162132_205497_7f5de0.png,v,n,0.5557642579078674,"[{""label"": ""n"", ""probability"": 0.5557642579078674}, {""label"": ""a"", ""probability"": 0.1114644780755043}, {""label"": ""r"", ""probability"": 0.09769241511821747}]",uppercase,custom_uppercase_sprint9
C:/Code/airwrite-vocab-assistant/data/airwrite_identity_eval/../raw_airwrite/V/airwrite_V_20260804_162135_875266_6325d5.png,v,z,0.4741782546043396,"[{""label"": ""z"", ""probability"": 0.4741782546043396}, {""label"": ""i"", ""probability"": 0.131006121635437}, {""label"": ""f"", ""probability"": 0.12357793003320694}]",uppercase,custom_uppercase_sprint9
C:/Code/airwrite-vocab-assistant/data/airwrite_identity_eval/../raw_airwrite/V/airwrite_V_20260804_162137_805415_41f9e7.png,v,z,0.5630030035972595,"[{""label"": ""z"", ""probability"": 0.5630030035972595}, {""label"": ""i"", ""probability"": 0.20778535306453705}, {""label"": ""j"", ""probability"": 0.11490025371313095}]",uppercase,custom_uppercase_sprint9
C:/Code/airwrite-vocab-assistant/data/airwrite_identity_eval/../raw_airwrite/V/airwrite_V_20260804_162139_828391_c09674.png,v,n,0.36991629004478455,"[{""label"": ""n"", ""probability"": 0.36991629004478455}, {""label"": ""r"", ""probability"": 0.20500800013542175}, {""label"": ""a"", ""probability"": 0.11731921136379242}]",uppercase,custom_uppercase_sprint9
C:/Code/airwrite-vocab-assistant/data/airwrite_identity_eval/../raw_airwrite/V/airwrite_V_20260804_162201_828117_9052b7.png,v,j,0.5238400101661682,"[{""label"": ""j"", ""probability"": 0.5238400101661682}, {""label"": ""v"", ""probability"": 0.44402870535850525}, {""label"": ""u"", ""probability"": 0.01331956498324871}]",uppercase,custom_uppercase_sprint9
C:/Code/airwrite-vocab-assistant/data/airwrite_identity_eval/../raw_airwrite/W/airwrite_W_20260804_162255_776955_324e35.png,w,j,0.7058877348899841,"[{""label"": ""j"", ""probability"": 0.7058877348899841}, {""label"": ""i"", ""probability"": 0.11740102618932724}, {""label"": ""y"", ""probability"": 0.11692171543836594}]",uppercase,custom_uppercase_sprint9
C:/Code/airwrite-vocab-assistant/data/airwrite_identity_eval/../raw_airwrite/W/airwrite_W_20260804_162301_446671_c584ad.png,w,j,0.8785116076469421,"[{""label"": ""j"", ""probability"": 0.8785116076469421}, {""label"": ""y"", ""probability"": 0.03321697562932968}, {""label"": ""w"", ""probability"": 0.028813030570745468}]",uppercase,custom_uppercase_sprint9
C:/Code/airwrite-vocab-assistant/data/airwrite_identity_eval/../raw_airwrite/W/airwrite_W_20260804_162306_625410_f6f14a.png,w,v,0.27340203523635864,"[{""label"": ""v"", ""probability"": 0.27340203523635864}, {""label"": ""y"", ""probability"": 0.2062208652496338}, {""label"": ""j"", ""probability"": 0.12726376950740814}]",uppercase,custom_uppercase_sprint9
C:/Code/airwrite-vocab-assistant/data/airwrite_identity_eval/../raw_airwrite/W/airwrite_W_20260804_162309_310357_438327.png,w,j,0.4204023778438568,"[{""label"": ""j"", ""probability"": 0.4204023778438568}, {""label"": ""i"", ""probability"": 0.17277942597866058}, {""label"": ""y"", ""probability"": 0.14370867609977722}]",uppercase,custom_uppercase_sprint9
C:/Code/airwrite-vocab-assistant/data/airwrite_identity_eval/../raw_airwrite/W/airwrite_W_20260804_162313_123341_3b85a3.png,w,j,0.6290525197982788,"[{""label"": ""j"", ""probability"": 0.6290525197982788}, {""label"": ""i"", ""probability"": 0.1933135986328125}, {""label"": ""v"", ""probability"": 0.06943085044622421}]",uppercase,custom_uppercase_sprint9
C:/Code/airwrite-vocab-assistant/data/airwrite_identity_eval/../raw_airwrite/W/airwrite_W_20260804_162524_372518_f18b38.png,w,v,0.39662253856658936,"[{""label"": ""v"", ""probability"": 0.39662253856658936}, {""label"": ""s"", ""probability"": 0.17353381216526031}, {""label"": ""j"", ""probability"": 0.13977579772472382}]",uppercase,custom_uppercase_sprint9
C:/Code/airwrite-vocab-assistant/data/airwrite_identity_eval/../raw_airwrite/W/airwrite_W_20260804_162616_141791_daa51a.png,w,v,0.5299357175827026,"[{""label"": ""v"", ""probability"": 0.5299357175827026}, {""label"": ""w"", ""probability"": 0.20050087571144104}, {""label"": ""j"", ""probability"": 0.059500500559806824}]",uppercase,custom_uppercase_sprint9
C:/Code/airwrite-vocab-assistant/data/airwrite_identity_eval/../raw_airwrite/W/airwrite_W_20260804_162649_422918_45ad4d.png,w,v,0.6205162405967712,"[{""label"": ""v"", ""probability"": 0.6205162405967712}, {""label"": ""w"", ""probability"": 0.20548400282859802}, {""label"": ""u"", ""probability"": 0.07176705449819565}]",uppercase,custom_uppercase_sprint9
C:/Code/airwrite-vocab-assistant/data/airwrite_identity_eval/../raw_airwrite/W/airwrite_W_20260804_162701_598221_ea64ce.png,w,v,0.45025330781936646,"[{""label"": ""v"", ""probability"": 0.45025330781936646}, {""label"": ""i"", ""probability"": 0.10863428562879562}, {""label"": ""c"", ""probability"": 0.09100634604692459}]",uppercase,custom_uppercase_sprint9
C:/Code/airwrite-vocab-assistant/data/airwrite_identity_eval/../raw_airwrite/W/airwrite_W_20260804_162719_555483_ce1e71.png,w,v,0.3901479244232178,"[{""label"": ""v"", ""probability"": 0.3901479244232178}, {""label"": ""w"", ""probability"": 0.18833893537521362}, {""label"": ""u"", ""probability"": 0.10389922559261322}]",uppercase,custom_uppercase_sprint9
C:/Code/airwrite-vocab-assistant/data/airwrite_identity_eval/../raw_airwrite/W/airwrite_W_20260804_162806_429121_5cbc68.png,w,i,0.8208872079849243,"[{""label"": ""i"", ""probability"": 0.8208872079849243}, {""label"": ""l"", ""probability"": 0.0439467690885067}, {""label"": ""c"", ""probability"": 0.04314233362674713}]",uppercase,custom_uppercase_sprint9
C:/Code/airwrite-vocab-assistant/data/airwrite_identity_eval/../raw_airwrite/W/airwrite_W_20260804_162812_681880_561151.png,w,i,0.6722318530082703,"[{""label"": ""i"", ""probability"": 0.6722318530082703}, {""label"": ""c"", ""probability"": 0.13751362264156342}, {""label"": ""l"", ""probability"": 0.09271901100873947}]",uppercase,custom_uppercase_sprint9
C:/Code/airwrite-vocab-assistant/data/airwrite_identity_eval/../raw_airwrite/W/airwrite_W_20260804_162818_187613_5edd8b.png,w,n,0.4545173645019531,"[{""label"": ""n"", ""probability"": 0.4545173645019531}, {""label"": ""w"", ""probability"": 0.2143275886774063}, {""label"": ""v"", ""probability"": 0.12404172122478485}]",uppercase,custom_uppercase_sprint9
C:/Code/airwrite-vocab-assistant/data/airwrite_identity_eval/../raw_airwrite/W/airwrite_W_20260804_162907_992676_02577b.png,w,v,0.8805174827575684,"[{""label"": ""v"", ""probability"": 0.8805174827575684}, {""label"": ""w"", ""probability"": 0.052904125303030014}, {""label"": ""y"", ""probability"": 0.04191648215055466}]",uppercase,custom_uppercase_sprint9
C:/Code/airwrite-vocab-assistant/data/airwrite_identity_eval/../raw_airwrite/X/airwrite_X_20260804_163019_501458_1e5d34.png,x,k,0.8469321727752686,"[{""label"": ""k"", ""probability"": 0.8469321727752686}, {""label"": ""x"", ""probability"": 0.13753297924995422}, {""label"": ""h"", ""probability"": 0.005574215669184923}]",uppercase,custom_uppercase_sprint9
C:/Code/airwrite-vocab-assistant/data/airwrite_identity_eval/../raw_airwrite/X/airwrite_X_20260804_163030_218089_494693.png,x,k,0.7194650769233704,"[{""label"": ""k"", ""probability"": 0.7194650769233704}, {""label"": ""x"", ""probability"": 0.2272452414035797}, {""label"": ""h"", ""probability"": 0.011774658225476742}]",uppercase,custom_uppercase_sprint9
C:/Code/airwrite-vocab-assistant/data/airwrite_identity_eval/../raw_airwrite/X/airwrite_X_20260804_163033_473763_9774a7.png,x,t,0.2627103924751282,"[{""label"": ""t"", ""probability"": 0.2627103924751282}, {""label"": ""f"", ""probability"": 0.2515009343624115}, {""label"": ""x"", ""probability"": 0.21343651413917542}]",uppercase,custom_uppercase_sprint9
C:/Code/airwrite-vocab-assistant/data/airwrite_identity_eval/../raw_airwrite/X/airwrite_X_20260804_163038_206339_3148cd.png,x,c,0.17984813451766968,"[{""label"": ""c"", ""probability"": 0.17984813451766968}, {""label"": ""z"", ""probability"": 0.11774543672800064}, {""label"": ""v"", ""probability"": 0.10844111442565918}]",uppercase,custom_uppercase_sprint9
C:/Code/airwrite-vocab-assistant/data/airwrite_identity_eval/../raw_airwrite/X/airwrite_X_20260804_163121_480246_f4d13c.png,x,k,0.7352940440177917,"[{""label"": ""k"", ""probability"": 0.7352940440177917}, {""label"": ""x"", ""probability"": 0.18479645252227783}, {""label"": ""h"", ""probability"": 0.029673688113689423}]",uppercase,custom_uppercase_sprint9
C:/Code/airwrite-vocab-assistant/data/airwrite_identity_eval/../raw_airwrite/X/airwrite_X_20260804_163208_140554_0f6a69.png,x,k,0.47661474347114563,"[{""label"": ""k"", ""probability"": 0.47661474347114563}, {""label"": ""x"", ""probability"": 0.2934109568595886}, {""label"": ""r"", ""probability"": 0.06091059744358063}]",uppercase,custom_uppercase_sprint9
C:/Code/airwrite-vocab-assistant/data/airwrite_identity_eval/../raw_airwrite/X/airwrite_X_20260804_163213_589665_7efdfb.png,x,k,0.6580231785774231,"[{""label"": ""k"", ""probability"": 0.6580231785774231}, {""label"": ""x"", ""probability"": 0.2752765715122223}, {""label"": ""r"", ""probability"": 0.025053421035408974}]",uppercase,custom_uppercase_sprint9
C:/Code/airwrite-vocab-assistant/data/airwrite_identity_eval/../raw_airwrite/X/airwrite_X_20260804_163228_512789_2cabd8.png,x,k,0.8606101274490356,"[{""label"": ""k"", ""probability"": 0.8606101274490356}, {""label"": ""x"", ""probability"": 0.11019286513328552}, {""label"": ""y"", ""probability"": 0.01005830429494381}]",uppercase,custom_uppercase_sprint9
C:/Code/airwrite-vocab-assistant/data/airwrite_identity_eval/../raw_airwrite/X/airwrite_X_20260804_163231_212927_44788a.png,x,y,0.5086540579795837,"[{""label"": ""y"", ""probability"": 0.5086540579795837}, {""label"": ""x"", ""probability"": 0.4475552439689636}, {""label"": ""r"", ""probability"": 0.011333811096847057}]",uppercase,custom_uppercase_sprint9
C:/Code/airwrite-vocab-assistant/data/airwrite_identity_eval/../raw_airwrite/X/airwrite_X_20260804_163236_838119_7cb49b.png,x,y,0.9393987059593201,"[{""label"": ""y"", ""probability"": 0.9393987059593201}, {""label"": ""j"", ""probability"": 0.02144717052578926}, {""label"": ""t"", ""probability"": 0.020122645422816277}]",uppercase,custom_uppercase_sprint9
C:/Code/airwrite-vocab-assistant/data/airwrite_identity_eval/../raw_airwrite/X/airwrite_X_20260804_163249_307852_71e77d.png,x,k,0.6712012887001038,"[{""label"": ""k"", ""probability"": 0.6712012887001038}, {""label"": ""x"", ""probability"": 0.2713039815425873}, {""label"": ""r"", ""probability"": 0.016654547303915024}]",uppercase,custom_uppercase_sprint9
C:/Code/airwrite-vocab-assistant/data/airwrite_identity_eval/../raw_airwrite/X/airwrite_X_20260804_163307_633529_e5f461.png,x,y,0.8233965039253235,"[{""label"": ""y"", ""probability"": 0.8233965039253235}, {""label"": ""t"", ""probability"": 0.05036350339651108}, {""label"": ""x"", ""probability"": 0.046445172280073166}]",uppercase,custom_uppercase_sprint9
C:/Code/airwrite-vocab-assistant/data/airwrite_identity_eval/../raw_airwrite/X/airwrite_X_20260804_163311_414939_94265d.png,x,k,0.5979922413825989,"[{""label"": ""k"", ""probability"": 0.5979922413825989}, {""label"": ""x"", ""probability"": 0.35602521896362305}, {""label"": ""r"", ""probability"": 0.015076658688485622}]",uppercase,custom_uppercase_sprint9
C:/Code/airwrite-vocab-assistant/data/airwrite_identity_eval/../raw_airwrite/X/airwrite_X_20260804_163323_761412_5fdb8b.png,x,y,0.8114231824874878,"[{""label"": ""y"", ""probability"": 0.8114231824874878}, {""label"": ""x"", ""probability"": 0.155046746134758}, {""label"": ""r"", ""probability"": 0.008297890424728394}]",uppercase,custom_uppercase_sprint9
C:/Code/airwrite-vocab-assistant/data/airwrite_identity_eval/../raw_airwrite/X/airwrite_X_20260804_163328_267028_346273.png,x,t,0.3574680685997009,"[{""label"": ""t"", ""probability"": 0.3574680685997009}, {""label"": ""f"", ""probability"": 0.2452322095632553}, {""label"": ""y"", ""probability"": 0.11080046743154526}]",uppercase,custom_uppercase_sprint9
C:/Code/airwrite-vocab-assistant/data/airwrite_identity_eval/../raw_airwrite/X/airwrite_X_20260804_163354_789421_db3a8c.png,x,t,0.5699077248573303,"[{""label"": ""t"", ""probability"": 0.5699077248573303}, {""label"": ""i"", ""probability"": 0.2688118815422058}, {""label"": ""f"", ""probability"": 0.05535854026675224}]",uppercase,custom_uppercase_sprint9
C:/Code/airwrite-vocab-assistant/data/airwrite_identity_eval/../raw_airwrite/X/airwrite_X_20260804_163357_362687_bf3742.png,x,y,0.6920025944709778,"[{""label"": ""y"", ""probability"": 0.6920025944709778}, {""label"": ""t"", ""probability"": 0.17689990997314453}, {""label"": ""x"", ""probability"": 0.05973624438047409}]",uppercase,custom_uppercase_sprint9
C:/Code/airwrite-vocab-assistant/data/airwrite_identity_eval/../raw_airwrite/X/airwrite_X_20260804_163359_970536_0c9767.png,x,k,0.6416811347007751,"[{""label"": ""k"", ""probability"": 0.6416811347007751}, {""label"": ""x"", ""probability"": 0.16438448429107666}, {""label"": ""r"", ""probability"": 0.04044085368514061}]",uppercase,custom_uppercase_sprint9
C:/Code/airwrite-vocab-assistant/data/airwrite_identity_eval/../raw_airwrite/X/airwrite_X_20260804_163404_657664_16f945.png,x,k,0.49694114923477173,"[{""label"": ""k"", ""probability"": 0.49694114923477173}, {""label"": ""x"", ""probability"": 0.23503640294075012}, {""label"": ""r"", ""probability"": 0.06775113940238953}]",uppercase,custom_uppercase_sprint9
C:/Code/airwrite-vocab-assistant/data/airwrite_identity_eval/../raw_airwrite/X/airwrite_X_20260804_163415_202166_f9cd7e.png,x,k,0.7921354174613953,"[{""label"": ""k"", ""probability"": 0.7921354174613953}, {""label"": ""x"", ""probability"": 0.17881745100021362}, {""label"": ""h"", ""probability"": 0.008017423562705517}]",uppercase,custom_uppercase_sprint9
C:/Code/airwrite-vocab-assistant/data/airwrite_identity_eval/../raw_airwrite/X/airwrite_X_20260804_163417_694276_8dcc3c.png,x,y,0.6945201754570007,"[{""label"": ""y"", ""probability"": 0.6945201754570007}, {""label"": ""x"", ""probability"": 0.14945381879806519}, {""label"": ""t"", ""probability"": 0.07099886983633041}]",uppercase,custom_uppercase_sprint9
C:/Code/airwrite-vocab-assistant/data/airwrite_identity_eval/../raw_airwrite/X/airwrite_X_20260804_163422_347513_c74de9.png,x,y,0.7825993299484253,"[{""label"": ""y"", ""probability"": 0.7825993299484253}, {""label"": ""t"", ""probability"": 0.0835760235786438}, {""label"": ""j"", ""probability"": 0.04085367172956467}]",uppercase,custom_uppercase_sprint9
C:/Code/airwrite-vocab-assistant/data/airwrite_identity_eval/../raw_airwrite/X/airwrite_X_20260804_163426_672795_69023e.png,x,v,0.26370111107826233,"[{""label"": ""v"", ""probability"": 0.26370111107826233}, {""label"": ""j"", ""probability"": 0.22749774158000946}, {""label"": ""i"", ""probability"": 0.21563489735126495}]",uppercase,custom_uppercase_sprint9
C:/Code/airwrite-vocab-assistant/data/airwrite_identity_eval/../raw_airwrite/X/airwrite_X_20260804_163437_051644_311fe3.png,x,y,0.36763444542884827,"[{""label"": ""y"", ""probability"": 0.36763444542884827}, {""label"": ""j"", ""probability"": 0.2856311798095703}, {""label"": ""i"", ""probability"": 0.11886898428201675}]",uppercase,custom_uppercase_sprint9
C:/Code/airwrite-vocab-assistant/data/airwrite_identity_eval/../raw_airwrite/X/airwrite_X_20260804_163441_676058_40d516.png,x,y,0.4102688431739807,"[{""label"": ""y"", ""probability"": 0.4102688431739807}, {""label"": ""x"", ""probability"": 0.39104199409484863}, {""label"": ""t"", ""probability"": 0.10699044913053513}]",uppercase,custom_uppercase_sprint9
C:/Code/airwrite-vocab-assistant/data/airwrite_identity_eval/../raw_airwrite/X/airwrite_X_20260804_163443_828961_cbfeb6.png,x,k,0.6237319111824036,"[{""label"": ""k"", ""probability"": 0.6237319111824036}, {""label"": ""x"", ""probability"": 0.23321685194969177}, {""label"": ""y"", ""probability"": 0.04077142849564552}]",uppercase,custom_uppercase_sprint9
C:/Code/airwrite-vocab-assistant/data/airwrite_identity_eval/../raw_airwrite/X/airwrite_X_20260804_163453_173581_ae6f22.png,x,y,0.7557445168495178,"[{""label"": ""y"", ""probability"": 0.7557445168495178}, {""label"": ""x"", ""probability"": 0.217738538980484}, {""label"": ""j"", ""probability"": 0.008369381539523602}]",uppercase,custom_uppercase_sprint9
C:/Code/airwrite-vocab-assistant/data/airwrite_identity_eval/../raw_airwrite/X/airwrite_X_20260804_163455_369348_9e9c88.png,x,k,0.37283608317375183,"[{""label"": ""k"", ""probability"": 0.37283608317375183}, {""label"": ""x"", ""probability"": 0.320310115814209}, {""label"": ""y"", ""probability"": 0.14453290402889252}]",uppercase,custom_uppercase_sprint9
C:/Code/airwrite-vocab-assistant/data/airwrite_identity_eval/../raw_airwrite/Y/airwrite_Y_20260804_163619_492647_081370.png,y,i,0.2944776117801666,"[{""label"": ""i"", ""probability"": 0.2944776117801666}, {""label"": ""l"", ""probability"": 0.25481945276260376}, {""label"": ""v"", ""probability"": 0.18954651057720184}]",uppercase,custom_uppercase_sprint9
C:/Code/airwrite-vocab-assistant/data/airwrite_identity_eval/../raw_airwrite/Y/airwrite_Y_20260804_163628_338242_209434.png,y,i,0.36937466263771057,"[{""label"": ""i"", ""probability"": 0.36937466263771057}, {""label"": ""j"", ""probability"": 0.267667293548584}, {""label"": ""t"", ""probability"": 0.13732609152793884}]",uppercase,custom_uppercase_sprint9
C:/Code/airwrite-vocab-assistant/data/airwrite_identity_eval/../raw_airwrite/Y/airwrite_Y_20260804_163634_535868_365a08.png,y,i,0.6538048386573792,"[{""label"": ""i"", ""probability"": 0.6538048386573792}, {""label"": ""j"", ""probability"": 0.19622273743152618}, {""label"": ""t"", ""probability"": 0.07358021289110184}]",uppercase,custom_uppercase_sprint9
C:/Code/airwrite-vocab-assistant/data/airwrite_identity_eval/../raw_airwrite/Y/airwrite_Y_20260804_163638_092617_3b38bd.png,y,i,0.3046713173389435,"[{""label"": ""i"", ""probability"": 0.3046713173389435}, {""label"": ""y"", ""probability"": 0.19567066431045532}, {""label"": ""j"", ""probability"": 0.15900757908821106}]",uppercase,custom_uppercase_sprint9
C:/Code/airwrite-vocab-assistant/data/airwrite_identity_eval/../raw_airwrite/Y/airwrite_Y_20260804_163643_537375_abcd66.png,y,j,0.34189319610595703,"[{""label"": ""j"", ""probability"": 0.34189319610595703}, {""label"": ""y"", ""probability"": 0.2532770335674286}, {""label"": ""i"", ""probability"": 0.1951928436756134}]",uppercase,custom_uppercase_sprint9
C:/Code/airwrite-vocab-assistant/data/airwrite_identity_eval/../raw_airwrite/Y/airwrite_Y_20260804_163707_812875_0aa14b.png,y,t,0.549646258354187,"[{""label"": ""t"", ""probability"": 0.549646258354187}, {""label"": ""f"", ""probability"": 0.23743359744548798}, {""label"": ""y"", ""probability"": 0.12657126784324646}]",uppercase,custom_uppercase_sprint9
C:/Code/airwrite-vocab-assistant/data/airwrite_identity_eval/../raw_airwrite/Y/airwrite_Y_20260804_163720_205896_a32ab7.png,y,j,0.33395349979400635,"[{""label"": ""j"", ""probability"": 0.33395349979400635}, {""label"": ""i"", ""probability"": 0.31769299507141113}, {""label"": ""t"", ""probability"": 0.1497175097465515}]",uppercase,custom_uppercase_sprint9
C:/Code/airwrite-vocab-assistant/data/airwrite_identity_eval/../raw_airwrite/Y/airwrite_Y_20260804_163724_151004_47bb57.png,y,i,0.8525082468986511,"[{""label"": ""i"", ""probability"": 0.8525082468986511}, {""label"": ""j"", ""probability"": 0.07057778537273407}, {""label"": ""l"", ""probability"": 0.0504283532500267}]",uppercase,custom_uppercase_sprint9
C:/Code/airwrite-vocab-assistant/data/airwrite_identity_eval/../raw_airwrite/Y/airwrite_Y_20260804_163729_657771_9ef6ad.png,y,j,0.33183544874191284,"[{""label"": ""j"", ""probability"": 0.33183544874191284}, {""label"": ""i"", ""probability"": 0.26297858357429504}, {""label"": ""y"", ""probability"": 0.24179159104824066}]",uppercase,custom_uppercase_sprint9
C:/Code/airwrite-vocab-assistant/data/airwrite_identity_eval/../raw_airwrite/Y/airwrite_Y_20260804_163733_195786_b7f846.png,y,t,0.5877780318260193,"[{""label"": ""t"", ""probability"": 0.5877780318260193}, {""label"": ""i"", ""probability"": 0.12651801109313965}, {""label"": ""f"", ""probability"": 0.10111705958843231}]",uppercase,custom_uppercase_sprint9
C:/Code/airwrite-vocab-assistant/data/airwrite_identity_eval/../raw_airwrite/Y/airwrite_Y_20260804_163758_977699_02d5c2.png,y,i,0.39759334921836853,"[{""label"": ""i"", ""probability"": 0.39759334921836853}, {""label"": ""j"", ""probability"": 0.18120448291301727}, {""label"": ""y"", ""probability"": 0.16688694059848785}]",uppercase,custom_uppercase_sprint9
C:/Code/airwrite-vocab-assistant/data/airwrite_identity_eval/../raw_airwrite/Y/airwrite_Y_20260804_163802_704255_3a413f.png,y,i,0.4200360178947449,"[{""label"": ""i"", ""probability"": 0.4200360178947449}, {""label"": ""t"", ""probability"": 0.2109566628932953}, {""label"": ""f"", ""probability"": 0.0814831405878067}]",uppercase,custom_uppercase_sprint9
C:/Code/airwrite-vocab-assistant/data/airwrite_identity_eval/../raw_airwrite/Y/airwrite_Y_20260804_163808_663158_8fdfec.png,y,i,0.2713542580604553,"[{""label"": ""i"", ""probability"": 0.2713542580604553}, {""label"": ""y"", ""probability"": 0.26977384090423584}, {""label"": ""l"", ""probability"": 0.13027013838291168}]",uppercase,custom_uppercase_sprint9
C:/Code/airwrite-vocab-assistant/data/airwrite_identity_eval/../raw_airwrite/Y/airwrite_Y_20260804_163811_816031_39c326.png,y,t,0.5589537024497986,"[{""label"": ""t"", ""probability"": 0.5589537024497986}, {""label"": ""i"", ""probability"": 0.14684581756591797}, {""label"": ""y"", ""probability"": 0.1220511943101883}]",uppercase,custom_uppercase_sprint9
C:/Code/airwrite-vocab-assistant/data/airwrite_identity_eval/../raw_airwrite/Y/airwrite_Y_20260804_163815_360597_d32ce0.png,y,i,0.5816247463226318,"[{""label"": ""i"", ""probability"": 0.5816247463226318}, {""label"": ""t"", ""probability"": 0.14409567415714264}, {""label"": ""j"", ""probability"": 0.07681316882371902}]",uppercase,custom_uppercase_sprint9
C:/Code/airwrite-vocab-assistant/data/airwrite_identity_eval/../raw_airwrite/Y/airwrite_Y_20260804_163821_980119_d0db4c.png,y,i,0.32146206498146057,"[{""label"": ""i"", ""probability"": 0.32146206498146057}, {""label"": ""y"", ""probability"": 0.26103928685188293}, {""label"": ""j"", ""probability"": 0.21488693356513977}]",uppercase,custom_uppercase_sprint9
C:/Code/airwrite-vocab-assistant/data/airwrite_identity_eval/../raw_airwrite/Y/airwrite_Y_20260804_163825_423096_93395f.png,y,t,0.3341769874095917,"[{""label"": ""t"", ""probability"": 0.3341769874095917}, {""label"": ""i"", ""probability"": 0.1950731873512268}, {""label"": ""y"", ""probability"": 0.19315041601657867}]",uppercase,custom_uppercase_sprint9
C:/Code/airwrite-vocab-assistant/data/airwrite_identity_eval/../raw_airwrite/Y/airwrite_Y_20260804_163829_307096_f87a3d.png,y,i,0.6157979369163513,"[{""label"": ""i"", ""probability"": 0.6157979369163513}, {""label"": ""j"", ""probability"": 0.17916613817214966}, {""label"": ""l"", ""probability"": 0.1203601062297821}]",uppercase,custom_uppercase_sprint9
C:/Code/airwrite-vocab-assistant/data/airwrite_identity_eval/../raw_airwrite/Y/airwrite_Y_20260804_163847_799336_637ecb.png,y,i,0.26228925585746765,"[{""label"": ""i"", ""probability"": 0.26228925585746765}, {""label"": ""l"", ""probability"": 0.23977668583393097}, {""label"": ""y"", ""probability"": 0.238577738404274}]",uppercase,custom_uppercase_sprint9
C:/Code/airwrite-vocab-assistant/data/airwrite_identity_eval/../raw_airwrite/Y/airwrite_Y_20260804_163847_933744_279ddf.png,y,i,0.2612055242061615,"[{""label"": ""i"", ""probability"": 0.2612055242061615}, {""label"": ""y"", ""probability"": 0.24032250046730042}, {""label"": ""l"", ""probability"": 0.23975855112075806}]",uppercase,custom_uppercase_sprint9
C:/Code/airwrite-vocab-assistant/data/airwrite_identity_eval/../raw_airwrite/Y/airwrite_Y_20260804_163848_107711_447782.png,y,i,0.259612500667572,"[{""label"": ""i"", ""probability"": 0.259612500667572}, {""label"": ""y"", ""probability"": 0.2429739236831665}, {""label"": ""l"", ""probability"": 0.23930463194847107}]",uppercase,custom_uppercase_sprint9
C:/Code/airwrite-vocab-assistant/data/airwrite_identity_eval/../raw_airwrite/Y/airwrite_Y_20260804_163858_886581_2c8cf2.png,y,t,0.4397988021373749,"[{""label"": ""t"", ""probability"": 0.4397988021373749}, {""label"": ""i"", ""probability"": 0.2686840891838074}, {""label"": ""r"", ""probability"": 0.0996006429195404}]",uppercase,custom_uppercase_sprint9
C:/Code/airwrite-vocab-assistant/data/airwrite_identity_eval/../raw_airwrite/Z/airwrite_Z_20260804_164053_142796_503044.png,z,c,0.3764936327934265,"[{""label"": ""c"", ""probability"": 0.3764936327934265}, {""label"": ""e"", ""probability"": 0.33431264758110046}, {""label"": ""z"", ""probability"": 0.15034237504005432}]",uppercase,custom_uppercase_sprint9
C:/Code/airwrite-vocab-assistant/data/airwrite_identity_eval/../raw_airwrite/Z/airwrite_Z_20260804_164058_726628_088413.png,z,l,0.4458295404911041,"[{""label"": ""l"", ""probability"": 0.4458295404911041}, {""label"": ""z"", ""probability"": 0.28348708152770996}, {""label"": ""i"", ""probability"": 0.13298968970775604}]",uppercase,custom_uppercase_sprint9
C:/Code/airwrite-vocab-assistant/data/airwrite_identity_eval/../raw_airwrite/Z/airwrite_Z_20260804_164104_533477_0ea96d.png,z,i,0.39685705304145813,"[{""label"": ""i"", ""probability"": 0.39685705304145813}, {""label"": ""z"", ""probability"": 0.3660482168197632}, {""label"": ""e"", ""probability"": 0.10098318755626678}]",uppercase,custom_uppercase_sprint9
C:/Code/airwrite-vocab-assistant/data/airwrite_identity_eval/../raw_airwrite/lowercase/a/airwrite_lowercase_a_20260805_210015_679642_7794a3.png,a,c,0.30527353286743164,"[{""label"": ""c"", ""probability"": 0.30527353286743164}, {""label"": ""a"", ""probability"": 0.19433724880218506}, {""label"": ""e"", ""probability"": 0.16898691654205322}]",lowercase,custom_lowercase_20260806
C:/Code/airwrite-vocab-assistant/data/airwrite_identity_eval/../raw_airwrite/lowercase/a/airwrite_lowercase_a_20260805_210055_117038_dd2c69.png,a,c,0.49342313408851624,"[{""label"": ""c"", ""probability"": 0.49342313408851624}, {""label"": ""a"", ""probability"": 0.25729265809059143}, {""label"": ""o"", ""probability"": 0.09140054881572723}]",lowercase,custom_lowercase_20260806
C:/Code/airwrite-vocab-assistant/data/airwrite_identity_eval/../raw_airwrite/lowercase/b/airwrite_lowercase_b_20260805_210158_270203_6f8696.png,b,p,0.3515164852142334,"[{""label"": ""p"", ""probability"": 0.3515164852142334}, {""label"": ""f"", ""probability"": 0.2218412160873413}, {""label"": ""b"", ""probability"": 0.15818874537944794}]",lowercase,custom_lowercase_20260806
C:/Code/airwrite-vocab-assistant/data/airwrite_identity_eval/../raw_airwrite/lowercase/b/airwrite_lowercase_b_20260805_210228_635863_430ea0.png,b,p,0.4627702832221985,"[{""label"": ""p"", ""probability"": 0.4627702832221985}, {""label"": ""b"", ""probability"": 0.17465215921401978}, {""label"": ""i"", ""probability"": 0.11524331569671631}]",lowercase,custom_lowercase_20260806
C:/Code/airwrite-vocab-assistant/data/airwrite_identity_eval/../raw_airwrite/lowercase/b/airwrite_lowercase_b_20260805_210303_004983_b049ac.png,b,i,0.6975319981575012,"[{""label"": ""i"", ""probability"": 0.6975319981575012}, {""label"": ""l"", ""probability"": 0.1564050018787384}, {""label"": ""t"", ""probability"": 0.0738404393196106}]",lowercase,custom_lowercase_20260806
C:/Code/airwrite-vocab-assistant/data/airwrite_identity_eval/../raw_airwrite/lowercase/b/airwrite_lowercase_b_20260805_210338_976410_c9c998.png,b,c,0.9992063641548157,"[{""label"": ""c"", ""probability"": 0.9992063641548157}, {""label"": ""e"", ""probability"": 0.0002535772800911218}, {""label"": ""l"", ""probability"": 0.0001429606491001323}]",lowercase,custom_lowercase_20260806
C:/Code/airwrite-vocab-assistant/data/airwrite_identity_eval/../raw_airwrite/lowercase/c/airwrite_lowercase_c_20260805_210342_856800_8f6be5 (5).png,c,i,0.7544158697128296,"[{""label"": ""i"", ""probability"": 0.7544158697128296}, {""label"": ""l"", ""probability"": 0.24073415994644165}, {""label"": ""r"", ""probability"": 0.0012370860204100609}]",lowercase,custom_lowercase_20260806
C:/Code/airwrite-vocab-assistant/data/airwrite_identity_eval/../raw_airwrite/lowercase/d/airwrite_lowercase_d_20260805_210619_051637_3b6280.png,d,j,0.4718916416168213,"[{""label"": ""j"", ""probability"": 0.4718916416168213}, {""label"": ""i"", ""probability"": 0.3495928943157196}, {""label"": ""d"", ""probability"": 0.07654676586389542}]",lowercase,custom_lowercase_20260806
C:/Code/airwrite-vocab-assistant/data/airwrite_identity_eval/../raw_airwrite/lowercase/d/airwrite_lowercase_d_20260805_210644_565968_8d7059.png,d,i,0.5347506403923035,"[{""label"": ""i"", ""probability"": 0.5347506403923035}, {""label"": ""t"", ""probability"": 0.2396443635225296}, {""label"": ""l"", ""probability"": 0.11684919148683548}]",lowercase,custom_lowercase_20260806
C:/Code/airwrite-vocab-assistant/data/airwrite_identity_eval/../raw_airwrite/lowercase/d/airwrite_lowercase_d_20260805_210658_448942_39d105.png,d,i,0.6643078327178955,"[{""label"": ""i"", ""probability"": 0.6643078327178955}, {""label"": ""j"", ""probability"": 0.19690608978271484}, {""label"": ""t"", ""probability"": 0.06920631974935532}]",lowercase,custom_lowercase_20260806
C:/Code/airwrite-vocab-assistant/data/airwrite_identity_eval/../raw_airwrite/lowercase/d/airwrite_lowercase_d_20260805_210703_938213_5d7f0c.png,d,j,0.5219146013259888,"[{""label"": ""j"", ""probability"": 0.5219146013259888}, {""label"": ""d"", ""probability"": 0.26548445224761963}, {""label"": ""i"", ""probability"": 0.12386465072631836}]",lowercase,custom_lowercase_20260806
C:/Code/airwrite-vocab-assistant/data/airwrite_identity_eval/../raw_airwrite/lowercase/d/airwrite_lowercase_d_20260805_210721_534840_1fb46f.png,d,j,0.489180326461792,"[{""label"": ""j"", ""probability"": 0.489180326461792}, {""label"": ""d"", ""probability"": 0.46960312128067017}, {""label"": ""i"", ""probability"": 0.025217225775122643}]",lowercase,custom_lowercase_20260806
C:/Code/airwrite-vocab-assistant/data/airwrite_identity_eval/../raw_airwrite/lowercase/d/airwrite_lowercase_d_20260805_210802_808407_70866f.png,d,i,0.29903823137283325,"[{""label"": ""i"", ""probability"": 0.29903823137283325}, {""label"": ""d"", ""probability"": 0.17793290317058563}, {""label"": ""j"", ""probability"": 0.14305658638477325}]",lowercase,custom_lowercase_20260806
C:/Code/airwrite-vocab-assistant/data/airwrite_identity_eval/../raw_airwrite/lowercase/e/airwrite_lowercase_e_20260805_210851_463931_da67ce.png,e,c,0.909716010093689,"[{""label"": ""c"", ""probability"": 0.909716010093689}, {""label"": ""g"", ""probability"": 0.06742605566978455}, {""label"": ""a"", ""probability"": 0.012364957481622696}]",lowercase,custom_lowercase_20260806
C:/Code/airwrite-vocab-assistant/data/airwrite_identity_eval/../raw_airwrite/lowercase/e/airwrite_lowercase_e_20260805_210855_986889_fbfd16.png,e,c,0.6166162490844727,"[{""label"": ""c"", ""probability"": 0.6166162490844727}, {""label"": ""e"", ""probability"": 0.3565118908882141}, {""label"": ""l"", ""probability"": 0.015624335035681725}]",lowercase,custom_lowercase_20260806
C:/Code/airwrite-vocab-assistant/data/airwrite_identity_eval/../raw_airwrite/lowercase/e/airwrite_lowercase_e_20260805_210905_891143_44fc49.png,e,c,0.8282115459442139,"[{""label"": ""c"", ""probability"": 0.8282115459442139}, {""label"": ""e"", ""probability"": 0.16686241328716278}, {""label"": ""g"", ""probability"": 0.0025018707383424044}]",lowercase,custom_lowercase_20260806
C:/Code/airwrite-vocab-assistant/data/airwrite_identity_eval/../raw_airwrite/lowercase/e/airwrite_lowercase_e_20260805_210909_461976_cdcf1b.png,e,c,0.8414996862411499,"[{""label"": ""c"", ""probability"": 0.8414996862411499}, {""label"": ""e"", ""probability"": 0.13700948655605316}, {""label"": ""l"", ""probability"": 0.00965929962694645}]",lowercase,custom_lowercase_20260806
C:/Code/airwrite-vocab-assistant/data/airwrite_identity_eval/../raw_airwrite/lowercase/e/airwrite_lowercase_e_20260805_210919_675402_716373.png,e,l,0.510896623134613,"[{""label"": ""l"", ""probability"": 0.510896623134613}, {""label"": ""c"", ""probability"": 0.24939197301864624}, {""label"": ""i"", ""probability"": 0.20264951884746552}]",lowercase,custom_lowercase_20260806
C:/Code/airwrite-vocab-assistant/data/airwrite_identity_eval/../raw_airwrite/lowercase/e/airwrite_lowercase_e_20260805_210931_999319_70d7dd.png,e,c,0.5161752700805664,"[{""label"": ""c"", ""probability"": 0.5161752700805664}, {""label"": ""a"", ""probability"": 0.25704705715179443}, {""label"": ""e"", ""probability"": 0.12119928747415543}]",lowercase,custom_lowercase_20260806
C:/Code/airwrite-vocab-assistant/data/airwrite_identity_eval/../raw_airwrite/lowercase/f/airwrite_lowercase_f_20260805_211004_708671_b02f10 (10).png,f,i,0.8422638773918152,"[{""label"": ""i"", ""probability"": 0.8422638773918152}, {""label"": ""l"", ""probability"": 0.0875554159283638}, {""label"": ""t"", ""probability"": 0.03224813565611839}]",lowercase,custom_lowercase_20260806
C:/Code/airwrite-vocab-assistant/data/airwrite_identity_eval/../raw_airwrite/lowercase/f/airwrite_lowercase_f_20260805_211004_708671_b02f10 (11).png,f,i,0.6074255704879761,"[{""label"": ""i"", ""probability"": 0.6074255704879761}, {""label"": ""j"", ""probability"": 0.3498125374317169}, {""label"": ""l"", ""probability"": 0.019202519208192825}]",lowercase,custom_lowercase_20260806
C:/Code/airwrite-vocab-assistant/data/airwrite_identity_eval/../raw_airwrite/lowercase/f/airwrite_lowercase_f_20260805_211004_708671_b02f10 (6).png,f,i,0.948407769203186,"[{""label"": ""i"", ""probability"": 0.948407769203186}, {""label"": ""l"", ""probability"": 0.013537163846194744}, {""label"": ""t"", ""probability"": 0.010341274552047253}]",lowercase,custom_lowercase_20260806
C:/Code/airwrite-vocab-assistant/data/airwrite_identity_eval/../raw_airwrite/lowercase/f/airwrite_lowercase_f_20260805_211004_708671_b02f10 (7).png,f,i,0.6195603013038635,"[{""label"": ""i"", ""probability"": 0.6195603013038635}, {""label"": ""j"", ""probability"": 0.1982436180114746}, {""label"": ""f"", ""probability"": 0.06496097147464752}]",lowercase,custom_lowercase_20260806
C:/Code/airwrite-vocab-assistant/data/airwrite_identity_eval/../raw_airwrite/lowercase/f/airwrite_lowercase_f_20260805_211004_708671_b02f10 (9).png,f,i,0.3525920510292053,"[{""label"": ""i"", ""probability"": 0.3525920510292053}, {""label"": ""t"", ""probability"": 0.31270602345466614}, {""label"": ""f"", ""probability"": 0.18550772964954376}]",lowercase,custom_lowercase_20260806
C:/Code/airwrite-vocab-assistant/data/airwrite_identity_eval/../raw_airwrite/lowercase/g/airwrite_lowercase_g_20260805_211328_391004_38327f.png,g,z,0.26577433943748474,"[{""label"": ""z"", ""probability"": 0.26577433943748474}, {""label"": ""g"", ""probability"": 0.25710946321487427}, {""label"": ""j"", ""probability"": 0.1535142958164215}]",lowercase,custom_lowercase_20260806
C:/Code/airwrite-vocab-assistant/data/airwrite_identity_eval/../raw_airwrite/lowercase/g/airwrite_lowercase_g_20260805_211334_980658_31d183.png,g,z,0.22925086319446564,"[{""label"": ""z"", ""probability"": 0.22925086319446564}, {""label"": ""i"", ""probability"": 0.15608596801757812}, {""label"": ""j"", ""probability"": 0.1370115727186203}]",lowercase,custom_lowercase_20260806
C:/Code/airwrite-vocab-assistant/data/airwrite_identity_eval/../raw_airwrite/lowercase/h/airwrite_lowercase_h_20260805_211517_590130_84deab.png,h,i,0.8219441771507263,"[{""label"": ""i"", ""probability"": 0.8219441771507263}, {""label"": ""l"", ""probability"": 0.17453065514564514}, {""label"": ""h"", ""probability"": 0.0007787278154864907}]",lowercase,custom_lowercase_20260806
C:/Code/airwrite-vocab-assistant/data/airwrite_identity_eval/../raw_airwrite/lowercase/h/airwrite_lowercase_h_20260805_211520_943421_796f05.png,h,i,0.9451996088027954,"[{""label"": ""i"", ""probability"": 0.9451996088027954}, {""label"": ""l"", ""probability"": 0.053554024547338486}, {""label"": ""j"", ""probability"": 0.000789445941336453}]",lowercase,custom_lowercase_20260806
C:/Code/airwrite-vocab-assistant/data/airwrite_identity_eval/../raw_airwrite/lowercase/i/airwrite_lowercase_i_20260805_211607_436291_b80080.png,i,j,0.59366774559021,"[{""label"": ""j"", ""probability"": 0.59366774559021}, {""label"": ""i"", ""probability"": 0.39790087938308716}, {""label"": ""t"", ""probability"": 0.00605008564889431}]",lowercase,custom_lowercase_20260806
C:/Code/airwrite-vocab-assistant/data/airwrite_identity_eval/../raw_airwrite/lowercase/i/airwrite_lowercase_i_20260805_211613_351078_fed8b6.png,i,j,0.47093600034713745,"[{""label"": ""j"", ""probability"": 0.47093600034713745}, {""label"": ""i"", ""probability"": 0.44327107071876526}, {""label"": ""l"", ""probability"": 0.03521713986992836}]",lowercase,custom_lowercase_20260806
C:/Code/airwrite-vocab-assistant/data/airwrite_identity_eval/../raw_airwrite/lowercase/i/airwrite_lowercase_i_20260805_211713_128255_edc9d1.png,i,j,0.652490496635437,"[{""label"": ""j"", ""probability"": 0.652490496635437}, {""label"": ""i"", ""probability"": 0.3220115303993225}, {""label"": ""t"", ""probability"": 0.015330187976360321}]",lowercase,custom_lowercase_20260806
C:/Code/airwrite-vocab-assistant/data/airwrite_identity_eval/../raw_airwrite/lowercase/j/airwrite_lowercase_j_20260805_211752_185067_575dce.png,j,i,0.5116670727729797,"[{""label"": ""i"", ""probability"": 0.5116670727729797}, {""label"": ""j"", ""probability"": 0.4837307929992676}, {""label"": ""l"", ""probability"": 0.002167728031054139}]",lowercase,custom_lowercase_20260806
C:/Code/airwrite-vocab-assistant/data/airwrite_identity_eval/../raw_airwrite/lowercase/k/airwrite_lowercase_K_20260805_213838_972680_eb1ba7 (1).png,k,i,0.5415542125701904,"[{""label"": ""i"", ""probability"": 0.5415542125701904}, {""label"": ""c"", ""probability"": 0.14504660665988922}, {""label"": ""j"", ""probability"": 0.09477194398641586}]",lowercase,custom_lowercase_20260806
C:/Code/airwrite-vocab-assistant/data/airwrite_identity_eval/../raw_airwrite/lowercase/k/airwrite_lowercase_K_20260805_213838_972680_eb1ba7 (2).png,k,t,0.35324522852897644,"[{""label"": ""t"", ""probability"": 0.35324522852897644}, {""label"": ""h"", ""probability"": 0.2371976524591446}, {""label"": ""k"", ""probability"": 0.1864761859178543}]",lowercase,custom_lowercase_20260806
C:/Code/airwrite-vocab-assistant/data/airwrite_identity_eval/../raw_airwrite/lowercase/k/airwrite_lowercase_K_20260805_213838_972680_eb1ba7 (3).png,k,t,0.45681098103523254,"[{""label"": ""t"", ""probability"": 0.45681098103523254}, {""label"": ""l"", ""probability"": 0.1548280566930771}, {""label"": ""b"", ""probability"": 0.10306055843830109}]",lowercase,custom_lowercase_20260806
C:/Code/airwrite-vocab-assistant/data/airwrite_identity_eval/../raw_airwrite/lowercase/k/airwrite_lowercase_k_20260805_213930_856952_09156d.png,k,f,0.49351435899734497,"[{""label"": ""f"", ""probability"": 0.49351435899734497}, {""label"": ""y"", ""probability"": 0.22164440155029297}, {""label"": ""t"", ""probability"": 0.18279381096363068}]",lowercase,custom_lowercase_20260806
C:/Code/airwrite-vocab-assistant/data/airwrite_identity_eval/../raw_airwrite/lowercase/l/airwrite_lowercase_l_20260805_213953_807491_30904a.png,l,h,0.49502578377723694,"[{""label"": ""h"", ""probability"": 0.49502578377723694}, {""label"": ""l"", ""probability"": 0.4352049231529236}, {""label"": ""i"", ""probability"": 0.0267101489007473}]",lowercase,custom_lowercase_20260806
C:/Code/airwrite-vocab-assistant/data/airwrite_identity_eval/../raw_airwrite/lowercase/l/airwrite_lowercase_l_20260805_213956_580080_c24023.png,l,h,0.7353572845458984,"[{""label"": ""h"", ""probability"": 0.7353572845458984}, {""label"": ""n"", ""probability"": 0.13031670451164246}, {""label"": ""l"", ""probability"": 0.03564174100756645}]",lowercase,custom_lowercase_20260806
C:/Code/airwrite-vocab-assistant/data/airwrite_identity_eval/../raw_airwrite/lowercase/l/airwrite_lowercase_l_20260805_214028_532568_e4cdf6.png,l,i,0.28525277972221375,"[{""label"": ""i"", ""probability"": 0.28525277972221375}, {""label"": ""f"", ""probability"": 0.26110589504241943}, {""label"": ""l"", ""probability"": 0.1156226322054863}]",lowercase,custom_lowercase_20260806
C:/Code/airwrite-vocab-assistant/data/airwrite_identity_eval/../raw_airwrite/lowercase/l/airwrite_lowercase_l_20260805_214031_417954_c9b039.png,l,i,0.7896903157234192,"[{""label"": ""i"", ""probability"": 0.7896903157234192}, {""label"": ""l"", ""probability"": 0.16897538304328918}, {""label"": ""t"", ""probability"": 0.011247205547988415}]",lowercase,custom_lowercase_20260806
C:/Code/airwrite-vocab-assistant/data/airwrite_identity_eval/../raw_airwrite/lowercase/l/airwrite_lowercase_l_20260805_214037_540446_567c4e.png,l,i,0.7945668697357178,"[{""label"": ""i"", ""probability"": 0.7945668697357178}, {""label"": ""l"", ""probability"": 0.17024071514606476}, {""label"": ""j"", ""probability"": 0.011751770041882992}]",lowercase,custom_lowercase_20260806
C:/Code/airwrite-vocab-assistant/data/airwrite_identity_eval/../raw_airwrite/lowercase/l/airwrite_lowercase_l_20260805_214050_704841_495c98.png,l,i,0.6554402112960815,"[{""label"": ""i"", ""probability"": 0.6554402112960815}, {""label"": ""l"", ""probability"": 0.27563801407814026}, {""label"": ""c"", ""probability"": 0.05911668762564659}]",lowercase,custom_lowercase_20260806
C:/Code/airwrite-vocab-assistant/data/airwrite_identity_eval/../raw_airwrite/lowercase/l/airwrite_lowercase_l_20260805_214057_898694_a71916.png,l,i,0.7912515997886658,"[{""label"": ""i"", ""probability"": 0.7912515997886658}, {""label"": ""l"", ""probability"": 0.08459687978029251}, {""label"": ""c"", ""probability"": 0.044262517243623734}]",lowercase,custom_lowercase_20260806
C:/Code/airwrite-vocab-assistant/data/airwrite_identity_eval/../raw_airwrite/lowercase/l/airwrite_lowercase_l_20260805_214100_822257_4b123c.png,l,i,0.931973397731781,"[{""label"": ""i"", ""probability"": 0.931973397731781}, {""label"": ""l"", ""probability"": 0.04310586303472519}, {""label"": ""j"", ""probability"": 0.006569597404450178}]",lowercase,custom_lowercase_20260806
C:/Code/airwrite-vocab-assistant/data/airwrite_identity_eval/../raw_airwrite/lowercase/n/airwrite_lowercase_n_20260805_214205_980954_abfd36.png,n,c,0.8599007725715637,"[{""label"": ""c"", ""probability"": 0.8599007725715637}, {""label"": ""n"", ""probability"": 0.09623105078935623}, {""label"": ""r"", ""probability"": 0.016805998980998993}]",lowercase,custom_lowercase_20260806
C:/Code/airwrite-vocab-assistant/data/airwrite_identity_eval/../raw_airwrite/lowercase/o/airwrite_lowercase_o_20260805_214323_867270_43a158.png,o,d,0.7105085253715515,"[{""label"": ""d"", ""probability"": 0.7105085253715515}, {""label"": ""o"", ""probability"": 0.23651883006095886}, {""label"": ""b"", ""probability"": 0.045667629688978195}]",lowercase,custom_lowercase_20260806
C:/Code/airwrite-vocab-assistant/data/airwrite_identity_eval/../raw_airwrite/lowercase/q/airwrite_lowercase_q_20260805_214501_745111_178b0a.png,q,g,0.4719125032424927,"[{""label"": ""g"", ""probability"": 0.4719125032424927}, {""label"": ""q"", ""probability"": 0.4262741804122925}, {""label"": ""d"", ""probability"": 0.09511078894138336}]",lowercase,custom_lowercase_20260806
C:/Code/airwrite-vocab-assistant/data/airwrite_identity_eval/../raw_airwrite/lowercase/q/airwrite_lowercase_q_20260805_214513_436830_2d3456.png,q,a,0.37084025144577026,"[{""label"": ""a"", ""probability"": 0.37084025144577026}, {""label"": ""q"", ""probability"": 0.298921674489975}, {""label"": ""d"", ""probability"": 0.22971199452877045}]",lowercase,custom_lowercase_20260806
C:/Code/airwrite-vocab-assistant/data/airwrite_identity_eval/../raw_airwrite/lowercase/q/airwrite_lowercase_q_20260805_214516_368172_9a85ef.png,q,a,0.6925956010818481,"[{""label"": ""a"", ""probability"": 0.6925956010818481}, {""label"": ""q"", ""probability"": 0.198709174990654}, {""label"": ""g"", ""probability"": 0.07416795939207077}]",lowercase,custom_lowercase_20260806
C:/Code/airwrite-vocab-assistant/data/airwrite_identity_eval/../raw_airwrite/lowercase/r/airwrite_lowercase_r_20260805_214609_896908_f1b835.png,r,y,0.5156137943267822,"[{""label"": ""y"", ""probability"": 0.5156137943267822}, {""label"": ""r"", ""probability"": 0.42628759145736694}, {""label"": ""v"", ""probability"": 0.018581656739115715}]",lowercase,custom_lowercase_20260806
C:/Code/airwrite-vocab-assistant/data/airwrite_identity_eval/../raw_airwrite/lowercase/r/airwrite_lowercase_r_20260805_214615_321178_36240d.png,r,n,0.39027541875839233,"[{""label"": ""n"", ""probability"": 0.39027541875839233}, {""label"": ""r"", ""probability"": 0.2742471694946289}, {""label"": ""c"", ""probability"": 0.11300608515739441}]",lowercase,custom_lowercase_20260806
C:/Code/airwrite-vocab-assistant/data/airwrite_identity_eval/../raw_airwrite/lowercase/r/airwrite_lowercase_r_20260805_214618_043583_a9d4bd.png,r,n,0.20775972306728363,"[{""label"": ""n"", ""probability"": 0.20775972306728363}, {""label"": ""c"", ""probability"": 0.1881226897239685}, {""label"": ""r"", ""probability"": 0.17361679673194885}]",lowercase,custom_lowercase_20260806
C:/Code/airwrite-vocab-assistant/data/airwrite_identity_eval/../raw_airwrite/lowercase/r/airwrite_lowercase_r_20260805_214621_136088_cc4d56.png,r,v,0.27429333329200745,"[{""label"": ""v"", ""probability"": 0.27429333329200745}, {""label"": ""w"", ""probability"": 0.21589107811450958}, {""label"": ""r"", ""probability"": 0.18815892934799194}]",lowercase,custom_lowercase_20260806
C:/Code/airwrite-vocab-assistant/data/airwrite_identity_eval/../raw_airwrite/lowercase/r/airwrite_lowercase_r_20260805_214629_542426_7adb8d.png,r,w,0.37675705552101135,"[{""label"": ""w"", ""probability"": 0.37675705552101135}, {""label"": ""v"", ""probability"": 0.2061341553926468}, {""label"": ""m"", ""probability"": 0.12030342221260071}]",lowercase,custom_lowercase_20260806
C:/Code/airwrite-vocab-assistant/data/airwrite_identity_eval/../raw_airwrite/lowercase/r/airwrite_lowercase_r_20260805_214645_923774_3618f4.png,r,n,0.5272481441497803,"[{""label"": ""n"", ""probability"": 0.5272481441497803}, {""label"": ""r"", ""probability"": 0.18391162157058716}, {""label"": ""v"", ""probability"": 0.13953912258148193}]",lowercase,custom_lowercase_20260806
C:/Code/airwrite-vocab-assistant/data/airwrite_identity_eval/../raw_airwrite/lowercase/s/airwrite_lowercase_s_20260805_214704_542680_15d253.png,s,q,0.3826342821121216,"[{""label"": ""q"", ""probability"": 0.3826342821121216}, {""label"": ""d"", ""probability"": 0.3441290557384491}, {""label"": ""b"", ""probability"": 0.1366862654685974}]",lowercase,custom_lowercase_20260806
C:/Code/airwrite-vocab-assistant/data/airwrite_identity_eval/../raw_airwrite/lowercase/s/airwrite_lowercase_s_20260805_214708_869534_c56ef9.png,s,d,0.8064205050468445,"[{""label"": ""d"", ""probability"": 0.8064205050468445}, {""label"": ""q"", ""probability"": 0.1664423942565918}, {""label"": ""o"", ""probability"": 0.01235982496291399}]",lowercase,custom_lowercase_20260806
C:/Code/airwrite-vocab-assistant/data/airwrite_identity_eval/../raw_airwrite/lowercase/s/airwrite_lowercase_s_20260805_214713_323567_3beb4c.png,s,f,0.4837973117828369,"[{""label"": ""f"", ""probability"": 0.4837973117828369}, {""label"": ""s"", ""probability"": 0.4012237787246704}, {""label"": ""j"", ""probability"": 0.10409138351678848}]",lowercase,custom_lowercase_20260806
C:/Code/airwrite-vocab-assistant/data/airwrite_identity_eval/../raw_airwrite/lowercase/t/airwrite_lowercase_t_20260805_214823_368068_60b429.png,t,w,0.6449801325798035,"[{""label"": ""w"", ""probability"": 0.6449801325798035}, {""label"": ""e"", ""probability"": 0.1206645518541336}, {""label"": ""u"", ""probability"": 0.08007441461086273}]",lowercase,custom_lowercase_20260806
C:/Code/airwrite-vocab-assistant/data/airwrite_identity_eval/../raw_airwrite/lowercase/t/airwrite_lowercase_t_20260805_214827_019603_f3f27b.png,t,e,0.2605394423007965,"[{""label"": ""e"", ""probability"": 0.2605394423007965}, {""label"": ""t"", ""probability"": 0.25718873739242554}, {""label"": ""z"", ""probability"": 0.09419134259223938}]",lowercase,custom_lowercase_20260806
C:/Code/airwrite-vocab-assistant/data/airwrite_identity_eval/../raw_airwrite/lowercase/t/airwrite_lowercase_t_20260805_214830_369772_f836a9.png,t,w,0.9712892770767212,"[{""label"": ""w"", ""probability"": 0.9712892770767212}, {""label"": ""v"", ""probability"": 0.015477804467082024}, {""label"": ""u"", ""probability"": 0.004859154112637043}]",lowercase,custom_lowercase_20260806
C:/Code/airwrite-vocab-assistant/data/airwrite_identity_eval/../raw_airwrite/lowercase/t/airwrite_lowercase_t_20260805_214842_723191_bff66c.png,t,k,0.9585356116294861,"[{""label"": ""k"", ""probability"": 0.9585356116294861}, {""label"": ""r"", ""probability"": 0.01510388869792223}, {""label"": ""e"", ""probability"": 0.01159104984253645}]",lowercase,custom_lowercase_20260806
C:/Code/airwrite-vocab-assistant/data/airwrite_identity_eval/../raw_airwrite/lowercase/t/airwrite_lowercase_t_20260805_214846_024111_4f7562.png,t,x,0.2878815531730652,"[{""label"": ""x"", ""probability"": 0.2878815531730652}, {""label"": ""z"", ""probability"": 0.19106243550777435}, {""label"": ""t"", ""probability"": 0.17289245128631592}]",lowercase,custom_lowercase_20260806
C:/Code/airwrite-vocab-assistant/data/airwrite_identity_eval/../raw_airwrite/lowercase/t/airwrite_lowercase_t_20260805_214855_229445_bf9432.png,t,v,0.42675110697746277,"[{""label"": ""v"", ""probability"": 0.42675110697746277}, {""label"": ""w"", ""probability"": 0.20465804636478424}, {""label"": ""e"", ""probability"": 0.06856240332126617}]",lowercase,custom_lowercase_20260806
C:/Code/airwrite-vocab-assistant/data/airwrite_identity_eval/../raw_airwrite/lowercase/u/airwrite_lowercase_u_20260805_214956_632099_693b3d.png,u,w,0.5095664858818054,"[{""label"": ""w"", ""probability"": 0.5095664858818054}, {""label"": ""y"", ""probability"": 0.39465075731277466}, {""label"": ""u"", ""probability"": 0.043348751962184906}]",lowercase,custom_lowercase_20260806
C:/Code/airwrite-vocab-assistant/data/airwrite_identity_eval/../raw_airwrite/lowercase/v/airwrite_lowercase_v_20260805_215012_461936_b00444 (1).png,v,u,0.4515721797943115,"[{""label"": ""u"", ""probability"": 0.4515721797943115}, {""label"": ""v"", ""probability"": 0.24901852011680603}, {""label"": ""y"", ""probability"": 0.15275885164737701}]",lowercase,custom_lowercase_20260806
C:/Code/airwrite-vocab-assistant/data/airwrite_identity_eval/../raw_airwrite/lowercase/v/airwrite_lowercase_v_20260805_215012_461936_b00444 (23).png,v,j,0.5989898443222046,"[{""label"": ""j"", ""probability"": 0.5989898443222046}, {""label"": ""v"", ""probability"": 0.22749146819114685}, {""label"": ""s"", ""probability"": 0.07024233788251877}]",lowercase,custom_lowercase_20260806
C:/Code/airwrite-vocab-assistant/data/airwrite_identity_eval/../raw_airwrite/lowercase/v/airwrite_lowercase_v_20260805_215012_461936_b00444 (25).png,v,u,0.711010754108429,"[{""label"": ""u"", ""probability"": 0.711010754108429}, {""label"": ""v"", ""probability"": 0.23676741123199463}, {""label"": ""y"", ""probability"": 0.028853466734290123}]",lowercase,custom_lowercase_20260806
C:/Code/airwrite-vocab-assistant/data/airwrite_identity_eval/../raw_airwrite/lowercase/v/airwrite_lowercase_v_20260805_215012_461936_b00444 (29).png,v,u,0.5208603739738464,"[{""label"": ""u"", ""probability"": 0.5208603739738464}, {""label"": ""v"", ""probability"": 0.4585621654987335}, {""label"": ""y"", ""probability"": 0.00936723593622446}]",lowercase,custom_lowercase_20260806
C:/Code/airwrite-vocab-assistant/data/airwrite_identity_eval/../raw_airwrite/lowercase/x/airwrite_lowercase_x_20260805_215313_581171_15f0b9.png,x,f,0.9698029160499573,"[{""label"": ""f"", ""probability"": 0.9698029160499573}, {""label"": ""t"", ""probability"": 0.02261343039572239}, {""label"": ""e"", ""probability"": 0.0038180227857083082}]",lowercase,custom_lowercase_20260806
C:/Code/airwrite-vocab-assistant/data/airwrite_identity_eval/../raw_airwrite/lowercase/x/airwrite_lowercase_x_20260805_215326_428685_9bbcdc.png,x,i,0.419707328081131,"[{""label"": ""i"", ""probability"": 0.419707328081131}, {""label"": ""f"", ""probability"": 0.4005495011806488}, {""label"": ""e"", ""probability"": 0.07668685913085938}]",lowercase,custom_lowercase_20260806
C:/Code/airwrite-vocab-assistant/data/airwrite_identity_eval/../raw_airwrite/lowercase/x/airwrite_lowercase_x_20260805_215330_388444_9e2b83.png,x,f,0.8566544651985168,"[{""label"": ""f"", ""probability"": 0.8566544651985168}, {""label"": ""t"", ""probability"": 0.04310115426778793}, {""label"": ""e"", ""probability"": 0.039967119693756104}]",lowercase,custom_lowercase_20260806
C:/Code/airwrite-vocab-assistant/data/airwrite_identity_eval/../raw_airwrite/lowercase/x/airwrite_lowercase_x_20260805_215334_079326_2af510.png,x,f,0.7681670188903809,"[{""label"": ""f"", ""probability"": 0.7681670188903809}, {""label"": ""e"", ""probability"": 0.08281294256448746}, {""label"": ""t"", ""probability"": 0.034787289798259735}]",lowercase,custom_lowercase_20260806
C:/Code/airwrite-vocab-assistant/data/airwrite_identity_eval/../raw_airwrite/lowercase/x/airwrite_lowercase_x_20260805_215342_147988_5c71b8.png,x,z,0.4241909682750702,"[{""label"": ""z"", ""probability"": 0.4241909682750702}, {""label"": ""f"", ""probability"": 0.40190473198890686}, {""label"": ""i"", ""probability"": 0.051645051687955856}]",lowercase,custom_lowercase_20260806
C:/Code/airwrite-vocab-assistant/data/airwrite_identity_eval/../raw_airwrite/lowercase/x/airwrite_lowercase_x_20260805_215346_051275_d935e7.png,x,z,0.4211623966693878,"[{""label"": ""z"", ""probability"": 0.4211623966693878}, {""label"": ""f"", ""probability"": 0.20408782362937927}, {""label"": ""x"", ""probability"": 0.08184918761253357}]",lowercase,custom_lowercase_20260806
C:/Code/airwrite-vocab-assistant/data/airwrite_identity_eval/../raw_airwrite/lowercase/x/airwrite_lowercase_x_20260805_215352_273096_519443.png,x,i,0.41888538002967834,"[{""label"": ""i"", ""probability"": 0.41888538002967834}, {""label"": ""z"", ""probability"": 0.14589211344718933}, {""label"": ""e"", ""probability"": 0.11457227915525436}]",lowercase,custom_lowercase_20260806
C:/Code/airwrite-vocab-assistant/data/airwrite_identity_eval/../raw_airwrite/lowercase/x/airwrite_lowercase_x_20260805_215400_006818_a1abf8.png,x,i,0.8535916805267334,"[{""label"": ""i"", ""probability"": 0.8535916805267334}, {""label"": ""j"", ""probability"": 0.10602318495512009}, {""label"": ""f"", ""probability"": 0.014241364784538746}]",lowercase,custom_lowercase_20260806
C:/Code/airwrite-vocab-assistant/data/airwrite_identity_eval/../raw_airwrite/lowercase/y/airwrite_lowercase_y_20260805_215501_524061_069a89.png,y,i,0.48513102531433105,"[{""label"": ""i"", ""probability"": 0.48513102531433105}, {""label"": ""j"", ""probability"": 0.29367154836654663}, {""label"": ""t"", ""probability"": 0.08762971311807632}]",lowercase,custom_lowercase_20260806
C:/Code/airwrite-vocab-assistant/data/airwrite_identity_eval/../raw_airwrite/lowercase/y/airwrite_lowercase_y_20260805_215508_694487_d24960.png,y,j,0.5317521691322327,"[{""label"": ""j"", ""probability"": 0.5317521691322327}, {""label"": ""y"", ""probability"": 0.20050489902496338}, {""label"": ""i"", ""probability"": 0.1098281592130661}]",lowercase,custom_lowercase_20260806
C:/Code/airwrite-vocab-assistant/data/airwrite_identity_eval/../raw_airwrite/lowercase/z/airwrite_lowercase_z_20260805_215544_645249_5bcada.png,z,c,0.40698346495628357,"[{""label"": ""c"", ""probability"": 0.40698346495628357}, {""label"": ""n"", ""probability"": 0.18382343649864197}, {""label"": ""v"", ""probability"": 0.1231502816081047}]",lowercase,custom_lowercase_20260806
