image_path,true_label,predicted_label,confidence,top_3,source
C:/Code/airwrite-vocab-assistant/data/airwrite_identity_eval/../raw_airwrite/A/airwrite_A_20260728_215529_839191_25d943.png,a,k,0.9833977222442627,"[{""label"": ""k"", ""probability"": 0.9833977222442627}, {""label"": ""r"", ""probability"": 0.013372663408517838}, {""label"": ""f"", ""probability"": 0.001419596141204238}]",uppercase
C:/Code/airwrite-vocab-assistant/data/airwrite_identity_eval/../raw_airwrite/A/airwrite_A_20260728_220001_370773_680bf4.png,a,a,0.736632764339447,"[{""label"": ""a"", ""probability"": 0.736632764339447}, {""label"": ""r"", ""probability"": 0.11677229404449463}, {""label"": ""f"", ""probability"": 0.07287519425153732}]",uppercase
C:/Code/airwrite-vocab-assistant/data/airwrite_identity_eval/../raw_airwrite/A/airwrite_A_20260728_220033_920765_388f1f.png,a,a,0.9984265565872192,"[{""label"": ""a"", ""probability"": 0.9984265565872192}, {""label"": ""h"", ""probability"": 0.0008245085482485592}, {""label"": ""m"", ""probability"": 0.00030328865977935493}]",uppercase
C:/Code/airwrite-vocab-assistant/data/airwrite_identity_eval/../raw_airwrite/A/airwrite_A_20260728_220246_222552_84089a.png,a,a,0.5209690928459167,"[{""label"": ""a"", ""probability"": 0.5209690928459167}, {""label"": ""x"", ""probability"": 0.2147717922925949}, {""label"": ""r"", ""probability"": 0.13788354396820068}]",uppercase
C:/Code/airwrite-vocab-assistant/data/airwrite_identity_eval/../raw_airwrite/A/airwrite_A_20260728_220252_328092_202fa5.png,a,a,0.6021021604537964,"[{""label"": ""a"", ""probability"": 0.6021021604537964}, {""label"": ""x"", ""probability"": 0.1934126764535904}, {""label"": ""r"", ""probability"": 0.10841222107410431}]",uppercase
C:/Code/airwrite-vocab-assistant/data/airwrite_identity_eval/../raw_airwrite/A/airwrite_A_20260728_220314_965246_73faed.png,a,k,0.2817021906375885,"[{""label"": ""k"", ""probability"": 0.2817021906375885}, {""label"": ""x"", ""probability"": 0.2167741358280182}, {""label"": ""a"", ""probability"": 0.20280972123146057}]",uppercase
C:/Code/airwrite-vocab-assistant/data/airwrite_identity_eval/../raw_airwrite/A/airwrite_A_20260728_220341_453796_faaadf.png,a,a,0.9985509514808655,"[{""label"": ""a"", ""probability"": 0.9985509514808655}, {""label"": ""h"", ""probability"": 0.0007246877648867667}, {""label"": ""f"", ""probability"": 0.0004468526167329401}]",uppercase
C:/Code/airwrite-vocab-assistant/data/airwrite_identity_eval/../raw_airwrite/A/airwrite_A_20260728_220418_134814_440036.png,a,a,0.985395073890686,"[{""label"": ""a"", ""probability"": 0.985395073890686}, {""label"": ""h"", ""probability"": 0.006381447892636061}, {""label"": ""f"", ""probability"": 0.002380158519372344}]",uppercase
C:/Code/airwrite-vocab-assistant/data/airwrite_identity_eval/../raw_airwrite/A/airwrite_A_20260728_220428_776817_c0cdf3.png,a,a,0.9962233304977417,"[{""label"": ""a"", ""probability"": 0.9962233304977417}, {""label"": ""h"", ""probability"": 0.0032282571773976088}, {""label"": ""n"", ""probability"": 0.00018802830891218036}]",uppercase
C:/Code/airwrite-vocab-assistant/data/airwrite_identity_eval/../raw_airwrite/A/airwrite_A_20260728_220440_416995_0a199a.png,a,f,0.4390518367290497,"[{""label"": ""f"", ""probability"": 0.4390518367290497}, {""label"": ""a"", ""probability"": 0.18904370069503784}, {""label"": ""i"", ""probability"": 0.09513416141271591}]",uppercase
C:/Code/airwrite-vocab-assistant/data/airwrite_identity_eval/../raw_airwrite/A/airwrite_A_20260728_220448_579039_0d61fa.png,a,a,0.9459651708602905,"[{""label"": ""a"", ""probability"": 0.9459651708602905}, {""label"": ""h"", ""probability"": 0.0273676048964262}, {""label"": ""t"", ""probability"": 0.0035962958354502916}]",uppercase
C:/Code/airwrite-vocab-assistant/data/airwrite_identity_eval/../raw_airwrite/A/airwrite_A_20260728_220458_661282_5da8ff.png,a,a,0.5240557789802551,"[{""label"": ""a"", ""probability"": 0.5240557789802551}, {""label"": ""r"", ""probability"": 0.18174943327903748}, {""label"": ""f"", ""probability"": 0.18055109679698944}]",uppercase
C:/Code/airwrite-vocab-assistant/data/airwrite_identity_eval/../raw_airwrite/A/airwrite_A_20260728_220511_253089_2cda08.png,a,a,0.9068832993507385,"[{""label"": ""a"", ""probability"": 0.9068832993507385}, {""label"": ""x"", ""probability"": 0.025103436782956123}, {""label"": ""r"", ""probability"": 0.012107254937291145}]",uppercase
C:/Code/airwrite-vocab-assistant/data/airwrite_identity_eval/../raw_airwrite/A/airwrite_A_20260728_220516_688131_23112b.png,a,m,0.1586696207523346,"[{""label"": ""m"", ""probability"": 0.1586696207523346}, {""label"": ""n"", ""probability"": 0.12970001995563507}, {""label"": ""h"", ""probability"": 0.12730181217193604}]",uppercase
C:/Code/airwrite-vocab-assistant/data/airwrite_identity_eval/../raw_airwrite/A/airwrite_A_20260728_220531_874170_563ed9.png,a,n,0.40799927711486816,"[{""label"": ""n"", ""probability"": 0.40799927711486816}, {""label"": ""r"", ""probability"": 0.3055117726325989}, {""label"": ""t"", ""probability"": 0.10593420267105103}]",uppercase
C:/Code/airwrite-vocab-assistant/data/airwrite_identity_eval/../raw_airwrite/A/airwrite_A_20260728_220536_391844_3f128d.png,a,a,0.9569450616836548,"[{""label"": ""a"", ""probability"": 0.9569450616836548}, {""label"": ""r"", ""probability"": 0.010779897682368755}, {""label"": ""n"", ""probability"": 0.009955390356481075}]",uppercase
C:/Code/airwrite-vocab-assistant/data/airwrite_identity_eval/../raw_airwrite/A/airwrite_A_20260728_220555_174007_b66440.png,a,a,0.9329925775527954,"[{""label"": ""a"", ""probability"": 0.9329925775527954}, {""label"": ""r"", ""probability"": 0.03245076909661293}, {""label"": ""f"", ""probability"": 0.017929110676050186}]",uppercase
C:/Code/airwrite-vocab-assistant/data/airwrite_identity_eval/../raw_airwrite/A/airwrite_A_20260728_220602_494801_7b254b.png,a,t,0.20189301669597626,"[{""label"": ""t"", ""probability"": 0.20189301669597626}, {""label"": ""l"", ""probability"": 0.20180922746658325}, {""label"": ""i"", ""probability"": 0.18899005651474}]",uppercase
C:/Code/airwrite-vocab-assistant/data/airwrite_identity_eval/../raw_airwrite/A/airwrite_A_20260728_220608_597731_21bbbf.png,a,i,0.7495980858802795,"[{""label"": ""i"", ""probability"": 0.7495980858802795}, {""label"": ""z"", ""probability"": 0.10083796083927155}, {""label"": ""t"", ""probability"": 0.04314444214105606}]",uppercase
C:/Code/airwrite-vocab-assistant/data/airwrite_identity_eval/../raw_airwrite/A/airwrite_A_20260728_220615_633247_b74777.png,a,y,0.43057528138160706,"[{""label"": ""y"", ""probability"": 0.43057528138160706}, {""label"": ""v"", ""probability"": 0.17497403919696808}, {""label"": ""j"", ""probability"": 0.135103240609169}]",uppercase
C:/Code/airwrite-vocab-assistant/data/airwrite_identity_eval/../raw_airwrite/A/airwrite_A_20260728_220622_351571_6f0b4a.png,a,f,0.5507607460021973,"[{""label"": ""f"", ""probability"": 0.5507607460021973}, {""label"": ""k"", ""probability"": 0.23255258798599243}, {""label"": ""x"", ""probability"": 0.10220195353031158}]",uppercase
C:/Code/airwrite-vocab-assistant/data/airwrite_identity_eval/../raw_airwrite/A/airwrite_A_20260728_220731_055106_887354.png,a,a,0.9756516218185425,"[{""label"": ""a"", ""probability"": 0.9756516218185425}, {""label"": ""h"", ""probability"": 0.017219867557287216}, {""label"": ""f"", ""probability"": 0.003337364410981536}]",uppercase
C:/Code/airwrite-vocab-assistant/data/airwrite_identity_eval/../raw_airwrite/A/airwrite_A_20260728_220741_852313_8dd31e.png,a,y,0.4518693685531616,"[{""label"": ""y"", ""probability"": 0.4518693685531616}, {""label"": ""h"", ""probability"": 0.15724995732307434}, {""label"": ""v"", ""probability"": 0.11735230684280396}]",uppercase
C:/Code/airwrite-vocab-assistant/data/airwrite_identity_eval/../raw_airwrite/A/airwrite_A_20260728_220802_188167_5787b2.png,a,r,0.5593257546424866,"[{""label"": ""r"", ""probability"": 0.5593257546424866}, {""label"": ""a"", ""probability"": 0.1584363579750061}, {""label"": ""n"", ""probability"": 0.08104175329208374}]",uppercase
C:/Code/airwrite-vocab-assistant/data/airwrite_identity_eval/../raw_airwrite/A/airwrite_A_20260728_220808_467685_c77a5a.png,a,a,0.8490442633628845,"[{""label"": ""a"", ""probability"": 0.8490442633628845}, {""label"": ""h"", ""probability"": 0.11290838569402695}, {""label"": ""k"", ""probability"": 0.01838783733546734}]",uppercase
C:/Code/airwrite-vocab-assistant/data/airwrite_identity_eval/../raw_airwrite/A/airwrite_A_20260728_220818_591210_a82418.png,a,f,0.46058157086372375,"[{""label"": ""f"", ""probability"": 0.46058157086372375}, {""label"": ""a"", ""probability"": 0.3049354553222656}, {""label"": ""r"", ""probability"": 0.04512399807572365}]",uppercase
C:/Code/airwrite-vocab-assistant/data/airwrite_identity_eval/../raw_airwrite/A/airwrite_A_20260728_220830_230461_61066d.png,a,d,0.4461861848831177,"[{""label"": ""d"", ""probability"": 0.4461861848831177}, {""label"": ""p"", ""probability"": 0.2338709980249405}, {""label"": ""j"", ""probability"": 0.111077219247818}]",uppercase
C:/Code/airwrite-vocab-assistant/data/airwrite_identity_eval/../raw_airwrite/A/airwrite_A_20260728_220836_706139_df3568.png,a,c,0.4782060980796814,"[{""label"": ""c"", ""probability"": 0.4782060980796814}, {""label"": ""e"", ""probability"": 0.3137992322444916}, {""label"": ""g"", ""probability"": 0.05704868212342262}]",uppercase
C:/Code/airwrite-vocab-assistant/data/airwrite_identity_eval/../raw_airwrite/A/airwrite_A_20260728_220843_569944_9ea75c.png,a,a,0.9047451615333557,"[{""label"": ""a"", ""probability"": 0.9047451615333557}, {""label"": ""h"", ""probability"": 0.027493104338645935}, {""label"": ""k"", ""probability"": 0.02167157083749771}]",uppercase
C:/Code/airwrite-vocab-assistant/data/airwrite_identity_eval/../raw_airwrite/A/airwrite_A_20260728_220855_284469_4136d0.png,a,i,0.7557858228683472,"[{""label"": ""i"", ""probability"": 0.7557858228683472}, {""label"": ""t"", ""probability"": 0.06963355839252472}, {""label"": ""j"", ""probability"": 0.05783146619796753}]",uppercase
C:/Code/airwrite-vocab-assistant/data/airwrite_identity_eval/../raw_airwrite/A/airwrite_A_20260728_220905_909299_7518fe.png,a,i,0.2552351653575897,"[{""label"": ""i"", ""probability"": 0.2552351653575897}, {""label"": ""f"", ""probability"": 0.25395533442497253}, {""label"": ""t"", ""probability"": 0.24073317646980286}]",uppercase
C:/Code/airwrite-vocab-assistant/data/airwrite_identity_eval/../raw_airwrite/A/airwrite_A_20260728_220917_990103_0f54b1.png,a,a,0.5805615186691284,"[{""label"": ""a"", ""probability"": 0.5805615186691284}, {""label"": ""t"", ""probability"": 0.1242014616727829}, {""label"": ""f"", ""probability"": 0.09655824303627014}]",uppercase
C:/Code/airwrite-vocab-assistant/data/airwrite_identity_eval/../raw_airwrite/A/airwrite_A_20260728_220926_782562_660163.png,a,a,0.7330719828605652,"[{""label"": ""a"", ""probability"": 0.7330719828605652}, {""label"": ""h"", ""probability"": 0.2161000669002533}, {""label"": ""t"", ""probability"": 0.03094533644616604}]",uppercase
C:/Code/airwrite-vocab-assistant/data/airwrite_identity_eval/../raw_airwrite/A/airwrite_A_20260728_220943_320091_460834.png,a,i,0.3627582788467407,"[{""label"": ""i"", ""probability"": 0.3627582788467407}, {""label"": ""t"", ""probability"": 0.12428489327430725}, {""label"": ""l"", ""probability"": 0.09962867945432663}]",uppercase
C:/Code/airwrite-vocab-assistant/data/airwrite_identity_eval/../raw_airwrite/A/airwrite_A_20260728_220955_758235_297a45.png,a,w,0.45842888951301575,"[{""label"": ""w"", ""probability"": 0.45842888951301575}, {""label"": ""v"", ""probability"": 0.3373062312602997}, {""label"": ""u"", ""probability"": 0.08248045295476913}]",uppercase
C:/Code/airwrite-vocab-assistant/data/airwrite_identity_eval/../raw_airwrite/A/airwrite_A_20260728_221015_119888_480335.png,a,f,0.6191146969795227,"[{""label"": ""f"", ""probability"": 0.6191146969795227}, {""label"": ""t"", ""probability"": 0.1807893067598343}, {""label"": ""r"", ""probability"": 0.12684522569179535}]",uppercase
C:/Code/airwrite-vocab-assistant/data/airwrite_identity_eval/../raw_airwrite/A/airwrite_A_20260728_221239_873570_036951.png,a,a,0.9722345471382141,"[{""label"": ""a"", ""probability"": 0.9722345471382141}, {""label"": ""l"", ""probability"": 0.0065281447023153305}, {""label"": ""f"", ""probability"": 0.006237837020307779}]",uppercase
C:/Code/airwrite-vocab-assistant/data/airwrite_identity_eval/../raw_airwrite/A/airwrite_A_20260728_221248_544649_9c1b4b.png,a,a,0.49681052565574646,"[{""label"": ""a"", ""probability"": 0.49681052565574646}, {""label"": ""r"", ""probability"": 0.259646475315094}, {""label"": ""f"", ""probability"": 0.11417189985513687}]",uppercase
C:/Code/airwrite-vocab-assistant/data/airwrite_identity_eval/../raw_airwrite/A/airwrite_A_20260728_221255_533951_3f69d3.png,a,a,0.5564310550689697,"[{""label"": ""a"", ""probability"": 0.5564310550689697}, {""label"": ""n"", ""probability"": 0.18644337356090546}, {""label"": ""r"", ""probability"": 0.08181151002645493}]",uppercase
C:/Code/airwrite-vocab-assistant/data/airwrite_identity_eval/../raw_airwrite/A/airwrite_A_20260728_221302_711607_6f9d86.png,a,v,0.6908931732177734,"[{""label"": ""v"", ""probability"": 0.6908931732177734}, {""label"": ""w"", ""probability"": 0.08236753195524216}, {""label"": ""n"", ""probability"": 0.04166026785969734}]",uppercase
C:/Code/airwrite-vocab-assistant/data/airwrite_identity_eval/../raw_airwrite/A/airwrite_A_20260728_221310_708333_c608f0.png,a,v,0.3524038791656494,"[{""label"": ""v"", ""probability"": 0.3524038791656494}, {""label"": ""w"", ""probability"": 0.22325976192951202}, {""label"": ""j"", ""probability"": 0.10027489066123962}]",uppercase
C:/Code/airwrite-vocab-assistant/data/airwrite_identity_eval/../raw_airwrite/A/airwrite_A_20260728_221316_929475_c12536.png,a,j,0.30920812487602234,"[{""label"": ""j"", ""probability"": 0.30920812487602234}, {""label"": ""i"", ""probability"": 0.17322885990142822}, {""label"": ""f"", ""probability"": 0.1405780166387558}]",uppercase
C:/Code/airwrite-vocab-assistant/data/airwrite_identity_eval/../raw_airwrite/A/airwrite_A_20260728_221328_271610_1c6f98.png,a,i,0.6901969313621521,"[{""label"": ""i"", ""probability"": 0.6901969313621521}, {""label"": ""b"", ""probability"": 0.07940048724412918}, {""label"": ""j"", ""probability"": 0.055759578943252563}]",uppercase
C:/Code/airwrite-vocab-assistant/data/airwrite_identity_eval/../raw_airwrite/A/airwrite_A_20260728_221335_445282_c45926.png,a,k,0.6387757658958435,"[{""label"": ""k"", ""probability"": 0.6387757658958435}, {""label"": ""y"", ""probability"": 0.11129790544509888}, {""label"": ""x"", ""probability"": 0.07081325352191925}]",uppercase
C:/Code/airwrite-vocab-assistant/data/airwrite_identity_eval/../raw_airwrite/A/airwrite_A_20260728_221346_447982_f06ef3.png,a,f,0.7538905739784241,"[{""label"": ""f"", ""probability"": 0.7538905739784241}, {""label"": ""a"", ""probability"": 0.08602658659219742}, {""label"": ""t"", ""probability"": 0.05911976471543312}]",uppercase
C:/Code/airwrite-vocab-assistant/data/airwrite_identity_eval/../raw_airwrite/A/airwrite_A_20260728_221426_097410_f0cb6b.png,a,a,0.2587115466594696,"[{""label"": ""a"", ""probability"": 0.2587115466594696}, {""label"": ""x"", ""probability"": 0.16083872318267822}, {""label"": ""h"", ""probability"": 0.13407012820243835}]",uppercase
C:/Code/airwrite-vocab-assistant/data/airwrite_identity_eval/../raw_airwrite/A/airwrite_A_20260728_221434_777678_d89c51.png,a,a,0.2504957318305969,"[{""label"": ""a"", ""probability"": 0.2504957318305969}, {""label"": ""r"", ""probability"": 0.23350206017494202}, {""label"": ""x"", ""probability"": 0.20444557070732117}]",uppercase
C:/Code/airwrite-vocab-assistant/data/airwrite_identity_eval/../raw_airwrite/A/airwrite_A_20260728_221439_756362_1d2f08.png,a,a,0.31115278601646423,"[{""label"": ""a"", ""probability"": 0.31115278601646423}, {""label"": ""f"", ""probability"": 0.22375455498695374}, {""label"": ""r"", ""probability"": 0.1437862366437912}]",uppercase
C:/Code/airwrite-vocab-assistant/data/airwrite_identity_eval/../raw_airwrite/B/airwrite_B_20260728_221525_720449_41dad4.png,b,b,0.995359480381012,"[{""label"": ""b"", ""probability"": 0.995359480381012}, {""label"": ""d"", ""probability"": 0.003107746597379446}, {""label"": ""l"", ""probability"": 0.0008150950307026505}]",uppercase
C:/Code/airwrite-vocab-assistant/data/airwrite_identity_eval/../raw_airwrite/B/airwrite_B_20260728_221539_229509_94c0ff.png,b,b,0.5838920474052429,"[{""label"": ""b"", ""probability"": 0.5838920474052429}, {""label"": ""z"", ""probability"": 0.13072089850902557}, {""label"": ""l"", ""probability"": 0.09739690274000168}]",uppercase
C:/Code/airwrite-vocab-assistant/data/airwrite_identity_eval/../raw_airwrite/B/airwrite_B_20260728_221556_315090_f05b19.png,b,b,0.9918672442436218,"[{""label"": ""b"", ""probability"": 0.9918672442436218}, {""label"": ""g"", ""probability"": 0.0033630470279604197}, {""label"": ""e"", ""probability"": 0.0014585686149075627}]",uppercase
C:/Code/airwrite-vocab-assistant/data/airwrite_identity_eval/../raw_airwrite/B/airwrite_B_20260728_221601_658453_b20d87.png,b,p,0.26628005504608154,"[{""label"": ""p"", ""probability"": 0.26628005504608154}, {""label"": ""q"", ""probability"": 0.26163238286972046}, {""label"": ""b"", ""probability"": 0.19231820106506348}]",uppercase
C:/Code/airwrite-vocab-assistant/data/airwrite_identity_eval/../raw_airwrite/B/airwrite_B_20260728_221606_694578_045716.png,b,b,0.6346107721328735,"[{""label"": ""b"", ""probability"": 0.6346107721328735}, {""label"": ""g"", ""probability"": 0.16242243349552155}, {""label"": ""s"", ""probability"": 0.05916399136185646}]",uppercase
C:/Code/airwrite-vocab-assistant/data/airwrite_identity_eval/../raw_airwrite/B/airwrite_B_20260728_221615_004225_4d0b0f.png,b,b,0.33794596791267395,"[{""label"": ""b"", ""probability"": 0.33794596791267395}, {""label"": ""d"", ""probability"": 0.28011441230773926}, {""label"": ""p"", ""probability"": 0.18993978202342987}]",uppercase
C:/Code/airwrite-vocab-assistant/data/airwrite_identity_eval/../raw_airwrite/B/airwrite_B_20260728_221619_934138_7ce0d0.png,b,b,0.6125192642211914,"[{""label"": ""b"", ""probability"": 0.6125192642211914}, {""label"": ""p"", ""probability"": 0.275193452835083}, {""label"": ""f"", ""probability"": 0.048314955085515976}]",uppercase
C:/Code/airwrite-vocab-assistant/data/airwrite_identity_eval/../raw_airwrite/B/airwrite_B_20260728_221624_811338_815349.png,b,s,0.38411325216293335,"[{""label"": ""s"", ""probability"": 0.38411325216293335}, {""label"": ""b"", ""probability"": 0.25387269258499146}, {""label"": ""g"", ""probability"": 0.11119357496500015}]",uppercase
C:/Code/airwrite-vocab-assistant/data/airwrite_identity_eval/../raw_airwrite/B/airwrite_B_20260728_221640_990416_f77c78.png,b,o,0.5282326936721802,"[{""label"": ""o"", ""probability"": 0.5282326936721802}, {""label"": ""d"", ""probability"": 0.42137157917022705}, {""label"": ""b"", ""probability"": 0.0183714646846056}]",uppercase
C:/Code/airwrite-vocab-assistant/data/airwrite_identity_eval/../raw_airwrite/B/airwrite_B_20260728_221644_794161_995379.png,b,p,0.22671230137348175,"[{""label"": ""p"", ""probability"": 0.22671230137348175}, {""label"": ""b"", ""probability"": 0.2232993245124817}, {""label"": ""q"", ""probability"": 0.19257299602031708}]",uppercase
C:/Code/airwrite-vocab-assistant/data/airwrite_identity_eval/../raw_airwrite/B/airwrite_B_20260728_221648_420409_d43914.png,b,b,0.9991914629936218,"[{""label"": ""b"", ""probability"": 0.9991914629936218}, {""label"": ""s"", ""probability"": 0.00027162415790371597}, {""label"": ""d"", ""probability"": 0.00024237840261776}]",uppercase
C:/Code/airwrite-vocab-assistant/data/airwrite_identity_eval/../raw_airwrite/B/airwrite_B_20260728_221654_757876_2779ec.png,b,j,0.736061692237854,"[{""label"": ""j"", ""probability"": 0.736061692237854}, {""label"": ""i"", ""probability"": 0.19188977777957916}, {""label"": ""d"", ""probability"": 0.01596388779580593}]",uppercase
C:/Code/airwrite-vocab-assistant/data/airwrite_identity_eval/../raw_airwrite/B/airwrite_B_20260728_221659_107526_ae488a.png,b,b,0.41822803020477295,"[{""label"": ""b"", ""probability"": 0.41822803020477295}, {""label"": ""f"", ""probability"": 0.09088722616434097}, {""label"": ""q"", ""probability"": 0.08752086758613586}]",uppercase
C:/Code/airwrite-vocab-assistant/data/airwrite_identity_eval/../raw_airwrite/B/airwrite_B_20260728_221729_954581_67bae1.png,b,f,0.2692660093307495,"[{""label"": ""f"", ""probability"": 0.2692660093307495}, {""label"": ""p"", ""probability"": 0.11416912823915482}, {""label"": ""t"", ""probability"": 0.10465841740369797}]",uppercase
C:/Code/airwrite-vocab-assistant/data/airwrite_identity_eval/../raw_airwrite/B/airwrite_B_20260728_221734_186515_be1bb5.png,b,d,0.2988428473472595,"[{""label"": ""d"", ""probability"": 0.2988428473472595}, {""label"": ""o"", ""probability"": 0.16287730634212494}, {""label"": ""p"", ""probability"": 0.14454297721385956}]",uppercase
C:/Code/airwrite-vocab-assistant/data/airwrite_identity_eval/../raw_airwrite/B/airwrite_B_20260728_221738_105784_c90775.png,b,b,0.2095613330602646,"[{""label"": ""b"", ""probability"": 0.2095613330602646}, {""label"": ""s"", ""probability"": 0.16942110657691956}, {""label"": ""p"", ""probability"": 0.09573866426944733}]",uppercase
C:/Code/airwrite-vocab-assistant/data/airwrite_identity_eval/../raw_airwrite/B/airwrite_B_20260728_221742_311049_0c41f5.png,b,d,0.3854512572288513,"[{""label"": ""d"", ""probability"": 0.3854512572288513}, {""label"": ""p"", ""probability"": 0.2483709156513214}, {""label"": ""b"", ""probability"": 0.21613731980323792}]",uppercase
C:/Code/airwrite-vocab-assistant/data/airwrite_identity_eval/../raw_airwrite/B/airwrite_B_20260728_221745_724572_378f57.png,b,s,0.24810481071472168,"[{""label"": ""s"", ""probability"": 0.24810481071472168}, {""label"": ""d"", ""probability"": 0.21244312822818756}, {""label"": ""o"", ""probability"": 0.190338134765625}]",uppercase
C:/Code/airwrite-vocab-assistant/data/airwrite_identity_eval/../raw_airwrite/B/airwrite_B_20260728_221751_349799_7894c2.png,b,a,0.17721830308437347,"[{""label"": ""a"", ""probability"": 0.17721830308437347}, {""label"": ""o"", ""probability"": 0.15913242101669312}, {""label"": ""g"", ""probability"": 0.13953052461147308}]",uppercase
C:/Code/airwrite-vocab-assistant/data/airwrite_identity_eval/../raw_airwrite/B/airwrite_B_20260728_221756_228890_7c740b.png,b,b,0.5200252532958984,"[{""label"": ""b"", ""probability"": 0.5200252532958984}, {""label"": ""p"", ""probability"": 0.21114829182624817}, {""label"": ""d"", ""probability"": 0.12184755504131317}]",uppercase
C:/Code/airwrite-vocab-assistant/data/airwrite_identity_eval/../raw_airwrite/B/airwrite_B_20260728_221803_260191_3fb83b.png,b,o,0.15420427918434143,"[{""label"": ""o"", ""probability"": 0.15420427918434143}, {""label"": ""p"", ""probability"": 0.10739345848560333}, {""label"": ""s"", ""probability"": 0.0978875681757927}]",uppercase
C:/Code/airwrite-vocab-assistant/data/airwrite_identity_eval/../raw_airwrite/B/airwrite_B_20260728_221808_190055_c509a3.png,b,i,0.2984001040458679,"[{""label"": ""i"", ""probability"": 0.2984001040458679}, {""label"": ""e"", ""probability"": 0.1983909010887146}, {""label"": ""c"", ""probability"": 0.19072316586971283}]",uppercase
C:/Code/airwrite-vocab-assistant/data/airwrite_identity_eval/../raw_airwrite/B/airwrite_B_20260728_221821_213496_e5b633.png,b,s,0.21710151433944702,"[{""label"": ""s"", ""probability"": 0.21710151433944702}, {""label"": ""p"", ""probability"": 0.1714347004890442}, {""label"": ""e"", ""probability"": 0.1637876182794571}]",uppercase
C:/Code/airwrite-vocab-assistant/data/airwrite_identity_eval/../raw_airwrite/B/airwrite_B_20260728_221829_446727_d38b5f.png,b,c,0.20335523784160614,"[{""label"": ""c"", ""probability"": 0.20335523784160614}, {""label"": ""i"", ""probability"": 0.16084182262420654}, {""label"": ""e"", ""probability"": 0.1388232260942459}]",uppercase
C:/Code/airwrite-vocab-assistant/data/airwrite_identity_eval/../raw_airwrite/B/airwrite_B_20260728_221833_168645_a38bb9.png,b,a,0.34900209307670593,"[{""label"": ""a"", ""probability"": 0.34900209307670593}, {""label"": ""n"", ""probability"": 0.2077733874320984}, {""label"": ""m"", ""probability"": 0.09915057569742203}]",uppercase
C:/Code/airwrite-vocab-assistant/data/airwrite_identity_eval/../raw_airwrite/B/airwrite_B_20260728_221909_220927_aa6f89.png,b,s,0.2088785320520401,"[{""label"": ""s"", ""probability"": 0.2088785320520401}, {""label"": ""v"", ""probability"": 0.10650903731584549}, {""label"": ""e"", ""probability"": 0.10335291922092438}]",uppercase
C:/Code/airwrite-vocab-assistant/data/airwrite_identity_eval/../raw_airwrite/B/airwrite_B_20260728_221913_854634_3629d7.png,b,p,0.17556393146514893,"[{""label"": ""p"", ""probability"": 0.17556393146514893}, {""label"": ""b"", ""probability"": 0.12524253129959106}, {""label"": ""f"", ""probability"": 0.1018059104681015}]",uppercase
C:/Code/airwrite-vocab-assistant/data/airwrite_identity_eval/../raw_airwrite/B/airwrite_B_20260728_221918_849215_92400b.png,b,g,0.4367791414260864,"[{""label"": ""g"", ""probability"": 0.4367791414260864}, {""label"": ""j"", ""probability"": 0.1770775467157364}, {""label"": ""q"", ""probability"": 0.07853453606367111}]",uppercase
C:/Code/airwrite-vocab-assistant/data/airwrite_identity_eval/../raw_airwrite/B/airwrite_B_20260728_221923_132684_e587de.png,b,s,0.20269560813903809,"[{""label"": ""s"", ""probability"": 0.20269560813903809}, {""label"": ""p"", ""probability"": 0.169065922498703}, {""label"": ""v"", ""probability"": 0.10310883074998856}]",uppercase
C:/Code/airwrite-vocab-assistant/data/airwrite_identity_eval/../raw_airwrite/B/airwrite_B_20260728_221926_718484_1ed9f5.png,b,p,0.3021544814109802,"[{""label"": ""p"", ""probability"": 0.3021544814109802}, {""label"": ""q"", ""probability"": 0.26068708300590515}, {""label"": ""d"", ""probability"": 0.1826285719871521}]",uppercase
C:/Code/airwrite-vocab-assistant/data/airwrite_identity_eval/../raw_airwrite/B/airwrite_B_20260728_221930_158716_0c1b72.png,b,s,0.18201148509979248,"[{""label"": ""s"", ""probability"": 0.18201148509979248}, {""label"": ""p"", ""probability"": 0.1740713268518448}, {""label"": ""o"", ""probability"": 0.1709989309310913}]",uppercase
C:/Code/airwrite-vocab-assistant/data/airwrite_identity_eval/../raw_airwrite/B/airwrite_B_20260728_221934_237226_3cb80a.png,b,o,0.2734830975532532,"[{""label"": ""o"", ""probability"": 0.2734830975532532}, {""label"": ""c"", ""probability"": 0.1558801382780075}, {""label"": ""s"", ""probability"": 0.14901410043239594}]",uppercase
C:/Code/airwrite-vocab-assistant/data/airwrite_identity_eval/../raw_airwrite/B/airwrite_B_20260728_221940_119241_e0a935.png,b,p,0.5490188598632812,"[{""label"": ""p"", ""probability"": 0.5490188598632812}, {""label"": ""f"", ""probability"": 0.08178441226482391}, {""label"": ""z"", ""probability"": 0.054186731576919556}]",uppercase
C:/Code/airwrite-vocab-assistant/data/airwrite_identity_eval/../raw_airwrite/B/airwrite_B_20260728_221950_833530_5ec9ed.png,b,o,0.1719365119934082,"[{""label"": ""o"", ""probability"": 0.1719365119934082}, {""label"": ""v"", ""probability"": 0.1451808661222458}, {""label"": ""s"", ""probability"": 0.09802883863449097}]",uppercase
C:/Code/airwrite-vocab-assistant/data/airwrite_identity_eval/../raw_airwrite/B/airwrite_B_20260728_222001_186910_246743.png,b,o,0.29972043633461,"[{""label"": ""o"", ""probability"": 0.29972043633461}, {""label"": ""e"", ""probability"": 0.13294586539268494}, {""label"": ""s"", ""probability"": 0.11794966459274292}]",uppercase
C:/Code/airwrite-vocab-assistant/data/airwrite_identity_eval/../raw_airwrite/B/airwrite_B_20260728_222004_248545_9d8ddc.png,b,i,0.8075661659240723,"[{""label"": ""i"", ""probability"": 0.8075661659240723}, {""label"": ""l"", ""probability"": 0.12833333015441895}, {""label"": ""j"", ""probability"": 0.030922377482056618}]",uppercase
C:/Code/airwrite-vocab-assistant/data/airwrite_identity_eval/../raw_airwrite/B/airwrite_B_20260728_222013_903257_65334c.png,b,e,0.21725121140480042,"[{""label"": ""e"", ""probability"": 0.21725121140480042}, {""label"": ""c"", ""probability"": 0.17556266486644745}, {""label"": ""g"", ""probability"": 0.09296034276485443}]",uppercase
C:/Code/airwrite-vocab-assistant/data/airwrite_identity_eval/../raw_airwrite/B/airwrite_B_20260728_222020_710344_8fc84f.png,b,s,0.23927459120750427,"[{""label"": ""s"", ""probability"": 0.23927459120750427}, {""label"": ""c"", ""probability"": 0.14191783964633942}, {""label"": ""f"", ""probability"": 0.1418696790933609}]",uppercase
C:/Code/airwrite-vocab-assistant/data/airwrite_identity_eval/../raw_airwrite/B/airwrite_B_20260728_222026_703075_ecca14.png,b,o,0.41569578647613525,"[{""label"": ""o"", ""probability"": 0.41569578647613525}, {""label"": ""d"", ""probability"": 0.18215632438659668}, {""label"": ""p"", ""probability"": 0.11913046985864639}]",uppercase
C:/Code/airwrite-vocab-assistant/data/airwrite_identity_eval/../raw_airwrite/B/airwrite_B_20260728_222030_787101_d9197f.png,b,s,0.22927945852279663,"[{""label"": ""s"", ""probability"": 0.22927945852279663}, {""label"": ""o"", ""probability"": 0.16423176229000092}, {""label"": ""e"", ""probability"": 0.11972937732934952}]",uppercase
C:/Code/airwrite-vocab-assistant/data/airwrite_identity_eval/../raw_airwrite/B/airwrite_B_20260728_222038_987627_3e6ea9.png,b,s,0.2012380063533783,"[{""label"": ""s"", ""probability"": 0.2012380063533783}, {""label"": ""o"", ""probability"": 0.17363429069519043}, {""label"": ""p"", ""probability"": 0.08550010621547699}]",uppercase
C:/Code/airwrite-vocab-assistant/data/airwrite_identity_eval/../raw_airwrite/B/airwrite_B_20260728_222048_058022_e238f5.png,b,o,0.15531811118125916,"[{""label"": ""o"", ""probability"": 0.15531811118125916}, {""label"": ""s"", ""probability"": 0.14395356178283691}, {""label"": ""e"", ""probability"": 0.11017462611198425}]",uppercase
C:/Code/airwrite-vocab-assistant/data/airwrite_identity_eval/../raw_airwrite/B/airwrite_B_20260728_222056_013208_c59846.png,b,s,0.2732950448989868,"[{""label"": ""s"", ""probability"": 0.2732950448989868}, {""label"": ""e"", ""probability"": 0.14711886644363403}, {""label"": ""p"", ""probability"": 0.13017717003822327}]",uppercase
C:/Code/airwrite-vocab-assistant/data/airwrite_identity_eval/../raw_airwrite/B/airwrite_B_20260728_222126_164013_0eb88d.png,b,p,0.2922315299510956,"[{""label"": ""p"", ""probability"": 0.2922315299510956}, {""label"": ""f"", ""probability"": 0.2813884913921356}, {""label"": ""g"", ""probability"": 0.14191560447216034}]",uppercase
C:/Code/airwrite-vocab-assistant/data/airwrite_identity_eval/../raw_airwrite/B/airwrite_B_20260728_222130_911237_45061e.png,b,j,0.28564363718032837,"[{""label"": ""j"", ""probability"": 0.28564363718032837}, {""label"": ""f"", ""probability"": 0.28215235471725464}, {""label"": ""g"", ""probability"": 0.22279509902000427}]",uppercase
C:/Code/airwrite-vocab-assistant/data/airwrite_identity_eval/../raw_airwrite/B/airwrite_B_20260728_222135_832841_0b0446.png,b,a,0.22861962020397186,"[{""label"": ""a"", ""probability"": 0.22861962020397186}, {""label"": ""g"", ""probability"": 0.19932341575622559}, {""label"": ""d"", ""probability"": 0.19396650791168213}]",uppercase
C:/Code/airwrite-vocab-assistant/data/airwrite_identity_eval/../raw_airwrite/B/airwrite_B_20260728_222140_656220_904c1d.png,b,g,0.5134171843528748,"[{""label"": ""g"", ""probability"": 0.5134171843528748}, {""label"": ""d"", ""probability"": 0.17987219989299774}, {""label"": ""a"", ""probability"": 0.15702058374881744}]",uppercase
C:/Code/airwrite-vocab-assistant/data/airwrite_identity_eval/../raw_airwrite/B/airwrite_B_20260728_222145_979392_3e3c6b.png,b,g,0.2999815046787262,"[{""label"": ""g"", ""probability"": 0.2999815046787262}, {""label"": ""a"", ""probability"": 0.22334273159503937}, {""label"": ""d"", ""probability"": 0.1394069641828537}]",uppercase
C:/Code/airwrite-vocab-assistant/data/airwrite_identity_eval/../raw_airwrite/B/airwrite_B_20260728_222150_765633_0dc364.png,b,g,0.25193068385124207,"[{""label"": ""g"", ""probability"": 0.25193068385124207}, {""label"": ""o"", ""probability"": 0.1621304303407669}, {""label"": ""q"", ""probability"": 0.13713032007217407}]",uppercase
C:/Code/airwrite-vocab-assistant/data/airwrite_identity_eval/../raw_airwrite/B/airwrite_B_20260728_222206_506363_dc8901.png,b,g,0.6198675632476807,"[{""label"": ""g"", ""probability"": 0.6198675632476807}, {""label"": ""a"", ""probability"": 0.1934971660375595}, {""label"": ""q"", ""probability"": 0.10584164410829544}]",uppercase
C:/Code/airwrite-vocab-assistant/data/airwrite_identity_eval/../raw_airwrite/B/airwrite_B_20260728_222217_539907_7db769.png,b,o,0.4626244902610779,"[{""label"": ""o"", ""probability"": 0.4626244902610779}, {""label"": ""a"", ""probability"": 0.2052334100008011}, {""label"": ""e"", ""probability"": 0.10434413701295853}]",uppercase
C:/Code/airwrite-vocab-assistant/data/airwrite_identity_eval/../raw_airwrite/B/airwrite_B_20260728_222221_729015_5d4619.png,b,p,0.4878155589103699,"[{""label"": ""p"", ""probability"": 0.4878155589103699}, {""label"": ""f"", ""probability"": 0.13502292335033417}, {""label"": ""e"", ""probability"": 0.08248235285282135}]",uppercase
C:/Code/airwrite-vocab-assistant/data/airwrite_identity_eval/../raw_airwrite/B/airwrite_B_20260728_222224_958391_4d0544.png,b,d,0.4249565303325653,"[{""label"": ""d"", ""probability"": 0.4249565303325653}, {""label"": ""p"", ""probability"": 0.14830324053764343}, {""label"": ""f"", ""probability"": 0.10149732232093811}]",uppercase
C:/Code/airwrite-vocab-assistant/data/airwrite_identity_eval/../raw_airwrite/B/airwrite_B_20260728_222228_056025_253f1d.png,b,b,0.659957766532898,"[{""label"": ""b"", ""probability"": 0.659957766532898}, {""label"": ""s"", ""probability"": 0.0806196928024292}, {""label"": ""z"", ""probability"": 0.08029978722333908}]",uppercase
C:/Code/airwrite-vocab-assistant/data/airwrite_identity_eval/../raw_airwrite/C/airwrite_C_20260728_222251_812608_c2966f.png,c,c,0.991510808467865,"[{""label"": ""c"", ""probability"": 0.991510808467865}, {""label"": ""l"", ""probability"": 0.0037935611326247454}, {""label"": ""e"", ""probability"": 0.002193062799051404}]",uppercase
C:/Code/airwrite-vocab-assistant/data/airwrite_identity_eval/../raw_airwrite/C/airwrite_C_20260728_222254_411004_4fbe3b.png,c,c,0.9756432771682739,"[{""label"": ""c"", ""probability"": 0.9756432771682739}, {""label"": ""e"", ""probability"": 0.021468689665198326}, {""label"": ""a"", ""probability"": 0.0008455296629108489}]",uppercase
C:/Code/airwrite-vocab-assistant/data/airwrite_identity_eval/../raw_airwrite/C/airwrite_C_20260728_222302_837097_511b18.png,c,c,0.9766631722450256,"[{""label"": ""c"", ""probability"": 0.9766631722450256}, {""label"": ""l"", ""probability"": 0.01703694462776184}, {""label"": ""e"", ""probability"": 0.0026927366852760315}]",uppercase
C:/Code/airwrite-vocab-assistant/data/airwrite_identity_eval/../raw_airwrite/C/airwrite_C_20260728_222306_177553_6e7f15.png,c,c,0.9987724423408508,"[{""label"": ""c"", ""probability"": 0.9987724423408508}, {""label"": ""e"", ""probability"": 0.0004763758333865553}, {""label"": ""l"", ""probability"": 0.0004542115202639252}]",uppercase
C:/Code/airwrite-vocab-assistant/data/airwrite_identity_eval/../raw_airwrite/C/airwrite_C_20260728_222312_114102_ddc129.png,c,c,0.40327951312065125,"[{""label"": ""c"", ""probability"": 0.40327951312065125}, {""label"": ""a"", ""probability"": 0.1681649088859558}, {""label"": ""g"", ""probability"": 0.15635092556476593}]",uppercase
C:/Code/airwrite-vocab-assistant/data/airwrite_identity_eval/../raw_airwrite/C/airwrite_C_20260728_222328_716088_7f663a.png,c,c,0.9137817621231079,"[{""label"": ""c"", ""probability"": 0.9137817621231079}, {""label"": ""f"", ""probability"": 0.018488150089979172}, {""label"": ""s"", ""probability"": 0.016151854768395424}]",uppercase
C:/Code/airwrite-vocab-assistant/data/airwrite_identity_eval/../raw_airwrite/C/airwrite_C_20260728_222342_195334_ef3343.png,c,c,0.996469259262085,"[{""label"": ""c"", ""probability"": 0.996469259262085}, {""label"": ""l"", ""probability"": 0.0018561255419626832}, {""label"": ""r"", ""probability"": 0.0005617934511974454}]",uppercase
C:/Code/airwrite-vocab-assistant/data/airwrite_identity_eval/../raw_airwrite/C/airwrite_C_20260728_222345_717614_926ecc.png,c,c,0.938817024230957,"[{""label"": ""c"", ""probability"": 0.938817024230957}, {""label"": ""f"", ""probability"": 0.02018672227859497}, {""label"": ""l"", ""probability"": 0.01266835443675518}]",uppercase
C:/Code/airwrite-vocab-assistant/data/airwrite_identity_eval/../raw_airwrite/C/airwrite_C_20260728_222407_649369_047554.png,c,c,0.839466392993927,"[{""label"": ""c"", ""probability"": 0.839466392993927}, {""label"": ""e"", ""probability"": 0.05897477641701698}, {""label"": ""s"", ""probability"": 0.027173224836587906}]",uppercase
C:/Code/airwrite-vocab-assistant/data/airwrite_identity_eval/../raw_airwrite/C/airwrite_C_20260728_222409_970899_58b5db.png,c,c,0.9762993454933167,"[{""label"": ""c"", ""probability"": 0.9762993454933167}, {""label"": ""t"", ""probability"": 0.0108484523370862}, {""label"": ""l"", ""probability"": 0.006515915039926767}]",uppercase
C:/Code/airwrite-vocab-assistant/data/airwrite_identity_eval/../raw_airwrite/C/airwrite_C_20260728_222412_311164_e99064.png,c,f,0.24842315912246704,"[{""label"": ""f"", ""probability"": 0.24842315912246704}, {""label"": ""e"", ""probability"": 0.22297073900699615}, {""label"": ""c"", ""probability"": 0.21303854882717133}]",uppercase
C:/Code/airwrite-vocab-assistant/data/airwrite_identity_eval/../raw_airwrite/C/airwrite_C_20260728_222416_196191_3b0c50.png,c,c,0.608855128288269,"[{""label"": ""c"", ""probability"": 0.608855128288269}, {""label"": ""s"", ""probability"": 0.17314612865447998}, {""label"": ""e"", ""probability"": 0.14064298570156097}]",uppercase
C:/Code/airwrite-vocab-assistant/data/airwrite_identity_eval/../raw_airwrite/C/airwrite_C_20260728_222418_704001_23e030.png,c,c,0.9971531629562378,"[{""label"": ""c"", ""probability"": 0.9971531629562378}, {""label"": ""e"", ""probability"": 0.0009283986291848123}, {""label"": ""l"", ""probability"": 0.0006391586503013968}]",uppercase
C:/Code/airwrite-vocab-assistant/data/airwrite_identity_eval/../raw_airwrite/C/airwrite_C_20260728_222421_293824_9b8e29.png,c,c,0.9453781843185425,"[{""label"": ""c"", ""probability"": 0.9453781843185425}, {""label"": ""l"", ""probability"": 0.0325385257601738}, {""label"": ""t"", ""probability"": 0.007706769276410341}]",uppercase
C:/Code/airwrite-vocab-assistant/data/airwrite_identity_eval/../raw_airwrite/C/airwrite_C_20260728_222432_765158_b0e629.png,c,u,0.6029461026191711,"[{""label"": ""u"", ""probability"": 0.6029461026191711}, {""label"": ""j"", ""probability"": 0.14507341384887695}, {""label"": ""s"", ""probability"": 0.04867608845233917}]",uppercase
C:/Code/airwrite-vocab-assistant/data/airwrite_identity_eval/../raw_airwrite/C/airwrite_C_20260728_222435_294915_9bc633.png,c,u,0.6896806359291077,"[{""label"": ""u"", ""probability"": 0.6896806359291077}, {""label"": ""c"", ""probability"": 0.09541923552751541}, {""label"": ""v"", ""probability"": 0.07650110870599747}]",uppercase
C:/Code/airwrite-vocab-assistant/data/airwrite_identity_eval/../raw_airwrite/C/airwrite_C_20260728_222437_610624_bd3110.png,c,u,0.26440098881721497,"[{""label"": ""u"", ""probability"": 0.26440098881721497}, {""label"": ""d"", ""probability"": 0.2247602790594101}, {""label"": ""o"", ""probability"": 0.19835005700588226}]",uppercase
C:/Code/airwrite-vocab-assistant/data/airwrite_identity_eval/../raw_airwrite/C/airwrite_C_20260728_222439_897593_b2a120.png,c,c,0.6635506749153137,"[{""label"": ""c"", ""probability"": 0.6635506749153137}, {""label"": ""i"", ""probability"": 0.09720467031002045}, {""label"": ""s"", ""probability"": 0.0762365460395813}]",uppercase
C:/Code/airwrite-vocab-assistant/data/airwrite_identity_eval/../raw_airwrite/C/airwrite_C_20260728_222443_974106_7f1a2e.png,c,j,0.9745848774909973,"[{""label"": ""j"", ""probability"": 0.9745848774909973}, {""label"": ""i"", ""probability"": 0.010956178419291973}, {""label"": ""d"", ""probability"": 0.00881228782236576}]",uppercase
C:/Code/airwrite-vocab-assistant/data/airwrite_identity_eval/../raw_airwrite/C/airwrite_C_20260728_222446_014822_1c0094.png,c,j,0.8398204445838928,"[{""label"": ""j"", ""probability"": 0.8398204445838928}, {""label"": ""d"", ""probability"": 0.13339145481586456}, {""label"": ""i"", ""probability"": 0.01199901569634676}]",uppercase
C:/Code/airwrite-vocab-assistant/data/airwrite_identity_eval/../raw_airwrite/C/airwrite_C_20260728_222448_150899_0fa204.png,c,d,0.48089802265167236,"[{""label"": ""d"", ""probability"": 0.48089802265167236}, {""label"": ""j"", ""probability"": 0.4231719672679901}, {""label"": ""i"", ""probability"": 0.030975989997386932}]",uppercase
C:/Code/airwrite-vocab-assistant/data/airwrite_identity_eval/../raw_airwrite/C/airwrite_C_20260728_222450_235507_51ea45.png,c,d,0.43187904357910156,"[{""label"": ""d"", ""probability"": 0.43187904357910156}, {""label"": ""j"", ""probability"": 0.3760794699192047}, {""label"": ""i"", ""probability"": 0.0688706785440445}]",uppercase
C:/Code/airwrite-vocab-assistant/data/airwrite_identity_eval/../raw_airwrite/C/airwrite_C_20260728_222530_455169_dc190d.png,c,c,0.9903807044029236,"[{""label"": ""c"", ""probability"": 0.9903807044029236}, {""label"": ""e"", ""probability"": 0.004564065020531416}, {""label"": ""l"", ""probability"": 0.0024304473772644997}]",uppercase
C:/Code/airwrite-vocab-assistant/data/airwrite_identity_eval/../raw_airwrite/C/airwrite_C_20260728_222532_418158_00c46d.png,c,c,0.9989559650421143,"[{""label"": ""c"", ""probability"": 0.9989559650421143}, {""label"": ""e"", ""probability"": 0.0006516285357065499}, {""label"": ""l"", ""probability"": 0.00019835996499750763}]",uppercase
C:/Code/airwrite-vocab-assistant/data/airwrite_identity_eval/../raw_airwrite/C/airwrite_C_20260728_222534_430061_8723ac.png,c,c,0.9513930082321167,"[{""label"": ""c"", ""probability"": 0.9513930082321167}, {""label"": ""e"", ""probability"": 0.028817499056458473}, {""label"": ""f"", ""probability"": 0.007644854485988617}]",uppercase
C:/Code/airwrite-vocab-assistant/data/airwrite_identity_eval/../raw_airwrite/C/airwrite_C_20260728_222540_665810_24d36f.png,c,c,0.9977986216545105,"[{""label"": ""c"", ""probability"": 0.9977986216545105}, {""label"": ""f"", ""probability"": 0.0008013385231606662}, {""label"": ""e"", ""probability"": 0.0005752821452915668}]",uppercase
C:/Code/airwrite-vocab-assistant/data/airwrite_identity_eval/../raw_airwrite/C/airwrite_C_20260728_222543_023596_52fe18.png,c,c,0.7700873613357544,"[{""label"": ""c"", ""probability"": 0.7700873613357544}, {""label"": ""f"", ""probability"": 0.13186490535736084}, {""label"": ""t"", ""probability"": 0.028821637853980064}]",uppercase
C:/Code/airwrite-vocab-assistant/data/airwrite_identity_eval/../raw_airwrite/C/airwrite_C_20260728_222549_377306_2cc565.png,c,c,0.9987672567367554,"[{""label"": ""c"", ""probability"": 0.9987672567367554}, {""label"": ""l"", ""probability"": 0.00042308151023462415}, {""label"": ""e"", ""probability"": 0.00033734829048626125}]",uppercase
C:/Code/airwrite-vocab-assistant/data/airwrite_identity_eval/../raw_airwrite/C/airwrite_C_20260728_222551_954828_459eb6.png,c,c,0.9520882964134216,"[{""label"": ""c"", ""probability"": 0.9520882964134216}, {""label"": ""f"", ""probability"": 0.021817443892359734}, {""label"": ""e"", ""probability"": 0.015520277433097363}]",uppercase
C:/Code/airwrite-vocab-assistant/data/airwrite_identity_eval/../raw_airwrite/C/airwrite_C_20260728_222554_623618_647b21.png,c,c,0.9962114095687866,"[{""label"": ""c"", ""probability"": 0.9962114095687866}, {""label"": ""l"", ""probability"": 0.001539792981930077}, {""label"": ""e"", ""probability"": 0.000600329483859241}]",uppercase
C:/Code/airwrite-vocab-assistant/data/airwrite_identity_eval/../raw_airwrite/C/airwrite_C_20260728_222559_775855_ad2f74.png,c,c,0.9489275813102722,"[{""label"": ""c"", ""probability"": 0.9489275813102722}, {""label"": ""t"", ""probability"": 0.021322637796401978}, {""label"": ""f"", ""probability"": 0.00852982234209776}]",uppercase
C:/Code/airwrite-vocab-assistant/data/airwrite_identity_eval/../raw_airwrite/C/airwrite_C_20260728_222604_070918_b8e5d4.png,c,c,0.9557934403419495,"[{""label"": ""c"", ""probability"": 0.9557934403419495}, {""label"": ""e"", ""probability"": 0.026349158957600594}, {""label"": ""t"", ""probability"": 0.007217982783913612}]",uppercase
C:/Code/airwrite-vocab-assistant/data/airwrite_identity_eval/../raw_airwrite/C/airwrite_C_20260728_222606_555289_e99a66.png,c,c,0.997961163520813,"[{""label"": ""c"", ""probability"": 0.997961163520813}, {""label"": ""e"", ""probability"": 0.0007494387100450695}, {""label"": ""l"", ""probability"": 0.0003745889407582581}]",uppercase
C:/Code/airwrite-vocab-assistant/data/airwrite_identity_eval/../raw_airwrite/C/airwrite_C_20260728_222609_601568_a69ac0.png,c,c,0.9922845363616943,"[{""label"": ""c"", ""probability"": 0.9922845363616943}, {""label"": ""f"", ""probability"": 0.0030745051335543394}, {""label"": ""e"", ""probability"": 0.0012186522362753749}]",uppercase
C:/Code/airwrite-vocab-assistant/data/airwrite_identity_eval/../raw_airwrite/C/airwrite_C_20260728_222616_744275_d92ed1.png,c,c,0.8537073731422424,"[{""label"": ""c"", ""probability"": 0.8537073731422424}, {""label"": ""f"", ""probability"": 0.10901685804128647}, {""label"": ""e"", ""probability"": 0.009847618639469147}]",uppercase
C:/Code/airwrite-vocab-assistant/data/airwrite_identity_eval/../raw_airwrite/C/airwrite_C_20260728_222659_116006_113226.png,c,o,0.6599231362342834,"[{""label"": ""o"", ""probability"": 0.6599231362342834}, {""label"": ""a"", ""probability"": 0.14858749508857727}, {""label"": ""g"", ""probability"": 0.05211678892374039}]",uppercase
C:/Code/airwrite-vocab-assistant/data/airwrite_identity_eval/../raw_airwrite/C/airwrite_C_20260728_222709_749318_0cd306.png,c,o,0.8743746876716614,"[{""label"": ""o"", ""probability"": 0.8743746876716614}, {""label"": ""d"", ""probability"": 0.07387693226337433}, {""label"": ""q"", ""probability"": 0.01669507473707199}]",uppercase
C:/Code/airwrite-vocab-assistant/data/airwrite_identity_eval/../raw_airwrite/C/airwrite_C_20260728_222712_167593_1be284.png,c,c,0.9916158318519592,"[{""label"": ""c"", ""probability"": 0.9916158318519592}, {""label"": ""l"", ""probability"": 0.00535167520865798}, {""label"": ""t"", ""probability"": 0.001199988997541368}]",uppercase
C:/Code/airwrite-vocab-assistant/data/airwrite_identity_eval/../raw_airwrite/C/airwrite_C_20260728_222720_524527_18fc2d.png,c,c,0.9794027209281921,"[{""label"": ""c"", ""probability"": 0.9794027209281921}, {""label"": ""e"", ""probability"": 0.011125124990940094}, {""label"": ""f"", ""probability"": 0.0035498940851539373}]",uppercase
C:/Code/airwrite-vocab-assistant/data/airwrite_identity_eval/../raw_airwrite/C/airwrite_C_20260728_222733_434982_d5b24b.png,c,c,0.9650285243988037,"[{""label"": ""c"", ""probability"": 0.9650285243988037}, {""label"": ""t"", ""probability"": 0.013598864898085594}, {""label"": ""l"", ""probability"": 0.00722105335444212}]",uppercase
C:/Code/airwrite-vocab-assistant/data/airwrite_identity_eval/../raw_airwrite/C/airwrite_C_20260728_222742_640936_96fdd7.png,c,d,0.9040955305099487,"[{""label"": ""d"", ""probability"": 0.9040955305099487}, {""label"": ""j"", ""probability"": 0.07326740771532059}, {""label"": ""o"", ""probability"": 0.009504093788564205}]",uppercase
C:/Code/airwrite-vocab-assistant/data/airwrite_identity_eval/../raw_airwrite/C/airwrite_C_20260728_222745_723116_17c786.png,c,c,0.9096116423606873,"[{""label"": ""c"", ""probability"": 0.9096116423606873}, {""label"": ""g"", ""probability"": 0.05161166191101074}, {""label"": ""o"", ""probability"": 0.011639762669801712}]",uppercase
C:/Code/airwrite-vocab-assistant/data/airwrite_identity_eval/../raw_airwrite/C/airwrite_C_20260728_222748_525498_cacaa1.png,c,c,0.9833375811576843,"[{""label"": ""c"", ""probability"": 0.9833375811576843}, {""label"": ""u"", ""probability"": 0.003000464756041765}, {""label"": ""o"", ""probability"": 0.0025473334826529026}]",uppercase
C:/Code/airwrite-vocab-assistant/data/airwrite_identity_eval/../raw_airwrite/C/airwrite_C_20260728_222751_249770_f089b3.png,c,c,0.8784013986587524,"[{""label"": ""c"", ""probability"": 0.8784013986587524}, {""label"": ""o"", ""probability"": 0.045889005064964294}, {""label"": ""s"", ""probability"": 0.016183562576770782}]",uppercase
C:/Code/airwrite-vocab-assistant/data/airwrite_identity_eval/../raw_airwrite/C/airwrite_C_20260728_222809_279294_ddea20.png,c,c,0.9933562278747559,"[{""label"": ""c"", ""probability"": 0.9933562278747559}, {""label"": ""l"", ""probability"": 0.002727031009271741}, {""label"": ""e"", ""probability"": 0.0021120705641806126}]",uppercase
C:/Code/airwrite-vocab-assistant/data/airwrite_identity_eval/../raw_airwrite/C/airwrite_C_20260728_222816_419923_c6949b.png,c,j,0.9875139594078064,"[{""label"": ""j"", ""probability"": 0.9875139594078064}, {""label"": ""d"", ""probability"": 0.011523433029651642}, {""label"": ""g"", ""probability"": 0.0004667749162763357}]",uppercase
C:/Code/airwrite-vocab-assistant/data/airwrite_identity_eval/../raw_airwrite/C/airwrite_C_20260728_222819_871152_d3c246.png,c,c,0.9847907423973083,"[{""label"": ""c"", ""probability"": 0.9847907423973083}, {""label"": ""e"", ""probability"": 0.005335161462426186}, {""label"": ""g"", ""probability"": 0.0032498477958142757}]",uppercase
C:/Code/airwrite-vocab-assistant/data/airwrite_identity_eval/../raw_airwrite/C/airwrite_C_20260728_222835_749624_d51726.png,c,j,0.8842315077781677,"[{""label"": ""j"", ""probability"": 0.8842315077781677}, {""label"": ""i"", ""probability"": 0.05589687451720238}, {""label"": ""d"", ""probability"": 0.05495395511388779}]",uppercase
C:/Code/airwrite-vocab-assistant/data/airwrite_identity_eval/../raw_airwrite/C/airwrite_C_20260728_222847_527640_2c4c0a.png,c,c,0.9960860013961792,"[{""label"": ""c"", ""probability"": 0.9960860013961792}, {""label"": ""e"", ""probability"": 0.002112138317897916}, {""label"": ""l"", ""probability"": 0.0005807012203149498}]",uppercase
C:/Code/airwrite-vocab-assistant/data/airwrite_identity_eval/../raw_airwrite/C/airwrite_C_20260728_222855_617407_a2b958.png,c,c,0.9985532164573669,"[{""label"": ""c"", ""probability"": 0.9985532164573669}, {""label"": ""e"", ""probability"": 0.0008218974689953029}, {""label"": ""l"", ""probability"": 0.00030712023726664484}]",uppercase
C:/Code/airwrite-vocab-assistant/data/airwrite_identity_eval/../raw_airwrite/D/airwrite_D_20260728_222934_056205_74291c.png,d,d,0.9738015532493591,"[{""label"": ""d"", ""probability"": 0.9738015532493591}, {""label"": ""b"", ""probability"": 0.008639253675937653}, {""label"": ""o"", ""probability"": 0.003132143057882786}]",uppercase
C:/Code/airwrite-vocab-assistant/data/airwrite_identity_eval/../raw_airwrite/D/airwrite_D_20260728_222940_685652_ed7ab3.png,d,o,0.595252275466919,"[{""label"": ""o"", ""probability"": 0.595252275466919}, {""label"": ""d"", ""probability"": 0.3955136239528656}, {""label"": ""a"", ""probability"": 0.0024077007547020912}]",uppercase
C:/Code/airwrite-vocab-assistant/data/airwrite_identity_eval/../raw_airwrite/D/airwrite_D_20260728_222955_452384_aed6fc.png,d,d,0.676764726638794,"[{""label"": ""d"", ""probability"": 0.676764726638794}, {""label"": ""p"", ""probability"": 0.26662272214889526}, {""label"": ""b"", ""probability"": 0.023923451080918312}]",uppercase
C:/Code/airwrite-vocab-assistant/data/airwrite_identity_eval/../raw_airwrite/D/airwrite_D_20260728_223001_520918_39e87f.png,d,p,0.9413016438484192,"[{""label"": ""p"", ""probability"": 0.9413016438484192}, {""label"": ""f"", ""probability"": 0.044716037809848785}, {""label"": ""q"", ""probability"": 0.0029760373290628195}]",uppercase
C:/Code/airwrite-vocab-assistant/data/airwrite_identity_eval/../raw_airwrite/D/airwrite_D_20260728_223011_644473_031337.png,d,d,0.9973063468933105,"[{""label"": ""d"", ""probability"": 0.9973063468933105}, {""label"": ""o"", ""probability"": 0.0024700770154595375}, {""label"": ""p"", ""probability"": 9.618635522201657e-05}]",uppercase
C:/Code/airwrite-vocab-assistant/data/airwrite_identity_eval/../raw_airwrite/D/airwrite_D_20260728_223014_663337_2b36f0.png,d,d,0.7671499848365784,"[{""label"": ""d"", ""probability"": 0.7671499848365784}, {""label"": ""o"", ""probability"": 0.15039123594760895}, {""label"": ""p"", ""probability"": 0.0483967624604702}]",uppercase
C:/Code/airwrite-vocab-assistant/data/airwrite_identity_eval/../raw_airwrite/D/airwrite_D_20260728_223019_071091_163116.png,d,p,0.6386381983757019,"[{""label"": ""p"", ""probability"": 0.6386381983757019}, {""label"": ""d"", ""probability"": 0.21030710637569427}, {""label"": ""o"", ""probability"": 0.08055462688207626}]",uppercase
C:/Code/airwrite-vocab-assistant/data/airwrite_identity_eval/../raw_airwrite/D/airwrite_D_20260728_223023_810087_e8ced8.png,d,d,0.966539740562439,"[{""label"": ""d"", ""probability"": 0.966539740562439}, {""label"": ""b"", ""probability"": 0.011365614831447601}, {""label"": ""o"", ""probability"": 0.00844977144151926}]",uppercase
C:/Code/airwrite-vocab-assistant/data/airwrite_identity_eval/../raw_airwrite/D/airwrite_D_20260728_223033_306621_e94f5d.png,d,d,0.8998658657073975,"[{""label"": ""d"", ""probability"": 0.8998658657073975}, {""label"": ""p"", ""probability"": 0.053484946489334106}, {""label"": ""o"", ""probability"": 0.01694950833916664}]",uppercase
C:/Code/airwrite-vocab-assistant/data/airwrite_identity_eval/../raw_airwrite/D/airwrite_D_20260728_223058_087222_00295f.png,d,d,0.9966149926185608,"[{""label"": ""d"", ""probability"": 0.9966149926185608}, {""label"": ""b"", ""probability"": 0.0023520460817962885}, {""label"": ""o"", ""probability"": 0.0006837915279902518}]",uppercase
C:/Code/airwrite-vocab-assistant/data/airwrite_identity_eval/../raw_airwrite/D/airwrite_D_20260728_223103_421793_e58e37.png,d,d,0.7494932413101196,"[{""label"": ""d"", ""probability"": 0.7494932413101196}, {""label"": ""p"", ""probability"": 0.22842320799827576}, {""label"": ""b"", ""probability"": 0.012509201653301716}]",uppercase
C:/Code/airwrite-vocab-assistant/data/airwrite_identity_eval/../raw_airwrite/D/airwrite_D_20260728_223131_451420_e9c612.png,d,d,0.7846213579177856,"[{""label"": ""d"", ""probability"": 0.7846213579177856}, {""label"": ""o"", ""probability"": 0.20137996971607208}, {""label"": ""p"", ""probability"": 0.005908266641199589}]",uppercase
C:/Code/airwrite-vocab-assistant/data/airwrite_identity_eval/../raw_airwrite/D/airwrite_D_20260728_223136_682702_9d250f.png,d,p,0.4932147264480591,"[{""label"": ""p"", ""probability"": 0.4932147264480591}, {""label"": ""f"", ""probability"": 0.43452188372612}, {""label"": ""t"", ""probability"": 0.02745259925723076}]",uppercase
C:/Code/airwrite-vocab-assistant/data/airwrite_identity_eval/../raw_airwrite/D/airwrite_D_20260728_223142_163119_d12f39.png,d,d,0.9378416538238525,"[{""label"": ""d"", ""probability"": 0.9378416538238525}, {""label"": ""b"", ""probability"": 0.039211634546518326}, {""label"": ""p"", ""probability"": 0.008309702388942242}]",uppercase
C:/Code/airwrite-vocab-assistant/data/airwrite_identity_eval/../raw_airwrite/D/airwrite_D_20260728_223205_349193_e36664.png,d,a,0.41166847944259644,"[{""label"": ""a"", ""probability"": 0.41166847944259644}, {""label"": ""c"", ""probability"": 0.16445186734199524}, {""label"": ""d"", ""probability"": 0.12001471221446991}]",uppercase
C:/Code/airwrite-vocab-assistant/data/airwrite_identity_eval/../raw_airwrite/D/airwrite_D_20260728_223222_375788_4f3db3.png,d,o,0.6330248117446899,"[{""label"": ""o"", ""probability"": 0.6330248117446899}, {""label"": ""p"", ""probability"": 0.09809517860412598}, {""label"": ""a"", ""probability"": 0.09555729478597641}]",uppercase
C:/Code/airwrite-vocab-assistant/data/airwrite_identity_eval/../raw_airwrite/D/airwrite_D_20260728_223229_024315_3d3c46.png,d,i,0.2779637575149536,"[{""label"": ""i"", ""probability"": 0.2779637575149536}, {""label"": ""t"", ""probability"": 0.2455984205007553}, {""label"": ""j"", ""probability"": 0.14075414836406708}]",uppercase
C:/Code/airwrite-vocab-assistant/data/airwrite_identity_eval/../raw_airwrite/D/airwrite_D_20260728_223237_550730_a4e935.png,d,o,0.20444244146347046,"[{""label"": ""o"", ""probability"": 0.20444244146347046}, {""label"": ""d"", ""probability"": 0.15291158854961395}, {""label"": ""c"", ""probability"": 0.1190115362405777}]",uppercase
C:/Code/airwrite-vocab-assistant/data/airwrite_identity_eval/../raw_airwrite/D/airwrite_D_20260728_223242_984016_b193c7.png,d,j,0.3604150712490082,"[{""label"": ""j"", ""probability"": 0.3604150712490082}, {""label"": ""s"", ""probability"": 0.2865680456161499}, {""label"": ""i"", ""probability"": 0.167916938662529}]",uppercase
C:/Code/airwrite-vocab-assistant/data/airwrite_identity_eval/../raw_airwrite/D/airwrite_D_20260728_223247_784363_d2fab9.png,d,d,0.9764793515205383,"[{""label"": ""d"", ""probability"": 0.9764793515205383}, {""label"": ""j"", ""probability"": 0.007366172503679991}, {""label"": ""b"", ""probability"": 0.007228693924844265}]",uppercase
C:/Code/airwrite-vocab-assistant/data/airwrite_identity_eval/../raw_airwrite/D/airwrite_D_20260728_223315_835324_8e9a79.png,d,j,0.2920781672000885,"[{""label"": ""j"", ""probability"": 0.2920781672000885}, {""label"": ""i"", ""probability"": 0.13896307349205017}, {""label"": ""s"", ""probability"": 0.09913719445466995}]",uppercase
C:/Code/airwrite-vocab-assistant/data/airwrite_identity_eval/../raw_airwrite/D/airwrite_D_20260728_223336_799236_b8b376.png,d,d,0.9379183650016785,"[{""label"": ""d"", ""probability"": 0.9379183650016785}, {""label"": ""p"", ""probability"": 0.03383336588740349}, {""label"": ""b"", ""probability"": 0.015631159767508507}]",uppercase
C:/Code/airwrite-vocab-assistant/data/airwrite_identity_eval/../raw_airwrite/D/airwrite_D_20260728_223340_760912_135f8a.png,d,d,0.8149541020393372,"[{""label"": ""d"", ""probability"": 0.8149541020393372}, {""label"": ""j"", ""probability"": 0.1091863140463829}, {""label"": ""o"", ""probability"": 0.028010031208395958}]",uppercase
C:/Code/airwrite-vocab-assistant/data/airwrite_identity_eval/../raw_airwrite/D/airwrite_D_20260728_223347_752609_bb0f4f.png,d,q,0.24682848155498505,"[{""label"": ""q"", ""probability"": 0.24682848155498505}, {""label"": ""o"", ""probability"": 0.1658359318971634}, {""label"": ""g"", ""probability"": 0.14533255994319916}]",uppercase
C:/Code/airwrite-vocab-assistant/data/airwrite_identity_eval/../raw_airwrite/D/airwrite_D_20260728_223354_730344_ad3fd4.png,d,p,0.5044599175453186,"[{""label"": ""p"", ""probability"": 0.5044599175453186}, {""label"": ""d"", ""probability"": 0.42080438137054443}, {""label"": ""b"", ""probability"": 0.025554928928613663}]",uppercase
C:/Code/airwrite-vocab-assistant/data/airwrite_identity_eval/../raw_airwrite/D/airwrite_D_20260728_223359_334877_a99274.png,d,d,0.7245150208473206,"[{""label"": ""d"", ""probability"": 0.7245150208473206}, {""label"": ""o"", ""probability"": 0.11809094995260239}, {""label"": ""j"", ""probability"": 0.04691939800977707}]",uppercase
C:/Code/airwrite-vocab-assistant/data/airwrite_identity_eval/../raw_airwrite/D/airwrite_D_20260728_223409_071119_0da363.png,d,p,0.9874273538589478,"[{""label"": ""p"", ""probability"": 0.9874273538589478}, {""label"": ""b"", ""probability"": 0.010573050938546658}, {""label"": ""r"", ""probability"": 0.0005856280331499875}]",uppercase
C:/Code/airwrite-vocab-assistant/data/airwrite_identity_eval/../raw_airwrite/D/airwrite_D_20260728_223417_007938_b0aebe.png,d,p,0.8423492908477783,"[{""label"": ""p"", ""probability"": 0.8423492908477783}, {""label"": ""f"", ""probability"": 0.054396722465753555}, {""label"": ""r"", ""probability"": 0.024676136672496796}]",uppercase
C:/Code/airwrite-vocab-assistant/data/airwrite_identity_eval/../raw_airwrite/D/airwrite_D_20260728_223439_804397_fa3b60.png,d,i,0.3272542655467987,"[{""label"": ""i"", ""probability"": 0.3272542655467987}, {""label"": ""t"", ""probability"": 0.2883688807487488}, {""label"": ""r"", ""probability"": 0.0971890389919281}]",uppercase
C:/Code/airwrite-vocab-assistant/data/airwrite_identity_eval/../raw_airwrite/D/airwrite_D_20260728_223448_554546_81c95f.png,d,y,0.26267263293266296,"[{""label"": ""y"", ""probability"": 0.26267263293266296}, {""label"": ""p"", ""probability"": 0.13912008702754974}, {""label"": ""v"", ""probability"": 0.1362774670124054}]",uppercase
C:/Code/airwrite-vocab-assistant/data/airwrite_identity_eval/../raw_airwrite/D/airwrite_D_20260728_223533_266666_0a11d1.png,d,d,0.8729848861694336,"[{""label"": ""d"", ""probability"": 0.8729848861694336}, {""label"": ""p"", ""probability"": 0.09582281857728958}, {""label"": ""b"", ""probability"": 0.01318606548011303}]",uppercase
C:/Code/airwrite-vocab-assistant/data/airwrite_identity_eval/../raw_airwrite/D/airwrite_D_20260728_223546_507569_6c5c38.png,d,d,0.9566622972488403,"[{""label"": ""d"", ""probability"": 0.9566622972488403}, {""label"": ""o"", ""probability"": 0.012707281857728958}, {""label"": ""p"", ""probability"": 0.008628972806036472}]",uppercase
C:/Code/airwrite-vocab-assistant/data/airwrite_identity_eval/../raw_airwrite/D/airwrite_D_20260728_223549_954517_f0ef21.png,d,a,0.21229900419712067,"[{""label"": ""a"", ""probability"": 0.21229900419712067}, {""label"": ""d"", ""probability"": 0.14001424610614777}, {""label"": ""i"", ""probability"": 0.1226954385638237}]",uppercase
C:/Code/airwrite-vocab-assistant/data/airwrite_identity_eval/../raw_airwrite/D/airwrite_D_20260728_223553_540845_b3e5e7.png,d,o,0.47851645946502686,"[{""label"": ""o"", ""probability"": 0.47851645946502686}, {""label"": ""d"", ""probability"": 0.33119872212409973}, {""label"": ""p"", ""probability"": 0.06605760753154755}]",uppercase
C:/Code/airwrite-vocab-assistant/data/airwrite_identity_eval/../raw_airwrite/D/airwrite_D_20260728_223603_709283_7120ae.png,d,d,0.4862649440765381,"[{""label"": ""d"", ""probability"": 0.4862649440765381}, {""label"": ""o"", ""probability"": 0.23894789814949036}, {""label"": ""a"", ""probability"": 0.11747092753648758}]",uppercase
C:/Code/airwrite-vocab-assistant/data/airwrite_identity_eval/../raw_airwrite/D/airwrite_D_20260728_223610_989905_837c04.png,d,o,0.2177908569574356,"[{""label"": ""o"", ""probability"": 0.2177908569574356}, {""label"": ""s"", ""probability"": 0.1967691034078598}, {""label"": ""d"", ""probability"": 0.1277114599943161}]",uppercase
C:/Code/airwrite-vocab-assistant/data/airwrite_identity_eval/../raw_airwrite/D/airwrite_D_20260728_223738_952652_f5f2e8.png,d,d,0.718451976776123,"[{""label"": ""d"", ""probability"": 0.718451976776123}, {""label"": ""p"", ""probability"": 0.21213290095329285}, {""label"": ""o"", ""probability"": 0.0283409021794796}]",uppercase
C:/Code/airwrite-vocab-assistant/data/airwrite_identity_eval/../raw_airwrite/D/airwrite_D_20260728_223743_653596_bd3a84.png,d,p,0.8524138331413269,"[{""label"": ""p"", ""probability"": 0.8524138331413269}, {""label"": ""d"", ""probability"": 0.08543688803911209}, {""label"": ""b"", ""probability"": 0.014974278397858143}]",uppercase
C:/Code/airwrite-vocab-assistant/data/airwrite_identity_eval/../raw_airwrite/D/airwrite_D_20260728_223752_434643_11e112.png,d,o,0.41535869240760803,"[{""label"": ""o"", ""probability"": 0.41535869240760803}, {""label"": ""s"", ""probability"": 0.12457935512065887}, {""label"": ""d"", ""probability"": 0.11849720031023026}]",uppercase
C:/Code/airwrite-vocab-assistant/data/airwrite_identity_eval/../raw_airwrite/D/airwrite_D_20260728_223758_726196_af18af.png,d,s,0.2989319860935211,"[{""label"": ""s"", ""probability"": 0.2989319860935211}, {""label"": ""e"", ""probability"": 0.16920143365859985}, {""label"": ""o"", ""probability"": 0.12933513522148132}]",uppercase
C:/Code/airwrite-vocab-assistant/data/airwrite_identity_eval/../raw_airwrite/D/airwrite_D_20260728_223804_553798_0c0add.png,d,p,0.3367402255535126,"[{""label"": ""p"", ""probability"": 0.3367402255535126}, {""label"": ""i"", ""probability"": 0.21847082674503326}, {""label"": ""f"", ""probability"": 0.06966826319694519}]",uppercase
C:/Code/airwrite-vocab-assistant/data/airwrite_identity_eval/../raw_airwrite/D/airwrite_D_20260728_223825_542136_eeabbd.png,d,j,0.21215665340423584,"[{""label"": ""j"", ""probability"": 0.21215665340423584}, {""label"": ""p"", ""probability"": 0.1940763145685196}, {""label"": ""t"", ""probability"": 0.17923632264137268}]",uppercase
C:/Code/airwrite-vocab-assistant/data/airwrite_identity_eval/../raw_airwrite/D/airwrite_D_20260728_223830_778064_b0fc42.png,d,f,0.44559726119041443,"[{""label"": ""f"", ""probability"": 0.44559726119041443}, {""label"": ""t"", ""probability"": 0.2120371162891388}, {""label"": ""p"", ""probability"": 0.1535647064447403}]",uppercase
C:/Code/airwrite-vocab-assistant/data/airwrite_identity_eval/../raw_airwrite/D/airwrite_D_20260728_223836_957311_e511cf.png,d,x,0.16490362584590912,"[{""label"": ""x"", ""probability"": 0.16490362584590912}, {""label"": ""d"", ""probability"": 0.15978167951107025}, {""label"": ""t"", ""probability"": 0.08495866507291794}]",uppercase
C:/Code/airwrite-vocab-assistant/data/airwrite_identity_eval/../raw_airwrite/D/airwrite_D_20260728_223842_344255_a92d03.png,d,d,0.7309585213661194,"[{""label"": ""d"", ""probability"": 0.7309585213661194}, {""label"": ""p"", ""probability"": 0.1011834368109703}, {""label"": ""b"", ""probability"": 0.03879011049866676}]",uppercase
C:/Code/airwrite-vocab-assistant/data/airwrite_identity_eval/../raw_airwrite/E/airwrite_E_20260804_140735_335639_53d6cc.png,e,e,0.9624246954917908,"[{""label"": ""e"", ""probability"": 0.9624246954917908}, {""label"": ""f"", ""probability"": 0.034628357738256454}, {""label"": ""g"", ""probability"": 0.002301323926076293}]",uppercase
C:/Code/airwrite-vocab-assistant/data/airwrite_identity_eval/../raw_airwrite/E/airwrite_E_20260804_140743_305922_aa2b49.png,e,e,0.9719640016555786,"[{""label"": ""e"", ""probability"": 0.9719640016555786}, {""label"": ""g"", ""probability"": 0.01503944955766201}, {""label"": ""f"", ""probability"": 0.010345042683184147}]",uppercase
C:/Code/airwrite-vocab-assistant/data/airwrite_identity_eval/../raw_airwrite/E/airwrite_E_20260804_140818_879995_388613.png,e,f,0.7748426795005798,"[{""label"": ""f"", ""probability"": 0.7748426795005798}, {""label"": ""e"", ""probability"": 0.21482981741428375}, {""label"": ""r"", ""probability"": 0.0016778719145804644}]",uppercase
C:/Code/airwrite-vocab-assistant/data/airwrite_identity_eval/../raw_airwrite/E/airwrite_E_20260804_140904_213637_4df47e.png,e,e,0.9168680310249329,"[{""label"": ""e"", ""probability"": 0.9168680310249329}, {""label"": ""c"", ""probability"": 0.061583492904901505}, {""label"": ""g"", ""probability"": 0.005195562727749348}]",uppercase
C:/Code/airwrite-vocab-assistant/data/airwrite_identity_eval/../raw_airwrite/E/airwrite_E_20260804_140916_101726_c05128.png,e,e,0.9725062847137451,"[{""label"": ""e"", ""probability"": 0.9725062847137451}, {""label"": ""g"", ""probability"": 0.01637323386967182}, {""label"": ""f"", ""probability"": 0.006582797970622778}]",uppercase
C:/Code/airwrite-vocab-assistant/data/airwrite_identity_eval/../raw_airwrite/E/airwrite_E_20260804_140926_846898_e54534.png,e,e,0.9901449680328369,"[{""label"": ""e"", ""probability"": 0.9901449680328369}, {""label"": ""f"", ""probability"": 0.009177914820611477}, {""label"": ""k"", ""probability"": 0.00040882834582589567}]",uppercase
C:/Code/airwrite-vocab-assistant/data/airwrite_identity_eval/../raw_airwrite/E/airwrite_E_20260804_141009_544274_5c05ba.png,e,e,0.884766161441803,"[{""label"": ""e"", ""probability"": 0.884766161441803}, {""label"": ""f"", ""probability"": 0.08403739333152771}, {""label"": ""t"", ""probability"": 0.008792155422270298}]",uppercase
C:/Code/airwrite-vocab-assistant/data/airwrite_identity_eval/../raw_airwrite/E/airwrite_E_20260804_141015_745840_f54e3a.png,e,f,0.5442981123924255,"[{""label"": ""f"", ""probability"": 0.5442981123924255}, {""label"": ""e"", ""probability"": 0.24225308001041412}, {""label"": ""t"", ""probability"": 0.14628276228904724}]",uppercase
C:/Code/airwrite-vocab-assistant/data/airwrite_identity_eval/../raw_airwrite/E/airwrite_E_20260804_141020_888047_455d9c.png,e,e,0.49966666102409363,"[{""label"": ""e"", ""probability"": 0.49966666102409363}, {""label"": ""c"", ""probability"": 0.23914730548858643}, {""label"": ""i"", ""probability"": 0.06916923820972443}]",uppercase
C:/Code/airwrite-vocab-assistant/data/airwrite_identity_eval/../raw_airwrite/E/airwrite_E_20260804_141028_009716_c8afed.png,e,e,0.39214253425598145,"[{""label"": ""e"", ""probability"": 0.39214253425598145}, {""label"": ""f"", ""probability"": 0.33094581961631775}, {""label"": ""t"", ""probability"": 0.0958540290594101}]",uppercase
C:/Code/airwrite-vocab-assistant/data/airwrite_identity_eval/../raw_airwrite/E/airwrite_E_20260804_141046_709126_cc47a9.png,e,z,0.7547389268875122,"[{""label"": ""z"", ""probability"": 0.7547389268875122}, {""label"": ""g"", ""probability"": 0.10558920353651047}, {""label"": ""b"", ""probability"": 0.0650741383433342}]",uppercase
C:/Code/airwrite-vocab-assistant/data/airwrite_identity_eval/../raw_airwrite/E/airwrite_E_20260804_141058_917642_1297be.png,e,i,0.5547258853912354,"[{""label"": ""i"", ""probability"": 0.5547258853912354}, {""label"": ""t"", ""probability"": 0.22319036722183228}, {""label"": ""j"", ""probability"": 0.09488096833229065}]",uppercase
C:/Code/airwrite-vocab-assistant/data/airwrite_identity_eval/../raw_airwrite/E/airwrite_E_20260804_141107_647498_2190c6.png,e,j,0.3255908191204071,"[{""label"": ""j"", ""probability"": 0.3255908191204071}, {""label"": ""f"", ""probability"": 0.2653566002845764}, {""label"": ""t"", ""probability"": 0.19136519730091095}]",uppercase
C:/Code/airwrite-vocab-assistant/data/airwrite_identity_eval/../raw_airwrite/E/airwrite_E_20260804_141222_049998_f7b4f2.png,e,i,0.28025659918785095,"[{""label"": ""i"", ""probability"": 0.28025659918785095}, {""label"": ""f"", ""probability"": 0.26726868748664856}, {""label"": ""z"", ""probability"": 0.2153918445110321}]",uppercase
C:/Code/airwrite-vocab-assistant/data/airwrite_identity_eval/../raw_airwrite/E/airwrite_E_20260804_141228_646698_8692d6.png,e,i,0.26683416962623596,"[{""label"": ""i"", ""probability"": 0.26683416962623596}, {""label"": ""v"", ""probability"": 0.18210741877555847}, {""label"": ""s"", ""probability"": 0.16318941116333008}]",uppercase
C:/Code/airwrite-vocab-assistant/data/airwrite_identity_eval/../raw_airwrite/E/airwrite_E_20260804_141233_273401_c458d2.png,e,w,0.5341339707374573,"[{""label"": ""w"", ""probability"": 0.5341339707374573}, {""label"": ""v"", ""probability"": 0.2013639360666275}, {""label"": ""u"", ""probability"": 0.18313494324684143}]",uppercase
C:/Code/airwrite-vocab-assistant/data/airwrite_identity_eval/../raw_airwrite/E/airwrite_E_20260804_141240_754372_961c43.png,e,f,0.39385879039764404,"[{""label"": ""f"", ""probability"": 0.39385879039764404}, {""label"": ""t"", ""probability"": 0.36384961009025574}, {""label"": ""z"", ""probability"": 0.07026155292987823}]",uppercase
C:/Code/airwrite-vocab-assistant/data/airwrite_identity_eval/../raw_airwrite/E/airwrite_E_20260804_141247_597391_740209.png,e,j,0.7792830467224121,"[{""label"": ""j"", ""probability"": 0.7792830467224121}, {""label"": ""g"", ""probability"": 0.09994052350521088}, {""label"": ""z"", ""probability"": 0.06564365327358246}]",uppercase
C:/Code/airwrite-vocab-assistant/data/airwrite_identity_eval/../raw_airwrite/E/airwrite_E_20260804_141255_606046_24bce0.png,e,j,0.39138510823249817,"[{""label"": ""j"", ""probability"": 0.39138510823249817}, {""label"": ""z"", ""probability"": 0.2844088077545166}, {""label"": ""i"", ""probability"": 0.22178559005260468}]",uppercase
C:/Code/airwrite-vocab-assistant/data/airwrite_identity_eval/../raw_airwrite/E/airwrite_E_20260804_141305_032344_ff9841.png,e,m,0.9421764612197876,"[{""label"": ""m"", ""probability"": 0.9421764612197876}, {""label"": ""n"", ""probability"": 0.04494047164916992}, {""label"": ""h"", ""probability"": 0.007869495078921318}]",uppercase
C:/Code/airwrite-vocab-assistant/data/airwrite_identity_eval/../raw_airwrite/E/airwrite_E_20260804_141311_191338_d9c64e.png,e,m,0.7160516977310181,"[{""label"": ""m"", ""probability"": 0.7160516977310181}, {""label"": ""n"", ""probability"": 0.22599603235721588}, {""label"": ""a"", ""probability"": 0.027333714067935944}]",uppercase
C:/Code/airwrite-vocab-assistant/data/airwrite_identity_eval/../raw_airwrite/E/airwrite_E_20260804_141337_984909_15df1b.png,e,e,0.9776380062103271,"[{""label"": ""e"", ""probability"": 0.9776380062103271}, {""label"": ""z"", ""probability"": 0.0069431765004992485}, {""label"": ""q"", ""probability"": 0.004620746243745089}]",uppercase
C:/Code/airwrite-vocab-assistant/data/airwrite_identity_eval/../raw_airwrite/E/airwrite_E_20260804_141420_637113_795997.png,e,e,0.7449207901954651,"[{""label"": ""e"", ""probability"": 0.7449207901954651}, {""label"": ""f"", ""probability"": 0.06706675887107849}, {""label"": ""g"", ""probability"": 0.05857288837432861}]",uppercase
C:/Code/airwrite-vocab-assistant/data/airwrite_identity_eval/../raw_airwrite/E/airwrite_E_20260804_141430_311497_ee7ca7.png,e,f,0.6340370178222656,"[{""label"": ""f"", ""probability"": 0.6340370178222656}, {""label"": ""e"", ""probability"": 0.21219979226589203}, {""label"": ""g"", ""probability"": 0.03521990776062012}]",uppercase
C:/Code/airwrite-vocab-assistant/data/airwrite_identity_eval/../raw_airwrite/E/airwrite_E_20260804_141439_965121_b21595.png,e,e,0.5140476822853088,"[{""label"": ""e"", ""probability"": 0.5140476822853088}, {""label"": ""i"", ""probability"": 0.19884373247623444}, {""label"": ""f"", ""probability"": 0.10226535052061081}]",uppercase
C:/Code/airwrite-vocab-assistant/data/airwrite_identity_eval/../raw_airwrite/E/airwrite_E_20260804_141513_716286_d06151.png,e,e,0.7020166516304016,"[{""label"": ""e"", ""probability"": 0.7020166516304016}, {""label"": ""f"", ""probability"": 0.1665353626012802}, {""label"": ""g"", ""probability"": 0.05478028208017349}]",uppercase
C:/Code/airwrite-vocab-assistant/data/airwrite_identity_eval/../raw_airwrite/E/airwrite_E_20260804_141523_450519_e33f79.png,e,e,0.9387710094451904,"[{""label"": ""e"", ""probability"": 0.9387710094451904}, {""label"": ""f"", ""probability"": 0.0495806448161602}, {""label"": ""g"", ""probability"": 0.004101921338587999}]",uppercase
C:/Code/airwrite-vocab-assistant/data/airwrite_identity_eval/../raw_airwrite/E/airwrite_E_20260804_141529_555267_60b583.png,e,e,0.3149257302284241,"[{""label"": ""e"", ""probability"": 0.3149257302284241}, {""label"": ""i"", ""probability"": 0.2524377703666687}, {""label"": ""f"", ""probability"": 0.22118163108825684}]",uppercase
C:/Code/airwrite-vocab-assistant/data/airwrite_identity_eval/../raw_airwrite/E/airwrite_E_20260804_141536_689247_084ef9.png,e,v,0.308102548122406,"[{""label"": ""v"", ""probability"": 0.308102548122406}, {""label"": ""u"", ""probability"": 0.3061269521713257}, {""label"": ""c"", ""probability"": 0.1199437826871872}]",uppercase
C:/Code/airwrite-vocab-assistant/data/airwrite_identity_eval/../raw_airwrite/E/airwrite_E_20260804_141547_160826_940a4a.png,e,u,0.6290749907493591,"[{""label"": ""u"", ""probability"": 0.6290749907493591}, {""label"": ""w"", ""probability"": 0.19781291484832764}, {""label"": ""v"", ""probability"": 0.12676669657230377}]",uppercase
C:/Code/airwrite-vocab-assistant/data/airwrite_identity_eval/../raw_airwrite/E/airwrite_E_20260804_141610_647249_0e914e.png,e,i,0.4280617833137512,"[{""label"": ""i"", ""probability"": 0.4280617833137512}, {""label"": ""z"", ""probability"": 0.2880858778953552}, {""label"": ""b"", ""probability"": 0.08229079097509384}]",uppercase
C:/Code/airwrite-vocab-assistant/data/airwrite_identity_eval/../raw_airwrite/E/airwrite_E_20260804_141617_588967_14b2b0.png,e,z,0.7967531681060791,"[{""label"": ""z"", ""probability"": 0.7967531681060791}, {""label"": ""i"", ""probability"": 0.11464963853359222}, {""label"": ""j"", ""probability"": 0.07337908446788788}]",uppercase
C:/Code/airwrite-vocab-assistant/data/airwrite_identity_eval/../raw_airwrite/E/airwrite_E_20260804_141622_851232_3d7e97.png,e,e,0.5041166543960571,"[{""label"": ""e"", ""probability"": 0.5041166543960571}, {""label"": ""f"", ""probability"": 0.4674350619316101}, {""label"": ""g"", ""probability"": 0.008502921089529991}]",uppercase
C:/Code/airwrite-vocab-assistant/data/airwrite_identity_eval/../raw_airwrite/E/airwrite_E_20260804_141628_808357_a2d9a9.png,e,j,0.7845475673675537,"[{""label"": ""j"", ""probability"": 0.7845475673675537}, {""label"": ""f"", ""probability"": 0.09009985625743866}, {""label"": ""i"", ""probability"": 0.06763307005167007}]",uppercase
C:/Code/airwrite-vocab-assistant/data/airwrite_identity_eval/../raw_airwrite/E/airwrite_E_20260804_141639_016967_3ff7a6.png,e,e,0.9925532937049866,"[{""label"": ""e"", ""probability"": 0.9925532937049866}, {""label"": ""f"", ""probability"": 0.0037742333952337503}, {""label"": ""c"", ""probability"": 0.0032948998268693686}]",uppercase
C:/Code/airwrite-vocab-assistant/data/airwrite_identity_eval/../raw_airwrite/E/airwrite_E_20260804_141650_107830_a79a51.png,e,e,0.9682097434997559,"[{""label"": ""e"", ""probability"": 0.9682097434997559}, {""label"": ""f"", ""probability"": 0.012911462225019932}, {""label"": ""i"", ""probability"": 0.008626994676887989}]",uppercase
C:/Code/airwrite-vocab-assistant/data/airwrite_identity_eval/../raw_airwrite/E/airwrite_E_20260804_141714_424524_6fff32.png,e,e,0.4897434413433075,"[{""label"": ""e"", ""probability"": 0.4897434413433075}, {""label"": ""f"", ""probability"": 0.2740095257759094}, {""label"": ""k"", ""probability"": 0.07797310501337051}]",uppercase
C:/Code/airwrite-vocab-assistant/data/airwrite_identity_eval/../raw_airwrite/E/airwrite_E_20260804_141719_612844_bd5e1f.png,e,e,0.3428012728691101,"[{""label"": ""e"", ""probability"": 0.3428012728691101}, {""label"": ""f"", ""probability"": 0.27782493829727173}, {""label"": ""i"", ""probability"": 0.15646995604038239}]",uppercase
C:/Code/airwrite-vocab-assistant/data/airwrite_identity_eval/../raw_airwrite/E/airwrite_E_20260804_141746_400799_6f4313.png,e,z,0.6655644774436951,"[{""label"": ""z"", ""probability"": 0.6655644774436951}, {""label"": ""i"", ""probability"": 0.2037958949804306}, {""label"": ""j"", ""probability"": 0.06324535608291626}]",uppercase
C:/Code/airwrite-vocab-assistant/data/airwrite_identity_eval/../raw_airwrite/E/airwrite_E_20260804_141753_090527_e46517.png,e,j,0.4600241184234619,"[{""label"": ""j"", ""probability"": 0.4600241184234619}, {""label"": ""f"", ""probability"": 0.2260839194059372}, {""label"": ""z"", ""probability"": 0.11585406213998795}]",uppercase
C:/Code/airwrite-vocab-assistant/data/airwrite_identity_eval/../raw_airwrite/E/airwrite_E_20260804_141757_905469_9e1ef5.png,e,e,0.4241988956928253,"[{""label"": ""e"", ""probability"": 0.4241988956928253}, {""label"": ""f"", ""probability"": 0.36451229453086853}, {""label"": ""t"", ""probability"": 0.08482123166322708}]",uppercase
C:/Code/airwrite-vocab-assistant/data/airwrite_identity_eval/../raw_airwrite/E/airwrite_E_20260804_141802_583508_781075.png,e,f,0.25613152980804443,"[{""label"": ""f"", ""probability"": 0.25613152980804443}, {""label"": ""e"", ""probability"": 0.19509044289588928}, {""label"": ""i"", ""probability"": 0.16731874644756317}]",uppercase
C:/Code/airwrite-vocab-assistant/data/airwrite_identity_eval/../raw_airwrite/E/airwrite_E_20260804_141820_429293_04cbba.png,e,f,0.5084520578384399,"[{""label"": ""f"", ""probability"": 0.5084520578384399}, {""label"": ""j"", ""probability"": 0.30095741152763367}, {""label"": ""t"", ""probability"": 0.07249265909194946}]",uppercase
C:/Code/airwrite-vocab-assistant/data/airwrite_identity_eval/../raw_airwrite/E/airwrite_E_20260804_141826_582483_94f403.png,e,e,0.8500936031341553,"[{""label"": ""e"", ""probability"": 0.8500936031341553}, {""label"": ""f"", ""probability"": 0.09092316776514053}, {""label"": ""i"", ""probability"": 0.012754486873745918}]",uppercase
C:/Code/airwrite-vocab-assistant/data/airwrite_identity_eval/../raw_airwrite/E/airwrite_E_20260804_141832_293663_2cbb4f.png,e,e,0.5258565545082092,"[{""label"": ""e"", ""probability"": 0.5258565545082092}, {""label"": ""c"", ""probability"": 0.23468951880931854}, {""label"": ""f"", ""probability"": 0.12467119097709656}]",uppercase
C:/Code/airwrite-vocab-assistant/data/airwrite_identity_eval/../raw_airwrite/E/airwrite_E_20260804_141846_364829_b38fb9.png,e,f,0.36849191784858704,"[{""label"": ""f"", ""probability"": 0.36849191784858704}, {""label"": ""i"", ""probability"": 0.19772785902023315}, {""label"": ""t"", ""probability"": 0.10347790271043777}]",uppercase
C:/Code/airwrite-vocab-assistant/data/airwrite_identity_eval/../raw_airwrite/E/airwrite_E_20260804_141900_508570_ed4e68.png,e,j,0.3706553876399994,"[{""label"": ""j"", ""probability"": 0.3706553876399994}, {""label"": ""z"", ""probability"": 0.1269768923521042}, {""label"": ""f"", ""probability"": 0.11984023451805115}]",uppercase
C:/Code/airwrite-vocab-assistant/data/airwrite_identity_eval/../raw_airwrite/F/airwrite_F_20260804_141915_004901_66084d.png,f,f,0.961493730545044,"[{""label"": ""f"", ""probability"": 0.961493730545044}, {""label"": ""t"", ""probability"": 0.018826765939593315}, {""label"": ""e"", ""probability"": 0.012905450537800789}]",uppercase
C:/Code/airwrite-vocab-assistant/data/airwrite_identity_eval/../raw_airwrite/F/airwrite_F_20260804_141930_908133_0f61b7.png,f,f,0.7252553105354309,"[{""label"": ""f"", ""probability"": 0.7252553105354309}, {""label"": ""c"", ""probability"": 0.10965082049369812}, {""label"": ""r"", ""probability"": 0.10663212090730667}]",uppercase
C:/Code/airwrite-vocab-assistant/data/airwrite_identity_eval/../raw_airwrite/F/airwrite_F_20260804_141939_963399_4b0a3b.png,f,f,0.9886848330497742,"[{""label"": ""f"", ""probability"": 0.9886848330497742}, {""label"": ""r"", ""probability"": 0.008892091922461987}, {""label"": ""e"", ""probability"": 0.000661666679661721}]",uppercase
C:/Code/airwrite-vocab-assistant/data/airwrite_identity_eval/../raw_airwrite/F/airwrite_F_20260804_141945_427693_74a176.png,f,f,0.9163318872451782,"[{""label"": ""f"", ""probability"": 0.9163318872451782}, {""label"": ""t"", ""probability"": 0.0693928599357605}, {""label"": ""r"", ""probability"": 0.002864342648535967}]",uppercase
C:/Code/airwrite-vocab-assistant/data/airwrite_identity_eval/../raw_airwrite/F/airwrite_F_20260804_141950_390285_818261.png,f,f,0.9453607201576233,"[{""label"": ""f"", ""probability"": 0.9453607201576233}, {""label"": ""r"", ""probability"": 0.02816789783537388}, {""label"": ""e"", ""probability"": 0.013070977292954922}]",uppercase
C:/Code/airwrite-vocab-assistant/data/airwrite_identity_eval/../raw_airwrite/F/airwrite_F_20260804_141956_002110_173e6e.png,f,f,0.9719003438949585,"[{""label"": ""f"", ""probability"": 0.9719003438949585}, {""label"": ""r"", ""probability"": 0.018272429704666138}, {""label"": ""p"", ""probability"": 0.005453130230307579}]",uppercase
C:/Code/airwrite-vocab-assistant/data/airwrite_identity_eval/../raw_airwrite/F/airwrite_F_20260804_142002_894647_2436f2.png,f,f,0.9821041226387024,"[{""label"": ""f"", ""probability"": 0.9821041226387024}, {""label"": ""t"", ""probability"": 0.006546632386744022}, {""label"": ""i"", ""probability"": 0.00283310585655272}]",uppercase
C:/Code/airwrite-vocab-assistant/data/airwrite_identity_eval/../raw_airwrite/F/airwrite_F_20260804_142008_515303_c90d39.png,f,f,0.2929537296295166,"[{""label"": ""f"", ""probability"": 0.2929537296295166}, {""label"": ""t"", ""probability"": 0.2262350171804428}, {""label"": ""j"", ""probability"": 0.18593217432498932}]",uppercase
C:/Code/airwrite-vocab-assistant/data/airwrite_identity_eval/../raw_airwrite/F/airwrite_F_20260804_142014_201131_dc307a.png,f,f,0.7706899046897888,"[{""label"": ""f"", ""probability"": 0.7706899046897888}, {""label"": ""t"", ""probability"": 0.08496127277612686}, {""label"": ""s"", ""probability"": 0.05781492963433266}]",uppercase
C:/Code/airwrite-vocab-assistant/data/airwrite_identity_eval/../raw_airwrite/F/airwrite_F_20260804_142019_290844_402f6a.png,f,j,0.4841800332069397,"[{""label"": ""j"", ""probability"": 0.4841800332069397}, {""label"": ""i"", ""probability"": 0.2489854395389557}, {""label"": ""t"", ""probability"": 0.19202080368995667}]",uppercase
C:/Code/airwrite-vocab-assistant/data/airwrite_identity_eval/../raw_airwrite/F/airwrite_F_20260804_142024_393772_fcadc9.png,f,t,0.4976404011249542,"[{""label"": ""t"", ""probability"": 0.4976404011249542}, {""label"": ""f"", ""probability"": 0.14063909649848938}, {""label"": ""r"", ""probability"": 0.11107644438743591}]",uppercase
C:/Code/airwrite-vocab-assistant/data/airwrite_identity_eval/../raw_airwrite/F/airwrite_F_20260804_142032_691548_8a89bd.png,f,t,0.8808336853981018,"[{""label"": ""t"", ""probability"": 0.8808336853981018}, {""label"": ""f"", ""probability"": 0.03804066777229309}, {""label"": ""j"", ""probability"": 0.025523802265524864}]",uppercase
C:/Code/airwrite-vocab-assistant/data/airwrite_identity_eval/../raw_airwrite/F/airwrite_F_20260804_142040_184668_e3bf7e.png,f,i,0.47832465171813965,"[{""label"": ""i"", ""probability"": 0.47832465171813965}, {""label"": ""t"", ""probability"": 0.2779671549797058}, {""label"": ""j"", ""probability"": 0.13284358382225037}]",uppercase
C:/Code/airwrite-vocab-assistant/data/airwrite_identity_eval/../raw_airwrite/F/airwrite_F_20260804_142045_970242_a0b894.png,f,i,0.38187727332115173,"[{""label"": ""i"", ""probability"": 0.38187727332115173}, {""label"": ""j"", ""probability"": 0.26732099056243896}, {""label"": ""z"", ""probability"": 0.08915095031261444}]",uppercase
C:/Code/airwrite-vocab-assistant/data/airwrite_identity_eval/../raw_airwrite/F/airwrite_F_20260804_142109_934702_653369.png,f,f,0.9841662645339966,"[{""label"": ""f"", ""probability"": 0.9841662645339966}, {""label"": ""t"", ""probability"": 0.005748452618718147}, {""label"": ""e"", ""probability"": 0.004994940012693405}]",uppercase
C:/Code/airwrite-vocab-assistant/data/airwrite_identity_eval/../raw_airwrite/F/airwrite_F_20260804_142113_691035_ed41b1.png,f,f,0.976323664188385,"[{""label"": ""f"", ""probability"": 0.976323664188385}, {""label"": ""t"", ""probability"": 0.00799284502863884}, {""label"": ""e"", ""probability"": 0.004576193634420633}]",uppercase
C:/Code/airwrite-vocab-assistant/data/airwrite_identity_eval/../raw_airwrite/F/airwrite_F_20260804_142118_673414_45c017.png,f,a,0.850246012210846,"[{""label"": ""a"", ""probability"": 0.850246012210846}, {""label"": ""g"", ""probability"": 0.06568371504545212}, {""label"": ""z"", ""probability"": 0.03402566909790039}]",uppercase
C:/Code/airwrite-vocab-assistant/data/airwrite_identity_eval/../raw_airwrite/F/airwrite_F_20260804_142121_614540_1261cd.png,f,t,0.8216125965118408,"[{""label"": ""t"", ""probability"": 0.8216125965118408}, {""label"": ""q"", ""probability"": 0.049419645220041275}, {""label"": ""g"", ""probability"": 0.026177942752838135}]",uppercase
C:/Code/airwrite-vocab-assistant/data/airwrite_identity_eval/../raw_airwrite/F/airwrite_F_20260804_142125_962206_4cb45a.png,f,f,0.989206075668335,"[{""label"": ""f"", ""probability"": 0.989206075668335}, {""label"": ""e"", ""probability"": 0.0036293447483330965}, {""label"": ""p"", ""probability"": 0.0023255953565239906}]",uppercase
C:/Code/airwrite-vocab-assistant/data/airwrite_identity_eval/../raw_airwrite/F/airwrite_F_20260804_142129_450592_a3cf9b.png,f,f,0.9643570184707642,"[{""label"": ""f"", ""probability"": 0.9643570184707642}, {""label"": ""e"", ""probability"": 0.01331374142318964}, {""label"": ""t"", ""probability"": 0.011051137000322342}]",uppercase
C:/Code/airwrite-vocab-assistant/data/airwrite_identity_eval/../raw_airwrite/F/airwrite_F_20260804_142134_745116_32f6a7.png,f,t,0.5346295237541199,"[{""label"": ""t"", ""probability"": 0.5346295237541199}, {""label"": ""j"", ""probability"": 0.12431947141885757}, {""label"": ""g"", ""probability"": 0.08637737482786179}]",uppercase
C:/Code/airwrite-vocab-assistant/data/airwrite_identity_eval/../raw_airwrite/F/airwrite_F_20260804_142142_399490_e3e056.png,f,t,0.2553008794784546,"[{""label"": ""t"", ""probability"": 0.2553008794784546}, {""label"": ""i"", ""probability"": 0.22609232366085052}, {""label"": ""f"", ""probability"": 0.2189982533454895}]",uppercase
C:/Code/airwrite-vocab-assistant/data/airwrite_identity_eval/../raw_airwrite/F/airwrite_F_20260804_142151_463231_999eb9.png,f,f,0.4053802788257599,"[{""label"": ""f"", ""probability"": 0.4053802788257599}, {""label"": ""i"", ""probability"": 0.30711543560028076}, {""label"": ""t"", ""probability"": 0.1495991349220276}]",uppercase
C:/Code/airwrite-vocab-assistant/data/airwrite_identity_eval/../raw_airwrite/F/airwrite_F_20260804_142208_573111_cea1a6.png,f,f,0.9568571448326111,"[{""label"": ""f"", ""probability"": 0.9568571448326111}, {""label"": ""r"", ""probability"": 0.022047191858291626}, {""label"": ""p"", ""probability"": 0.01671658456325531}]",uppercase
C:/Code/airwrite-vocab-assistant/data/airwrite_identity_eval/../raw_airwrite/F/airwrite_F_20260804_142213_585421_a5daa0.png,f,t,0.6994136571884155,"[{""label"": ""t"", ""probability"": 0.6994136571884155}, {""label"": ""q"", ""probability"": 0.11552704870700836}, {""label"": ""g"", ""probability"": 0.06774295121431351}]",uppercase
C:/Code/airwrite-vocab-assistant/data/airwrite_identity_eval/../raw_airwrite/F/airwrite_F_20260804_142218_476599_ac67cb.png,f,f,0.9782159924507141,"[{""label"": ""f"", ""probability"": 0.9782159924507141}, {""label"": ""t"", ""probability"": 0.01609136536717415}, {""label"": ""r"", ""probability"": 0.001861296477727592}]",uppercase
C:/Code/airwrite-vocab-assistant/data/airwrite_identity_eval/../raw_airwrite/F/airwrite_F_20260804_142223_573764_95e695.png,f,i,0.6638563871383667,"[{""label"": ""i"", ""probability"": 0.6638563871383667}, {""label"": ""t"", ""probability"": 0.18201184272766113}, {""label"": ""l"", ""probability"": 0.06427522748708725}]",uppercase
C:/Code/airwrite-vocab-assistant/data/airwrite_identity_eval/../raw_airwrite/F/airwrite_F_20260804_142236_780785_ff4c0f.png,f,f,0.9993599057197571,"[{""label"": ""f"", ""probability"": 0.9993599057197571}, {""label"": ""e"", ""probability"": 0.0004348024958744645}, {""label"": ""t"", ""probability"": 0.00017769278201740235}]",uppercase
C:/Code/airwrite-vocab-assistant/data/airwrite_identity_eval/../raw_airwrite/F/airwrite_F_20260804_142244_914766_4c805e.png,f,f,0.9960363507270813,"[{""label"": ""f"", ""probability"": 0.9960363507270813}, {""label"": ""e"", ""probability"": 0.003410425502806902}, {""label"": ""r"", ""probability"": 0.00020168646005913615}]",uppercase
C:/Code/airwrite-vocab-assistant/data/airwrite_identity_eval/../raw_airwrite/F/airwrite_F_20260804_142251_226412_4ebeb1.png,f,f,0.9731772541999817,"[{""label"": ""f"", ""probability"": 0.9731772541999817}, {""label"": ""a"", ""probability"": 0.01005861908197403}, {""label"": ""r"", ""probability"": 0.004934640135616064}]",uppercase
C:/Code/airwrite-vocab-assistant/data/airwrite_identity_eval/../raw_airwrite/F/airwrite_F_20260804_142256_460836_ed10b1.png,f,f,0.9698477387428284,"[{""label"": ""f"", ""probability"": 0.9698477387428284}, {""label"": ""r"", ""probability"": 0.017680387943983078}, {""label"": ""p"", ""probability"": 0.0048114764504134655}]",uppercase
C:/Code/airwrite-vocab-assistant/data/airwrite_identity_eval/../raw_airwrite/F/airwrite_F_20260804_142300_734438_4859eb.png,f,f,0.9253857731819153,"[{""label"": ""f"", ""probability"": 0.9253857731819153}, {""label"": ""p"", ""probability"": 0.06822015345096588}, {""label"": ""r"", ""probability"": 0.0030431454069912434}]",uppercase
C:/Code/airwrite-vocab-assistant/data/airwrite_identity_eval/../raw_airwrite/F/airwrite_F_20260804_142305_106542_a4090c.png,f,f,0.8415099382400513,"[{""label"": ""f"", ""probability"": 0.8415099382400513}, {""label"": ""t"", ""probability"": 0.04352068156003952}, {""label"": ""i"", ""probability"": 0.037809308618307114}]",uppercase
C:/Code/airwrite-vocab-assistant/data/airwrite_identity_eval/../raw_airwrite/F/airwrite_F_20260804_142318_031660_3641fe.png,f,f,0.9936189651489258,"[{""label"": ""f"", ""probability"": 0.9936189651489258}, {""label"": ""e"", ""probability"": 0.00267947930842638}, {""label"": ""t"", ""probability"": 0.0019060596823692322}]",uppercase
C:/Code/airwrite-vocab-assistant/data/airwrite_identity_eval/../raw_airwrite/F/airwrite_F_20260804_142321_965205_dcc8a5.png,f,f,0.9975670576095581,"[{""label"": ""f"", ""probability"": 0.9975670576095581}, {""label"": ""e"", ""probability"": 0.002039520535618067}, {""label"": ""r"", ""probability"": 0.00013979051436763257}]",uppercase
C:/Code/airwrite-vocab-assistant/data/airwrite_identity_eval/../raw_airwrite/F/airwrite_F_20260804_142328_887010_73d1e1.png,f,f,0.9764718413352966,"[{""label"": ""f"", ""probability"": 0.9764718413352966}, {""label"": ""e"", ""probability"": 0.008171474561095238}, {""label"": ""t"", ""probability"": 0.0064722392708063126}]",uppercase
C:/Code/airwrite-vocab-assistant/data/airwrite_identity_eval/../raw_airwrite/F/airwrite_F_20260804_142416_031787_0a524f.png,f,i,0.8869056105613708,"[{""label"": ""i"", ""probability"": 0.8869056105613708}, {""label"": ""l"", ""probability"": 0.046981897205114365}, {""label"": ""j"", ""probability"": 0.041182950139045715}]",uppercase
C:/Code/airwrite-vocab-assistant/data/airwrite_identity_eval/../raw_airwrite/F/airwrite_F_20260804_142420_087156_e17a17.png,f,f,0.9907744526863098,"[{""label"": ""f"", ""probability"": 0.9907744526863098}, {""label"": ""t"", ""probability"": 0.002360279904678464}, {""label"": ""p"", ""probability"": 0.002332860603928566}]",uppercase
C:/Code/airwrite-vocab-assistant/data/airwrite_identity_eval/../raw_airwrite/F/airwrite_F_20260804_142424_860150_ee1416.png,f,f,0.9887067079544067,"[{""label"": ""f"", ""probability"": 0.9887067079544067}, {""label"": ""e"", ""probability"": 0.0066917287185788155}, {""label"": ""s"", ""probability"": 0.0012941459426656365}]",uppercase
C:/Code/airwrite-vocab-assistant/data/airwrite_identity_eval/../raw_airwrite/F/airwrite_F_20260804_142433_096266_a659f3.png,f,f,0.9971068501472473,"[{""label"": ""f"", ""probability"": 0.9971068501472473}, {""label"": ""e"", ""probability"": 0.0016130730509757996}, {""label"": ""p"", ""probability"": 0.0005145219038240612}]",uppercase
C:/Code/airwrite-vocab-assistant/data/airwrite_identity_eval/../raw_airwrite/F/airwrite_F_20260804_142436_864528_722387.png,f,f,0.8400718569755554,"[{""label"": ""f"", ""probability"": 0.8400718569755554}, {""label"": ""i"", ""probability"": 0.04433441162109375}, {""label"": ""s"", ""probability"": 0.042197708040475845}]",uppercase
C:/Code/airwrite-vocab-assistant/data/airwrite_identity_eval/../raw_airwrite/F/airwrite_F_20260804_142450_106703_01292f.png,f,f,0.9984945058822632,"[{""label"": ""f"", ""probability"": 0.9984945058822632}, {""label"": ""t"", ""probability"": 0.0008387994603253901}, {""label"": ""e"", ""probability"": 0.0005621291929855943}]",uppercase
C:/Code/airwrite-vocab-assistant/data/airwrite_identity_eval/../raw_airwrite/F/airwrite_F_20260804_142453_685737_e1ab9d.png,f,f,0.9399763941764832,"[{""label"": ""f"", ""probability"": 0.9399763941764832}, {""label"": ""t"", ""probability"": 0.035287581384181976}, {""label"": ""s"", ""probability"": 0.006301963701844215}]",uppercase
C:/Code/airwrite-vocab-assistant/data/airwrite_identity_eval/../raw_airwrite/F/airwrite_F_20260804_142457_272893_dd6859.png,f,f,0.9994189739227295,"[{""label"": ""f"", ""probability"": 0.9994189739227295}, {""label"": ""e"", ""probability"": 0.00029879334033466876}, {""label"": ""t"", ""probability"": 0.00014222660684026778}]",uppercase
C:/Code/airwrite-vocab-assistant/data/airwrite_identity_eval/../raw_airwrite/F/airwrite_F_20260804_142500_260586_b81b6c.png,f,f,0.623249351978302,"[{""label"": ""f"", ""probability"": 0.623249351978302}, {""label"": ""t"", ""probability"": 0.17554894089698792}, {""label"": ""i"", ""probability"": 0.06348487734794617}]",uppercase
C:/Code/airwrite-vocab-assistant/data/airwrite_identity_eval/../raw_airwrite/F/airwrite_F_20260804_142511_958653_e8986d.png,f,f,0.8177791833877563,"[{""label"": ""f"", ""probability"": 0.8177791833877563}, {""label"": ""e"", ""probability"": 0.09566082805395126}, {""label"": ""t"", ""probability"": 0.032953593879938126}]",uppercase
C:/Code/airwrite-vocab-assistant/data/airwrite_identity_eval/../raw_airwrite/F/airwrite_F_20260804_142516_072213_a4afd6.png,f,f,0.8212392330169678,"[{""label"": ""f"", ""probability"": 0.8212392330169678}, {""label"": ""t"", ""probability"": 0.03826466202735901}, {""label"": ""e"", ""probability"": 0.03482693433761597}]",uppercase
C:/Code/airwrite-vocab-assistant/data/airwrite_identity_eval/../raw_airwrite/F/airwrite_F_20260804_142520_497386_375bc8.png,f,f,0.9012022614479065,"[{""label"": ""f"", ""probability"": 0.9012022614479065}, {""label"": ""t"", ""probability"": 0.028513086959719658}, {""label"": ""e"", ""probability"": 0.024001674726605415}]",uppercase
C:/Code/airwrite-vocab-assistant/data/airwrite_identity_eval/../raw_airwrite/F/airwrite_F_20260804_142524_149134_b303a5.png,f,f,0.8175395131111145,"[{""label"": ""f"", ""probability"": 0.8175395131111145}, {""label"": ""t"", ""probability"": 0.12107084691524506}, {""label"": ""i"", ""probability"": 0.013576413504779339}]",uppercase
C:/Code/airwrite-vocab-assistant/data/airwrite_identity_eval/../raw_airwrite/F/airwrite_F_20260804_142527_694588_534705.png,f,f,0.9175540208816528,"[{""label"": ""f"", ""probability"": 0.9175540208816528}, {""label"": ""t"", ""probability"": 0.05319271609187126}, {""label"": ""e"", ""probability"": 0.009662223048508167}]",uppercase
C:/Code/airwrite-vocab-assistant/data/airwrite_identity_eval/../raw_airwrite/F/airwrite_F_20260804_142532_038374_719de5.png,f,f,0.9582791328430176,"[{""label"": ""f"", ""probability"": 0.9582791328430176}, {""label"": ""e"", ""probability"": 0.013485088013112545}, {""label"": ""z"", ""probability"": 0.005887331906706095}]",uppercase
C:/Code/airwrite-vocab-assistant/data/airwrite_identity_eval/../raw_airwrite/G/airwrite_G_20260804_142554_352622_06b74e.png,g,g,0.9741758704185486,"[{""label"": ""g"", ""probability"": 0.9741758704185486}, {""label"": ""q"", ""probability"": 0.008339607156813145}, {""label"": ""j"", ""probability"": 0.004915296565741301}]",uppercase
C:/Code/airwrite-vocab-assistant/data/airwrite_identity_eval/../raw_airwrite/G/airwrite_G_20260804_142557_976871_257dc6.png,g,g,0.947634756565094,"[{""label"": ""g"", ""probability"": 0.947634756565094}, {""label"": ""q"", ""probability"": 0.02019665390253067}, {""label"": ""a"", ""probability"": 0.011422102339565754}]",uppercase
C:/Code/airwrite-vocab-assistant/data/airwrite_identity_eval/../raw_airwrite/G/airwrite_G_20260804_142601_157758_ff6fa6.png,g,g,0.9892534613609314,"[{""label"": ""g"", ""probability"": 0.9892534613609314}, {""label"": ""j"", ""probability"": 0.003811101196333766}, {""label"": ""s"", ""probability"": 0.002380706137046218}]",uppercase
C:/Code/airwrite-vocab-assistant/data/airwrite_identity_eval/../raw_airwrite/G/airwrite_G_20260804_142604_483197_aa07b2.png,g,g,0.9237737059593201,"[{""label"": ""g"", ""probability"": 0.9237737059593201}, {""label"": ""c"", ""probability"": 0.02036154642701149}, {""label"": ""e"", ""probability"": 0.020354297012090683}]",uppercase
C:/Code/airwrite-vocab-assistant/data/airwrite_identity_eval/../raw_airwrite/G/airwrite_G_20260804_142611_400677_4565d1.png,g,g,0.9693931937217712,"[{""label"": ""g"", ""probability"": 0.9693931937217712}, {""label"": ""s"", ""probability"": 0.008354085497558117}, {""label"": ""j"", ""probability"": 0.00672575831413269}]",uppercase
C:/Code/airwrite-vocab-assistant/data/airwrite_identity_eval/../raw_airwrite/G/airwrite_G_20260804_142614_039294_e569ef.png,g,g,0.7456321716308594,"[{""label"": ""g"", ""probability"": 0.7456321716308594}, {""label"": ""b"", ""probability"": 0.21937543153762817}, {""label"": ""s"", ""probability"": 0.02314719185233116}]",uppercase
C:/Code/airwrite-vocab-assistant/data/airwrite_identity_eval/../raw_airwrite/G/airwrite_G_20260804_142616_443688_05d3a6.png,g,g,0.9236751198768616,"[{""label"": ""g"", ""probability"": 0.9236751198768616}, {""label"": ""s"", ""probability"": 0.04863167181611061}, {""label"": ""j"", ""probability"": 0.010793888941407204}]",uppercase
C:/Code/airwrite-vocab-assistant/data/airwrite_identity_eval/../raw_airwrite/G/airwrite_G_20260804_142618_927028_6a761f.png,g,g,0.9501948356628418,"[{""label"": ""g"", ""probability"": 0.9501948356628418}, {""label"": ""q"", ""probability"": 0.03835586458444595}, {""label"": ""s"", ""probability"": 0.004148687236011028}]",uppercase
C:/Code/airwrite-vocab-assistant/data/airwrite_identity_eval/../raw_airwrite/G/airwrite_G_20260804_142626_102901_065cda.png,g,g,0.49727925658226013,"[{""label"": ""g"", ""probability"": 0.49727925658226013}, {""label"": ""s"", ""probability"": 0.2587735950946808}, {""label"": ""f"", ""probability"": 0.08761341124773026}]",uppercase
C:/Code/airwrite-vocab-assistant/data/airwrite_identity_eval/../raw_airwrite/G/airwrite_G_20260804_142629_501506_768b71.png,g,g,0.5792401432991028,"[{""label"": ""g"", ""probability"": 0.5792401432991028}, {""label"": ""f"", ""probability"": 0.30824536085128784}, {""label"": ""e"", ""probability"": 0.04855967313051224}]",uppercase
C:/Code/airwrite-vocab-assistant/data/airwrite_identity_eval/../raw_airwrite/G/airwrite_G_20260804_142632_986687_176cf7.png,g,f,0.7557051777839661,"[{""label"": ""f"", ""probability"": 0.7557051777839661}, {""label"": ""c"", ""probability"": 0.08140009641647339}, {""label"": ""g"", ""probability"": 0.07222792506217957}]",uppercase
C:/Code/airwrite-vocab-assistant/data/airwrite_identity_eval/../raw_airwrite/G/airwrite_G_20260804_142639_893893_02d80a.png,g,g,0.5333622694015503,"[{""label"": ""g"", ""probability"": 0.5333622694015503}, {""label"": ""f"", ""probability"": 0.17788581550121307}, {""label"": ""q"", ""probability"": 0.10415668040513992}]",uppercase
C:/Code/airwrite-vocab-assistant/data/airwrite_identity_eval/../raw_airwrite/G/airwrite_G_20260804_142647_245661_699bd5.png,g,g,0.9989244341850281,"[{""label"": ""g"", ""probability"": 0.9989244341850281}, {""label"": ""q"", ""probability"": 0.0004672499489970505}, {""label"": ""s"", ""probability"": 0.0003212458686903119}]",uppercase
C:/Code/airwrite-vocab-assistant/data/airwrite_identity_eval/../raw_airwrite/G/airwrite_G_20260804_142650_928799_96d8d9.png,g,f,0.42559799551963806,"[{""label"": ""f"", ""probability"": 0.42559799551963806}, {""label"": ""g"", ""probability"": 0.3437301516532898}, {""label"": ""s"", ""probability"": 0.14953848719596863}]",uppercase
C:/Code/airwrite-vocab-assistant/data/airwrite_identity_eval/../raw_airwrite/G/airwrite_G_20260804_142702_183280_d35925.png,g,g,0.9887506365776062,"[{""label"": ""g"", ""probability"": 0.9887506365776062}, {""label"": ""q"", ""probability"": 0.004937583114951849}, {""label"": ""f"", ""probability"": 0.0024710705038160086}]",uppercase
C:/Code/airwrite-vocab-assistant/data/airwrite_identity_eval/../raw_airwrite/G/airwrite_G_20260804_142705_588880_588e88.png,g,g,0.9959582686424255,"[{""label"": ""g"", ""probability"": 0.9959582686424255}, {""label"": ""q"", ""probability"": 0.0025787593331187963}, {""label"": ""s"", ""probability"": 0.0004522253875620663}]",uppercase
C:/Code/airwrite-vocab-assistant/data/airwrite_identity_eval/../raw_airwrite/G/airwrite_G_20260804_142732_998571_6a9650.png,g,g,0.9999535083770752,"[{""label"": ""g"", ""probability"": 0.9999535083770752}, {""label"": ""q"", ""probability"": 1.4501963960356079e-05}, {""label"": ""c"", ""probability"": 1.2971054275112692e-05}]",uppercase
C:/Code/airwrite-vocab-assistant/data/airwrite_identity_eval/../raw_airwrite/G/airwrite_G_20260804_142803_373663_8a7cb0.png,g,g,0.9990367889404297,"[{""label"": ""g"", ""probability"": 0.9990367889404297}, {""label"": ""q"", ""probability"": 0.0004887317772954702}, {""label"": ""b"", ""probability"": 0.0002080394624499604}]",uppercase
C:/Code/airwrite-vocab-assistant/data/airwrite_identity_eval/../raw_airwrite/G/airwrite_G_20260804_142806_739061_9a1e43.png,g,g,0.994343638420105,"[{""label"": ""g"", ""probability"": 0.994343638420105}, {""label"": ""q"", ""probability"": 0.005076233297586441}, {""label"": ""a"", ""probability"": 0.0002193362161051482}]",uppercase
C:/Code/airwrite-vocab-assistant/data/airwrite_identity_eval/../raw_airwrite/G/airwrite_G_20260804_142810_651033_605d09.png,g,g,0.985104501247406,"[{""label"": ""g"", ""probability"": 0.985104501247406}, {""label"": ""q"", ""probability"": 0.00657528406009078}, {""label"": ""b"", ""probability"": 0.0038727102801203728}]",uppercase
C:/Code/airwrite-vocab-assistant/data/airwrite_identity_eval/../raw_airwrite/G/airwrite_G_20260804_142814_215091_aa00a7.png,g,g,0.9989558458328247,"[{""label"": ""g"", ""probability"": 0.9989558458328247}, {""label"": ""q"", ""probability"": 0.0007037183968350291}, {""label"": ""s"", ""probability"": 0.0002280280168633908}]",uppercase
C:/Code/airwrite-vocab-assistant/data/airwrite_identity_eval/../raw_airwrite/G/airwrite_G_20260804_142830_156636_10d03b.png,g,g,0.7000228762626648,"[{""label"": ""g"", ""probability"": 0.7000228762626648}, {""label"": ""a"", ""probability"": 0.09870842099189758}, {""label"": ""q"", ""probability"": 0.07254953682422638}]",uppercase
C:/Code/airwrite-vocab-assistant/data/airwrite_identity_eval/../raw_airwrite/G/airwrite_G_20260804_142833_451912_918e4a.png,g,g,0.9679166078567505,"[{""label"": ""g"", ""probability"": 0.9679166078567505}, {""label"": ""f"", ""probability"": 0.013835032470524311}, {""label"": ""s"", ""probability"": 0.013698386959731579}]",uppercase
C:/Code/airwrite-vocab-assistant/data/airwrite_identity_eval/../raw_airwrite/G/airwrite_G_20260804_142857_602347_95478d.png,g,g,0.6756394505500793,"[{""label"": ""g"", ""probability"": 0.6756394505500793}, {""label"": ""f"", ""probability"": 0.2762008309364319}, {""label"": ""c"", ""probability"": 0.024320244789123535}]",uppercase
C:/Code/airwrite-vocab-assistant/data/airwrite_identity_eval/../raw_airwrite/G/airwrite_G_20260804_142905_362518_c34268.png,g,j,0.4129539132118225,"[{""label"": ""j"", ""probability"": 0.4129539132118225}, {""label"": ""g"", ""probability"": 0.28516507148742676}, {""label"": ""z"", ""probability"": 0.15927629172801971}]",uppercase
C:/Code/airwrite-vocab-assistant/data/airwrite_identity_eval/../raw_airwrite/G/airwrite_G_20260804_142914_554813_a3d424.png,g,j,0.8475023508071899,"[{""label"": ""j"", ""probability"": 0.8475023508071899}, {""label"": ""g"", ""probability"": 0.05337858572602272}, {""label"": ""i"", ""probability"": 0.05129580572247505}]",uppercase
C:/Code/airwrite-vocab-assistant/data/airwrite_identity_eval/../raw_airwrite/G/airwrite_G_20260804_142926_220002_0d8bce.png,g,j,0.4624207317829132,"[{""label"": ""j"", ""probability"": 0.4624207317829132}, {""label"": ""s"", ""probability"": 0.1618208885192871}, {""label"": ""d"", ""probability"": 0.13048450648784637}]",uppercase
C:/Code/airwrite-vocab-assistant/data/airwrite_identity_eval/../raw_airwrite/G/airwrite_G_20260804_142933_482764_09e00f.png,g,j,0.5563210844993591,"[{""label"": ""j"", ""probability"": 0.5563210844993591}, {""label"": ""z"", ""probability"": 0.09091895073652267}, {""label"": ""g"", ""probability"": 0.08313777297735214}]",uppercase
C:/Code/airwrite-vocab-assistant/data/airwrite_identity_eval/../raw_airwrite/G/airwrite_G_20260804_142939_070008_b63e99.png,g,g,0.9655563831329346,"[{""label"": ""g"", ""probability"": 0.9655563831329346}, {""label"": ""q"", ""probability"": 0.01980769820511341}, {""label"": ""f"", ""probability"": 0.0033070947974920273}]",uppercase
C:/Code/airwrite-vocab-assistant/data/airwrite_identity_eval/../raw_airwrite/G/airwrite_G_20260804_142946_750005_4a2520.png,g,g,0.900985062122345,"[{""label"": ""g"", ""probability"": 0.900985062122345}, {""label"": ""e"", ""probability"": 0.030704274773597717}, {""label"": ""f"", ""probability"": 0.017314128577709198}]",uppercase
C:/Code/airwrite-vocab-assistant/data/airwrite_identity_eval/../raw_airwrite/G/airwrite_G_20260804_142954_495218_e22123.png,g,f,0.6344153881072998,"[{""label"": ""f"", ""probability"": 0.6344153881072998}, {""label"": ""g"", ""probability"": 0.22719863057136536}, {""label"": ""q"", ""probability"": 0.050723135471343994}]",uppercase
C:/Code/airwrite-vocab-assistant/data/airwrite_identity_eval/../raw_airwrite/G/airwrite_G_20260804_142958_868324_ccc7b2.png,g,g,0.9322130084037781,"[{""label"": ""g"", ""probability"": 0.9322130084037781}, {""label"": ""q"", ""probability"": 0.03648259863257408}, {""label"": ""c"", ""probability"": 0.010195941664278507}]",uppercase
C:/Code/airwrite-vocab-assistant/data/airwrite_identity_eval/../raw_airwrite/G/airwrite_G_20260804_143002_614764_531686.png,g,g,0.5634351372718811,"[{""label"": ""g"", ""probability"": 0.5634351372718811}, {""label"": ""q"", ""probability"": 0.16140009462833405}, {""label"": ""a"", ""probability"": 0.11042644083499908}]",uppercase
C:/Code/airwrite-vocab-assistant/data/airwrite_identity_eval/../raw_airwrite/G/airwrite_G_20260804_143008_497607_e2023e.png,g,f,0.57036292552948,"[{""label"": ""f"", ""probability"": 0.57036292552948}, {""label"": ""c"", ""probability"": 0.17584769427776337}, {""label"": ""g"", ""probability"": 0.14561942219734192}]",uppercase
C:/Code/airwrite-vocab-assistant/data/airwrite_identity_eval/../raw_airwrite/G/airwrite_G_20260804_143018_216047_87c719.png,g,g,0.6335706114768982,"[{""label"": ""g"", ""probability"": 0.6335706114768982}, {""label"": ""s"", ""probability"": 0.17551958560943604}, {""label"": ""o"", ""probability"": 0.05600021034479141}]",uppercase
C:/Code/airwrite-vocab-assistant/data/airwrite_identity_eval/../raw_airwrite/G/airwrite_G_20260804_143027_773701_107da3.png,g,g,0.8225391507148743,"[{""label"": ""g"", ""probability"": 0.8225391507148743}, {""label"": ""f"", ""probability"": 0.12797896564006805}, {""label"": ""s"", ""probability"": 0.037444550544023514}]",uppercase
C:/Code/airwrite-vocab-assistant/data/airwrite_identity_eval/../raw_airwrite/G/airwrite_G_20260804_143115_604698_0accab.png,g,g,0.8128734230995178,"[{""label"": ""g"", ""probability"": 0.8128734230995178}, {""label"": ""c"", ""probability"": 0.1621444970369339}, {""label"": ""f"", ""probability"": 0.01716301590204239}]",uppercase
C:/Code/airwrite-vocab-assistant/data/airwrite_identity_eval/../raw_airwrite/G/airwrite_G_20260804_143118_779718_16ddd8.png,g,g,0.9821043610572815,"[{""label"": ""g"", ""probability"": 0.9821043610572815}, {""label"": ""q"", ""probability"": 0.0060378992930054665}, {""label"": ""f"", ""probability"": 0.005198793951421976}]",uppercase
C:/Code/airwrite-vocab-assistant/data/airwrite_identity_eval/../raw_airwrite/G/airwrite_G_20260804_143121_526953_ad328c.png,g,c,0.5330203771591187,"[{""label"": ""c"", ""probability"": 0.5330203771591187}, {""label"": ""g"", ""probability"": 0.4014330208301544}, {""label"": ""f"", ""probability"": 0.03805139660835266}]",uppercase
C:/Code/airwrite-vocab-assistant/data/airwrite_identity_eval/../raw_airwrite/G/airwrite_G_20260804_143128_290873_19ee1d.png,g,g,0.7496026158332825,"[{""label"": ""g"", ""probability"": 0.7496026158332825}, {""label"": ""f"", ""probability"": 0.1920272707939148}, {""label"": ""e"", ""probability"": 0.028027955442667007}]",uppercase
C:/Code/airwrite-vocab-assistant/data/airwrite_identity_eval/../raw_airwrite/G/airwrite_G_20260804_143131_141499_cfeaec.png,g,c,0.4010810852050781,"[{""label"": ""c"", ""probability"": 0.4010810852050781}, {""label"": ""g"", ""probability"": 0.27709367871284485}, {""label"": ""f"", ""probability"": 0.14252111315727234}]",uppercase
C:/Code/airwrite-vocab-assistant/data/airwrite_identity_eval/../raw_airwrite/G/airwrite_G_20260804_143134_005240_0972ac.png,g,c,0.6594783067703247,"[{""label"": ""c"", ""probability"": 0.6594783067703247}, {""label"": ""g"", ""probability"": 0.23187990486621857}, {""label"": ""s"", ""probability"": 0.04398692026734352}]",uppercase
C:/Code/airwrite-vocab-assistant/data/airwrite_identity_eval/../raw_airwrite/G/airwrite_G_20260804_143140_752452_ca1b6d.png,g,g,0.9621557593345642,"[{""label"": ""g"", ""probability"": 0.9621557593345642}, {""label"": ""c"", ""probability"": 0.01731816492974758}, {""label"": ""q"", ""probability"": 0.011196896433830261}]",uppercase
C:/Code/airwrite-vocab-assistant/data/airwrite_identity_eval/../raw_airwrite/G/airwrite_G_20260804_143143_531650_e8459c.png,g,g,0.6894394755363464,"[{""label"": ""g"", ""probability"": 0.6894394755363464}, {""label"": ""s"", ""probability"": 0.10040248930454254}, {""label"": ""c"", ""probability"": 0.08101669698953629}]",uppercase
C:/Code/airwrite-vocab-assistant/data/airwrite_identity_eval/../raw_airwrite/G/airwrite_G_20260804_143146_299969_61f20c.png,g,g,0.6990088224411011,"[{""label"": ""g"", ""probability"": 0.6990088224411011}, {""label"": ""s"", ""probability"": 0.0734371766448021}, {""label"": ""f"", ""probability"": 0.06729675829410553}]",uppercase
C:/Code/airwrite-vocab-assistant/data/airwrite_identity_eval/../raw_airwrite/G/airwrite_G_20260804_143149_030052_f3ddc0.png,g,c,0.30769985914230347,"[{""label"": ""c"", ""probability"": 0.30769985914230347}, {""label"": ""g"", ""probability"": 0.14649967849254608}, {""label"": ""f"", ""probability"": 0.10717570036649704}]",uppercase
C:/Code/airwrite-vocab-assistant/data/airwrite_identity_eval/../raw_airwrite/G/airwrite_G_20260804_143151_570231_0ae844.png,g,c,0.7295029163360596,"[{""label"": ""c"", ""probability"": 0.7295029163360596}, {""label"": ""s"", ""probability"": 0.054219696670770645}, {""label"": ""i"", ""probability"": 0.05116075649857521}]",uppercase
C:/Code/airwrite-vocab-assistant/data/airwrite_identity_eval/../raw_airwrite/G/airwrite_G_20260804_143154_620179_e43b86.png,g,g,0.42661911249160767,"[{""label"": ""g"", ""probability"": 0.42661911249160767}, {""label"": ""e"", ""probability"": 0.1609552949666977}, {""label"": ""c"", ""probability"": 0.125420480966568}]",uppercase
C:/Code/airwrite-vocab-assistant/data/airwrite_identity_eval/../raw_airwrite/G/airwrite_G_20260804_143157_177253_83224a.png,g,g,0.37940865755081177,"[{""label"": ""g"", ""probability"": 0.37940865755081177}, {""label"": ""a"", ""probability"": 0.2952598035335541}, {""label"": ""c"", ""probability"": 0.19819416105747223}]",uppercase
C:/Code/airwrite-vocab-assistant/data/airwrite_identity_eval/../raw_airwrite/G/airwrite_G_20260804_143241_633492_43ffae.png,g,g,0.7701498866081238,"[{""label"": ""g"", ""probability"": 0.7701498866081238}, {""label"": ""s"", ""probability"": 0.16797639429569244}, {""label"": ""c"", ""probability"": 0.024012403562664986}]",uppercase
C:/Code/airwrite-vocab-assistant/data/airwrite_identity_eval/../raw_airwrite/H/airwrite_H_20260804_143330_312022_5a0395.png,h,h,0.9342748522758484,"[{""label"": ""h"", ""probability"": 0.9342748522758484}, {""label"": ""a"", ""probability"": 0.03403861075639725}, {""label"": ""k"", ""probability"": 0.007716427557170391}]",uppercase
C:/Code/airwrite-vocab-assistant/data/airwrite_identity_eval/../raw_airwrite/H/airwrite_H_20260804_143336_164813_6de26f.png,h,h,0.8688507676124573,"[{""label"": ""h"", ""probability"": 0.8688507676124573}, {""label"": ""y"", ""probability"": 0.06623469293117523}, {""label"": ""u"", ""probability"": 0.01728014461696148}]",uppercase
C:/Code/airwrite-vocab-assistant/data/airwrite_identity_eval/../raw_airwrite/H/airwrite_H_20260804_143340_101672_092c1c.png,h,b,0.4013211727142334,"[{""label"": ""b"", ""probability"": 0.4013211727142334}, {""label"": ""h"", ""probability"": 0.21889133751392365}, {""label"": ""y"", ""probability"": 0.1922016143798828}]",uppercase
C:/Code/airwrite-vocab-assistant/data/airwrite_identity_eval/../raw_airwrite/H/airwrite_H_20260804_143343_598249_af1cd3.png,h,j,0.2508819103240967,"[{""label"": ""j"", ""probability"": 0.2508819103240967}, {""label"": ""f"", ""probability"": 0.14076057076454163}, {""label"": ""y"", ""probability"": 0.13599815964698792}]",uppercase
C:/Code/airwrite-vocab-assistant/data/airwrite_identity_eval/../raw_airwrite/H/airwrite_H_20260804_143347_153943_ced2b6.png,h,a,0.15815049409866333,"[{""label"": ""a"", ""probability"": 0.15815049409866333}, {""label"": ""m"", ""probability"": 0.10187223553657532}, {""label"": ""z"", ""probability"": 0.10177590698003769}]",uppercase
C:/Code/airwrite-vocab-assistant/data/airwrite_identity_eval/../raw_airwrite/H/airwrite_H_20260804_143613_199653_2b2051.png,h,n,0.38203129172325134,"[{""label"": ""n"", ""probability"": 0.38203129172325134}, {""label"": ""v"", ""probability"": 0.1491655856370926}, {""label"": ""r"", ""probability"": 0.10611807554960251}]",uppercase
C:/Code/airwrite-vocab-assistant/data/airwrite_identity_eval/../raw_airwrite/H/airwrite_H_20260804_143616_697040_825707.png,h,k,0.23930524289608002,"[{""label"": ""k"", ""probability"": 0.23930524289608002}, {""label"": ""f"", ""probability"": 0.15651528537273407}, {""label"": ""e"", ""probability"": 0.08451322466135025}]",uppercase
C:/Code/airwrite-vocab-assistant/data/airwrite_identity_eval/../raw_airwrite/H/airwrite_H_20260804_143619_706780_d25dfd.png,h,z,0.355305016040802,"[{""label"": ""z"", ""probability"": 0.355305016040802}, {""label"": ""j"", ""probability"": 0.22004446387290955}, {""label"": ""f"", ""probability"": 0.1424519270658493}]",uppercase
C:/Code/airwrite-vocab-assistant/data/airwrite_identity_eval/../raw_airwrite/H/airwrite_H_20260804_143624_863977_5e436d.png,h,h,0.48110431432724,"[{""label"": ""h"", ""probability"": 0.48110431432724}, {""label"": ""m"", ""probability"": 0.3310256600379944}, {""label"": ""a"", ""probability"": 0.07839077711105347}]",uppercase
C:/Code/airwrite-vocab-assistant/data/airwrite_identity_eval/../raw_airwrite/H/airwrite_H_20260804_143628_218340_43d728.png,h,f,0.30251410603523254,"[{""label"": ""f"", ""probability"": 0.30251410603523254}, {""label"": ""k"", ""probability"": 0.1697840392589569}, {""label"": ""y"", ""probability"": 0.1513241082429886}]",uppercase
C:/Code/airwrite-vocab-assistant/data/airwrite_identity_eval/../raw_airwrite/H/airwrite_H_20260804_143631_031981_57adc9.png,h,f,0.6632725596427917,"[{""label"": ""f"", ""probability"": 0.6632725596427917}, {""label"": ""t"", ""probability"": 0.11958004534244537}, {""label"": ""r"", ""probability"": 0.03636666014790535}]",uppercase
C:/Code/airwrite-vocab-assistant/data/airwrite_identity_eval/../raw_airwrite/H/airwrite_H_20260804_143633_661801_42407b.png,h,y,0.22835524380207062,"[{""label"": ""y"", ""probability"": 0.22835524380207062}, {""label"": ""t"", ""probability"": 0.16779501736164093}, {""label"": ""x"", ""probability"": 0.16044194996356964}]",uppercase
C:/Code/airwrite-vocab-assistant/data/airwrite_identity_eval/../raw_airwrite/H/airwrite_H_20260804_143636_669809_99416e.png,h,h,0.24796296656131744,"[{""label"": ""h"", ""probability"": 0.24796296656131744}, {""label"": ""y"", ""probability"": 0.19698409736156464}, {""label"": ""k"", ""probability"": 0.09257631748914719}]",uppercase
C:/Code/airwrite-vocab-assistant/data/airwrite_identity_eval/../raw_airwrite/H/airwrite_H_20260804_143639_548037_cd48f6.png,h,y,0.40632715821266174,"[{""label"": ""y"", ""probability"": 0.40632715821266174}, {""label"": ""h"", ""probability"": 0.12771804630756378}, {""label"": ""j"", ""probability"": 0.06800839304924011}]",uppercase
C:/Code/airwrite-vocab-assistant/data/airwrite_identity_eval/../raw_airwrite/H/airwrite_H_20260804_143643_922753_4d620a.png,h,h,0.9839097857475281,"[{""label"": ""h"", ""probability"": 0.9839097857475281}, {""label"": ""k"", ""probability"": 0.008000800386071205}, {""label"": ""y"", ""probability"": 0.002022331580519676}]",uppercase
C:/Code/airwrite-vocab-assistant/data/airwrite_identity_eval/../raw_airwrite/H/airwrite_H_20260804_143659_413812_3d3868.png,h,h,0.5355620980262756,"[{""label"": ""h"", ""probability"": 0.5355620980262756}, {""label"": ""n"", ""probability"": 0.24580629169940948}, {""label"": ""m"", ""probability"": 0.0810312032699585}]",uppercase
C:/Code/airwrite-vocab-assistant/data/airwrite_identity_eval/../raw_airwrite/H/airwrite_H_20260804_143711_261351_f1c091.png,h,h,0.858138382434845,"[{""label"": ""h"", ""probability"": 0.858138382434845}, {""label"": ""k"", ""probability"": 0.07365374267101288}, {""label"": ""n"", ""probability"": 0.01615680754184723}]",uppercase
C:/Code/airwrite-vocab-assistant/data/airwrite_identity_eval/../raw_airwrite/H/airwrite_H_20260804_143716_711090_861c00.png,h,t,0.870963454246521,"[{""label"": ""t"", ""probability"": 0.870963454246521}, {""label"": ""h"", ""probability"": 0.04148666188120842}, {""label"": ""y"", ""probability"": 0.04085134342312813}]",uppercase
C:/Code/airwrite-vocab-assistant/data/airwrite_identity_eval/../raw_airwrite/H/airwrite_H_20260804_143728_457815_d9df57.png,h,h,0.7011674642562866,"[{""label"": ""h"", ""probability"": 0.7011674642562866}, {""label"": ""k"", ""probability"": 0.12489153444766998}, {""label"": ""y"", ""probability"": 0.055163003504276276}]",uppercase
C:/Code/airwrite-vocab-assistant/data/airwrite_identity_eval/../raw_airwrite/H/airwrite_H_20260804_143732_297163_1a330d.png,h,h,0.664527952671051,"[{""label"": ""h"", ""probability"": 0.664527952671051}, {""label"": ""t"", ""probability"": 0.11829345673322678}, {""label"": ""k"", ""probability"": 0.06450873613357544}]",uppercase
C:/Code/airwrite-vocab-assistant/data/airwrite_identity_eval/../raw_airwrite/H/airwrite_H_20260804_143750_467648_7f8a64.png,h,h,0.17057740688323975,"[{""label"": ""h"", ""probability"": 0.17057740688323975}, {""label"": ""r"", ""probability"": 0.14180849492549896}, {""label"": ""y"", ""probability"": 0.1274981051683426}]",uppercase
C:/Code/airwrite-vocab-assistant/data/airwrite_identity_eval/../raw_airwrite/H/airwrite_H_20260804_143801_082472_f5d0b3.png,h,i,0.9118388891220093,"[{""label"": ""i"", ""probability"": 0.9118388891220093}, {""label"": ""j"", ""probability"": 0.04707115888595581}, {""label"": ""l"", ""probability"": 0.02299712598323822}]",uppercase
C:/Code/airwrite-vocab-assistant/data/airwrite_identity_eval/../raw_airwrite/H/airwrite_H_20260804_143814_250258_ee4881.png,h,h,0.8096414804458618,"[{""label"": ""h"", ""probability"": 0.8096414804458618}, {""label"": ""y"", ""probability"": 0.1171402856707573}, {""label"": ""u"", ""probability"": 0.05090020224452019}]",uppercase
C:/Code/airwrite-vocab-assistant/data/airwrite_identity_eval/../raw_airwrite/H/airwrite_H_20260804_143821_910849_f508d7.png,h,h,0.9947964549064636,"[{""label"": ""h"", ""probability"": 0.9947964549064636}, {""label"": ""k"", ""probability"": 0.0017094206996262074}, {""label"": ""t"", ""probability"": 0.0014413483440876007}]",uppercase
C:/Code/airwrite-vocab-assistant/data/airwrite_identity_eval/../raw_airwrite/H/airwrite_H_20260804_143828_670501_d41799.png,h,h,0.971836507320404,"[{""label"": ""h"", ""probability"": 0.971836507320404}, {""label"": ""y"", ""probability"": 0.009149509482085705}, {""label"": ""u"", ""probability"": 0.006828853860497475}]",uppercase
C:/Code/airwrite-vocab-assistant/data/airwrite_identity_eval/../raw_airwrite/H/airwrite_H_20260804_143832_710157_c7896e.png,h,h,0.9796552062034607,"[{""label"": ""h"", ""probability"": 0.9796552062034607}, {""label"": ""k"", ""probability"": 0.005144729278981686}, {""label"": ""y"", ""probability"": 0.004680713638663292}]",uppercase
C:/Code/airwrite-vocab-assistant/data/airwrite_identity_eval/../raw_airwrite/H/airwrite_H_20260804_143837_756046_648371.png,h,h,0.9915329813957214,"[{""label"": ""h"", ""probability"": 0.9915329813957214}, {""label"": ""k"", ""probability"": 0.00321366498246789}, {""label"": ""n"", ""probability"": 0.0017404358368366957}]",uppercase
C:/Code/airwrite-vocab-assistant/data/airwrite_identity_eval/../raw_airwrite/H/airwrite_H_20260804_143843_048139_734b34.png,h,h,0.3864251375198364,"[{""label"": ""h"", ""probability"": 0.3864251375198364}, {""label"": ""a"", ""probability"": 0.2051125019788742}, {""label"": ""f"", ""probability"": 0.08953064680099487}]",uppercase
C:/Code/airwrite-vocab-assistant/data/airwrite_identity_eval/../raw_airwrite/H/airwrite_H_20260804_143851_996774_1b9eb6.png,h,h,0.756513774394989,"[{""label"": ""h"", ""probability"": 0.756513774394989}, {""label"": ""i"", ""probability"": 0.05372924357652664}, {""label"": ""n"", ""probability"": 0.035804565995931625}]",uppercase
C:/Code/airwrite-vocab-assistant/data/airwrite_identity_eval/../raw_airwrite/H/airwrite_H_20260804_143907_754679_15428f.png,h,k,0.8817762136459351,"[{""label"": ""k"", ""probability"": 0.8817762136459351}, {""label"": ""h"", ""probability"": 0.08600980788469315}, {""label"": ""x"", ""probability"": 0.009137514047324657}]",uppercase
C:/Code/airwrite-vocab-assistant/data/airwrite_identity_eval/../raw_airwrite/H/airwrite_H_20260804_143915_851213_f3dedf.png,h,f,0.21866849064826965,"[{""label"": ""f"", ""probability"": 0.21866849064826965}, {""label"": ""p"", ""probability"": 0.190530464053154}, {""label"": ""t"", ""probability"": 0.10115785896778107}]",uppercase
C:/Code/airwrite-vocab-assistant/data/airwrite_identity_eval/../raw_airwrite/H/airwrite_H_20260804_143918_292573_fdd3d8.png,h,h,0.7207607626914978,"[{""label"": ""h"", ""probability"": 0.7207607626914978}, {""label"": ""a"", ""probability"": 0.06300271302461624}, {""label"": ""t"", ""probability"": 0.03418990969657898}]",uppercase
C:/Code/airwrite-vocab-assistant/data/airwrite_identity_eval/../raw_airwrite/H/airwrite_H_20260804_143921_065671_d19580.png,h,k,0.5849854350090027,"[{""label"": ""k"", ""probability"": 0.5849854350090027}, {""label"": ""x"", ""probability"": 0.1309211701154709}, {""label"": ""h"", ""probability"": 0.11092883348464966}]",uppercase
C:/Code/airwrite-vocab-assistant/data/airwrite_identity_eval/../raw_airwrite/H/airwrite_H_20260804_143925_171298_290872.png,h,h,0.9228526949882507,"[{""label"": ""h"", ""probability"": 0.9228526949882507}, {""label"": ""n"", ""probability"": 0.01402328535914421}, {""label"": ""u"", ""probability"": 0.012873970903456211}]",uppercase
C:/Code/airwrite-vocab-assistant/data/airwrite_identity_eval/../raw_airwrite/H/airwrite_H_20260804_143928_019499_30e399.png,h,p,0.20889484882354736,"[{""label"": ""p"", ""probability"": 0.20889484882354736}, {""label"": ""f"", ""probability"": 0.18372942507266998}, {""label"": ""t"", ""probability"": 0.13424737751483917}]",uppercase
C:/Code/airwrite-vocab-assistant/data/airwrite_identity_eval/../raw_airwrite/H/airwrite_H_20260804_143931_096013_653df8.png,h,h,0.5513607859611511,"[{""label"": ""h"", ""probability"": 0.5513607859611511}, {""label"": ""y"", ""probability"": 0.1953149288892746}, {""label"": ""k"", ""probability"": 0.08790718019008636}]",uppercase
C:/Code/airwrite-vocab-assistant/data/airwrite_identity_eval/../raw_airwrite/H/airwrite_H_20260804_143933_936018_20ffc9.png,h,h,0.9135475158691406,"[{""label"": ""h"", ""probability"": 0.9135475158691406}, {""label"": ""n"", ""probability"": 0.03964720293879509}, {""label"": ""y"", ""probability"": 0.015809284523129463}]",uppercase
C:/Code/airwrite-vocab-assistant/data/airwrite_identity_eval/../raw_airwrite/H/airwrite_H_20260804_143941_212041_66e182.png,h,f,0.4163241684436798,"[{""label"": ""f"", ""probability"": 0.4163241684436798}, {""label"": ""t"", ""probability"": 0.3449030816555023}, {""label"": ""y"", ""probability"": 0.0778450071811676}]",uppercase
C:/Code/airwrite-vocab-assistant/data/airwrite_identity_eval/../raw_airwrite/H/airwrite_H_20260804_143944_357003_fb6074.png,h,h,0.6174517273902893,"[{""label"": ""h"", ""probability"": 0.6174517273902893}, {""label"": ""y"", ""probability"": 0.07773064821958542}, {""label"": ""n"", ""probability"": 0.068264439702034}]",uppercase
C:/Code/airwrite-vocab-assistant/data/airwrite_identity_eval/../raw_airwrite/H/airwrite_H_20260804_143954_964884_6b7ef3.png,h,k,0.3091374337673187,"[{""label"": ""k"", ""probability"": 0.3091374337673187}, {""label"": ""h"", ""probability"": 0.2854767441749573}, {""label"": ""f"", ""probability"": 0.11233431100845337}]",uppercase
C:/Code/airwrite-vocab-assistant/data/airwrite_identity_eval/../raw_airwrite/H/airwrite_H_20260804_144013_072509_0df2e6.png,h,k,0.5046127438545227,"[{""label"": ""k"", ""probability"": 0.5046127438545227}, {""label"": ""h"", ""probability"": 0.3331241011619568}, {""label"": ""y"", ""probability"": 0.03357141092419624}]",uppercase
C:/Code/airwrite-vocab-assistant/data/airwrite_identity_eval/../raw_airwrite/H/airwrite_H_20260804_144047_750805_a63366.png,h,r,0.20032605528831482,"[{""label"": ""r"", ""probability"": 0.20032605528831482}, {""label"": ""t"", ""probability"": 0.19775205850601196}, {""label"": ""f"", ""probability"": 0.18772603571414948}]",uppercase
C:/Code/airwrite-vocab-assistant/data/airwrite_identity_eval/../raw_airwrite/H/airwrite_H_20260804_144053_208217_427acd.png,h,h,0.8432953357696533,"[{""label"": ""h"", ""probability"": 0.8432953357696533}, {""label"": ""k"", ""probability"": 0.08460649847984314}, {""label"": ""a"", ""probability"": 0.018759721890091896}]",uppercase
C:/Code/airwrite-vocab-assistant/data/airwrite_identity_eval/../raw_airwrite/H/airwrite_H_20260804_144100_839274_157b0c.png,h,h,0.736028790473938,"[{""label"": ""h"", ""probability"": 0.736028790473938}, {""label"": ""k"", ""probability"": 0.06000185012817383}, {""label"": ""a"", ""probability"": 0.05201830342411995}]",uppercase
C:/Code/airwrite-vocab-assistant/data/airwrite_identity_eval/../raw_airwrite/H/airwrite_H_20260804_144104_847350_8b3d13.png,h,h,0.9049942493438721,"[{""label"": ""h"", ""probability"": 0.9049942493438721}, {""label"": ""k"", ""probability"": 0.030328551307320595}, {""label"": ""a"", ""probability"": 0.017382172867655754}]",uppercase
C:/Code/airwrite-vocab-assistant/data/airwrite_identity_eval/../raw_airwrite/H/airwrite_H_20260804_144114_006874_49fe1e.png,h,t,0.2320876568555832,"[{""label"": ""t"", ""probability"": 0.2320876568555832}, {""label"": ""h"", ""probability"": 0.2050442099571228}, {""label"": ""y"", ""probability"": 0.1723233163356781}]",uppercase
C:/Code/airwrite-vocab-assistant/data/airwrite_identity_eval/../raw_airwrite/H/airwrite_H_20260804_144124_767690_93606a.png,h,h,0.3502138555049896,"[{""label"": ""h"", ""probability"": 0.3502138555049896}, {""label"": ""x"", ""probability"": 0.28774330019950867}, {""label"": ""t"", ""probability"": 0.07316089421510696}]",uppercase
C:/Code/airwrite-vocab-assistant/data/airwrite_identity_eval/../raw_airwrite/H/airwrite_H_20260804_144129_694713_d25696.png,h,y,0.7127174735069275,"[{""label"": ""y"", ""probability"": 0.7127174735069275}, {""label"": ""h"", ""probability"": 0.05644802004098892}, {""label"": ""t"", ""probability"": 0.055928509682416916}]",uppercase
C:/Code/airwrite-vocab-assistant/data/airwrite_identity_eval/../raw_airwrite/H/airwrite_H_20260804_144134_279152_6f999f.png,h,n,0.32801204919815063,"[{""label"": ""n"", ""probability"": 0.32801204919815063}, {""label"": ""h"", ""probability"": 0.24831320345401764}, {""label"": ""m"", ""probability"": 0.20683810114860535}]",uppercase
C:/Code/airwrite-vocab-assistant/data/airwrite_identity_eval/../raw_airwrite/H/airwrite_H_20260804_144145_054754_683938.png,h,h,0.8566715121269226,"[{""label"": ""h"", ""probability"": 0.8566715121269226}, {""label"": ""y"", ""probability"": 0.05274033918976784}, {""label"": ""k"", ""probability"": 0.03807375580072403}]",uppercase
C:/Code/airwrite-vocab-assistant/data/airwrite_identity_eval/../raw_airwrite/H/airwrite_H_20260804_144149_563102_4beff9.png,h,y,0.40189650654792786,"[{""label"": ""y"", ""probability"": 0.40189650654792786}, {""label"": ""h"", ""probability"": 0.28307902812957764}, {""label"": ""w"", ""probability"": 0.2365594208240509}]",uppercase
C:/Code/airwrite-vocab-assistant/data/airwrite_identity_eval/../raw_airwrite/I/airwrite_I_20260804_145500_321858_5ab209 (1).png,i,i,0.9840860366821289,"[{""label"": ""i"", ""probability"": 0.9840860366821289}, {""label"": ""j"", ""probability"": 0.01537402719259262}, {""label"": ""l"", ""probability"": 0.00025284133153036237}]",uppercase
C:/Code/airwrite-vocab-assistant/data/airwrite_identity_eval/../raw_airwrite/I/airwrite_I_20260804_145500_321858_5ab209 (2).png,i,j,0.23258771002292633,"[{""label"": ""j"", ""probability"": 0.23258771002292633}, {""label"": ""t"", ""probability"": 0.17472447454929352}, {""label"": ""f"", ""probability"": 0.1695365011692047}]",uppercase
C:/Code/airwrite-vocab-assistant/data/airwrite_identity_eval/../raw_airwrite/I/airwrite_I_20260804_145500_321858_5ab209 (3).png,i,j,0.27317872643470764,"[{""label"": ""j"", ""probability"": 0.27317872643470764}, {""label"": ""z"", ""probability"": 0.22790023684501648}, {""label"": ""f"", ""probability"": 0.16680917143821716}]",uppercase
C:/Code/airwrite-vocab-assistant/data/airwrite_identity_eval/../raw_airwrite/I/airwrite_I_20260804_145500_321858_5ab209 (4).png,i,i,0.7584919333457947,"[{""label"": ""i"", ""probability"": 0.7584919333457947}, {""label"": ""j"", ""probability"": 0.1824691891670227}, {""label"": ""t"", ""probability"": 0.0263097882270813}]",uppercase
C:/Code/airwrite-vocab-assistant/data/airwrite_identity_eval/../raw_airwrite/I/airwrite_I_20260804_145500_321858_5ab209 (5).png,i,i,0.6701084971427917,"[{""label"": ""i"", ""probability"": 0.6701084971427917}, {""label"": ""j"", ""probability"": 0.17124567925930023}, {""label"": ""z"", ""probability"": 0.13870234787464142}]",uppercase
C:/Code/airwrite-vocab-assistant/data/airwrite_identity_eval/../raw_airwrite/I/airwrite_I_20260804_145500_321858_5ab209 (6).png,i,i,0.48224836587905884,"[{""label"": ""i"", ""probability"": 0.48224836587905884}, {""label"": ""j"", ""probability"": 0.38109129667282104}, {""label"": ""s"", ""probability"": 0.06585574895143509}]",uppercase
C:/Code/airwrite-vocab-assistant/data/airwrite_identity_eval/../raw_airwrite/I/airwrite_I_20260804_145500_321858_5ab209 (7).png,i,i,0.7546510696411133,"[{""label"": ""i"", ""probability"": 0.7546510696411133}, {""label"": ""j"", ""probability"": 0.14596892893314362}, {""label"": ""z"", ""probability"": 0.033656708896160126}]",uppercase
C:/Code/airwrite-vocab-assistant/data/airwrite_identity_eval/../raw_airwrite/I/airwrite_I_20260804_145622_349287_33b152.png,i,i,0.9860179424285889,"[{""label"": ""i"", ""probability"": 0.9860179424285889}, {""label"": ""j"", ""probability"": 0.011771774850785732}, {""label"": ""t"", ""probability"": 0.0016873449785634875}]",uppercase
C:/Code/airwrite-vocab-assistant/data/airwrite_identity_eval/../raw_airwrite/I/airwrite_I_20260804_145653_698164_8de7f1.png,i,i,0.5467254519462585,"[{""label"": ""i"", ""probability"": 0.5467254519462585}, {""label"": ""j"", ""probability"": 0.2799624502658844}, {""label"": ""z"", ""probability"": 0.06657472252845764}]",uppercase
C:/Code/airwrite-vocab-assistant/data/airwrite_identity_eval/../raw_airwrite/I/airwrite_I_20260804_145659_440791_5a420b.png,i,t,0.30821114778518677,"[{""label"": ""t"", ""probability"": 0.30821114778518677}, {""label"": ""i"", ""probability"": 0.27144283056259155}, {""label"": ""j"", ""probability"": 0.17008739709854126}]",uppercase
C:/Code/airwrite-vocab-assistant/data/airwrite_identity_eval/../raw_airwrite/I/airwrite_I_20260804_145704_036612_74f6fe.png,i,i,0.6822782158851624,"[{""label"": ""i"", ""probability"": 0.6822782158851624}, {""label"": ""z"", ""probability"": 0.07929153740406036}, {""label"": ""t"", ""probability"": 0.07901649922132492}]",uppercase
C:/Code/airwrite-vocab-assistant/data/airwrite_identity_eval/../raw_airwrite/I/airwrite_I_20260804_145708_914268_ca047f.png,i,i,0.5677599310874939,"[{""label"": ""i"", ""probability"": 0.5677599310874939}, {""label"": ""t"", ""probability"": 0.27654245495796204}, {""label"": ""j"", ""probability"": 0.06744012981653214}]",uppercase
C:/Code/airwrite-vocab-assistant/data/airwrite_identity_eval/../raw_airwrite/I/airwrite_I_20260804_145712_938490_3fa54c.png,i,i,0.9957810640335083,"[{""label"": ""i"", ""probability"": 0.9957810640335083}, {""label"": ""l"", ""probability"": 0.0017131756758317351}, {""label"": ""j"", ""probability"": 0.0010972032323479652}]",uppercase
C:/Code/airwrite-vocab-assistant/data/airwrite_identity_eval/../raw_airwrite/I/airwrite_I_20260804_145716_457489_c8bf47.png,i,i,0.9931799173355103,"[{""label"": ""i"", ""probability"": 0.9931799173355103}, {""label"": ""j"", ""probability"": 0.005434552673250437}, {""label"": ""t"", ""probability"": 0.0005655371933244169}]",uppercase
C:/Code/airwrite-vocab-assistant/data/airwrite_identity_eval/../raw_airwrite/I/airwrite_I_20260804_145724_148260_50c649.png,i,t,0.367114782333374,"[{""label"": ""t"", ""probability"": 0.367114782333374}, {""label"": ""i"", ""probability"": 0.22069869935512543}, {""label"": ""f"", ""probability"": 0.07589061558246613}]",uppercase
C:/Code/airwrite-vocab-assistant/data/airwrite_identity_eval/../raw_airwrite/I/airwrite_I_20260804_145729_981808_8f2e6e.png,i,i,0.3372430205345154,"[{""label"": ""i"", ""probability"": 0.3372430205345154}, {""label"": ""f"", ""probability"": 0.2478647232055664}, {""label"": ""z"", ""probability"": 0.14427050948143005}]",uppercase
C:/Code/airwrite-vocab-assistant/data/airwrite_identity_eval/../raw_airwrite/I/airwrite_I_20260804_145739_268866_9b605c.png,i,i,0.7409437894821167,"[{""label"": ""i"", ""probability"": 0.7409437894821167}, {""label"": ""t"", ""probability"": 0.12306305021047592}, {""label"": ""j"", ""probability"": 0.09258119016885757}]",uppercase
C:/Code/airwrite-vocab-assistant/data/airwrite_identity_eval/../raw_airwrite/I/airwrite_I_20260804_145758_606329_ca00bd.png,i,i,0.783454418182373,"[{""label"": ""i"", ""probability"": 0.783454418182373}, {""label"": ""j"", ""probability"": 0.12413991987705231}, {""label"": ""t"", ""probability"": 0.07645878940820694}]",uppercase
C:/Code/airwrite-vocab-assistant/data/airwrite_identity_eval/../raw_airwrite/I/airwrite_I_20260804_145804_073930_8f0737.png,i,i,0.5629043579101562,"[{""label"": ""i"", ""probability"": 0.5629043579101562}, {""label"": ""j"", ""probability"": 0.24033555388450623}, {""label"": ""t"", ""probability"": 0.11116229742765427}]",uppercase
C:/Code/airwrite-vocab-assistant/data/airwrite_identity_eval/../raw_airwrite/I/airwrite_I_20260804_145812_630183_566d58.png,i,i,0.844415545463562,"[{""label"": ""i"", ""probability"": 0.844415545463562}, {""label"": ""j"", ""probability"": 0.13952741026878357}, {""label"": ""z"", ""probability"": 0.004563687369227409}]",uppercase
C:/Code/airwrite-vocab-assistant/data/airwrite_identity_eval/../raw_airwrite/I/airwrite_I_20260804_145818_036188_c8d547.png,i,i,0.5932649374008179,"[{""label"": ""i"", ""probability"": 0.5932649374008179}, {""label"": ""j"", ""probability"": 0.14430801570415497}, {""label"": ""z"", ""probability"": 0.08274546265602112}]",uppercase
C:/Code/airwrite-vocab-assistant/data/airwrite_identity_eval/../raw_airwrite/I/airwrite_I_20260804_145826_390455_7b367d.png,i,i,0.8588894009590149,"[{""label"": ""i"", ""probability"": 0.8588894009590149}, {""label"": ""t"", ""probability"": 0.040389373898506165}, {""label"": ""f"", ""probability"": 0.03764458745718002}]",uppercase
C:/Code/airwrite-vocab-assistant/data/airwrite_identity_eval/../raw_airwrite/I/airwrite_I_20260804_145833_982453_58ab12.png,i,f,0.3574528694152832,"[{""label"": ""f"", ""probability"": 0.3574528694152832}, {""label"": ""e"", ""probability"": 0.19987310469150543}, {""label"": ""i"", ""probability"": 0.1540662944316864}]",uppercase
C:/Code/airwrite-vocab-assistant/data/airwrite_identity_eval/../raw_airwrite/I/airwrite_I_20260804_145850_800170_1a7311.png,i,i,0.7393624186515808,"[{""label"": ""i"", ""probability"": 0.7393624186515808}, {""label"": ""j"", ""probability"": 0.22270111739635468}, {""label"": ""z"", ""probability"": 0.023128895089030266}]",uppercase
C:/Code/airwrite-vocab-assistant/data/airwrite_identity_eval/../raw_airwrite/I/airwrite_I_20260804_145858_959660_bb536e.png,i,j,0.39348214864730835,"[{""label"": ""j"", ""probability"": 0.39348214864730835}, {""label"": ""z"", ""probability"": 0.25472795963287354}, {""label"": ""s"", ""probability"": 0.11716566234827042}]",uppercase
C:/Code/airwrite-vocab-assistant/data/airwrite_identity_eval/../raw_airwrite/I/airwrite_I_20260804_145910_837454_c04ee7.png,i,i,0.7023519277572632,"[{""label"": ""i"", ""probability"": 0.7023519277572632}, {""label"": ""j"", ""probability"": 0.08540221303701401}, {""label"": ""f"", ""probability"": 0.05020818114280701}]",uppercase
C:/Code/airwrite-vocab-assistant/data/airwrite_identity_eval/../raw_airwrite/I/airwrite_I_20260804_145916_210354_15df46.png,i,i,0.36829468607902527,"[{""label"": ""i"", ""probability"": 0.36829468607902527}, {""label"": ""f"", ""probability"": 0.22863881289958954}, {""label"": ""e"", ""probability"": 0.09819713979959488}]",uppercase
C:/Code/airwrite-vocab-assistant/data/airwrite_identity_eval/../raw_airwrite/I/airwrite_I_20260804_145917_057692_acc809.png,i,i,0.3691224157810211,"[{""label"": ""i"", ""probability"": 0.3691224157810211}, {""label"": ""f"", ""probability"": 0.22940362989902496}, {""label"": ""e"", ""probability"": 0.0987568199634552}]",uppercase
C:/Code/airwrite-vocab-assistant/data/airwrite_identity_eval/../raw_airwrite/I/airwrite_I_20260804_145926_797362_934d9e.png,i,t,0.34412989020347595,"[{""label"": ""t"", ""probability"": 0.34412989020347595}, {""label"": ""z"", ""probability"": 0.17590738832950592}, {""label"": ""f"", ""probability"": 0.17470340430736542}]",uppercase
C:/Code/airwrite-vocab-assistant/data/airwrite_identity_eval/../raw_airwrite/I/airwrite_I_20260804_145932_012720_bc43f4.png,i,f,0.2851983904838562,"[{""label"": ""f"", ""probability"": 0.2851983904838562}, {""label"": ""z"", ""probability"": 0.18829011917114258}, {""label"": ""i"", ""probability"": 0.17627373337745667}]",uppercase
C:/Code/airwrite-vocab-assistant/data/airwrite_identity_eval/../raw_airwrite/I/airwrite_I_20260804_145935_728953_70c7f6.png,i,i,0.44467732310295105,"[{""label"": ""i"", ""probability"": 0.44467732310295105}, {""label"": ""j"", ""probability"": 0.18826603889465332}, {""label"": ""f"", ""probability"": 0.18285253643989563}]",uppercase
C:/Code/airwrite-vocab-assistant/data/airwrite_identity_eval/../raw_airwrite/I/airwrite_I_20260804_145953_925530_7c3b72.png,i,i,0.6504698991775513,"[{""label"": ""i"", ""probability"": 0.6504698991775513}, {""label"": ""z"", ""probability"": 0.15102837979793549}, {""label"": ""j"", ""probability"": 0.07637127488851547}]",uppercase
C:/Code/airwrite-vocab-assistant/data/airwrite_identity_eval/../raw_airwrite/I/airwrite_I_20260804_145958_729236_608eb9.png,i,f,0.3731054663658142,"[{""label"": ""f"", ""probability"": 0.3731054663658142}, {""label"": ""i"", ""probability"": 0.2735360860824585}, {""label"": ""t"", ""probability"": 0.18609508872032166}]",uppercase
C:/Code/airwrite-vocab-assistant/data/airwrite_identity_eval/../raw_airwrite/I/airwrite_I_20260804_150003_615329_103539.png,i,f,0.6993564367294312,"[{""label"": ""f"", ""probability"": 0.6993564367294312}, {""label"": ""i"", ""probability"": 0.09324851632118225}, {""label"": ""e"", ""probability"": 0.08638127148151398}]",uppercase
C:/Code/airwrite-vocab-assistant/data/airwrite_identity_eval/../raw_airwrite/I/airwrite_I_20260804_150008_778576_56d3e6.png,i,f,0.30714887380599976,"[{""label"": ""f"", ""probability"": 0.30714887380599976}, {""label"": ""t"", ""probability"": 0.20543211698532104}, {""label"": ""j"", ""probability"": 0.16074563562870026}]",uppercase
C:/Code/airwrite-vocab-assistant/data/airwrite_identity_eval/../raw_airwrite/I/airwrite_I_20260804_150029_207781_38ce37.png,i,i,0.8081534504890442,"[{""label"": ""i"", ""probability"": 0.8081534504890442}, {""label"": ""j"", ""probability"": 0.1813315749168396}, {""label"": ""t"", ""probability"": 0.005650512874126434}]",uppercase
C:/Code/airwrite-vocab-assistant/data/airwrite_identity_eval/../raw_airwrite/I/airwrite_I_20260804_150036_544263_1453a5.png,i,j,0.5052794218063354,"[{""label"": ""j"", ""probability"": 0.5052794218063354}, {""label"": ""i"", ""probability"": 0.20325832068920135}, {""label"": ""t"", ""probability"": 0.14297184348106384}]",uppercase
C:/Code/airwrite-vocab-assistant/data/airwrite_identity_eval/../raw_airwrite/I/airwrite_I_20260804_150042_218859_2ae5cd.png,i,i,0.8816373944282532,"[{""label"": ""i"", ""probability"": 0.8816373944282532}, {""label"": ""j"", ""probability"": 0.0914500281214714}, {""label"": ""t"", ""probability"": 0.020214233547449112}]",uppercase
C:/Code/airwrite-vocab-assistant/data/airwrite_identity_eval/../raw_airwrite/I/airwrite_I_20260804_150047_080970_089f0a.png,i,i,0.9861013293266296,"[{""label"": ""i"", ""probability"": 0.9861013293266296}, {""label"": ""l"", ""probability"": 0.006968635134398937}, {""label"": ""t"", ""probability"": 0.003456263104453683}]",uppercase
C:/Code/airwrite-vocab-assistant/data/airwrite_identity_eval/../raw_airwrite/I/airwrite_I_20260804_150054_243908_dc93dc.png,i,i,0.9922135472297668,"[{""label"": ""i"", ""probability"": 0.9922135472297668}, {""label"": ""j"", ""probability"": 0.006829067133367062}, {""label"": ""l"", ""probability"": 0.000385782535886392}]",uppercase
C:/Code/airwrite-vocab-assistant/data/airwrite_identity_eval/../raw_airwrite/I/airwrite_I_20260804_150103_902183_cdb407.png,i,i,0.9961869120597839,"[{""label"": ""i"", ""probability"": 0.9961869120597839}, {""label"": ""j"", ""probability"": 0.0022078047040849924}, {""label"": ""l"", ""probability"": 0.001082632108591497}]",uppercase
C:/Code/airwrite-vocab-assistant/data/airwrite_identity_eval/../raw_airwrite/I/airwrite_I_20260804_150108_575262_71a43d.png,i,i,0.9120777249336243,"[{""label"": ""i"", ""probability"": 0.9120777249336243}, {""label"": ""j"", ""probability"": 0.07478341460227966}, {""label"": ""z"", ""probability"": 0.012083272449672222}]",uppercase
C:/Code/airwrite-vocab-assistant/data/airwrite_identity_eval/../raw_airwrite/I/airwrite_I_20260804_150118_324767_88ba99.png,i,i,0.973802924156189,"[{""label"": ""i"", ""probability"": 0.973802924156189}, {""label"": ""j"", ""probability"": 0.012823415920138359}, {""label"": ""z"", ""probability"": 0.010535909794270992}]",uppercase
C:/Code/airwrite-vocab-assistant/data/airwrite_identity_eval/../raw_airwrite/I/airwrite_I_20260804_150122_754506_dffeaa.png,i,i,0.4107937812805176,"[{""label"": ""i"", ""probability"": 0.4107937812805176}, {""label"": ""j"", ""probability"": 0.2722164988517761}, {""label"": ""t"", ""probability"": 0.188503235578537}]",uppercase
C:/Code/airwrite-vocab-assistant/data/airwrite_identity_eval/../raw_airwrite/I/airwrite_I_20260804_150126_345429_88a33d.png,i,j,0.3795740604400635,"[{""label"": ""j"", ""probability"": 0.3795740604400635}, {""label"": ""i"", ""probability"": 0.33283382654190063}, {""label"": ""z"", ""probability"": 0.23445981740951538}]",uppercase
C:/Code/airwrite-vocab-assistant/data/airwrite_identity_eval/../raw_airwrite/I/airwrite_I_20260804_150131_046685_62fdc4.png,i,t,0.4616669714450836,"[{""label"": ""t"", ""probability"": 0.4616669714450836}, {""label"": ""f"", ""probability"": 0.28148964047431946}, {""label"": ""i"", ""probability"": 0.0836903303861618}]",uppercase
C:/Code/airwrite-vocab-assistant/data/airwrite_identity_eval/../raw_airwrite/I/airwrite_I_20260804_150134_677198_1fcfca.png,i,i,0.39196568727493286,"[{""label"": ""i"", ""probability"": 0.39196568727493286}, {""label"": ""j"", ""probability"": 0.22860309481620789}, {""label"": ""z"", ""probability"": 0.12697066366672516}]",uppercase
C:/Code/airwrite-vocab-assistant/data/airwrite_identity_eval/../raw_airwrite/I/airwrite_I_20260804_150139_725473_23cde9.png,i,f,0.36866092681884766,"[{""label"": ""f"", ""probability"": 0.36866092681884766}, {""label"": ""i"", ""probability"": 0.11219890415668488}, {""label"": ""x"", ""probability"": 0.07029928267002106}]",uppercase
C:/Code/airwrite-vocab-assistant/data/airwrite_identity_eval/../raw_airwrite/I/airwrite_I_20260804_150146_577222_fc93fa.png,i,t,0.23996564745903015,"[{""label"": ""t"", ""probability"": 0.23996564745903015}, {""label"": ""f"", ""probability"": 0.22989030182361603}, {""label"": ""s"", ""probability"": 0.16886606812477112}]",uppercase
C:/Code/airwrite-vocab-assistant/data/airwrite_identity_eval/../raw_airwrite/I/airwrite_I_20260804_150157_365976_9cafdb.png,i,i,0.9568125605583191,"[{""label"": ""i"", ""probability"": 0.9568125605583191}, {""label"": ""j"", ""probability"": 0.041357409209012985}, {""label"": ""t"", ""probability"": 0.0012141152983531356}]",uppercase
C:/Code/airwrite-vocab-assistant/data/airwrite_identity_eval/../raw_airwrite/J/airwrite_J_20260804_150315_384780_9ff109.png,j,j,0.9841288328170776,"[{""label"": ""j"", ""probability"": 0.9841288328170776}, {""label"": ""i"", ""probability"": 0.0053346650674939156}, {""label"": ""s"", ""probability"": 0.002406720770522952}]",uppercase
C:/Code/airwrite-vocab-assistant/data/airwrite_identity_eval/../raw_airwrite/J/airwrite_J_20260804_150319_906982_4ebeee.png,j,j,0.9299275875091553,"[{""label"": ""j"", ""probability"": 0.9299275875091553}, {""label"": ""s"", ""probability"": 0.028715895488858223}, {""label"": ""i"", ""probability"": 0.015810063108801842}]",uppercase
C:/Code/airwrite-vocab-assistant/data/airwrite_identity_eval/../raw_airwrite/J/airwrite_J_20260804_150323_594986_1e9710.png,j,l,0.24209731817245483,"[{""label"": ""l"", ""probability"": 0.24209731817245483}, {""label"": ""i"", ""probability"": 0.14949989318847656}, {""label"": ""c"", ""probability"": 0.14441482722759247}]",uppercase
C:/Code/airwrite-vocab-assistant/data/airwrite_identity_eval/../raw_airwrite/J/airwrite_J_20260804_150335_692606_6fcf53.png,j,j,0.9678236842155457,"[{""label"": ""j"", ""probability"": 0.9678236842155457}, {""label"": ""i"", ""probability"": 0.01872948557138443}, {""label"": ""s"", ""probability"": 0.009658675640821457}]",uppercase
C:/Code/airwrite-vocab-assistant/data/airwrite_identity_eval/../raw_airwrite/J/airwrite_J_20260804_150342_494987_c391c2.png,j,t,0.4855797588825226,"[{""label"": ""t"", ""probability"": 0.4855797588825226}, {""label"": ""i"", ""probability"": 0.44691210985183716}, {""label"": ""l"", ""probability"": 0.016450615599751472}]",uppercase
C:/Code/airwrite-vocab-assistant/data/airwrite_identity_eval/../raw_airwrite/J/airwrite_J_20260804_150346_797244_1f45bb.png,j,j,0.9989137649536133,"[{""label"": ""j"", ""probability"": 0.9989137649536133}, {""label"": ""i"", ""probability"": 0.0009845455642789602}, {""label"": ""s"", ""probability"": 5.925878940615803e-05}]",uppercase
C:/Code/airwrite-vocab-assistant/data/airwrite_identity_eval/../raw_airwrite/J/airwrite_J_20260804_150350_613539_65a249.png,j,i,0.8610010743141174,"[{""label"": ""i"", ""probability"": 0.8610010743141174}, {""label"": ""t"", ""probability"": 0.06336084753274918}, {""label"": ""j"", ""probability"": 0.02686614915728569}]",uppercase
C:/Code/airwrite-vocab-assistant/data/airwrite_identity_eval/../raw_airwrite/J/airwrite_J_20260804_150356_294946_d8754b.png,j,j,0.9653783440589905,"[{""label"": ""j"", ""probability"": 0.9653783440589905}, {""label"": ""i"", ""probability"": 0.028792116791009903}, {""label"": ""s"", ""probability"": 0.0027477042749524117}]",uppercase
C:/Code/airwrite-vocab-assistant/data/airwrite_identity_eval/../raw_airwrite/J/airwrite_J_20260804_150403_675580_2cd198.png,j,j,0.976707398891449,"[{""label"": ""j"", ""probability"": 0.976707398891449}, {""label"": ""i"", ""probability"": 0.006567631848156452}, {""label"": ""g"", ""probability"": 0.003501427825540304}]",uppercase
C:/Code/airwrite-vocab-assistant/data/airwrite_identity_eval/../raw_airwrite/J/airwrite_J_20260804_150407_446770_778998.png,j,j,0.8681905269622803,"[{""label"": ""j"", ""probability"": 0.8681905269622803}, {""label"": ""g"", ""probability"": 0.06991078704595566}, {""label"": ""s"", ""probability"": 0.010084228590130806}]",uppercase
C:/Code/airwrite-vocab-assistant/data/airwrite_identity_eval/../raw_airwrite/J/airwrite_J_20260804_150419_908886_d043d0.png,j,i,0.4519006013870239,"[{""label"": ""i"", ""probability"": 0.4519006013870239}, {""label"": ""j"", ""probability"": 0.4292773902416229}, {""label"": ""t"", ""probability"": 0.039347827434539795}]",uppercase
C:/Code/airwrite-vocab-assistant/data/airwrite_identity_eval/../raw_airwrite/J/airwrite_J_20260804_150429_375330_fd7093.png,j,j,0.8859477043151855,"[{""label"": ""j"", ""probability"": 0.8859477043151855}, {""label"": ""i"", ""probability"": 0.05116415023803711}, {""label"": ""d"", ""probability"": 0.021743914112448692}]",uppercase
C:/Code/airwrite-vocab-assistant/data/airwrite_identity_eval/../raw_airwrite/J/airwrite_J_20260804_150434_220418_b45835.png,j,i,0.7890027761459351,"[{""label"": ""i"", ""probability"": 0.7890027761459351}, {""label"": ""t"", ""probability"": 0.06893780827522278}, {""label"": ""c"", ""probability"": 0.0498039647936821}]",uppercase
C:/Code/airwrite-vocab-assistant/data/airwrite_identity_eval/../raw_airwrite/J/airwrite_J_20260804_150439_974209_13d6ff.png,j,j,0.9907925128936768,"[{""label"": ""j"", ""probability"": 0.9907925128936768}, {""label"": ""i"", ""probability"": 0.008740097284317017}, {""label"": ""t"", ""probability"": 0.0003029084764420986}]",uppercase
C:/Code/airwrite-vocab-assistant/data/airwrite_identity_eval/../raw_airwrite/J/airwrite_J_20260804_150444_951360_c40b75.png,j,j,0.9533579349517822,"[{""label"": ""j"", ""probability"": 0.9533579349517822}, {""label"": ""i"", ""probability"": 0.03165581822395325}, {""label"": ""s"", ""probability"": 0.007546768058091402}]",uppercase
C:/Code/airwrite-vocab-assistant/data/airwrite_identity_eval/../raw_airwrite/J/airwrite_J_20260804_150449_070149_5825b1.png,j,t,0.37706461548805237,"[{""label"": ""t"", ""probability"": 0.37706461548805237}, {""label"": ""i"", ""probability"": 0.31927117705345154}, {""label"": ""l"", ""probability"": 0.09238756448030472}]",uppercase
C:/Code/airwrite-vocab-assistant/data/airwrite_identity_eval/../raw_airwrite/J/airwrite_J_20260804_150454_889330_44467d.png,j,j,0.9911969900131226,"[{""label"": ""j"", ""probability"": 0.9911969900131226}, {""label"": ""i"", ""probability"": 0.008155673742294312}, {""label"": ""t"", ""probability"": 0.00038384724757634103}]",uppercase
C:/Code/airwrite-vocab-assistant/data/airwrite_identity_eval/../raw_airwrite/J/airwrite_J_20260804_150504_814850_1265b0.png,j,j,0.9829500913619995,"[{""label"": ""j"", ""probability"": 0.9829500913619995}, {""label"": ""i"", ""probability"": 0.00999186560511589}, {""label"": ""s"", ""probability"": 0.004606855567544699}]",uppercase
C:/Code/airwrite-vocab-assistant/data/airwrite_identity_eval/../raw_airwrite/J/airwrite_J_20260804_150509_513992_482deb.png,j,j,0.41229745745658875,"[{""label"": ""j"", ""probability"": 0.41229745745658875}, {""label"": ""s"", ""probability"": 0.19947251677513123}, {""label"": ""g"", ""probability"": 0.16911180317401886}]",uppercase
C:/Code/airwrite-vocab-assistant/data/airwrite_identity_eval/../raw_airwrite/J/airwrite_J_20260804_150513_975240_d3b7c3.png,j,j,0.24376486241817474,"[{""label"": ""j"", ""probability"": 0.24376486241817474}, {""label"": ""s"", ""probability"": 0.2024916410446167}, {""label"": ""i"", ""probability"": 0.1514335572719574}]",uppercase
C:/Code/airwrite-vocab-assistant/data/airwrite_identity_eval/../raw_airwrite/J/airwrite_J_20260804_150525_730463_908d80.png,j,j,0.9966315627098083,"[{""label"": ""j"", ""probability"": 0.9966315627098083}, {""label"": ""i"", ""probability"": 0.0013065719977021217}, {""label"": ""s"", ""probability"": 0.0012890005018562078}]",uppercase
C:/Code/airwrite-vocab-assistant/data/airwrite_identity_eval/../raw_airwrite/J/airwrite_J_20260804_150535_458052_e309e7.png,j,j,0.794612467288971,"[{""label"": ""j"", ""probability"": 0.794612467288971}, {""label"": ""i"", ""probability"": 0.13610605895519257}, {""label"": ""f"", ""probability"": 0.030605820938944817}]",uppercase
C:/Code/airwrite-vocab-assistant/data/airwrite_identity_eval/../raw_airwrite/J/airwrite_J_20260804_150539_658778_ff458e.png,j,j,0.7048989534378052,"[{""label"": ""j"", ""probability"": 0.7048989534378052}, {""label"": ""i"", ""probability"": 0.21573814749717712}, {""label"": ""t"", ""probability"": 0.03669663891196251}]",uppercase
C:/Code/airwrite-vocab-assistant/data/airwrite_identity_eval/../raw_airwrite/J/airwrite_J_20260804_150549_257213_470a9a.png,j,j,0.9075387716293335,"[{""label"": ""j"", ""probability"": 0.9075387716293335}, {""label"": ""i"", ""probability"": 0.08373042941093445}, {""label"": ""t"", ""probability"": 0.0043447245843708515}]",uppercase
C:/Code/airwrite-vocab-assistant/data/airwrite_identity_eval/../raw_airwrite/J/airwrite_J_20260804_150559_368796_756385.png,j,j,0.9643429517745972,"[{""label"": ""j"", ""probability"": 0.9643429517745972}, {""label"": ""s"", ""probability"": 0.010820629075169563}, {""label"": ""g"", ""probability"": 0.00856771506369114}]",uppercase
C:/Code/airwrite-vocab-assistant/data/airwrite_identity_eval/../raw_airwrite/J/airwrite_J_20260804_150608_192719_ac80f2.png,j,j,0.6955730319023132,"[{""label"": ""j"", ""probability"": 0.6955730319023132}, {""label"": ""t"", ""probability"": 0.11033683270215988}, {""label"": ""i"", ""probability"": 0.09590017795562744}]",uppercase
C:/Code/airwrite-vocab-assistant/data/airwrite_identity_eval/../raw_airwrite/J/airwrite_J_20260804_150620_036309_e60220.png,j,j,0.9839215278625488,"[{""label"": ""j"", ""probability"": 0.9839215278625488}, {""label"": ""s"", ""probability"": 0.007400285918265581}, {""label"": ""i"", ""probability"": 0.007179846987128258}]",uppercase
C:/Code/airwrite-vocab-assistant/data/airwrite_identity_eval/../raw_airwrite/J/airwrite_J_20260804_150623_189224_376ef3.png,j,j,0.5021722912788391,"[{""label"": ""j"", ""probability"": 0.5021722912788391}, {""label"": ""s"", ""probability"": 0.11310090869665146}, {""label"": ""o"", ""probability"": 0.08760354667901993}]",uppercase
C:/Code/airwrite-vocab-assistant/data/airwrite_identity_eval/../raw_airwrite/J/airwrite_J_20260804_150626_334522_20726a.png,j,j,0.7562961578369141,"[{""label"": ""j"", ""probability"": 0.7562961578369141}, {""label"": ""i"", ""probability"": 0.1125098466873169}, {""label"": ""t"", ""probability"": 0.042393021285533905}]",uppercase
C:/Code/airwrite-vocab-assistant/data/airwrite_identity_eval/../raw_airwrite/J/airwrite_J_20260804_150629_825756_e0b98a.png,j,j,0.28836363554000854,"[{""label"": ""j"", ""probability"": 0.28836363554000854}, {""label"": ""f"", ""probability"": 0.2017296552658081}, {""label"": ""i"", ""probability"": 0.15522053837776184}]",uppercase
C:/Code/airwrite-vocab-assistant/data/airwrite_identity_eval/../raw_airwrite/J/airwrite_J_20260804_150635_504412_b195ea.png,j,j,0.9956966638565063,"[{""label"": ""j"", ""probability"": 0.9956966638565063}, {""label"": ""i"", ""probability"": 0.002868017880246043}, {""label"": ""d"", ""probability"": 0.0005464897258207202}]",uppercase
C:/Code/airwrite-vocab-assistant/data/airwrite_identity_eval/../raw_airwrite/J/airwrite_J_20260804_150645_603318_68d506.png,j,j,0.9484386444091797,"[{""label"": ""j"", ""probability"": 0.9484386444091797}, {""label"": ""d"", ""probability"": 0.01693139225244522}, {""label"": ""g"", ""probability"": 0.013653146103024483}]",uppercase
C:/Code/airwrite-vocab-assistant/data/airwrite_identity_eval/../raw_airwrite/J/airwrite_J_20260804_150653_165077_636d2e.png,j,j,0.6523754000663757,"[{""label"": ""j"", ""probability"": 0.6523754000663757}, {""label"": ""i"", ""probability"": 0.28687146306037903}, {""label"": ""t"", ""probability"": 0.028244609013199806}]",uppercase
C:/Code/airwrite-vocab-assistant/data/airwrite_identity_eval/../raw_airwrite/J/airwrite_J_20260804_150656_852880_1f3b34.png,j,j,0.2759888470172882,"[{""label"": ""j"", ""probability"": 0.2759888470172882}, {""label"": ""s"", ""probability"": 0.2208278775215149}, {""label"": ""i"", ""probability"": 0.20666134357452393}]",uppercase
C:/Code/airwrite-vocab-assistant/data/airwrite_identity_eval/../raw_airwrite/J/airwrite_J_20260804_150702_176742_921f88.png,j,j,0.7305947542190552,"[{""label"": ""j"", ""probability"": 0.7305947542190552}, {""label"": ""i"", ""probability"": 0.1697915494441986}, {""label"": ""f"", ""probability"": 0.058117419481277466}]",uppercase
C:/Code/airwrite-vocab-assistant/data/airwrite_identity_eval/../raw_airwrite/J/airwrite_J_20260804_150707_031495_b8850e.png,j,j,0.3741768002510071,"[{""label"": ""j"", ""probability"": 0.3741768002510071}, {""label"": ""f"", ""probability"": 0.24858811497688293}, {""label"": ""s"", ""probability"": 0.1663396656513214}]",uppercase
C:/Code/airwrite-vocab-assistant/data/airwrite_identity_eval/../raw_airwrite/J/airwrite_J_20260804_150716_908454_e032ae.png,j,j,0.974959135055542,"[{""label"": ""j"", ""probability"": 0.974959135055542}, {""label"": ""i"", ""probability"": 0.02357466332614422}, {""label"": ""t"", ""probability"": 0.0011650623055174947}]",uppercase
C:/Code/airwrite-vocab-assistant/data/airwrite_identity_eval/../raw_airwrite/J/airwrite_J_20260804_150723_683010_a6ec2c.png,j,s,0.4363359808921814,"[{""label"": ""s"", ""probability"": 0.4363359808921814}, {""label"": ""j"", ""probability"": 0.36820799112319946}, {""label"": ""i"", ""probability"": 0.14043086767196655}]",uppercase
C:/Code/airwrite-vocab-assistant/data/airwrite_identity_eval/../raw_airwrite/J/airwrite_J_20260804_150727_916753_7a86e4.png,j,j,0.9545801877975464,"[{""label"": ""j"", ""probability"": 0.9545801877975464}, {""label"": ""s"", ""probability"": 0.0333956740796566}, {""label"": ""i"", ""probability"": 0.005600914359092712}]",uppercase
C:/Code/airwrite-vocab-assistant/data/airwrite_identity_eval/../raw_airwrite/J/airwrite_J_20260804_150731_293795_c3d2fa.png,j,j,0.9906903505325317,"[{""label"": ""j"", ""probability"": 0.9906903505325317}, {""label"": ""i"", ""probability"": 0.00487855076789856}, {""label"": ""t"", ""probability"": 0.0032359494362026453}]",uppercase
C:/Code/airwrite-vocab-assistant/data/airwrite_identity_eval/../raw_airwrite/J/airwrite_J_20260804_150734_414111_96d209.png,j,j,0.9710245132446289,"[{""label"": ""j"", ""probability"": 0.9710245132446289}, {""label"": ""i"", ""probability"": 0.022412607446312904}, {""label"": ""t"", ""probability"": 0.005856959614902735}]",uppercase
C:/Code/airwrite-vocab-assistant/data/airwrite_identity_eval/../raw_airwrite/J/airwrite_J_20260804_150742_414792_db0298.png,j,j,0.522211492061615,"[{""label"": ""j"", ""probability"": 0.522211492061615}, {""label"": ""s"", ""probability"": 0.40967628359794617}, {""label"": ""z"", ""probability"": 0.028018232434988022}]",uppercase
C:/Code/airwrite-vocab-assistant/data/airwrite_identity_eval/../raw_airwrite/J/airwrite_J_20260804_150748_081515_79054c.png,j,j,0.9241673350334167,"[{""label"": ""j"", ""probability"": 0.9241673350334167}, {""label"": ""i"", ""probability"": 0.04329758882522583}, {""label"": ""t"", ""probability"": 0.030946863815188408}]",uppercase
C:/Code/airwrite-vocab-assistant/data/airwrite_identity_eval/../raw_airwrite/J/airwrite_J_20260804_150757_099106_20cb6c.png,j,j,0.9845069646835327,"[{""label"": ""j"", ""probability"": 0.9845069646835327}, {""label"": ""i"", ""probability"": 0.014561382122337818}, {""label"": ""s"", ""probability"": 0.0003189346462022513}]",uppercase
C:/Code/airwrite-vocab-assistant/data/airwrite_identity_eval/../raw_airwrite/J/airwrite_J_20260804_150802_614753_4825f5.png,j,j,0.9717214703559875,"[{""label"": ""j"", ""probability"": 0.9717214703559875}, {""label"": ""i"", ""probability"": 0.016417326405644417}, {""label"": ""s"", ""probability"": 0.004278826992958784}]",uppercase
C:/Code/airwrite-vocab-assistant/data/airwrite_identity_eval/../raw_airwrite/J/airwrite_J_20260804_150808_996980_367dad.png,j,j,0.8434730768203735,"[{""label"": ""j"", ""probability"": 0.8434730768203735}, {""label"": ""i"", ""probability"": 0.13260897994041443}, {""label"": ""t"", ""probability"": 0.008998929522931576}]",uppercase
C:/Code/airwrite-vocab-assistant/data/airwrite_identity_eval/../raw_airwrite/J/airwrite_J_20260804_150813_143597_23fe70.png,j,s,0.4573192000389099,"[{""label"": ""s"", ""probability"": 0.4573192000389099}, {""label"": ""j"", ""probability"": 0.3158937990665436}, {""label"": ""f"", ""probability"": 0.06715524941682816}]",uppercase
C:/Code/airwrite-vocab-assistant/data/airwrite_identity_eval/../raw_airwrite/J/airwrite_J_20260804_150817_835876_0514bf.png,j,j,0.9956737160682678,"[{""label"": ""j"", ""probability"": 0.9956737160682678}, {""label"": ""i"", ""probability"": 0.004183497745543718}, {""label"": ""s"", ""probability"": 6.829531048424542e-05}]",uppercase
C:/Code/airwrite-vocab-assistant/data/airwrite_identity_eval/../raw_airwrite/J/airwrite_J_20260804_150821_511930_3c76e4.png,j,j,0.9375162124633789,"[{""label"": ""j"", ""probability"": 0.9375162124633789}, {""label"": ""i"", ""probability"": 0.05239296704530716}, {""label"": ""t"", ""probability"": 0.005171341821551323}]",uppercase
C:/Code/airwrite-vocab-assistant/data/airwrite_identity_eval/../raw_airwrite/J/airwrite_J_20260804_150824_849278_d2fc1a.png,j,j,0.842710554599762,"[{""label"": ""j"", ""probability"": 0.842710554599762}, {""label"": ""s"", ""probability"": 0.10227807611227036}, {""label"": ""i"", ""probability"": 0.04088615998625755}]",uppercase
C:/Code/airwrite-vocab-assistant/data/airwrite_identity_eval/../raw_airwrite/K/airwrite_K_20260804_150904_280781_cc3489.png,k,k,0.974689781665802,"[{""label"": ""k"", ""probability"": 0.974689781665802}, {""label"": ""h"", ""probability"": 0.012063344940543175}, {""label"": ""r"", ""probability"": 0.004770692903548479}]",uppercase
C:/Code/airwrite-vocab-assistant/data/airwrite_identity_eval/../raw_airwrite/K/airwrite_K_20260804_150908_894951_e1bfba.png,k,k,0.9701425433158875,"[{""label"": ""k"", ""probability"": 0.9701425433158875}, {""label"": ""x"", ""probability"": 0.007273893803358078}, {""label"": ""t"", ""probability"": 0.004420178011059761}]",uppercase
C:/Code/airwrite-vocab-assistant/data/airwrite_identity_eval/../raw_airwrite/K/airwrite_K_20260804_150912_915541_510ae0.png,k,v,0.28282997012138367,"[{""label"": ""v"", ""probability"": 0.28282997012138367}, {""label"": ""u"", ""probability"": 0.12814398109912872}, {""label"": ""x"", ""probability"": 0.119230255484581}]",uppercase
C:/Code/airwrite-vocab-assistant/data/airwrite_identity_eval/../raw_airwrite/K/airwrite_K_20260804_150918_835182_9a608b.png,k,t,0.43206480145454407,"[{""label"": ""t"", ""probability"": 0.43206480145454407}, {""label"": ""f"", ""probability"": 0.35141393542289734}, {""label"": ""k"", ""probability"": 0.15240159630775452}]",uppercase
C:/Code/airwrite-vocab-assistant/data/airwrite_identity_eval/../raw_airwrite/K/airwrite_K_20260804_150923_678372_ac0738.png,k,t,0.4619268774986267,"[{""label"": ""t"", ""probability"": 0.4619268774986267}, {""label"": ""f"", ""probability"": 0.19715480506420135}, {""label"": ""k"", ""probability"": 0.07679823786020279}]",uppercase
C:/Code/airwrite-vocab-assistant/data/airwrite_identity_eval/../raw_airwrite/K/airwrite_K_20260804_150938_488457_9bf7b8.png,k,k,0.6828524470329285,"[{""label"": ""k"", ""probability"": 0.6828524470329285}, {""label"": ""x"", ""probability"": 0.21500322222709656}, {""label"": ""t"", ""probability"": 0.0606699176132679}]",uppercase
C:/Code/airwrite-vocab-assistant/data/airwrite_identity_eval/../raw_airwrite/K/airwrite_K_20260804_150943_010401_a98e56.png,k,k,0.42100515961647034,"[{""label"": ""k"", ""probability"": 0.42100515961647034}, {""label"": ""t"", ""probability"": 0.3376791477203369}, {""label"": ""x"", ""probability"": 0.1094570979475975}]",uppercase
C:/Code/airwrite-vocab-assistant/data/airwrite_identity_eval/../raw_airwrite/K/airwrite_K_20260804_150947_525376_2b1094.png,k,e,0.705308735370636,"[{""label"": ""e"", ""probability"": 0.705308735370636}, {""label"": ""c"", ""probability"": 0.1151265799999237}, {""label"": ""u"", ""probability"": 0.043736182153224945}]",uppercase
C:/Code/airwrite-vocab-assistant/data/airwrite_identity_eval/../raw_airwrite/K/airwrite_K_20260804_150956_704891_89e273.png,k,k,0.9523202180862427,"[{""label"": ""k"", ""probability"": 0.9523202180862427}, {""label"": ""x"", ""probability"": 0.03313036262989044}, {""label"": ""h"", ""probability"": 0.004353756550699472}]",uppercase
C:/Code/airwrite-vocab-assistant/data/airwrite_identity_eval/../raw_airwrite/K/airwrite_K_20260804_151007_254972_cc0fa8.png,k,k,0.8641213774681091,"[{""label"": ""k"", ""probability"": 0.8641213774681091}, {""label"": ""x"", ""probability"": 0.062475256621837616}, {""label"": ""r"", ""probability"": 0.01592220738530159}]",uppercase
C:/Code/airwrite-vocab-assistant/data/airwrite_identity_eval/../raw_airwrite/K/airwrite_K_20260804_151011_463871_37e832.png,k,k,0.9808789491653442,"[{""label"": ""k"", ""probability"": 0.9808789491653442}, {""label"": ""x"", ""probability"": 0.01324030477553606}, {""label"": ""r"", ""probability"": 0.0035209732595831156}]",uppercase
C:/Code/airwrite-vocab-assistant/data/airwrite_identity_eval/../raw_airwrite/K/airwrite_K_20260804_151026_619425_857fac.png,k,k,0.9909912347793579,"[{""label"": ""k"", ""probability"": 0.9909912347793579}, {""label"": ""r"", ""probability"": 0.008051988668739796}, {""label"": ""x"", ""probability"": 0.0005603504250757396}]",uppercase
C:/Code/airwrite-vocab-assistant/data/airwrite_identity_eval/../raw_airwrite/K/airwrite_K_20260804_151029_911343_0006ec.png,k,k,0.7806774377822876,"[{""label"": ""k"", ""probability"": 0.7806774377822876}, {""label"": ""x"", ""probability"": 0.08462698012590408}, {""label"": ""f"", ""probability"": 0.0745767280459404}]",uppercase
C:/Code/airwrite-vocab-assistant/data/airwrite_identity_eval/../raw_airwrite/K/airwrite_K_20260804_151036_941714_fc3ce2.png,k,k,0.9665469527244568,"[{""label"": ""k"", ""probability"": 0.9665469527244568}, {""label"": ""f"", ""probability"": 0.008990796282887459}, {""label"": ""x"", ""probability"": 0.007419038563966751}]",uppercase
C:/Code/airwrite-vocab-assistant/data/airwrite_identity_eval/../raw_airwrite/K/airwrite_K_20260804_151042_563849_48bdf6.png,k,k,0.9578376412391663,"[{""label"": ""k"", ""probability"": 0.9578376412391663}, {""label"": ""r"", ""probability"": 0.04002232477068901}, {""label"": ""h"", ""probability"": 0.0006605468224734068}]",uppercase
C:/Code/airwrite-vocab-assistant/data/airwrite_identity_eval/../raw_airwrite/K/airwrite_K_20260804_151049_597429_f1be5f.png,k,k,0.5573992133140564,"[{""label"": ""k"", ""probability"": 0.5573992133140564}, {""label"": ""f"", ""probability"": 0.35168275237083435}, {""label"": ""t"", ""probability"": 0.0436638779938221}]",uppercase
C:/Code/airwrite-vocab-assistant/data/airwrite_identity_eval/../raw_airwrite/K/airwrite_K_20260804_151059_185731_be8833.png,k,k,0.9982821941375732,"[{""label"": ""k"", ""probability"": 0.9982821941375732}, {""label"": ""h"", ""probability"": 0.0006926256464794278}, {""label"": ""x"", ""probability"": 0.00046087297960184515}]",uppercase
C:/Code/airwrite-vocab-assistant/data/airwrite_identity_eval/../raw_airwrite/K/airwrite_K_20260804_151108_518033_381d42.png,k,f,0.3861788809299469,"[{""label"": ""f"", ""probability"": 0.3861788809299469}, {""label"": ""r"", ""probability"": 0.33441388607025146}, {""label"": ""k"", ""probability"": 0.11635385453701019}]",uppercase
C:/Code/airwrite-vocab-assistant/data/airwrite_identity_eval/../raw_airwrite/K/airwrite_K_20260804_151116_051484_f6faf1.png,k,k,0.9589520692825317,"[{""label"": ""k"", ""probability"": 0.9589520692825317}, {""label"": ""x"", ""probability"": 0.013672580011188984}, {""label"": ""f"", ""probability"": 0.008959515951573849}]",uppercase
C:/Code/airwrite-vocab-assistant/data/airwrite_identity_eval/../raw_airwrite/K/airwrite_K_20260804_151119_477029_2dceed.png,k,k,0.9035277366638184,"[{""label"": ""k"", ""probability"": 0.9035277366638184}, {""label"": ""x"", ""probability"": 0.035765640437603}, {""label"": ""h"", ""probability"": 0.02723189815878868}]",uppercase
C:/Code/airwrite-vocab-assistant/data/airwrite_identity_eval/../raw_airwrite/K/airwrite_K_20260804_151124_158245_601c80.png,k,k,0.8793555498123169,"[{""label"": ""k"", ""probability"": 0.8793555498123169}, {""label"": ""x"", ""probability"": 0.034685876220464706}, {""label"": ""h"", ""probability"": 0.02454860880970955}]",uppercase
C:/Code/airwrite-vocab-assistant/data/airwrite_identity_eval/../raw_airwrite/K/airwrite_K_20260804_151128_139150_f38b43.png,k,c,0.35912057757377625,"[{""label"": ""c"", ""probability"": 0.35912057757377625}, {""label"": ""e"", ""probability"": 0.19382642209529877}, {""label"": ""f"", ""probability"": 0.14728137850761414}]",uppercase
C:/Code/airwrite-vocab-assistant/data/airwrite_identity_eval/../raw_airwrite/K/airwrite_K_20260804_151133_311512_d31a77.png,k,k,0.893144965171814,"[{""label"": ""k"", ""probability"": 0.893144965171814}, {""label"": ""r"", ""probability"": 0.035176314413547516}, {""label"": ""x"", ""probability"": 0.024049032479524612}]",uppercase
C:/Code/airwrite-vocab-assistant/data/airwrite_identity_eval/../raw_airwrite/K/airwrite_K_20260804_151146_677749_efbb3c.png,k,k,0.9876183271408081,"[{""label"": ""k"", ""probability"": 0.9876183271408081}, {""label"": ""f"", ""probability"": 0.0029541661497205496}, {""label"": ""x"", ""probability"": 0.0028819418512284756}]",uppercase
C:/Code/airwrite-vocab-assistant/data/airwrite_identity_eval/../raw_airwrite/K/airwrite_K_20260804_151150_182458_7ce336.png,k,k,0.5260204672813416,"[{""label"": ""k"", ""probability"": 0.5260204672813416}, {""label"": ""t"", ""probability"": 0.14389584958553314}, {""label"": ""l"", ""probability"": 0.07231105864048004}]",uppercase
C:/Code/airwrite-vocab-assistant/data/airwrite_identity_eval/../raw_airwrite/K/airwrite_K_20260804_151153_741101_0cb306.png,k,c,0.3572996258735657,"[{""label"": ""c"", ""probability"": 0.3572996258735657}, {""label"": ""r"", ""probability"": 0.1910935491323471}, {""label"": ""l"", ""probability"": 0.1147424504160881}]",uppercase
C:/Code/airwrite-vocab-assistant/data/airwrite_identity_eval/../raw_airwrite/K/airwrite_K_20260804_151159_141050_537877.png,k,r,0.7730163931846619,"[{""label"": ""r"", ""probability"": 0.7730163931846619}, {""label"": ""f"", ""probability"": 0.0777786374092102}, {""label"": ""a"", ""probability"": 0.037953875958919525}]",uppercase
C:/Code/airwrite-vocab-assistant/data/airwrite_identity_eval/../raw_airwrite/K/airwrite_K_20260804_151207_817304_85a9a9.png,k,k,0.7799347043037415,"[{""label"": ""k"", ""probability"": 0.7799347043037415}, {""label"": ""f"", ""probability"": 0.08048347383737564}, {""label"": ""x"", ""probability"": 0.050615616142749786}]",uppercase
C:/Code/airwrite-vocab-assistant/data/airwrite_identity_eval/../raw_airwrite/K/airwrite_K_20260804_151211_508735_ccfa66.png,k,k,0.7938184142112732,"[{""label"": ""k"", ""probability"": 0.7938184142112732}, {""label"": ""r"", ""probability"": 0.06783890724182129}, {""label"": ""t"", ""probability"": 0.058583393692970276}]",uppercase
C:/Code/airwrite-vocab-assistant/data/airwrite_identity_eval/../raw_airwrite/K/airwrite_K_20260804_151215_198549_3c0b56.png,k,k,0.8971798419952393,"[{""label"": ""k"", ""probability"": 0.8971798419952393}, {""label"": ""x"", ""probability"": 0.05239225924015045}, {""label"": ""t"", ""probability"": 0.029755497351288795}]",uppercase
C:/Code/airwrite-vocab-assistant/data/airwrite_identity_eval/../raw_airwrite/K/airwrite_K_20260804_151219_239195_446fbb.png,k,r,0.24530497193336487,"[{""label"": ""r"", ""probability"": 0.24530497193336487}, {""label"": ""i"", ""probability"": 0.202281191945076}, {""label"": ""l"", ""probability"": 0.14362317323684692}]",uppercase
C:/Code/airwrite-vocab-assistant/data/airwrite_identity_eval/../raw_airwrite/K/airwrite_K_20260804_151229_438540_d3c74b.png,k,k,0.9866130948066711,"[{""label"": ""k"", ""probability"": 0.9866130948066711}, {""label"": ""x"", ""probability"": 0.007617319468408823}, {""label"": ""r"", ""probability"": 0.0032543919514864683}]",uppercase
C:/Code/airwrite-vocab-assistant/data/airwrite_identity_eval/../raw_airwrite/K/airwrite_K_20260804_151232_748380_b3306c.png,k,k,0.503218948841095,"[{""label"": ""k"", ""probability"": 0.503218948841095}, {""label"": ""f"", ""probability"": 0.15614986419677734}, {""label"": ""e"", ""probability"": 0.13598324358463287}]",uppercase
C:/Code/airwrite-vocab-assistant/data/airwrite_identity_eval/../raw_airwrite/K/airwrite_K_20260804_151235_946580_a84706.png,k,k,0.28013181686401367,"[{""label"": ""k"", ""probability"": 0.28013181686401367}, {""label"": ""t"", ""probability"": 0.27845439314842224}, {""label"": ""e"", ""probability"": 0.12097865343093872}]",uppercase
C:/Code/airwrite-vocab-assistant/data/airwrite_identity_eval/../raw_airwrite/K/airwrite_K_20260804_151241_648176_14e2ee.png,k,k,0.9928410053253174,"[{""label"": ""k"", ""probability"": 0.9928410053253174}, {""label"": ""h"", ""probability"": 0.003906109370291233}, {""label"": ""r"", ""probability"": 0.001591200241819024}]",uppercase
C:/Code/airwrite-vocab-assistant/data/airwrite_identity_eval/../raw_airwrite/K/airwrite_K_20260804_151245_530105_fe4483.png,k,k,0.775558352470398,"[{""label"": ""k"", ""probability"": 0.775558352470398}, {""label"": ""f"", ""probability"": 0.1060851439833641}, {""label"": ""e"", ""probability"": 0.030823202803730965}]",uppercase
C:/Code/airwrite-vocab-assistant/data/airwrite_identity_eval/../raw_airwrite/K/airwrite_K_20260804_151253_103033_2290db.png,k,k,0.5438206195831299,"[{""label"": ""k"", ""probability"": 0.5438206195831299}, {""label"": ""f"", ""probability"": 0.10207827389240265}, {""label"": ""t"", ""probability"": 0.09885597229003906}]",uppercase
C:/Code/airwrite-vocab-assistant/data/airwrite_identity_eval/../raw_airwrite/K/airwrite_K_20260804_151300_588643_05b788.png,k,k,0.9788548350334167,"[{""label"": ""k"", ""probability"": 0.9788548350334167}, {""label"": ""x"", ""probability"": 0.009780831634998322}, {""label"": ""r"", ""probability"": 0.004905994515866041}]",uppercase
C:/Code/airwrite-vocab-assistant/data/airwrite_identity_eval/../raw_airwrite/K/airwrite_K_20260804_151304_140260_225e5e.png,k,k,0.9966451525688171,"[{""label"": ""k"", ""probability"": 0.9966451525688171}, {""label"": ""x"", ""probability"": 0.0016334980027750134}, {""label"": ""r"", ""probability"": 0.0013802680186927319}]",uppercase
C:/Code/airwrite-vocab-assistant/data/airwrite_identity_eval/../raw_airwrite/K/airwrite_K_20260804_151308_240688_1f6dab.png,k,k,0.6666943430900574,"[{""label"": ""k"", ""probability"": 0.6666943430900574}, {""label"": ""f"", ""probability"": 0.0912989005446434}, {""label"": ""x"", ""probability"": 0.0635099932551384}]",uppercase
C:/Code/airwrite-vocab-assistant/data/airwrite_identity_eval/../raw_airwrite/K/airwrite_K_20260804_151313_700580_50c932.png,k,k,0.5579651594161987,"[{""label"": ""k"", ""probability"": 0.5579651594161987}, {""label"": ""l"", ""probability"": 0.22358427941799164}, {""label"": ""t"", ""probability"": 0.07622052729129791}]",uppercase
C:/Code/airwrite-vocab-assistant/data/airwrite_identity_eval/../raw_airwrite/K/airwrite_K_20260804_151319_561694_6ebc9c.png,k,v,0.2282048612833023,"[{""label"": ""v"", ""probability"": 0.2282048612833023}, {""label"": ""y"", ""probability"": 0.19770149886608124}, {""label"": ""u"", ""probability"": 0.1262766420841217}]",uppercase
C:/Code/airwrite-vocab-assistant/data/airwrite_identity_eval/../raw_airwrite/K/airwrite_K_20260804_151327_221660_0cd999.png,k,k,0.9283909201622009,"[{""label"": ""k"", ""probability"": 0.9283909201622009}, {""label"": ""x"", ""probability"": 0.0330030731856823}, {""label"": ""h"", ""probability"": 0.018542442470788956}]",uppercase
C:/Code/airwrite-vocab-assistant/data/airwrite_identity_eval/../raw_airwrite/K/airwrite_K_20260804_151333_030433_a97045.png,k,f,0.6637433767318726,"[{""label"": ""f"", ""probability"": 0.6637433767318726}, {""label"": ""k"", ""probability"": 0.16590546071529388}, {""label"": ""t"", ""probability"": 0.10043293982744217}]",uppercase
C:/Code/airwrite-vocab-assistant/data/airwrite_identity_eval/../raw_airwrite/K/airwrite_K_20260804_151341_065443_9f872e.png,k,t,0.9275680184364319,"[{""label"": ""t"", ""probability"": 0.9275680184364319}, {""label"": ""y"", ""probability"": 0.0193889532238245}, {""label"": ""f"", ""probability"": 0.019052360206842422}]",uppercase
C:/Code/airwrite-vocab-assistant/data/airwrite_identity_eval/../raw_airwrite/K/airwrite_K_20260804_151345_527134_395f17.png,k,t,0.2671675384044647,"[{""label"": ""t"", ""probability"": 0.2671675384044647}, {""label"": ""i"", ""probability"": 0.1374252289533615}, {""label"": ""c"", ""probability"": 0.09667425602674484}]",uppercase
C:/Code/airwrite-vocab-assistant/data/airwrite_identity_eval/../raw_airwrite/K/airwrite_K_20260804_151351_901001_c38500.png,k,k,0.949928343296051,"[{""label"": ""k"", ""probability"": 0.949928343296051}, {""label"": ""h"", ""probability"": 0.013940987177193165}, {""label"": ""x"", ""probability"": 0.01247679814696312}]",uppercase
C:/Code/airwrite-vocab-assistant/data/airwrite_identity_eval/../raw_airwrite/K/airwrite_K_20260804_151356_796099_bab0b7.png,k,l,0.5586615800857544,"[{""label"": ""l"", ""probability"": 0.5586615800857544}, {""label"": ""k"", ""probability"": 0.11070069670677185}, {""label"": ""h"", ""probability"": 0.07180986553430557}]",uppercase
C:/Code/airwrite-vocab-assistant/data/airwrite_identity_eval/../raw_airwrite/K/airwrite_K_20260804_151402_362506_e87141.png,k,k,0.530303418636322,"[{""label"": ""k"", ""probability"": 0.530303418636322}, {""label"": ""t"", ""probability"": 0.18046313524246216}, {""label"": ""f"", ""probability"": 0.08636237680912018}]",uppercase
C:/Code/airwrite-vocab-assistant/data/airwrite_identity_eval/../raw_airwrite/K/airwrite_K_20260804_151406_233401_04bdf1.png,k,k,0.8654124140739441,"[{""label"": ""k"", ""probability"": 0.8654124140739441}, {""label"": ""t"", ""probability"": 0.0699392557144165}, {""label"": ""x"", ""probability"": 0.023120485246181488}]",uppercase
C:/Code/airwrite-vocab-assistant/data/airwrite_identity_eval/../raw_airwrite/L/airwrite_L_20260804_151425_704710_8f6f56.png,l,l,0.9631235599517822,"[{""label"": ""l"", ""probability"": 0.9631235599517822}, {""label"": ""i"", ""probability"": 0.03463957458734512}, {""label"": ""c"", ""probability"": 0.0010600821115076542}]",uppercase
C:/Code/airwrite-vocab-assistant/data/airwrite_identity_eval/../raw_airwrite/L/airwrite_L_20260804_151428_539580_2f2740.png,l,l,0.41735926270484924,"[{""label"": ""l"", ""probability"": 0.41735926270484924}, {""label"": ""c"", ""probability"": 0.22736385464668274}, {""label"": ""i"", ""probability"": 0.2207365185022354}]",uppercase
C:/Code/airwrite-vocab-assistant/data/airwrite_identity_eval/../raw_airwrite/L/airwrite_L_20260804_151432_198512_9a7640.png,l,l,0.806662917137146,"[{""label"": ""l"", ""probability"": 0.806662917137146}, {""label"": ""i"", ""probability"": 0.17932111024856567}, {""label"": ""c"", ""probability"": 0.007977429777383804}]",uppercase
C:/Code/airwrite-vocab-assistant/data/airwrite_identity_eval/../raw_airwrite/L/airwrite_L_20260804_151434_815383_e949b6.png,l,l,0.9212051033973694,"[{""label"": ""l"", ""probability"": 0.9212051033973694}, {""label"": ""i"", ""probability"": 0.05785476043820381}, {""label"": ""c"", ""probability"": 0.012272984720766544}]",uppercase
C:/Code/airwrite-vocab-assistant/data/airwrite_identity_eval/../raw_airwrite/L/airwrite_L_20260804_151437_094240_5e6ddc.png,l,l,0.9211271405220032,"[{""label"": ""l"", ""probability"": 0.9211271405220032}, {""label"": ""i"", ""probability"": 0.07121111452579498}, {""label"": ""c"", ""probability"": 0.0028672232292592525}]",uppercase
C:/Code/airwrite-vocab-assistant/data/airwrite_identity_eval/../raw_airwrite/L/airwrite_L_20260804_151439_024413_0d9d29.png,l,l,0.598835825920105,"[{""label"": ""l"", ""probability"": 0.598835825920105}, {""label"": ""i"", ""probability"": 0.37396520376205444}, {""label"": ""c"", ""probability"": 0.008972498588263988}]",uppercase
C:/Code/airwrite-vocab-assistant/data/airwrite_identity_eval/../raw_airwrite/L/airwrite_L_20260804_151442_045559_8000ee.png,l,l,0.9537620544433594,"[{""label"": ""l"", ""probability"": 0.9537620544433594}, {""label"": ""i"", ""probability"": 0.040067266672849655}, {""label"": ""b"", ""probability"": 0.0015530295204371214}]",uppercase
C:/Code/airwrite-vocab-assistant/data/airwrite_identity_eval/../raw_airwrite/L/airwrite_L_20260804_151444_347349_148f87.png,l,l,0.6693500876426697,"[{""label"": ""l"", ""probability"": 0.6693500876426697}, {""label"": ""c"", ""probability"": 0.22733981907367706}, {""label"": ""i"", ""probability"": 0.06829238682985306}]",uppercase
C:/Code/airwrite-vocab-assistant/data/airwrite_identity_eval/../raw_airwrite/L/airwrite_L_20260804_151447_480512_6d4872.png,l,l,0.9926631450653076,"[{""label"": ""l"", ""probability"": 0.9926631450653076}, {""label"": ""i"", ""probability"": 0.00496014766395092}, {""label"": ""h"", ""probability"": 0.000712221022695303}]",uppercase
C:/Code/airwrite-vocab-assistant/data/airwrite_identity_eval/../raw_airwrite/L/airwrite_L_20260804_151449_637163_de5af3.png,l,l,0.9909635782241821,"[{""label"": ""l"", ""probability"": 0.9909635782241821}, {""label"": ""i"", ""probability"": 0.004618311766535044}, {""label"": ""h"", ""probability"": 0.0024147876538336277}]",uppercase
C:/Code/airwrite-vocab-assistant/data/airwrite_identity_eval/../raw_airwrite/L/airwrite_L_20260804_151451_587870_d4eccc.png,l,l,0.7219139337539673,"[{""label"": ""l"", ""probability"": 0.7219139337539673}, {""label"": ""i"", ""probability"": 0.24446113407611847}, {""label"": ""c"", ""probability"": 0.017404813319444656}]",uppercase
C:/Code/airwrite-vocab-assistant/data/airwrite_identity_eval/../raw_airwrite/L/airwrite_L_20260804_151453_780142_531f1f.png,l,l,0.9562448263168335,"[{""label"": ""l"", ""probability"": 0.9562448263168335}, {""label"": ""i"", ""probability"": 0.03825993463397026}, {""label"": ""c"", ""probability"": 0.0035046162083745003}]",uppercase
C:/Code/airwrite-vocab-assistant/data/airwrite_identity_eval/../raw_airwrite/L/airwrite_L_20260804_151456_943443_7164dd.png,l,l,0.9715901017189026,"[{""label"": ""l"", ""probability"": 0.9715901017189026}, {""label"": ""i"", ""probability"": 0.012432574294507504}, {""label"": ""c"", ""probability"": 0.005661779083311558}]",uppercase
C:/Code/airwrite-vocab-assistant/data/airwrite_identity_eval/../raw_airwrite/L/airwrite_L_20260804_151458_994467_7313eb.png,l,l,0.8341836929321289,"[{""label"": ""l"", ""probability"": 0.8341836929321289}, {""label"": ""c"", ""probability"": 0.14434272050857544}, {""label"": ""i"", ""probability"": 0.016557982191443443}]",uppercase
C:/Code/airwrite-vocab-assistant/data/airwrite_identity_eval/../raw_airwrite/L/airwrite_L_20260804_151501_335073_309a43.png,l,l,0.7794659733772278,"[{""label"": ""l"", ""probability"": 0.7794659733772278}, {""label"": ""i"", ""probability"": 0.2045222818851471}, {""label"": ""c"", ""probability"": 0.0061853802762925625}]",uppercase
C:/Code/airwrite-vocab-assistant/data/airwrite_identity_eval/../raw_airwrite/L/airwrite_L_20260804_151503_398652_8e65b9.png,l,l,0.8927381634712219,"[{""label"": ""l"", ""probability"": 0.8927381634712219}, {""label"": ""i"", ""probability"": 0.07680261880159378}, {""label"": ""c"", ""probability"": 0.027059972286224365}]",uppercase
C:/Code/airwrite-vocab-assistant/data/airwrite_identity_eval/../raw_airwrite/L/airwrite_L_20260804_151505_651356_1abdde.png,l,l,0.9046542048454285,"[{""label"": ""l"", ""probability"": 0.9046542048454285}, {""label"": ""i"", ""probability"": 0.08691930025815964}, {""label"": ""c"", ""probability"": 0.006467374507337809}]",uppercase
C:/Code/airwrite-vocab-assistant/data/airwrite_identity_eval/../raw_airwrite/L/airwrite_L_20260804_151508_440171_ca9a89.png,l,l,0.6160844564437866,"[{""label"": ""l"", ""probability"": 0.6160844564437866}, {""label"": ""i"", ""probability"": 0.3737858235836029}, {""label"": ""c"", ""probability"": 0.0033918912522494793}]",uppercase
C:/Code/airwrite-vocab-assistant/data/airwrite_identity_eval/../raw_airwrite/L/airwrite_L_20260804_151510_780840_ee801c.png,l,l,0.9820366501808167,"[{""label"": ""l"", ""probability"": 0.9820366501808167}, {""label"": ""i"", ""probability"": 0.01383473165333271}, {""label"": ""c"", ""probability"": 0.0014300900511443615}]",uppercase
C:/Code/airwrite-vocab-assistant/data/airwrite_identity_eval/../raw_airwrite/L/airwrite_L_20260804_151512_491606_b1bb51.png,l,l,0.5582398772239685,"[{""label"": ""l"", ""probability"": 0.5582398772239685}, {""label"": ""c"", ""probability"": 0.3709969222545624}, {""label"": ""i"", ""probability"": 0.03702068701386452}]",uppercase
C:/Code/airwrite-vocab-assistant/data/airwrite_identity_eval/../raw_airwrite/L/airwrite_L_20260804_151513_277222_41751f.png,l,l,0.7798964977264404,"[{""label"": ""l"", ""probability"": 0.7798964977264404}, {""label"": ""c"", ""probability"": 0.18911878764629364}, {""label"": ""i"", ""probability"": 0.01657783053815365}]",uppercase
C:/Code/airwrite-vocab-assistant/data/airwrite_identity_eval/../raw_airwrite/L/airwrite_L_20260804_151527_996081_81b41b.png,l,l,0.9792200326919556,"[{""label"": ""l"", ""probability"": 0.9792200326919556}, {""label"": ""i"", ""probability"": 0.009499084204435349}, {""label"": ""c"", ""probability"": 0.0028259216342121363}]",uppercase
C:/Code/airwrite-vocab-assistant/data/airwrite_identity_eval/../raw_airwrite/L/airwrite_L_20260804_151530_956886_a0f199.png,l,l,0.9476549029350281,"[{""label"": ""l"", ""probability"": 0.9476549029350281}, {""label"": ""i"", ""probability"": 0.038880109786987305}, {""label"": ""c"", ""probability"": 0.009152253158390522}]",uppercase
C:/Code/airwrite-vocab-assistant/data/airwrite_identity_eval/../raw_airwrite/L/airwrite_L_20260804_151533_921764_65fe47.png,l,l,0.9906697273254395,"[{""label"": ""l"", ""probability"": 0.9906697273254395}, {""label"": ""i"", ""probability"": 0.006291679572314024}, {""label"": ""c"", ""probability"": 0.0015166556695476174}]",uppercase
C:/Code/airwrite-vocab-assistant/data/airwrite_identity_eval/../raw_airwrite/L/airwrite_L_20260804_151537_403266_1ca115.png,l,l,0.9464873671531677,"[{""label"": ""l"", ""probability"": 0.9464873671531677}, {""label"": ""i"", ""probability"": 0.04615894705057144}, {""label"": ""c"", ""probability"": 0.003669268451631069}]",uppercase
C:/Code/airwrite-vocab-assistant/data/airwrite_identity_eval/../raw_airwrite/L/airwrite_L_20260804_151544_341771_130aed.png,l,l,0.9869233965873718,"[{""label"": ""l"", ""probability"": 0.9869233965873718}, {""label"": ""i"", ""probability"": 0.009312297217547894}, {""label"": ""z"", ""probability"": 0.0015152593841776252}]",uppercase
C:/Code/airwrite-vocab-assistant/data/airwrite_identity_eval/../raw_airwrite/L/airwrite_L_20260804_151558_638222_aaf3b8.png,l,l,0.9694514274597168,"[{""label"": ""l"", ""probability"": 0.9694514274597168}, {""label"": ""i"", ""probability"": 0.022305460646748543}, {""label"": ""c"", ""probability"": 0.0033649259712547064}]",uppercase
C:/Code/airwrite-vocab-assistant/data/airwrite_identity_eval/../raw_airwrite/L/airwrite_L_20260804_151600_838317_132cd6.png,l,l,0.9936341047286987,"[{""label"": ""l"", ""probability"": 0.9936341047286987}, {""label"": ""c"", ""probability"": 0.00270192907191813}, {""label"": ""i"", ""probability"": 0.0025974044110625982}]",uppercase
C:/Code/airwrite-vocab-assistant/data/airwrite_identity_eval/../raw_airwrite/L/airwrite_L_20260804_151602_649374_d822b1.png,l,l,0.7239289879798889,"[{""label"": ""l"", ""probability"": 0.7239289879798889}, {""label"": ""c"", ""probability"": 0.18720059096813202}, {""label"": ""i"", ""probability"": 0.06789837032556534}]",uppercase
C:/Code/airwrite-vocab-assistant/data/airwrite_identity_eval/../raw_airwrite/L/airwrite_L_20260804_151605_089349_58ee83.png,l,l,0.6478978395462036,"[{""label"": ""l"", ""probability"": 0.6478978395462036}, {""label"": ""i"", ""probability"": 0.34448137879371643}, {""label"": ""c"", ""probability"": 0.0026653956156224012}]",uppercase
C:/Code/airwrite-vocab-assistant/data/airwrite_identity_eval/../raw_airwrite/L/airwrite_L_20260804_151608_114802_dcb6ec.png,l,l,0.9724448919296265,"[{""label"": ""l"", ""probability"": 0.9724448919296265}, {""label"": ""i"", ""probability"": 0.02315785549581051}, {""label"": ""c"", ""probability"": 0.002260311972349882}]",uppercase
C:/Code/airwrite-vocab-assistant/data/airwrite_identity_eval/../raw_airwrite/L/airwrite_L_20260804_151613_472958_8dfc36.png,l,l,0.9452639818191528,"[{""label"": ""l"", ""probability"": 0.9452639818191528}, {""label"": ""i"", ""probability"": 0.043613579124212265}, {""label"": ""c"", ""probability"": 0.006538135930895805}]",uppercase
C:/Code/airwrite-vocab-assistant/data/airwrite_identity_eval/../raw_airwrite/L/airwrite_L_20260804_151615_531336_e72c5c.png,l,l,0.9562903642654419,"[{""label"": ""l"", ""probability"": 0.9562903642654419}, {""label"": ""i"", ""probability"": 0.03599749878048897}, {""label"": ""c"", ""probability"": 0.0025943091604858637}]",uppercase
C:/Code/airwrite-vocab-assistant/data/airwrite_identity_eval/../raw_airwrite/L/airwrite_L_20260804_151617_863509_6b7f90.png,l,i,0.5777738094329834,"[{""label"": ""i"", ""probability"": 0.5777738094329834}, {""label"": ""l"", ""probability"": 0.4032004475593567}, {""label"": ""c"", ""probability"": 0.00813152827322483}]",uppercase
C:/Code/airwrite-vocab-assistant/data/airwrite_identity_eval/../raw_airwrite/L/airwrite_L_20260804_151627_127502_0f0d85.png,l,l,0.8632113933563232,"[{""label"": ""l"", ""probability"": 0.8632113933563232}, {""label"": ""i"", ""probability"": 0.12049814313650131}, {""label"": ""z"", ""probability"": 0.0050296783447265625}]",uppercase
C:/Code/airwrite-vocab-assistant/data/airwrite_identity_eval/../raw_airwrite/L/airwrite_L_20260804_151630_152231_5f3093.png,l,i,0.8523733615875244,"[{""label"": ""i"", ""probability"": 0.8523733615875244}, {""label"": ""l"", ""probability"": 0.1341892033815384}, {""label"": ""j"", ""probability"": 0.006365451496094465}]",uppercase
C:/Code/airwrite-vocab-assistant/data/airwrite_identity_eval/../raw_airwrite/L/airwrite_L_20260804_151635_080005_0e6ecd.png,l,l,0.9509412050247192,"[{""label"": ""l"", ""probability"": 0.9509412050247192}, {""label"": ""i"", ""probability"": 0.04426643252372742}, {""label"": ""h"", ""probability"": 0.0013980449875816703}]",uppercase
C:/Code/airwrite-vocab-assistant/data/airwrite_identity_eval/../raw_airwrite/L/airwrite_L_20260804_151640_382880_2be320.png,l,l,0.9103386998176575,"[{""label"": ""l"", ""probability"": 0.9103386998176575}, {""label"": ""i"", ""probability"": 0.07560181617736816}, {""label"": ""c"", ""probability"": 0.006196134723722935}]",uppercase
C:/Code/airwrite-vocab-assistant/data/airwrite_identity_eval/../raw_airwrite/L/airwrite_L_20260804_151649_011991_340d8f.png,l,l,0.8371865749359131,"[{""label"": ""l"", ""probability"": 0.8371865749359131}, {""label"": ""i"", ""probability"": 0.07945435494184494}, {""label"": ""h"", ""probability"": 0.06494532525539398}]",uppercase
C:/Code/airwrite-vocab-assistant/data/airwrite_identity_eval/../raw_airwrite/L/airwrite_L_20260804_151651_205093_270864.png,l,i,0.3340841829776764,"[{""label"": ""i"", ""probability"": 0.3340841829776764}, {""label"": ""v"", ""probability"": 0.24513119459152222}, {""label"": ""c"", ""probability"": 0.19475561380386353}]",uppercase
C:/Code/airwrite-vocab-assistant/data/airwrite_identity_eval/../raw_airwrite/L/airwrite_L_20260804_151653_624675_cf5c1d.png,l,v,0.3945790231227875,"[{""label"": ""v"", ""probability"": 0.3945790231227875}, {""label"": ""i"", ""probability"": 0.28623881936073303}, {""label"": ""j"", ""probability"": 0.10699526220560074}]",uppercase
C:/Code/airwrite-vocab-assistant/data/airwrite_identity_eval/../raw_airwrite/L/airwrite_L_20260804_151657_521429_cb5b1b.png,l,i,0.8126851916313171,"[{""label"": ""i"", ""probability"": 0.8126851916313171}, {""label"": ""l"", ""probability"": 0.10117799788713455}, {""label"": ""j"", ""probability"": 0.03472137451171875}]",uppercase
C:/Code/airwrite-vocab-assistant/data/airwrite_identity_eval/../raw_airwrite/L/airwrite_L_20260804_151700_820874_1629f5.png,l,i,0.7522711157798767,"[{""label"": ""i"", ""probability"": 0.7522711157798767}, {""label"": ""j"", ""probability"": 0.12425582855939865}, {""label"": ""v"", ""probability"": 0.03996359556913376}]",uppercase
C:/Code/airwrite-vocab-assistant/data/airwrite_identity_eval/../raw_airwrite/L/airwrite_L_20260804_151703_346455_7030e6.png,l,i,0.7369272708892822,"[{""label"": ""i"", ""probability"": 0.7369272708892822}, {""label"": ""l"", ""probability"": 0.22296126186847687}, {""label"": ""j"", ""probability"": 0.007393442559987307}]",uppercase
C:/Code/airwrite-vocab-assistant/data/airwrite_identity_eval/../raw_airwrite/L/airwrite_L_20260804_151705_474256_bc29ec.png,l,i,0.714219331741333,"[{""label"": ""i"", ""probability"": 0.714219331741333}, {""label"": ""l"", ""probability"": 0.1469714194536209}, {""label"": ""c"", ""probability"": 0.09176833182573318}]",uppercase
C:/Code/airwrite-vocab-assistant/data/airwrite_identity_eval/../raw_airwrite/L/airwrite_L_20260804_151715_205503_7fb0c9.png,l,l,0.8706488609313965,"[{""label"": ""l"", ""probability"": 0.8706488609313965}, {""label"": ""i"", ""probability"": 0.11469565331935883}, {""label"": ""h"", ""probability"": 0.004549636971205473}]",uppercase
C:/Code/airwrite-vocab-assistant/data/airwrite_identity_eval/../raw_airwrite/L/airwrite_L_20260804_151718_460856_157b9a.png,l,l,0.7287743091583252,"[{""label"": ""l"", ""probability"": 0.7287743091583252}, {""label"": ""i"", ""probability"": 0.20842359960079193}, {""label"": ""c"", ""probability"": 0.022473178803920746}]",uppercase
C:/Code/airwrite-vocab-assistant/data/airwrite_identity_eval/../raw_airwrite/L/airwrite_L_20260804_151720_844277_3bcd7b.png,l,i,0.5949982404708862,"[{""label"": ""i"", ""probability"": 0.5949982404708862}, {""label"": ""l"", ""probability"": 0.37960687279701233}, {""label"": ""j"", ""probability"": 0.010929633863270283}]",uppercase
C:/Code/airwrite-vocab-assistant/data/airwrite_identity_eval/../raw_airwrite/L/airwrite_L_20260804_151723_209777_d9c57a.png,l,i,0.7361356019973755,"[{""label"": ""i"", ""probability"": 0.7361356019973755}, {""label"": ""l"", ""probability"": 0.1786343902349472}, {""label"": ""c"", ""probability"": 0.03476222977042198}]",uppercase
C:/Code/airwrite-vocab-assistant/data/airwrite_identity_eval/../raw_airwrite/L/airwrite_L_20260804_151728_847234_9f2936.png,l,i,0.3255195617675781,"[{""label"": ""i"", ""probability"": 0.3255195617675781}, {""label"": ""h"", ""probability"": 0.15861548483371735}, {""label"": ""j"", ""probability"": 0.08672572672367096}]",uppercase
C:/Code/airwrite-vocab-assistant/data/airwrite_identity_eval/../raw_airwrite/M/airwrite_M_20260804_151749_108238_717eba.png,m,n,0.3638179898262024,"[{""label"": ""n"", ""probability"": 0.3638179898262024}, {""label"": ""r"", ""probability"": 0.29911890625953674}, {""label"": ""c"", ""probability"": 0.12481790035963058}]",uppercase
C:/Code/airwrite-vocab-assistant/data/airwrite_identity_eval/../raw_airwrite/M/airwrite_M_20260804_151752_807531_02cadd.png,m,j,0.3886379897594452,"[{""label"": ""j"", ""probability"": 0.3886379897594452}, {""label"": ""y"", ""probability"": 0.3356977105140686}, {""label"": ""h"", ""probability"": 0.06069951131939888}]",uppercase
C:/Code/airwrite-vocab-assistant/data/airwrite_identity_eval/../raw_airwrite/M/airwrite_M_20260804_151756_273233_4eff31.png,m,n,0.25085359811782837,"[{""label"": ""n"", ""probability"": 0.25085359811782837}, {""label"": ""c"", ""probability"": 0.24687106907367706}, {""label"": ""r"", ""probability"": 0.24470113217830658}]",uppercase
C:/Code/airwrite-vocab-assistant/data/airwrite_identity_eval/../raw_airwrite/M/airwrite_M_20260804_151801_696878_7460e5.png,m,m,0.8468309044837952,"[{""label"": ""m"", ""probability"": 0.8468309044837952}, {""label"": ""n"", ""probability"": 0.1309536248445511}, {""label"": ""h"", ""probability"": 0.008203621953725815}]",uppercase
C:/Code/airwrite-vocab-assistant/data/airwrite_identity_eval/../raw_airwrite/M/airwrite_M_20260804_151805_339431_f7dc7c.png,m,m,0.7316128015518188,"[{""label"": ""m"", ""probability"": 0.7316128015518188}, {""label"": ""n"", ""probability"": 0.15585359930992126}, {""label"": ""w"", ""probability"": 0.035037461668252945}]",uppercase
C:/Code/airwrite-vocab-assistant/data/airwrite_identity_eval/../raw_airwrite/M/airwrite_M_20260804_151820_981599_b4d299.png,m,m,0.9287105798721313,"[{""label"": ""m"", ""probability"": 0.9287105798721313}, {""label"": ""n"", ""probability"": 0.06219650059938431}, {""label"": ""r"", ""probability"": 0.003575930604711175}]",uppercase
C:/Code/airwrite-vocab-assistant/data/airwrite_identity_eval/../raw_airwrite/M/airwrite_M_20260804_151824_370296_712d10.png,m,m,0.7463657855987549,"[{""label"": ""m"", ""probability"": 0.7463657855987549}, {""label"": ""w"", ""probability"": 0.09059946238994598}, {""label"": ""n"", ""probability"": 0.06729160249233246}]",uppercase
C:/Code/airwrite-vocab-assistant/data/airwrite_identity_eval/../raw_airwrite/M/airwrite_M_20260804_151826_946405_a82be4.png,m,m,0.9773465991020203,"[{""label"": ""m"", ""probability"": 0.9773465991020203}, {""label"": ""n"", ""probability"": 0.016620270907878876}, {""label"": ""w"", ""probability"": 0.005020442884415388}]",uppercase
C:/Code/airwrite-vocab-assistant/data/airwrite_identity_eval/../raw_airwrite/M/airwrite_M_20260804_151827_328218_2a6939.png,m,m,0.9601145386695862,"[{""label"": ""m"", ""probability"": 0.9601145386695862}, {""label"": ""n"", ""probability"": 0.03126535564661026}, {""label"": ""w"", ""probability"": 0.006817779038101435}]",uppercase
C:/Code/airwrite-vocab-assistant/data/airwrite_identity_eval/../raw_airwrite/M/airwrite_M_20260804_151830_948724_d1f468.png,m,m,0.8735259771347046,"[{""label"": ""m"", ""probability"": 0.8735259771347046}, {""label"": ""n"", ""probability"": 0.07768011838197708}, {""label"": ""w"", ""probability"": 0.016002580523490906}]",uppercase
C:/Code/airwrite-vocab-assistant/data/airwrite_identity_eval/../raw_airwrite/M/airwrite_M_20260804_151834_252779_e642bb.png,m,m,0.7444031834602356,"[{""label"": ""m"", ""probability"": 0.7444031834602356}, {""label"": ""w"", ""probability"": 0.14297591149806976}, {""label"": ""h"", ""probability"": 0.07707798480987549}]",uppercase
C:/Code/airwrite-vocab-assistant/data/airwrite_identity_eval/../raw_airwrite/M/airwrite_M_20260804_151837_459503_460b76.png,m,g,0.28102898597717285,"[{""label"": ""g"", ""probability"": 0.28102898597717285}, {""label"": ""j"", ""probability"": 0.20752611756324768}, {""label"": ""y"", ""probability"": 0.1538160741329193}]",uppercase
C:/Code/airwrite-vocab-assistant/data/airwrite_identity_eval/../raw_airwrite/M/airwrite_M_20260804_151853_419463_8fa85e.png,m,m,0.9467010498046875,"[{""label"": ""m"", ""probability"": 0.9467010498046875}, {""label"": ""w"", ""probability"": 0.022675789892673492}, {""label"": ""n"", ""probability"": 0.01933700405061245}]",uppercase
C:/Code/airwrite-vocab-assistant/data/airwrite_identity_eval/../raw_airwrite/M/airwrite_M_20260804_151857_673974_ae681d.png,m,m,0.39603227376937866,"[{""label"": ""m"", ""probability"": 0.39603227376937866}, {""label"": ""n"", ""probability"": 0.35336539149284363}, {""label"": ""y"", ""probability"": 0.05320939049124718}]",uppercase
C:/Code/airwrite-vocab-assistant/data/airwrite_identity_eval/../raw_airwrite/M/airwrite_M_20260804_151906_107132_a06f43.png,m,z,0.8385619521141052,"[{""label"": ""z"", ""probability"": 0.8385619521141052}, {""label"": ""e"", ""probability"": 0.07594659924507141}, {""label"": ""i"", ""probability"": 0.03142247721552849}]",uppercase
C:/Code/airwrite-vocab-assistant/data/airwrite_identity_eval/../raw_airwrite/M/airwrite_M_20260804_151910_878013_923c3e.png,m,m,0.913051426410675,"[{""label"": ""m"", ""probability"": 0.913051426410675}, {""label"": ""n"", ""probability"": 0.034041307866573334}, {""label"": ""w"", ""probability"": 0.01923287846148014}]",uppercase
C:/Code/airwrite-vocab-assistant/data/airwrite_identity_eval/../raw_airwrite/M/airwrite_M_20260804_151918_549930_99f517.png,m,m,0.9609039425849915,"[{""label"": ""m"", ""probability"": 0.9609039425849915}, {""label"": ""n"", ""probability"": 0.035401828587055206}, {""label"": ""h"", ""probability"": 0.0019986031111329794}]",uppercase
C:/Code/airwrite-vocab-assistant/data/airwrite_identity_eval/../raw_airwrite/M/airwrite_M_20260804_151925_720534_8db918.png,m,m,0.9815726280212402,"[{""label"": ""m"", ""probability"": 0.9815726280212402}, {""label"": ""n"", ""probability"": 0.014277193695306778}, {""label"": ""h"", ""probability"": 0.001255369745194912}]",uppercase
C:/Code/airwrite-vocab-assistant/data/airwrite_identity_eval/../raw_airwrite/M/airwrite_M_20260804_151929_489570_33aaea.png,m,m,0.6449898481369019,"[{""label"": ""m"", ""probability"": 0.6449898481369019}, {""label"": ""y"", ""probability"": 0.1256483644247055}, {""label"": ""n"", ""probability"": 0.06795233488082886}]",uppercase
C:/Code/airwrite-vocab-assistant/data/airwrite_identity_eval/../raw_airwrite/M/airwrite_M_20260804_151932_405557_672122.png,m,m,0.9695940613746643,"[{""label"": ""m"", ""probability"": 0.9695940613746643}, {""label"": ""n"", ""probability"": 0.02306610904633999}, {""label"": ""h"", ""probability"": 0.0024241863284260035}]",uppercase
C:/Code/airwrite-vocab-assistant/data/airwrite_identity_eval/../raw_airwrite/M/airwrite_M_20260804_151938_151938_e611ba.png,m,m,0.935808002948761,"[{""label"": ""m"", ""probability"": 0.935808002948761}, {""label"": ""n"", ""probability"": 0.06222717463970184}, {""label"": ""h"", ""probability"": 0.0007059246418066323}]",uppercase
C:/Code/airwrite-vocab-assistant/data/airwrite_identity_eval/../raw_airwrite/M/airwrite_M_20260804_151941_556029_b4ea66.png,m,m,0.8828003406524658,"[{""label"": ""m"", ""probability"": 0.8828003406524658}, {""label"": ""n"", ""probability"": 0.10587979853153229}, {""label"": ""h"", ""probability"": 0.0046128141693770885}]",uppercase
C:/Code/airwrite-vocab-assistant/data/airwrite_identity_eval/../raw_airwrite/M/airwrite_M_20260804_151944_827717_0a32ce.png,m,m,0.9439238905906677,"[{""label"": ""m"", ""probability"": 0.9439238905906677}, {""label"": ""n"", ""probability"": 0.03608861565589905}, {""label"": ""h"", ""probability"": 0.011627492494881153}]",uppercase
C:/Code/airwrite-vocab-assistant/data/airwrite_identity_eval/../raw_airwrite/M/airwrite_M_20260804_151948_101806_d4214e.png,m,m,0.9632951021194458,"[{""label"": ""m"", ""probability"": 0.9632951021194458}, {""label"": ""h"", ""probability"": 0.013789336197078228}, {""label"": ""n"", ""probability"": 0.010888458229601383}]",uppercase
C:/Code/airwrite-vocab-assistant/data/airwrite_identity_eval/../raw_airwrite/M/airwrite_M_20260804_151951_376650_d98415.png,m,m,0.5394841432571411,"[{""label"": ""m"", ""probability"": 0.5394841432571411}, {""label"": ""n"", ""probability"": 0.263526052236557}, {""label"": ""r"", ""probability"": 0.07002980262041092}]",uppercase
C:/Code/airwrite-vocab-assistant/data/airwrite_identity_eval/../raw_airwrite/M/airwrite_M_20260804_151954_751065_4619f7.png,m,m,0.8500593304634094,"[{""label"": ""m"", ""probability"": 0.8500593304634094}, {""label"": ""n"", ""probability"": 0.12478909641504288}, {""label"": ""h"", ""probability"": 0.008172784931957722}]",uppercase
C:/Code/airwrite-vocab-assistant/data/airwrite_identity_eval/../raw_airwrite/M/airwrite_M_20260804_151957_492124_797c81.png,m,n,0.3853808045387268,"[{""label"": ""n"", ""probability"": 0.3853808045387268}, {""label"": ""r"", ""probability"": 0.316143661737442}, {""label"": ""m"", ""probability"": 0.07633381336927414}]",uppercase
C:/Code/airwrite-vocab-assistant/data/airwrite_identity_eval/../raw_airwrite/M/airwrite_M_20260804_152006_851182_01f596.png,m,m,0.8867279887199402,"[{""label"": ""m"", ""probability"": 0.8867279887199402}, {""label"": ""n"", ""probability"": 0.08461453765630722}, {""label"": ""h"", ""probability"": 0.014651145786046982}]",uppercase
C:/Code/airwrite-vocab-assistant/data/airwrite_identity_eval/../raw_airwrite/M/airwrite_M_20260804_152013_996665_0256bb.png,m,m,0.7240972518920898,"[{""label"": ""m"", ""probability"": 0.7240972518920898}, {""label"": ""n"", ""probability"": 0.1051090657711029}, {""label"": ""w"", ""probability"": 0.06950796395540237}]",uppercase
C:/Code/airwrite-vocab-assistant/data/airwrite_identity_eval/../raw_airwrite/M/airwrite_M_20260804_152016_657768_f263aa.png,m,m,0.6195297837257385,"[{""label"": ""m"", ""probability"": 0.6195297837257385}, {""label"": ""n"", ""probability"": 0.3052724003791809}, {""label"": ""h"", ""probability"": 0.02786375768482685}]",uppercase
C:/Code/airwrite-vocab-assistant/data/airwrite_identity_eval/../raw_airwrite/M/airwrite_M_20260804_152019_178384_e6a94d.png,m,m,0.8620027899742126,"[{""label"": ""m"", ""probability"": 0.8620027899742126}, {""label"": ""n"", ""probability"": 0.10243538022041321}, {""label"": ""w"", ""probability"": 0.0237346850335598}]",uppercase
C:/Code/airwrite-vocab-assistant/data/airwrite_identity_eval/../raw_airwrite/M/airwrite_M_20260804_152021_752583_1e4246.png,m,m,0.7824785709381104,"[{""label"": ""m"", ""probability"": 0.7824785709381104}, {""label"": ""n"", ""probability"": 0.165469229221344}, {""label"": ""r"", ""probability"": 0.018267737701535225}]",uppercase
C:/Code/airwrite-vocab-assistant/data/airwrite_identity_eval/../raw_airwrite/M/airwrite_M_20260804_152026_865550_dd3dc8.png,m,m,0.8967985510826111,"[{""label"": ""m"", ""probability"": 0.8967985510826111}, {""label"": ""n"", ""probability"": 0.06806275248527527}, {""label"": ""r"", ""probability"": 0.010979660786688328}]",uppercase
C:/Code/airwrite-vocab-assistant/data/airwrite_identity_eval/../raw_airwrite/M/airwrite_M_20260804_152029_672190_6764af.png,m,m,0.8757330179214478,"[{""label"": ""m"", ""probability"": 0.8757330179214478}, {""label"": ""n"", ""probability"": 0.11254595220088959}, {""label"": ""r"", ""probability"": 0.004123413469642401}]",uppercase
C:/Code/airwrite-vocab-assistant/data/airwrite_identity_eval/../raw_airwrite/M/airwrite_M_20260804_152032_516272_f94185.png,m,n,0.43744558095932007,"[{""label"": ""n"", ""probability"": 0.43744558095932007}, {""label"": ""r"", ""probability"": 0.40832430124282837}, {""label"": ""m"", ""probability"": 0.10484298318624496}]",uppercase
C:/Code/airwrite-vocab-assistant/data/airwrite_identity_eval/../raw_airwrite/M/airwrite_M_20260804_152040_601344_ce5420.png,m,m,0.9545155167579651,"[{""label"": ""m"", ""probability"": 0.9545155167579651}, {""label"": ""n"", ""probability"": 0.0210508294403553}, {""label"": ""w"", ""probability"": 0.01654067449271679}]",uppercase
C:/Code/airwrite-vocab-assistant/data/airwrite_identity_eval/../raw_airwrite/M/airwrite_M_20260804_152043_209261_f6c42d.png,m,m,0.5727354288101196,"[{""label"": ""m"", ""probability"": 0.5727354288101196}, {""label"": ""n"", ""probability"": 0.29341423511505127}, {""label"": ""h"", ""probability"": 0.025879062712192535}]",uppercase
C:/Code/airwrite-vocab-assistant/data/airwrite_identity_eval/../raw_airwrite/M/airwrite_M_20260804_152045_769170_b81d4b.png,m,m,0.6491556167602539,"[{""label"": ""m"", ""probability"": 0.6491556167602539}, {""label"": ""n"", ""probability"": 0.3097672462463379}, {""label"": ""h"", ""probability"": 0.01230018399655819}]",uppercase
C:/Code/airwrite-vocab-assistant/data/airwrite_identity_eval/../raw_airwrite/M/airwrite_M_20260804_152052_348441_061048.png,m,m,0.8704015612602234,"[{""label"": ""m"", ""probability"": 0.8704015612602234}, {""label"": ""n"", ""probability"": 0.06149305775761604}, {""label"": ""h"", ""probability"": 0.04087957739830017}]",uppercase
C:/Code/airwrite-vocab-assistant/data/airwrite_identity_eval/../raw_airwrite/M/airwrite_M_20260804_152055_442211_6b197d.png,m,n,0.22438187897205353,"[{""label"": ""n"", ""probability"": 0.22438187897205353}, {""label"": ""r"", ""probability"": 0.2198563665151596}, {""label"": ""m"", ""probability"": 0.19481657445430756}]",uppercase
C:/Code/airwrite-vocab-assistant/data/airwrite_identity_eval/../raw_airwrite/M/airwrite_M_20260804_152107_328821_6d2c45.png,m,i,0.8121621608734131,"[{""label"": ""i"", ""probability"": 0.8121621608734131}, {""label"": ""l"", ""probability"": 0.17224788665771484}, {""label"": ""j"", ""probability"": 0.007565653417259455}]",uppercase
C:/Code/airwrite-vocab-assistant/data/airwrite_identity_eval/../raw_airwrite/M/airwrite_M_20260804_152114_082160_125d56.png,m,m,0.7732453346252441,"[{""label"": ""m"", ""probability"": 0.7732453346252441}, {""label"": ""n"", ""probability"": 0.20708930492401123}, {""label"": ""h"", ""probability"": 0.00896451435983181}]",uppercase
C:/Code/airwrite-vocab-assistant/data/airwrite_identity_eval/../raw_airwrite/M/airwrite_M_20260804_152120_506273_a1df6e.png,m,m,0.994952917098999,"[{""label"": ""m"", ""probability"": 0.994952917098999}, {""label"": ""n"", ""probability"": 0.0026192539371550083}, {""label"": ""w"", ""probability"": 0.001994665013626218}]",uppercase
C:/Code/airwrite-vocab-assistant/data/airwrite_identity_eval/../raw_airwrite/M/airwrite_M_20260804_152123_321148_a9cd56.png,m,m,0.9050551056861877,"[{""label"": ""m"", ""probability"": 0.9050551056861877}, {""label"": ""n"", ""probability"": 0.08697892725467682}, {""label"": ""h"", ""probability"": 0.002786164404824376}]",uppercase
C:/Code/airwrite-vocab-assistant/data/airwrite_identity_eval/../raw_airwrite/M/airwrite_M_20260804_152126_549357_8ed340.png,m,m,0.7530624866485596,"[{""label"": ""m"", ""probability"": 0.7530624866485596}, {""label"": ""n"", ""probability"": 0.07784575968980789}, {""label"": ""h"", ""probability"": 0.07422507554292679}]",uppercase
C:/Code/airwrite-vocab-assistant/data/airwrite_identity_eval/../raw_airwrite/M/airwrite_M_20260804_152129_136462_43bcf6.png,m,m,0.8587878346443176,"[{""label"": ""m"", ""probability"": 0.8587878346443176}, {""label"": ""n"", ""probability"": 0.1285465806722641}, {""label"": ""h"", ""probability"": 0.00909345131367445}]",uppercase
C:/Code/airwrite-vocab-assistant/data/airwrite_identity_eval/../raw_airwrite/M/airwrite_M_20260804_152129_301492_f4b2a4.png,m,m,0.9642737507820129,"[{""label"": ""m"", ""probability"": 0.9642737507820129}, {""label"": ""n"", ""probability"": 0.029225926846265793}, {""label"": ""h"", ""probability"": 0.00489962799474597}]",uppercase
C:/Code/airwrite-vocab-assistant/data/airwrite_identity_eval/../raw_airwrite/M/airwrite_M_20260804_152136_861405_b6f51c.png,m,m,0.9461838006973267,"[{""label"": ""m"", ""probability"": 0.9461838006973267}, {""label"": ""n"", ""probability"": 0.0488293319940567}, {""label"": ""w"", ""probability"": 0.0020639949943870306}]",uppercase
C:/Code/airwrite-vocab-assistant/data/airwrite_identity_eval/../raw_airwrite/M/airwrite_M_20260804_152139_303328_d0afc7.png,m,m,0.8319409489631653,"[{""label"": ""m"", ""probability"": 0.8319409489631653}, {""label"": ""n"", ""probability"": 0.08984271436929703}, {""label"": ""r"", ""probability"": 0.027521446347236633}]",uppercase
C:/Code/airwrite-vocab-assistant/data/airwrite_identity_eval/../raw_airwrite/M/airwrite_M_20260804_152141_537046_5eaaab.png,m,m,0.8056334853172302,"[{""label"": ""m"", ""probability"": 0.8056334853172302}, {""label"": ""n"", ""probability"": 0.15742939710617065}, {""label"": ""w"", ""probability"": 0.021837934851646423}]",uppercase
C:/Code/airwrite-vocab-assistant/data/airwrite_identity_eval/../raw_airwrite/N/airwrite_N_20260804_152952_731973_c07ba0.png,n,y,0.28468766808509827,"[{""label"": ""y"", ""probability"": 0.28468766808509827}, {""label"": ""j"", ""probability"": 0.2293403446674347}, {""label"": ""i"", ""probability"": 0.12237358093261719}]",uppercase
C:/Code/airwrite-vocab-assistant/data/airwrite_identity_eval/../raw_airwrite/N/airwrite_N_20260804_152955_446829_b0f056.png,n,t,0.2872505486011505,"[{""label"": ""t"", ""probability"": 0.2872505486011505}, {""label"": ""r"", ""probability"": 0.17372338473796844}, {""label"": ""f"", ""probability"": 0.16891057789325714}]",uppercase
C:/Code/airwrite-vocab-assistant/data/airwrite_identity_eval/../raw_airwrite/N/airwrite_N_20260804_153226_790758_662deb.png,n,v,0.1693374216556549,"[{""label"": ""v"", ""probability"": 0.1693374216556549}, {""label"": ""y"", ""probability"": 0.15513819456100464}, {""label"": ""j"", ""probability"": 0.13055387139320374}]",uppercase
C:/Code/airwrite-vocab-assistant/data/airwrite_identity_eval/../raw_airwrite/N/airwrite_N_20260804_153229_441693_5edb1d.png,n,y,0.3818265497684479,"[{""label"": ""y"", ""probability"": 0.3818265497684479}, {""label"": ""j"", ""probability"": 0.12051324546337128}, {""label"": ""v"", ""probability"": 0.07128234952688217}]",uppercase
C:/Code/airwrite-vocab-assistant/data/airwrite_identity_eval/../raw_airwrite/N/airwrite_N_20260804_153233_487986_555672.png,n,n,0.4758419394493103,"[{""label"": ""n"", ""probability"": 0.4758419394493103}, {""label"": ""w"", ""probability"": 0.22609534859657288}, {""label"": ""m"", ""probability"": 0.17205393314361572}]",uppercase
C:/Code/airwrite-vocab-assistant/data/airwrite_identity_eval/../raw_airwrite/N/airwrite_N_20260804_153242_954484_e4a942.png,n,i,0.20264653861522675,"[{""label"": ""i"", ""probability"": 0.20264653861522675}, {""label"": ""j"", ""probability"": 0.11600740998983383}, {""label"": ""h"", ""probability"": 0.11005894094705582}]",uppercase
C:/Code/airwrite-vocab-assistant/data/airwrite_identity_eval/../raw_airwrite/N/airwrite_N_20260804_153246_228706_a3f2e8.png,n,k,0.22381116449832916,"[{""label"": ""k"", ""probability"": 0.22381116449832916}, {""label"": ""n"", ""probability"": 0.21627995371818542}, {""label"": ""h"", ""probability"": 0.11673730611801147}]",uppercase
C:/Code/airwrite-vocab-assistant/data/airwrite_identity_eval/../raw_airwrite/N/airwrite_N_20260804_153256_432001_1a2292.png,n,n,0.30029305815696716,"[{""label"": ""n"", ""probability"": 0.30029305815696716}, {""label"": ""h"", ""probability"": 0.26868557929992676}, {""label"": ""y"", ""probability"": 0.18288174271583557}]",uppercase
C:/Code/airwrite-vocab-assistant/data/airwrite_identity_eval/../raw_airwrite/N/airwrite_N_20260804_153311_671707_168f93.png,n,j,0.4201434254646301,"[{""label"": ""j"", ""probability"": 0.4201434254646301}, {""label"": ""f"", ""probability"": 0.19940753281116486}, {""label"": ""t"", ""probability"": 0.06137704476714134}]",uppercase
C:/Code/airwrite-vocab-assistant/data/airwrite_identity_eval/../raw_airwrite/N/airwrite_N_20260804_153314_012312_e6a5a9.png,n,j,0.47871214151382446,"[{""label"": ""j"", ""probability"": 0.47871214151382446}, {""label"": ""f"", ""probability"": 0.20436805486679077}, {""label"": ""s"", ""probability"": 0.06765579432249069}]",uppercase
C:/Code/airwrite-vocab-assistant/data/airwrite_identity_eval/../raw_airwrite/N/airwrite_N_20260804_153316_692671_010b53.png,n,r,0.19244906306266785,"[{""label"": ""r"", ""probability"": 0.19244906306266785}, {""label"": ""c"", ""probability"": 0.154178649187088}, {""label"": ""v"", ""probability"": 0.12042708694934845}]",uppercase
C:/Code/airwrite-vocab-assistant/data/airwrite_identity_eval/../raw_airwrite/N/airwrite_N_20260804_153327_129551_010777.png,n,j,0.24171176552772522,"[{""label"": ""j"", ""probability"": 0.24171176552772522}, {""label"": ""t"", ""probability"": 0.2221864014863968}, {""label"": ""f"", ""probability"": 0.17380362749099731}]",uppercase
C:/Code/airwrite-vocab-assistant/data/airwrite_identity_eval/../raw_airwrite/N/airwrite_N_20260804_153334_526466_91d780.png,n,j,0.5276234745979309,"[{""label"": ""j"", ""probability"": 0.5276234745979309}, {""label"": ""i"", ""probability"": 0.11097293347120285}, {""label"": ""y"", ""probability"": 0.08303708583116531}]",uppercase
C:/Code/airwrite-vocab-assistant/data/airwrite_identity_eval/../raw_airwrite/N/airwrite_N_20260804_153337_115329_099ab6.png,n,j,0.41030988097190857,"[{""label"": ""j"", ""probability"": 0.41030988097190857}, {""label"": ""n"", ""probability"": 0.19460920989513397}, {""label"": ""w"", ""probability"": 0.16420741379261017}]",uppercase
C:/Code/airwrite-vocab-assistant/data/airwrite_identity_eval/../raw_airwrite/N/airwrite_N_20260804_153339_379352_e24a5e.png,n,j,0.9088846445083618,"[{""label"": ""j"", ""probability"": 0.9088846445083618}, {""label"": ""v"", ""probability"": 0.040060143917798996}, {""label"": ""y"", ""probability"": 0.013249401934444904}]",uppercase
C:/Code/airwrite-vocab-assistant/data/airwrite_identity_eval/../raw_airwrite/N/airwrite_N_20260804_153341_563619_59f3bd.png,n,j,0.8898851871490479,"[{""label"": ""j"", ""probability"": 0.8898851871490479}, {""label"": ""i"", ""probability"": 0.04527183249592781}, {""label"": ""y"", ""probability"": 0.035788387060165405}]",uppercase
C:/Code/airwrite-vocab-assistant/data/airwrite_identity_eval/../raw_airwrite/N/airwrite_N_20260804_153351_181249_9fe63c.png,n,v,0.523452639579773,"[{""label"": ""v"", ""probability"": 0.523452639579773}, {""label"": ""n"", ""probability"": 0.12917540967464447}, {""label"": ""w"", ""probability"": 0.11586876958608627}]",uppercase
C:/Code/airwrite-vocab-assistant/data/airwrite_identity_eval/../raw_airwrite/N/airwrite_N_20260804_153353_903717_54c798.png,n,n,0.561424970626831,"[{""label"": ""n"", ""probability"": 0.561424970626831}, {""label"": ""w"", ""probability"": 0.22330448031425476}, {""label"": ""h"", ""probability"": 0.07757952064275742}]",uppercase
C:/Code/airwrite-vocab-assistant/data/airwrite_identity_eval/../raw_airwrite/N/airwrite_N_20260804_153356_457563_816934.png,n,s,0.455733984708786,"[{""label"": ""s"", ""probability"": 0.455733984708786}, {""label"": ""j"", ""probability"": 0.30044278502464294}, {""label"": ""i"", ""probability"": 0.045855358242988586}]",uppercase
C:/Code/airwrite-vocab-assistant/data/airwrite_identity_eval/../raw_airwrite/N/airwrite_N_20260804_153359_672885_0a05d8.png,n,w,0.7595468759536743,"[{""label"": ""w"", ""probability"": 0.7595468759536743}, {""label"": ""v"", ""probability"": 0.13085722923278809}, {""label"": ""u"", ""probability"": 0.04364371672272682}]",uppercase
C:/Code/airwrite-vocab-assistant/data/airwrite_identity_eval/../raw_airwrite/N/airwrite_N_20260804_153413_712361_51a366.png,n,i,0.29489970207214355,"[{""label"": ""i"", ""probability"": 0.29489970207214355}, {""label"": ""j"", ""probability"": 0.2512457072734833}, {""label"": ""f"", ""probability"": 0.13118323683738708}]",uppercase
C:/Code/airwrite-vocab-assistant/data/airwrite_identity_eval/../raw_airwrite/N/airwrite_N_20260804_153416_609080_cbd938.png,n,y,0.41586288809776306,"[{""label"": ""y"", ""probability"": 0.41586288809776306}, {""label"": ""j"", ""probability"": 0.17517393827438354}, {""label"": ""t"", ""probability"": 0.08081412315368652}]",uppercase
C:/Code/airwrite-vocab-assistant/data/airwrite_identity_eval/../raw_airwrite/N/airwrite_N_20260804_153420_757323_bef572.png,n,j,0.8214676380157471,"[{""label"": ""j"", ""probability"": 0.8214676380157471}, {""label"": ""i"", ""probability"": 0.07674729824066162}, {""label"": ""y"", ""probability"": 0.03362076357007027}]",uppercase
C:/Code/airwrite-vocab-assistant/data/airwrite_identity_eval/../raw_airwrite/N/airwrite_N_20260804_153423_471092_e8c20f.png,n,j,0.7038140892982483,"[{""label"": ""j"", ""probability"": 0.7038140892982483}, {""label"": ""f"", ""probability"": 0.08930654078722}, {""label"": ""i"", ""probability"": 0.05277155339717865}]",uppercase
C:/Code/airwrite-vocab-assistant/data/airwrite_identity_eval/../raw_airwrite/N/airwrite_N_20260804_153438_465400_1f5484.png,n,j,0.5770881175994873,"[{""label"": ""j"", ""probability"": 0.5770881175994873}, {""label"": ""i"", ""probability"": 0.4047918915748596}, {""label"": ""s"", ""probability"": 0.0071115512400865555}]",uppercase
C:/Code/airwrite-vocab-assistant/data/airwrite_identity_eval/../raw_airwrite/N/airwrite_N_20260804_153446_373918_206834.png,n,j,0.5789713263511658,"[{""label"": ""j"", ""probability"": 0.5789713263511658}, {""label"": ""y"", ""probability"": 0.10378715395927429}, {""label"": ""i"", ""probability"": 0.1020936518907547}]",uppercase
C:/Code/airwrite-vocab-assistant/data/airwrite_identity_eval/../raw_airwrite/N/airwrite_N_20260804_153449_479374_4fadd7.png,n,j,0.6517550945281982,"[{""label"": ""j"", ""probability"": 0.6517550945281982}, {""label"": ""t"", ""probability"": 0.05546800047159195}, {""label"": ""y"", ""probability"": 0.05232200771570206}]",uppercase
C:/Code/airwrite-vocab-assistant/data/airwrite_identity_eval/../raw_airwrite/N/airwrite_N_20260804_153519_598167_bd7c5c.png,n,j,0.6608919501304626,"[{""label"": ""j"", ""probability"": 0.6608919501304626}, {""label"": ""i"", ""probability"": 0.1892150491476059}, {""label"": ""f"", ""probability"": 0.04537484049797058}]",uppercase
C:/Code/airwrite-vocab-assistant/data/airwrite_identity_eval/../raw_airwrite/N/airwrite_N_20260804_153522_645723_c12b19.png,n,f,0.4591006934642792,"[{""label"": ""f"", ""probability"": 0.4591006934642792}, {""label"": ""j"", ""probability"": 0.3524268865585327}, {""label"": ""s"", ""probability"": 0.0576927550137043}]",uppercase
C:/Code/airwrite-vocab-assistant/data/airwrite_identity_eval/../raw_airwrite/N/airwrite_N_20260804_153531_536368_b37c43.png,n,j,0.5260201096534729,"[{""label"": ""j"", ""probability"": 0.5260201096534729}, {""label"": ""s"", ""probability"": 0.2796592116355896}, {""label"": ""i"", ""probability"": 0.09143393486738205}]",uppercase
C:/Code/airwrite-vocab-assistant/data/airwrite_identity_eval/../raw_airwrite/N/airwrite_N_20260804_153533_929559_50a0af.png,n,j,0.838970959186554,"[{""label"": ""j"", ""probability"": 0.838970959186554}, {""label"": ""i"", ""probability"": 0.058067578822374344}, {""label"": ""s"", ""probability"": 0.05607646331191063}]",uppercase
C:/Code/airwrite-vocab-assistant/data/airwrite_identity_eval/../raw_airwrite/N/airwrite_N_20260804_153536_837786_7449e8.png,n,f,0.594353437423706,"[{""label"": ""f"", ""probability"": 0.594353437423706}, {""label"": ""j"", ""probability"": 0.268068790435791}, {""label"": ""i"", ""probability"": 0.04791756719350815}]",uppercase
C:/Code/airwrite-vocab-assistant/data/airwrite_identity_eval/../raw_airwrite/N/airwrite_N_20260804_153541_405422_0edcb9.png,n,j,0.6804406642913818,"[{""label"": ""j"", ""probability"": 0.6804406642913818}, {""label"": ""i"", ""probability"": 0.17560002207756042}, {""label"": ""y"", ""probability"": 0.04754110425710678}]",uppercase
C:/Code/airwrite-vocab-assistant/data/airwrite_identity_eval/../raw_airwrite/N/airwrite_N_20260804_153544_179427_f1fbd9.png,n,j,0.4146254360675812,"[{""label"": ""j"", ""probability"": 0.4146254360675812}, {""label"": ""f"", ""probability"": 0.27754703164100647}, {""label"": ""s"", ""probability"": 0.13397429883480072}]",uppercase
C:/Code/airwrite-vocab-assistant/data/airwrite_identity_eval/../raw_airwrite/N/airwrite_N_20260804_153547_147231_40feeb.png,n,n,0.7635562419891357,"[{""label"": ""n"", ""probability"": 0.7635562419891357}, {""label"": ""h"", ""probability"": 0.10301017016172409}, {""label"": ""m"", ""probability"": 0.08460736274719238}]",uppercase
C:/Code/airwrite-vocab-assistant/data/airwrite_identity_eval/../raw_airwrite/N/airwrite_N_20260804_153549_691520_a2761f.png,n,j,0.5387321710586548,"[{""label"": ""j"", ""probability"": 0.5387321710586548}, {""label"": ""p"", ""probability"": 0.09142685681581497}, {""label"": ""f"", ""probability"": 0.08411364257335663}]",uppercase
C:/Code/airwrite-vocab-assistant/data/airwrite_identity_eval/../raw_airwrite/N/airwrite_N_20260804_153553_067461_242a57.png,n,j,0.7840928435325623,"[{""label"": ""j"", ""probability"": 0.7840928435325623}, {""label"": ""i"", ""probability"": 0.1306380331516266}, {""label"": ""d"", ""probability"": 0.01922151818871498}]",uppercase
C:/Code/airwrite-vocab-assistant/data/airwrite_identity_eval/../raw_airwrite/N/airwrite_N_20260804_153555_512524_4de8c7.png,n,j,0.865505039691925,"[{""label"": ""j"", ""probability"": 0.865505039691925}, {""label"": ""i"", ""probability"": 0.07516705989837646}, {""label"": ""y"", ""probability"": 0.02242094650864601}]",uppercase
C:/Code/airwrite-vocab-assistant/data/airwrite_identity_eval/../raw_airwrite/N/airwrite_N_20260804_153558_127721_e5ca8a.png,n,f,0.48390069603919983,"[{""label"": ""f"", ""probability"": 0.48390069603919983}, {""label"": ""s"", ""probability"": 0.20749233663082123}, {""label"": ""j"", ""probability"": 0.13861605525016785}]",uppercase
C:/Code/airwrite-vocab-assistant/data/airwrite_identity_eval/../raw_airwrite/N/airwrite_N_20260804_153601_195812_a26a26.png,n,f,0.426392525434494,"[{""label"": ""f"", ""probability"": 0.426392525434494}, {""label"": ""t"", ""probability"": 0.16344161331653595}, {""label"": ""j"", ""probability"": 0.16092611849308014}]",uppercase
C:/Code/airwrite-vocab-assistant/data/airwrite_identity_eval/../raw_airwrite/N/airwrite_N_20260804_153606_276876_1e2b8a.png,n,n,0.30405178666114807,"[{""label"": ""n"", ""probability"": 0.30405178666114807}, {""label"": ""w"", ""probability"": 0.2656415104866028}, {""label"": ""v"", ""probability"": 0.2502273619174957}]",uppercase
C:/Code/airwrite-vocab-assistant/data/airwrite_identity_eval/../raw_airwrite/N/airwrite_N_20260804_153608_799701_2b3ecd.png,n,j,0.789109468460083,"[{""label"": ""j"", ""probability"": 0.789109468460083}, {""label"": ""f"", ""probability"": 0.0722140371799469}, {""label"": ""i"", ""probability"": 0.04531911760568619}]",uppercase
C:/Code/airwrite-vocab-assistant/data/airwrite_identity_eval/../raw_airwrite/N/airwrite_N_20260804_153611_869199_ee9e41.png,n,f,0.344916969537735,"[{""label"": ""f"", ""probability"": 0.344916969537735}, {""label"": ""r"", ""probability"": 0.13891060650348663}, {""label"": ""y"", ""probability"": 0.13158677518367767}]",uppercase
C:/Code/airwrite-vocab-assistant/data/airwrite_identity_eval/../raw_airwrite/N/airwrite_N_20260804_153615_467291_3565f9.png,n,n,0.7308855652809143,"[{""label"": ""n"", ""probability"": 0.7308855652809143}, {""label"": ""v"", ""probability"": 0.08608125895261765}, {""label"": ""u"", ""probability"": 0.042537789791822433}]",uppercase
C:/Code/airwrite-vocab-assistant/data/airwrite_identity_eval/../raw_airwrite/N/airwrite_N_20260804_153618_211664_135995.png,n,j,0.7459197044372559,"[{""label"": ""j"", ""probability"": 0.7459197044372559}, {""label"": ""i"", ""probability"": 0.14610593020915985}, {""label"": ""s"", ""probability"": 0.0305277481675148}]",uppercase
C:/Code/airwrite-vocab-assistant/data/airwrite_identity_eval/../raw_airwrite/N/airwrite_N_20260804_153621_373224_be0517.png,n,j,0.3561572730541229,"[{""label"": ""j"", ""probability"": 0.3561572730541229}, {""label"": ""f"", ""probability"": 0.23296496272087097}, {""label"": ""t"", ""probability"": 0.17547327280044556}]",uppercase
C:/Code/airwrite-vocab-assistant/data/airwrite_identity_eval/../raw_airwrite/N/airwrite_N_20260804_153627_828648_960912.png,n,j,0.484499454498291,"[{""label"": ""j"", ""probability"": 0.484499454498291}, {""label"": ""v"", ""probability"": 0.12653744220733643}, {""label"": ""y"", ""probability"": 0.1040000393986702}]",uppercase
C:/Code/airwrite-vocab-assistant/data/airwrite_identity_eval/../raw_airwrite/N/airwrite_N_20260804_153632_460579_ef61cc.png,n,n,0.35860762000083923,"[{""label"": ""n"", ""probability"": 0.35860762000083923}, {""label"": ""w"", ""probability"": 0.12624427676200867}, {""label"": ""h"", ""probability"": 0.12419130653142929}]",uppercase
C:/Code/airwrite-vocab-assistant/data/airwrite_identity_eval/../raw_airwrite/N/airwrite_N_20260804_153635_056714_efa502.png,n,n,0.5210156440734863,"[{""label"": ""n"", ""probability"": 0.5210156440734863}, {""label"": ""v"", ""probability"": 0.14185750484466553}, {""label"": ""h"", ""probability"": 0.13378266990184784}]",uppercase
C:/Code/airwrite-vocab-assistant/data/airwrite_identity_eval/../raw_airwrite/N/airwrite_N_20260804_153639_652603_48794a.png,n,j,0.6472816467285156,"[{""label"": ""j"", ""probability"": 0.6472816467285156}, {""label"": ""s"", ""probability"": 0.19022530317306519}, {""label"": ""i"", ""probability"": 0.055347051471471786}]",uppercase
C:/Code/airwrite-vocab-assistant/data/airwrite_identity_eval/../raw_airwrite/O/airwrite_O_20260804_153657_484471_ceecb4.png,o,d,0.49044331908226013,"[{""label"": ""d"", ""probability"": 0.49044331908226013}, {""label"": ""o"", ""probability"": 0.275774210691452}, {""label"": ""j"", ""probability"": 0.06668690592050552}]",uppercase
C:/Code/airwrite-vocab-assistant/data/airwrite_identity_eval/../raw_airwrite/O/airwrite_O_20260804_153700_759774_42d144.png,o,o,0.7667819857597351,"[{""label"": ""o"", ""probability"": 0.7667819857597351}, {""label"": ""d"", ""probability"": 0.12152796238660812}, {""label"": ""j"", ""probability"": 0.04847293719649315}]",uppercase
C:/Code/airwrite-vocab-assistant/data/airwrite_identity_eval/../raw_airwrite/O/airwrite_O_20260804_153704_626195_3b22cc.png,o,d,0.7640262842178345,"[{""label"": ""d"", ""probability"": 0.7640262842178345}, {""label"": ""o"", ""probability"": 0.11365197598934174}, {""label"": ""j"", ""probability"": 0.04452097415924072}]",uppercase
C:/Code/airwrite-vocab-assistant/data/airwrite_identity_eval/../raw_airwrite/O/airwrite_O_20260804_153706_963887_8260f8.png,o,o,0.6420258283615112,"[{""label"": ""o"", ""probability"": 0.6420258283615112}, {""label"": ""d"", ""probability"": 0.11917789280414581}, {""label"": ""g"", ""probability"": 0.06729549914598465}]",uppercase
C:/Code/airwrite-vocab-assistant/data/airwrite_identity_eval/../raw_airwrite/O/airwrite_O_20260804_153709_629407_551c1e.png,o,o,0.6930553913116455,"[{""label"": ""o"", ""probability"": 0.6930553913116455}, {""label"": ""d"", ""probability"": 0.09381132572889328}, {""label"": ""s"", ""probability"": 0.08693234622478485}]",uppercase
C:/Code/airwrite-vocab-assistant/data/airwrite_identity_eval/../raw_airwrite/O/airwrite_O_20260804_153711_981033_cf52e9.png,o,o,0.7579969167709351,"[{""label"": ""o"", ""probability"": 0.7579969167709351}, {""label"": ""d"", ""probability"": 0.05660809576511383}, {""label"": ""g"", ""probability"": 0.0444776751101017}]",uppercase
C:/Code/airwrite-vocab-assistant/data/airwrite_identity_eval/../raw_airwrite/O/airwrite_O_20260804_153714_549740_e9e5c7.png,o,d,0.6932365298271179,"[{""label"": ""d"", ""probability"": 0.6932365298271179}, {""label"": ""o"", ""probability"": 0.2760598659515381}, {""label"": ""b"", ""probability"": 0.00852048397064209}]",uppercase
C:/Code/airwrite-vocab-assistant/data/airwrite_identity_eval/../raw_airwrite/O/airwrite_O_20260804_153717_103780_b5e63c.png,o,d,0.5438534617424011,"[{""label"": ""d"", ""probability"": 0.5438534617424011}, {""label"": ""o"", ""probability"": 0.11269651353359222}, {""label"": ""j"", ""probability"": 0.07144923508167267}]",uppercase
C:/Code/airwrite-vocab-assistant/data/airwrite_identity_eval/../raw_airwrite/O/airwrite_O_20260804_153722_197128_f80d89.png,o,g,0.2853311002254486,"[{""label"": ""g"", ""probability"": 0.2853311002254486}, {""label"": ""o"", ""probability"": 0.23862473666667938}, {""label"": ""j"", ""probability"": 0.14996665716171265}]",uppercase
C:/Code/airwrite-vocab-assistant/data/airwrite_identity_eval/../raw_airwrite/O/airwrite_O_20260804_153727_295386_344c73.png,o,d,0.5640579462051392,"[{""label"": ""d"", ""probability"": 0.5640579462051392}, {""label"": ""j"", ""probability"": 0.2058054357767105}, {""label"": ""o"", ""probability"": 0.1572604924440384}]",uppercase
C:/Code/airwrite-vocab-assistant/data/airwrite_identity_eval/../raw_airwrite/O/airwrite_O_20260804_153727_572982_6df35c.png,o,d,0.5646161437034607,"[{""label"": ""d"", ""probability"": 0.5646161437034607}, {""label"": ""j"", ""probability"": 0.2079927623271942}, {""label"": ""o"", ""probability"": 0.15472133457660675}]",uppercase
C:/Code/airwrite-vocab-assistant/data/airwrite_identity_eval/../raw_airwrite/O/airwrite_O_20260804_153727_900484_64a6d2.png,o,d,0.5650023221969604,"[{""label"": ""d"", ""probability"": 0.5650023221969604}, {""label"": ""j"", ""probability"": 0.21450188755989075}, {""label"": ""o"", ""probability"": 0.14840292930603027}]",uppercase
C:/Code/airwrite-vocab-assistant/data/airwrite_identity_eval/../raw_airwrite/O/airwrite_O_20260804_153728_067051_6c3005.png,o,d,0.564468502998352,"[{""label"": ""d"", ""probability"": 0.564468502998352}, {""label"": ""j"", ""probability"": 0.2227664440870285}, {""label"": ""o"", ""probability"": 0.14132387936115265}]",uppercase
C:/Code/airwrite-vocab-assistant/data/airwrite_identity_eval/../raw_airwrite/O/airwrite_O_20260804_153728_231622_001ae1.png,o,d,0.5633859634399414,"[{""label"": ""d"", ""probability"": 0.5633859634399414}, {""label"": ""j"", ""probability"": 0.2336670309305191}, {""label"": ""o"", ""probability"": 0.13400818407535553}]",uppercase
C:/Code/airwrite-vocab-assistant/data/airwrite_identity_eval/../raw_airwrite/O/airwrite_O_20260804_153732_515418_d70edd.png,o,o,0.604932427406311,"[{""label"": ""o"", ""probability"": 0.604932427406311}, {""label"": ""d"", ""probability"": 0.3284599483013153}, {""label"": ""p"", ""probability"": 0.014976761303842068}]",uppercase
C:/Code/airwrite-vocab-assistant/data/airwrite_identity_eval/../raw_airwrite/O/airwrite_O_20260804_153732_681003_f31d15.png,o,o,0.6039479970932007,"[{""label"": ""o"", ""probability"": 0.6039479970932007}, {""label"": ""d"", ""probability"": 0.32986778020858765}, {""label"": ""p"", ""probability"": 0.014819088391959667}]",uppercase
C:/Code/airwrite-vocab-assistant/data/airwrite_identity_eval/../raw_airwrite/O/airwrite_O_20260804_153732_840261_f41691.png,o,o,0.6012898683547974,"[{""label"": ""o"", ""probability"": 0.6012898683547974}, {""label"": ""d"", ""probability"": 0.3332674503326416}, {""label"": ""p"", ""probability"": 0.014538269490003586}]",uppercase
C:/Code/airwrite-vocab-assistant/data/airwrite_identity_eval/../raw_airwrite/O/airwrite_O_20260804_153733_001356_64b740.png,o,o,0.597681999206543,"[{""label"": ""o"", ""probability"": 0.597681999206543}, {""label"": ""d"", ""probability"": 0.3374239206314087}, {""label"": ""p"", ""probability"": 0.01430418435484171}]",uppercase
C:/Code/airwrite-vocab-assistant/data/airwrite_identity_eval/../raw_airwrite/O/airwrite_O_20260804_153738_034376_3efc20.png,o,o,0.9201021194458008,"[{""label"": ""o"", ""probability"": 0.9201021194458008}, {""label"": ""d"", ""probability"": 0.07269615679979324}, {""label"": ""q"", ""probability"": 0.004655201453715563}]",uppercase
C:/Code/airwrite-vocab-assistant/data/airwrite_identity_eval/../raw_airwrite/O/airwrite_O_20260804_153738_189034_c9b0ab.png,o,o,0.9200942516326904,"[{""label"": ""o"", ""probability"": 0.9200942516326904}, {""label"": ""d"", ""probability"": 0.07273810356855392}, {""label"": ""q"", ""probability"": 0.00462503544986248}]",uppercase
C:/Code/airwrite-vocab-assistant/data/airwrite_identity_eval/../raw_airwrite/O/airwrite_O_20260804_153738_394646_22fb03.png,o,o,0.9216331243515015,"[{""label"": ""o"", ""probability"": 0.9216331243515015}, {""label"": ""d"", ""probability"": 0.07135450839996338}, {""label"": ""q"", ""probability"": 0.004532988183200359}]",uppercase
C:/Code/airwrite-vocab-assistant/data/airwrite_identity_eval/../raw_airwrite/O/airwrite_O_20260804_153738_495818_3f9e5e.png,o,o,0.9219851493835449,"[{""label"": ""o"", ""probability"": 0.9219851493835449}, {""label"": ""d"", ""probability"": 0.07109340280294418}, {""label"": ""q"", ""probability"": 0.004458679351955652}]",uppercase
C:/Code/airwrite-vocab-assistant/data/airwrite_identity_eval/../raw_airwrite/O/airwrite_O_20260804_153741_522856_9bf2bc.png,o,o,0.8549962043762207,"[{""label"": ""o"", ""probability"": 0.8549962043762207}, {""label"": ""d"", ""probability"": 0.1315763145685196}, {""label"": ""q"", ""probability"": 0.007723140995949507}]",uppercase
C:/Code/airwrite-vocab-assistant/data/airwrite_identity_eval/../raw_airwrite/O/airwrite_O_20260804_153744_078541_a4a9eb.png,o,d,0.8530929684638977,"[{""label"": ""d"", ""probability"": 0.8530929684638977}, {""label"": ""o"", ""probability"": 0.11503996700048447}, {""label"": ""j"", ""probability"": 0.012353446334600449}]",uppercase
C:/Code/airwrite-vocab-assistant/data/airwrite_identity_eval/../raw_airwrite/O/airwrite_O_20260804_153747_987919_a1ac6a.png,o,o,0.9893136620521545,"[{""label"": ""o"", ""probability"": 0.9893136620521545}, {""label"": ""d"", ""probability"": 0.008810077793896198}, {""label"": ""q"", ""probability"": 0.001215761760249734}]",uppercase
C:/Code/airwrite-vocab-assistant/data/airwrite_identity_eval/../raw_airwrite/O/airwrite_O_20260804_153750_377108_99ef93.png,o,o,0.6648503541946411,"[{""label"": ""o"", ""probability"": 0.6648503541946411}, {""label"": ""d"", ""probability"": 0.30072450637817383}, {""label"": ""q"", ""probability"": 0.019403979182243347}]",uppercase
C:/Code/airwrite-vocab-assistant/data/airwrite_identity_eval/../raw_airwrite/O/airwrite_O_20260804_153755_272193_22f181.png,o,a,0.502031147480011,"[{""label"": ""a"", ""probability"": 0.502031147480011}, {""label"": ""o"", ""probability"": 0.22571463882923126}, {""label"": ""c"", ""probability"": 0.09762638807296753}]",uppercase
C:/Code/airwrite-vocab-assistant/data/airwrite_identity_eval/../raw_airwrite/O/airwrite_O_20260804_153759_888613_f39ec9.png,o,o,0.5511041283607483,"[{""label"": ""o"", ""probability"": 0.5511041283607483}, {""label"": ""d"", ""probability"": 0.4327939450740814}, {""label"": ""q"", ""probability"": 0.0038776511792093515}]",uppercase
C:/Code/airwrite-vocab-assistant/data/airwrite_identity_eval/../raw_airwrite/O/airwrite_O_20260804_153811_350963_a752d6.png,o,d,0.6229798197746277,"[{""label"": ""d"", ""probability"": 0.6229798197746277}, {""label"": ""o"", ""probability"": 0.1792357861995697}, {""label"": ""g"", ""probability"": 0.09502578526735306}]",uppercase
C:/Code/airwrite-vocab-assistant/data/airwrite_identity_eval/../raw_airwrite/O/airwrite_O_20260804_153814_213133_74aadb.png,o,o,0.8144534826278687,"[{""label"": ""o"", ""probability"": 0.8144534826278687}, {""label"": ""d"", ""probability"": 0.1568533480167389}, {""label"": ""q"", ""probability"": 0.008067488670349121}]",uppercase
C:/Code/airwrite-vocab-assistant/data/airwrite_identity_eval/../raw_airwrite/O/airwrite_O_20260804_153818_455505_0ab152.png,o,o,0.4867059588432312,"[{""label"": ""o"", ""probability"": 0.4867059588432312}, {""label"": ""d"", ""probability"": 0.41512852907180786}, {""label"": ""q"", ""probability"": 0.04166323319077492}]",uppercase
C:/Code/airwrite-vocab-assistant/data/airwrite_identity_eval/../raw_airwrite/O/airwrite_O_20260804_153837_887755_420e31.png,o,o,0.9800053834915161,"[{""label"": ""o"", ""probability"": 0.9800053834915161}, {""label"": ""q"", ""probability"": 0.00927971675992012}, {""label"": ""d"", ""probability"": 0.004427047912031412}]",uppercase
C:/Code/airwrite-vocab-assistant/data/airwrite_identity_eval/../raw_airwrite/O/airwrite_O_20260804_153840_183447_a71c4a.png,o,o,0.6078998446464539,"[{""label"": ""o"", ""probability"": 0.6078998446464539}, {""label"": ""d"", ""probability"": 0.3340813219547272}, {""label"": ""q"", ""probability"": 0.026517443358898163}]",uppercase
C:/Code/airwrite-vocab-assistant/data/airwrite_identity_eval/../raw_airwrite/O/airwrite_O_20260804_153846_030886_46724c.png,o,o,0.7778927683830261,"[{""label"": ""o"", ""probability"": 0.7778927683830261}, {""label"": ""b"", ""probability"": 0.10256867855787277}, {""label"": ""g"", ""probability"": 0.040738172829151154}]",uppercase
C:/Code/airwrite-vocab-assistant/data/airwrite_identity_eval/../raw_airwrite/O/airwrite_O_20260804_153851_757506_64b783.png,o,o,0.8693968653678894,"[{""label"": ""o"", ""probability"": 0.8693968653678894}, {""label"": ""d"", ""probability"": 0.1288290023803711}, {""label"": ""b"", ""probability"": 0.0004436403978615999}]",uppercase
C:/Code/airwrite-vocab-assistant/data/airwrite_identity_eval/../raw_airwrite/O/airwrite_O_20260804_154002_889984_768293.png,o,d,0.7338155508041382,"[{""label"": ""d"", ""probability"": 0.7338155508041382}, {""label"": ""o"", ""probability"": 0.19918861985206604}, {""label"": ""q"", ""probability"": 0.02490156516432762}]",uppercase
C:/Code/airwrite-vocab-assistant/data/airwrite_identity_eval/../raw_airwrite/O/airwrite_O_20260804_154005_660833_738c16.png,o,o,0.7876279354095459,"[{""label"": ""o"", ""probability"": 0.7876279354095459}, {""label"": ""d"", ""probability"": 0.1873239129781723}, {""label"": ""q"", ""probability"": 0.008313014172017574}]",uppercase
C:/Code/airwrite-vocab-assistant/data/airwrite_identity_eval/../raw_airwrite/O/airwrite_O_20260804_154008_250668_7c39f4.png,o,o,0.6528637409210205,"[{""label"": ""o"", ""probability"": 0.6528637409210205}, {""label"": ""d"", ""probability"": 0.29240497946739197}, {""label"": ""q"", ""probability"": 0.009103852324187756}]",uppercase
C:/Code/airwrite-vocab-assistant/data/airwrite_identity_eval/../raw_airwrite/O/airwrite_O_20260804_154012_046725_6e340f.png,o,d,0.41717129945755005,"[{""label"": ""d"", ""probability"": 0.41717129945755005}, {""label"": ""o"", ""probability"": 0.21796727180480957}, {""label"": ""q"", ""probability"": 0.11256526410579681}]",uppercase
C:/Code/airwrite-vocab-assistant/data/airwrite_identity_eval/../raw_airwrite/O/airwrite_O_20260804_154015_093048_bc79ce.png,o,o,0.7261140942573547,"[{""label"": ""o"", ""probability"": 0.7261140942573547}, {""label"": ""q"", ""probability"": 0.12393113970756531}, {""label"": ""d"", ""probability"": 0.07115938514471054}]",uppercase
C:/Code/airwrite-vocab-assistant/data/airwrite_identity_eval/../raw_airwrite/O/airwrite_O_20260804_154017_903988_3f8251.png,o,d,0.38600242137908936,"[{""label"": ""d"", ""probability"": 0.38600242137908936}, {""label"": ""o"", ""probability"": 0.29153329133987427}, {""label"": ""j"", ""probability"": 0.11937552690505981}]",uppercase
C:/Code/airwrite-vocab-assistant/data/airwrite_identity_eval/../raw_airwrite/O/airwrite_O_20260804_154034_418769_380787.png,o,o,0.9718970656394958,"[{""label"": ""o"", ""probability"": 0.9718970656394958}, {""label"": ""d"", ""probability"": 0.02112099528312683}, {""label"": ""b"", ""probability"": 0.00252699526026845}]",uppercase
C:/Code/airwrite-vocab-assistant/data/airwrite_identity_eval/../raw_airwrite/O/airwrite_O_20260804_154040_076679_d7dbd4.png,o,o,0.8816702365875244,"[{""label"": ""o"", ""probability"": 0.8816702365875244}, {""label"": ""d"", ""probability"": 0.08442505449056625}, {""label"": ""a"", ""probability"": 0.00564119266346097}]",uppercase
C:/Code/airwrite-vocab-assistant/data/airwrite_identity_eval/../raw_airwrite/O/airwrite_O_20260804_154050_010542_0db174.png,o,o,0.89496248960495,"[{""label"": ""o"", ""probability"": 0.89496248960495}, {""label"": ""d"", ""probability"": 0.09492043405771255}, {""label"": ""q"", ""probability"": 0.005259236786514521}]",uppercase
C:/Code/airwrite-vocab-assistant/data/airwrite_identity_eval/../raw_airwrite/O/airwrite_O_20260804_154100_455124_7309c3.png,o,o,0.9208220839500427,"[{""label"": ""o"", ""probability"": 0.9208220839500427}, {""label"": ""c"", ""probability"": 0.04337400570511818}, {""label"": ""d"", ""probability"": 0.009326369501650333}]",uppercase
C:/Code/airwrite-vocab-assistant/data/airwrite_identity_eval/../raw_airwrite/O/airwrite_O_20260804_154104_282250_223b6e.png,o,o,0.6951552629470825,"[{""label"": ""o"", ""probability"": 0.6951552629470825}, {""label"": ""d"", ""probability"": 0.27655458450317383}, {""label"": ""q"", ""probability"": 0.00732000358402729}]",uppercase
C:/Code/airwrite-vocab-assistant/data/airwrite_identity_eval/../raw_airwrite/O/airwrite_O_20260804_154108_830215_723434.png,o,o,0.9165505766868591,"[{""label"": ""o"", ""probability"": 0.9165505766868591}, {""label"": ""d"", ""probability"": 0.03965533524751663}, {""label"": ""q"", ""probability"": 0.025327377021312714}]",uppercase
C:/Code/airwrite-vocab-assistant/data/airwrite_identity_eval/../raw_airwrite/O/airwrite_O_20260804_154111_869623_10b3ab.png,o,o,0.7753583788871765,"[{""label"": ""o"", ""probability"": 0.7753583788871765}, {""label"": ""d"", ""probability"": 0.1764804869890213}, {""label"": ""q"", ""probability"": 0.01128444168716669}]",uppercase
C:/Code/airwrite-vocab-assistant/data/airwrite_identity_eval/../raw_airwrite/O/airwrite_O_20260804_154114_311371_55faa2.png,o,o,0.9279587864875793,"[{""label"": ""o"", ""probability"": 0.9279587864875793}, {""label"": ""d"", ""probability"": 0.04891190305352211}, {""label"": ""c"", ""probability"": 0.006459610536694527}]",uppercase
C:/Code/airwrite-vocab-assistant/data/airwrite_identity_eval/../raw_airwrite/O/airwrite_O_20260804_154116_919596_dfdf37.png,o,o,0.5584694743156433,"[{""label"": ""o"", ""probability"": 0.5584694743156433}, {""label"": ""d"", ""probability"": 0.27514001727104187}, {""label"": ""q"", ""probability"": 0.11014865338802338}]",uppercase
C:/Code/airwrite-vocab-assistant/data/airwrite_identity_eval/../raw_airwrite/O/airwrite_O_20260804_154119_856949_4151aa.png,o,o,0.954054057598114,"[{""label"": ""o"", ""probability"": 0.954054057598114}, {""label"": ""d"", ""probability"": 0.035016510635614395}, {""label"": ""q"", ""probability"": 0.006609452422708273}]",uppercase
C:/Code/airwrite-vocab-assistant/data/airwrite_identity_eval/../raw_airwrite/O/airwrite_O_20260804_154122_745272_6601d0.png,o,o,0.8863423466682434,"[{""label"": ""o"", ""probability"": 0.8863423466682434}, {""label"": ""q"", ""probability"": 0.0633070170879364}, {""label"": ""d"", ""probability"": 0.021059636026620865}]",uppercase
C:/Code/airwrite-vocab-assistant/data/airwrite_identity_eval/../raw_airwrite/O/airwrite_O_20260804_154125_927468_0333eb.png,o,o,0.9443358182907104,"[{""label"": ""o"", ""probability"": 0.9443358182907104}, {""label"": ""d"", ""probability"": 0.04661618545651436}, {""label"": ""q"", ""probability"": 0.004534320440143347}]",uppercase
C:/Code/airwrite-vocab-assistant/data/airwrite_identity_eval/../raw_airwrite/O/airwrite_O_20260804_154128_866707_c966e4.png,o,o,0.9830226302146912,"[{""label"": ""o"", ""probability"": 0.9830226302146912}, {""label"": ""d"", ""probability"": 0.009025244042277336}, {""label"": ""c"", ""probability"": 0.002820732071995735}]",uppercase
C:/Code/airwrite-vocab-assistant/data/airwrite_identity_eval/../raw_airwrite/O/airwrite_O_20260804_154131_830146_1599e9.png,o,o,0.8890702128410339,"[{""label"": ""o"", ""probability"": 0.8890702128410339}, {""label"": ""s"", ""probability"": 0.027080556377768517}, {""label"": ""d"", ""probability"": 0.019673330709338188}]",uppercase
C:/Code/airwrite-vocab-assistant/data/airwrite_identity_eval/../raw_airwrite/O/airwrite_O_20260804_154135_707773_558574.png,o,d,0.4922626316547394,"[{""label"": ""d"", ""probability"": 0.4922626316547394}, {""label"": ""o"", ""probability"": 0.42776113748550415}, {""label"": ""p"", ""probability"": 0.01536465622484684}]",uppercase
C:/Code/airwrite-vocab-assistant/data/airwrite_identity_eval/../raw_airwrite/P/airwrite_P_20260804_154420_906897_73e4b1.png,p,p,0.663241982460022,"[{""label"": ""p"", ""probability"": 0.663241982460022}, {""label"": ""f"", ""probability"": 0.27670854330062866}, {""label"": ""q"", ""probability"": 0.022545848041772842}]",uppercase
C:/Code/airwrite-vocab-assistant/data/airwrite_identity_eval/../raw_airwrite/P/airwrite_P_20260804_154428_900138_e7b443.png,p,p,0.7134703397750854,"[{""label"": ""p"", ""probability"": 0.7134703397750854}, {""label"": ""q"", ""probability"": 0.1623203605413437}, {""label"": ""g"", ""probability"": 0.06096934899687767}]",uppercase
C:/Code/airwrite-vocab-assistant/data/airwrite_identity_eval/../raw_airwrite/P/airwrite_P_20260804_154432_229882_6616d1.png,p,p,0.7892424464225769,"[{""label"": ""p"", ""probability"": 0.7892424464225769}, {""label"": ""f"", ""probability"": 0.1386185735464096}, {""label"": ""q"", ""probability"": 0.012762239202857018}]",uppercase
C:/Code/airwrite-vocab-assistant/data/airwrite_identity_eval/../raw_airwrite/P/airwrite_P_20260804_154434_719714_abd458.png,p,p,0.5629297494888306,"[{""label"": ""p"", ""probability"": 0.5629297494888306}, {""label"": ""f"", ""probability"": 0.37332412600517273}, {""label"": ""q"", ""probability"": 0.01587122678756714}]",uppercase
C:/Code/airwrite-vocab-assistant/data/airwrite_identity_eval/../raw_airwrite/P/airwrite_P_20260804_154438_415603_b9576f.png,p,p,0.5474316477775574,"[{""label"": ""p"", ""probability"": 0.5474316477775574}, {""label"": ""q"", ""probability"": 0.15327639877796173}, {""label"": ""f"", ""probability"": 0.10615111142396927}]",uppercase
C:/Code/airwrite-vocab-assistant/data/airwrite_identity_eval/../raw_airwrite/P/airwrite_P_20260804_154513_577080_95160a.png,p,p,0.7969083786010742,"[{""label"": ""p"", ""probability"": 0.7969083786010742}, {""label"": ""f"", ""probability"": 0.1379031240940094}, {""label"": ""q"", ""probability"": 0.018161319196224213}]",uppercase
C:/Code/airwrite-vocab-assistant/data/airwrite_identity_eval/../raw_airwrite/P/airwrite_P_20260804_154516_226978_93903e.png,p,f,0.6232576370239258,"[{""label"": ""f"", ""probability"": 0.6232576370239258}, {""label"": ""p"", ""probability"": 0.10647482424974442}, {""label"": ""i"", ""probability"": 0.05913488566875458}]",uppercase
C:/Code/airwrite-vocab-assistant/data/airwrite_identity_eval/../raw_airwrite/P/airwrite_P_20260804_154519_364611_642eaf.png,p,q,0.4202430546283722,"[{""label"": ""q"", ""probability"": 0.4202430546283722}, {""label"": ""p"", ""probability"": 0.3182249665260315}, {""label"": ""f"", ""probability"": 0.15292803943157196}]",uppercase
C:/Code/airwrite-vocab-assistant/data/airwrite_identity_eval/../raw_airwrite/P/airwrite_P_20260804_154523_237821_559b51.png,p,p,0.925115704536438,"[{""label"": ""p"", ""probability"": 0.925115704536438}, {""label"": ""q"", ""probability"": 0.03444845229387283}, {""label"": ""f"", ""probability"": 0.028431087732315063}]",uppercase
C:/Code/airwrite-vocab-assistant/data/airwrite_identity_eval/../raw_airwrite/P/airwrite_P_20260804_154526_878210_43459e.png,p,p,0.785420835018158,"[{""label"": ""p"", ""probability"": 0.785420835018158}, {""label"": ""f"", ""probability"": 0.12129485607147217}, {""label"": ""q"", ""probability"": 0.06324561685323715}]",uppercase
C:/Code/airwrite-vocab-assistant/data/airwrite_identity_eval/../raw_airwrite/P/airwrite_P_20260804_154531_401076_d43f71.png,p,f,0.717495322227478,"[{""label"": ""f"", ""probability"": 0.717495322227478}, {""label"": ""p"", ""probability"": 0.1801755279302597}, {""label"": ""t"", ""probability"": 0.05533120036125183}]",uppercase
C:/Code/airwrite-vocab-assistant/data/airwrite_identity_eval/../raw_airwrite/P/airwrite_P_20260804_154534_663130_973dc9.png,p,f,0.356026291847229,"[{""label"": ""f"", ""probability"": 0.356026291847229}, {""label"": ""i"", ""probability"": 0.2161417007446289}, {""label"": ""t"", ""probability"": 0.17793554067611694}]",uppercase
C:/Code/airwrite-vocab-assistant/data/airwrite_identity_eval/../raw_airwrite/P/airwrite_P_20260804_154538_406968_5e133c.png,p,p,0.732379138469696,"[{""label"": ""p"", ""probability"": 0.732379138469696}, {""label"": ""f"", ""probability"": 0.15403376519680023}, {""label"": ""q"", ""probability"": 0.05373018607497215}]",uppercase
C:/Code/airwrite-vocab-assistant/data/airwrite_identity_eval/../raw_airwrite/P/airwrite_P_20260804_154545_284002_589df2.png,p,p,0.6399574279785156,"[{""label"": ""p"", ""probability"": 0.6399574279785156}, {""label"": ""f"", ""probability"": 0.1255452185869217}, {""label"": ""q"", ""probability"": 0.11201852560043335}]",uppercase
C:/Code/airwrite-vocab-assistant/data/airwrite_identity_eval/../raw_airwrite/P/airwrite_P_20260804_154553_402229_b72dfc.png,p,p,0.7093589901924133,"[{""label"": ""p"", ""probability"": 0.7093589901924133}, {""label"": ""f"", ""probability"": 0.24514470994472504}, {""label"": ""q"", ""probability"": 0.015980815514922142}]",uppercase
C:/Code/airwrite-vocab-assistant/data/airwrite_identity_eval/../raw_airwrite/P/airwrite_P_20260804_154556_192105_bf3286.png,p,p,0.9215952754020691,"[{""label"": ""p"", ""probability"": 0.9215952754020691}, {""label"": ""f"", ""probability"": 0.055045004934072495}, {""label"": ""q"", ""probability"": 0.009071345441043377}]",uppercase
C:/Code/airwrite-vocab-assistant/data/airwrite_identity_eval/../raw_airwrite/P/airwrite_P_20260804_154559_463064_3542fa.png,p,p,0.9726162552833557,"[{""label"": ""p"", ""probability"": 0.9726162552833557}, {""label"": ""f"", ""probability"": 0.017822308465838432}, {""label"": ""r"", ""probability"": 0.003610457293689251}]",uppercase
C:/Code/airwrite-vocab-assistant/data/airwrite_identity_eval/../raw_airwrite/P/airwrite_P_20260804_154602_630480_668bbb.png,p,p,0.8497671484947205,"[{""label"": ""p"", ""probability"": 0.8497671484947205}, {""label"": ""f"", ""probability"": 0.12346827983856201}, {""label"": ""q"", ""probability"": 0.014075739309191704}]",uppercase
C:/Code/airwrite-vocab-assistant/data/airwrite_identity_eval/../raw_airwrite/P/airwrite_P_20260804_154605_553847_e858fa.png,p,p,0.5098995566368103,"[{""label"": ""p"", ""probability"": 0.5098995566368103}, {""label"": ""f"", ""probability"": 0.38364723324775696}, {""label"": ""q"", ""probability"": 0.032670360058546066}]",uppercase
C:/Code/airwrite-vocab-assistant/data/airwrite_identity_eval/../raw_airwrite/P/airwrite_P_20260804_154610_546952_a7137a.png,p,p,0.41029807925224304,"[{""label"": ""p"", ""probability"": 0.41029807925224304}, {""label"": ""f"", ""probability"": 0.3729340136051178}, {""label"": ""s"", ""probability"": 0.06685179471969604}]",uppercase
C:/Code/airwrite-vocab-assistant/data/airwrite_identity_eval/../raw_airwrite/P/airwrite_P_20260804_154619_535550_c39759.png,p,p,0.9587241411209106,"[{""label"": ""p"", ""probability"": 0.9587241411209106}, {""label"": ""r"", ""probability"": 0.01762104220688343}, {""label"": ""f"", ""probability"": 0.010856088250875473}]",uppercase
C:/Code/airwrite-vocab-assistant/data/airwrite_identity_eval/../raw_airwrite/P/airwrite_P_20260804_154631_603643_c80b08.png,p,p,0.9917176961898804,"[{""label"": ""p"", ""probability"": 0.9917176961898804}, {""label"": ""f"", ""probability"": 0.0063436999917030334}, {""label"": ""r"", ""probability"": 0.0005642416072078049}]",uppercase
C:/Code/airwrite-vocab-assistant/data/airwrite_identity_eval/../raw_airwrite/P/airwrite_P_20260804_154645_125651_7a2805.png,p,p,0.8231021165847778,"[{""label"": ""p"", ""probability"": 0.8231021165847778}, {""label"": ""f"", ""probability"": 0.13773785531520844}, {""label"": ""q"", ""probability"": 0.01156262680888176}]",uppercase
C:/Code/airwrite-vocab-assistant/data/airwrite_identity_eval/../raw_airwrite/P/airwrite_P_20260804_154650_276937_b7a7b7.png,p,p,0.8980548977851868,"[{""label"": ""p"", ""probability"": 0.8980548977851868}, {""label"": ""f"", ""probability"": 0.0865149199962616}, {""label"": ""r"", ""probability"": 0.0070399753749370575}]",uppercase
C:/Code/airwrite-vocab-assistant/data/airwrite_identity_eval/../raw_airwrite/P/airwrite_P_20260804_154653_169246_fe561f.png,p,f,0.4638262689113617,"[{""label"": ""f"", ""probability"": 0.4638262689113617}, {""label"": ""p"", ""probability"": 0.30078110098838806}, {""label"": ""t"", ""probability"": 0.12877468764781952}]",uppercase
C:/Code/airwrite-vocab-assistant/data/airwrite_identity_eval/../raw_airwrite/P/airwrite_P_20260804_154656_837920_ca1564.png,p,p,0.9510687589645386,"[{""label"": ""p"", ""probability"": 0.9510687589645386}, {""label"": ""f"", ""probability"": 0.028917863965034485}, {""label"": ""r"", ""probability"": 0.008417543955147266}]",uppercase
C:/Code/airwrite-vocab-assistant/data/airwrite_identity_eval/../raw_airwrite/P/airwrite_P_20260804_154659_830774_0e1682.png,p,f,0.4684866666793823,"[{""label"": ""f"", ""probability"": 0.4684866666793823}, {""label"": ""p"", ""probability"": 0.41476401686668396}, {""label"": ""t"", ""probability"": 0.031564343720674515}]",uppercase
C:/Code/airwrite-vocab-assistant/data/airwrite_identity_eval/../raw_airwrite/P/airwrite_P_20260804_154703_442522_6d082e.png,p,p,0.9507347941398621,"[{""label"": ""p"", ""probability"": 0.9507347941398621}, {""label"": ""f"", ""probability"": 0.03504735231399536}, {""label"": ""q"", ""probability"": 0.004726868588477373}]",uppercase
C:/Code/airwrite-vocab-assistant/data/airwrite_identity_eval/../raw_airwrite/P/airwrite_P_20260804_154718_263301_3c4ec2.png,p,p,0.9764560461044312,"[{""label"": ""p"", ""probability"": 0.9764560461044312}, {""label"": ""f"", ""probability"": 0.020923694595694542}, {""label"": ""q"", ""probability"": 0.001165106426924467}]",uppercase
C:/Code/airwrite-vocab-assistant/data/airwrite_identity_eval/../raw_airwrite/P/airwrite_P_20260804_154758_768766_675789.png,p,p,0.914710521697998,"[{""label"": ""p"", ""probability"": 0.914710521697998}, {""label"": ""f"", ""probability"": 0.07982649654150009}, {""label"": ""r"", ""probability"": 0.001786405104212463}]",uppercase
C:/Code/airwrite-vocab-assistant/data/airwrite_identity_eval/../raw_airwrite/P/airwrite_P_20260804_154814_134661_e83be2.png,p,p,0.9577032327651978,"[{""label"": ""p"", ""probability"": 0.9577032327651978}, {""label"": ""f"", ""probability"": 0.028856772929430008}, {""label"": ""q"", ""probability"": 0.0037699469830840826}]",uppercase
C:/Code/airwrite-vocab-assistant/data/airwrite_identity_eval/../raw_airwrite/P/airwrite_P_20260804_154817_574686_43bc3b.png,p,p,0.9454638361930847,"[{""label"": ""p"", ""probability"": 0.9454638361930847}, {""label"": ""f"", ""probability"": 0.02689131163060665}, {""label"": ""q"", ""probability"": 0.00827511865645647}]",uppercase
C:/Code/airwrite-vocab-assistant/data/airwrite_identity_eval/../raw_airwrite/P/airwrite_P_20260804_154821_555554_7611ec.png,p,p,0.6375557780265808,"[{""label"": ""p"", ""probability"": 0.6375557780265808}, {""label"": ""f"", ""probability"": 0.21506191790103912}, {""label"": ""t"", ""probability"": 0.07197663187980652}]",uppercase
C:/Code/airwrite-vocab-assistant/data/airwrite_identity_eval/../raw_airwrite/P/airwrite_P_20260804_154854_559363_01de70.png,p,f,0.5699375867843628,"[{""label"": ""f"", ""probability"": 0.5699375867843628}, {""label"": ""p"", ""probability"": 0.2877448499202728}, {""label"": ""z"", ""probability"": 0.0352025106549263}]",uppercase
C:/Code/airwrite-vocab-assistant/data/airwrite_identity_eval/../raw_airwrite/P/airwrite_P_20260804_154858_414420_22cc38.png,p,p,0.9693536162376404,"[{""label"": ""p"", ""probability"": 0.9693536162376404}, {""label"": ""f"", ""probability"": 0.015170102939009666}, {""label"": ""r"", ""probability"": 0.004236191511154175}]",uppercase
C:/Code/airwrite-vocab-assistant/data/airwrite_identity_eval/../raw_airwrite/P/airwrite_P_20260804_154907_868898_5e0b03.png,p,p,0.9970895648002625,"[{""label"": ""p"", ""probability"": 0.9970895648002625}, {""label"": ""r"", ""probability"": 0.0010403752094134688}, {""label"": ""f"", ""probability"": 0.0007851291447877884}]",uppercase
C:/Code/airwrite-vocab-assistant/data/airwrite_identity_eval/../raw_airwrite/P/airwrite_P_20260804_154920_343202_5f91dd.png,p,p,0.9958720803260803,"[{""label"": ""p"", ""probability"": 0.9958720803260803}, {""label"": ""r"", ""probability"": 0.00148287252523005}, {""label"": ""f"", ""probability"": 0.0011930257314816117}]",uppercase
C:/Code/airwrite-vocab-assistant/data/airwrite_identity_eval/../raw_airwrite/P/airwrite_P_20260804_155001_126338_3c8f2b.png,p,p,0.9628928303718567,"[{""label"": ""p"", ""probability"": 0.9628928303718567}, {""label"": ""f"", ""probability"": 0.02747410722076893}, {""label"": ""r"", ""probability"": 0.004481425508856773}]",uppercase
C:/Code/airwrite-vocab-assistant/data/airwrite_identity_eval/../raw_airwrite/P/airwrite_P_20260804_155004_377045_98a317.png,p,p,0.9680781364440918,"[{""label"": ""p"", ""probability"": 0.9680781364440918}, {""label"": ""f"", ""probability"": 0.008592435158789158}, {""label"": ""d"", ""probability"": 0.0070305196568369865}]",uppercase
C:/Code/airwrite-vocab-assistant/data/airwrite_identity_eval/../raw_airwrite/P/airwrite_P_20260804_155007_413487_342d3c.png,p,p,0.8895197510719299,"[{""label"": ""p"", ""probability"": 0.8895197510719299}, {""label"": ""f"", ""probability"": 0.08271413296461105}, {""label"": ""r"", ""probability"": 0.012380411848425865}]",uppercase
C:/Code/airwrite-vocab-assistant/data/airwrite_identity_eval/../raw_airwrite/P/airwrite_P_20260804_155012_331079_84f540.png,p,p,0.4871170222759247,"[{""label"": ""p"", ""probability"": 0.4871170222759247}, {""label"": ""f"", ""probability"": 0.3885059654712677}, {""label"": ""g"", ""probability"": 0.019308142364025116}]",uppercase
C:/Code/airwrite-vocab-assistant/data/airwrite_identity_eval/../raw_airwrite/P/airwrite_P_20260804_155015_262224_de0054.png,p,p,0.4855576157569885,"[{""label"": ""p"", ""probability"": 0.4855576157569885}, {""label"": ""f"", ""probability"": 0.41666051745414734}, {""label"": ""g"", ""probability"": 0.01793118193745613}]",uppercase
C:/Code/airwrite-vocab-assistant/data/airwrite_identity_eval/../raw_airwrite/P/airwrite_P_20260804_155018_702783_4aee8c.png,p,f,0.6507700085639954,"[{""label"": ""f"", ""probability"": 0.6507700085639954}, {""label"": ""p"", ""probability"": 0.3350268304347992}, {""label"": ""r"", ""probability"": 0.006054347846657038}]",uppercase
C:/Code/airwrite-vocab-assistant/data/airwrite_identity_eval/../raw_airwrite/P/airwrite_P_20260804_155035_412379_3e7b07.png,p,p,0.7147109508514404,"[{""label"": ""p"", ""probability"": 0.7147109508514404}, {""label"": ""f"", ""probability"": 0.20985376834869385}, {""label"": ""t"", ""probability"": 0.034110043197870255}]",uppercase
C:/Code/airwrite-vocab-assistant/data/airwrite_identity_eval/../raw_airwrite/P/airwrite_P_20260804_155045_969317_1e6a17.png,p,p,0.9023531675338745,"[{""label"": ""p"", ""probability"": 0.9023531675338745}, {""label"": ""f"", ""probability"": 0.09426406025886536}, {""label"": ""r"", ""probability"": 0.0013383777113631368}]",uppercase
C:/Code/airwrite-vocab-assistant/data/airwrite_identity_eval/../raw_airwrite/P/airwrite_P_20260804_155046_533047_7fb2e1.png,p,p,0.9064043164253235,"[{""label"": ""p"", ""probability"": 0.9064043164253235}, {""label"": ""f"", ""probability"": 0.08954937011003494}, {""label"": ""r"", ""probability"": 0.001527550513856113}]",uppercase
C:/Code/airwrite-vocab-assistant/data/airwrite_identity_eval/../raw_airwrite/P/airwrite_P_20260804_155118_664102_520c3c.png,p,p,0.9495247006416321,"[{""label"": ""p"", ""probability"": 0.9495247006416321}, {""label"": ""f"", ""probability"": 0.04061228781938553}, {""label"": ""r"", ""probability"": 0.003721063258126378}]",uppercase
C:/Code/airwrite-vocab-assistant/data/airwrite_identity_eval/../raw_airwrite/P/airwrite_P_20260804_155229_109326_6ca44a.png,p,p,0.6508869528770447,"[{""label"": ""p"", ""probability"": 0.6508869528770447}, {""label"": ""f"", ""probability"": 0.26940274238586426}, {""label"": ""r"", ""probability"": 0.022836776450276375}]",uppercase
C:/Code/airwrite-vocab-assistant/data/airwrite_identity_eval/../raw_airwrite/P/airwrite_P_20260804_155232_607778_d66fb2.png,p,p,0.9893408417701721,"[{""label"": ""p"", ""probability"": 0.9893408417701721}, {""label"": ""f"", ""probability"": 0.007022883743047714}, {""label"": ""r"", ""probability"": 0.0013843736378476024}]",uppercase
C:/Code/airwrite-vocab-assistant/data/airwrite_identity_eval/../raw_airwrite/P/airwrite_P_20260804_155237_773303_da804f.png,p,f,0.596952497959137,"[{""label"": ""f"", ""probability"": 0.596952497959137}, {""label"": ""p"", ""probability"": 0.24150286614894867}, {""label"": ""i"", ""probability"": 0.03039233572781086}]",uppercase
C:/Code/airwrite-vocab-assistant/data/airwrite_identity_eval/../raw_airwrite/Q/airwrite_Q_20260804_155341_398918_09832d.png,q,q,0.9892274141311646,"[{""label"": ""q"", ""probability"": 0.9892274141311646}, {""label"": ""g"", ""probability"": 0.00692714611068368}, {""label"": ""a"", ""probability"": 0.0016809158260002732}]",uppercase
C:/Code/airwrite-vocab-assistant/data/airwrite_identity_eval/../raw_airwrite/Q/airwrite_Q_20260804_155359_281483_7e1e8b.png,q,g,0.2930396795272827,"[{""label"": ""g"", ""probability"": 0.2930396795272827}, {""label"": ""a"", ""probability"": 0.17792928218841553}, {""label"": ""o"", ""probability"": 0.1471741944551468}]",uppercase
C:/Code/airwrite-vocab-assistant/data/airwrite_identity_eval/../raw_airwrite/Q/airwrite_Q_20260804_155410_533262_3ff310.png,q,q,0.600962221622467,"[{""label"": ""q"", ""probability"": 0.600962221622467}, {""label"": ""a"", ""probability"": 0.2768021821975708}, {""label"": ""g"", ""probability"": 0.04755903407931328}]",uppercase
C:/Code/airwrite-vocab-assistant/data/airwrite_identity_eval/../raw_airwrite/Q/airwrite_Q_20260804_155449_750303_51c79e.png,q,q,0.6012726426124573,"[{""label"": ""q"", ""probability"": 0.6012726426124573}, {""label"": ""a"", ""probability"": 0.21917346119880676}, {""label"": ""o"", ""probability"": 0.09598743915557861}]",uppercase
C:/Code/airwrite-vocab-assistant/data/airwrite_identity_eval/../raw_airwrite/Q/airwrite_Q_20260804_155528_236504_f26641.png,q,c,0.3164818286895752,"[{""label"": ""c"", ""probability"": 0.3164818286895752}, {""label"": ""a"", ""probability"": 0.2843869924545288}, {""label"": ""o"", ""probability"": 0.1191193088889122}]",uppercase
C:/Code/airwrite-vocab-assistant/data/airwrite_identity_eval/../raw_airwrite/Q/airwrite_Q_20260804_155536_979831_6c34b6.png,q,a,0.2330731302499771,"[{""label"": ""a"", ""probability"": 0.2330731302499771}, {""label"": ""g"", ""probability"": 0.22353270649909973}, {""label"": ""o"", ""probability"": 0.07341451942920685}]",uppercase
C:/Code/airwrite-vocab-assistant/data/airwrite_identity_eval/../raw_airwrite/Q/airwrite_Q_20260804_155544_944601_ab60d4.png,q,q,0.9896476864814758,"[{""label"": ""q"", ""probability"": 0.9896476864814758}, {""label"": ""b"", ""probability"": 0.006868163123726845}, {""label"": ""g"", ""probability"": 0.0008912066696211696}]",uppercase
C:/Code/airwrite-vocab-assistant/data/airwrite_identity_eval/../raw_airwrite/Q/airwrite_Q_20260804_155549_361163_daaeff.png,q,q,0.5982467532157898,"[{""label"": ""q"", ""probability"": 0.5982467532157898}, {""label"": ""g"", ""probability"": 0.10326319932937622}, {""label"": ""z"", ""probability"": 0.09266568720340729}]",uppercase
C:/Code/airwrite-vocab-assistant/data/airwrite_identity_eval/../raw_airwrite/Q/airwrite_Q_20260804_155554_704897_08d654.png,q,q,0.8913773894309998,"[{""label"": ""q"", ""probability"": 0.8913773894309998}, {""label"": ""g"", ""probability"": 0.0629003494977951}, {""label"": ""a"", ""probability"": 0.019533084705471992}]",uppercase
C:/Code/airwrite-vocab-assistant/data/airwrite_identity_eval/../raw_airwrite/Q/airwrite_Q_20260804_155615_938410_f7a128.png,q,c,0.6972902417182922,"[{""label"": ""c"", ""probability"": 0.6972902417182922}, {""label"": ""a"", ""probability"": 0.18742117285728455}, {""label"": ""g"", ""probability"": 0.045365624129772186}]",uppercase
C:/Code/airwrite-vocab-assistant/data/airwrite_identity_eval/../raw_airwrite/Q/airwrite_Q_20260804_155621_393978_0983c8.png,q,q,0.8619562387466431,"[{""label"": ""q"", ""probability"": 0.8619562387466431}, {""label"": ""g"", ""probability"": 0.03413034975528717}, {""label"": ""p"", ""probability"": 0.0274821724742651}]",uppercase
C:/Code/airwrite-vocab-assistant/data/airwrite_identity_eval/../raw_airwrite/Q/airwrite_Q_20260804_155628_531093_b8e599.png,q,a,0.5557339787483215,"[{""label"": ""a"", ""probability"": 0.5557339787483215}, {""label"": ""g"", ""probability"": 0.1788468062877655}, {""label"": ""q"", ""probability"": 0.08027738332748413}]",uppercase
C:/Code/airwrite-vocab-assistant/data/airwrite_identity_eval/../raw_airwrite/Q/airwrite_Q_20260804_155632_159909_fc7f6f.png,q,q,0.5872370600700378,"[{""label"": ""q"", ""probability"": 0.5872370600700378}, {""label"": ""a"", ""probability"": 0.14793498814105988}, {""label"": ""g"", ""probability"": 0.13261078298091888}]",uppercase
C:/Code/airwrite-vocab-assistant/data/airwrite_identity_eval/../raw_airwrite/Q/airwrite_Q_20260804_155638_061254_13e314.png,q,q,0.9829298257827759,"[{""label"": ""q"", ""probability"": 0.9829298257827759}, {""label"": ""a"", ""probability"": 0.008657926693558693}, {""label"": ""g"", ""probability"": 0.006028477568179369}]",uppercase
C:/Code/airwrite-vocab-assistant/data/airwrite_identity_eval/../raw_airwrite/Q/airwrite_Q_20260804_155643_471426_8290f4.png,q,a,0.6428044438362122,"[{""label"": ""a"", ""probability"": 0.6428044438362122}, {""label"": ""q"", ""probability"": 0.19806700944900513}, {""label"": ""g"", ""probability"": 0.08553216606378555}]",uppercase
C:/Code/airwrite-vocab-assistant/data/airwrite_identity_eval/../raw_airwrite/Q/airwrite_Q_20260804_155659_983332_463b74.png,q,q,0.710158109664917,"[{""label"": ""q"", ""probability"": 0.710158109664917}, {""label"": ""a"", ""probability"": 0.2488640397787094}, {""label"": ""g"", ""probability"": 0.014042594470083714}]",uppercase
C:/Code/airwrite-vocab-assistant/data/airwrite_identity_eval/../raw_airwrite/Q/airwrite_Q_20260804_155703_610089_8ca494.png,q,q,0.9737080931663513,"[{""label"": ""q"", ""probability"": 0.9737080931663513}, {""label"": ""a"", ""probability"": 0.02388053573668003}, {""label"": ""g"", ""probability"": 0.0019914978183805943}]",uppercase
C:/Code/airwrite-vocab-assistant/data/airwrite_identity_eval/../raw_airwrite/Q/airwrite_Q_20260804_155706_771758_b17c46.png,q,q,0.9650629758834839,"[{""label"": ""q"", ""probability"": 0.9650629758834839}, {""label"": ""g"", ""probability"": 0.028589241206645966}, {""label"": ""a"", ""probability"": 0.003793882206082344}]",uppercase
C:/Code/airwrite-vocab-assistant/data/airwrite_identity_eval/../raw_airwrite/Q/airwrite_Q_20260804_155742_512734_6c889e.png,q,a,0.26751720905303955,"[{""label"": ""a"", ""probability"": 0.26751720905303955}, {""label"": ""o"", ""probability"": 0.22945979237556458}, {""label"": ""q"", ""probability"": 0.21617066860198975}]",uppercase
C:/Code/airwrite-vocab-assistant/data/airwrite_identity_eval/../raw_airwrite/Q/airwrite_Q_20260804_155748_107244_2124b0.png,q,a,0.863422155380249,"[{""label"": ""a"", ""probability"": 0.863422155380249}, {""label"": ""g"", ""probability"": 0.05967893451452255}, {""label"": ""q"", ""probability"": 0.04844488576054573}]",uppercase
C:/Code/airwrite-vocab-assistant/data/airwrite_identity_eval/../raw_airwrite/Q/airwrite_Q_20260804_155751_076171_e737f9.png,q,a,0.6829072833061218,"[{""label"": ""a"", ""probability"": 0.6829072833061218}, {""label"": ""q"", ""probability"": 0.24795153737068176}, {""label"": ""g"", ""probability"": 0.0570957288146019}]",uppercase
C:/Code/airwrite-vocab-assistant/data/airwrite_identity_eval/../raw_airwrite/Q/airwrite_Q_20260804_155755_474255_ef9a6d.png,q,a,0.43813642859458923,"[{""label"": ""a"", ""probability"": 0.43813642859458923}, {""label"": ""q"", ""probability"": 0.24923616647720337}, {""label"": ""g"", ""probability"": 0.16301515698432922}]",uppercase
C:/Code/airwrite-vocab-assistant/data/airwrite_identity_eval/../raw_airwrite/Q/airwrite_Q_20260804_155800_224330_fb5398.png,q,q,0.9490585327148438,"[{""label"": ""q"", ""probability"": 0.9490585327148438}, {""label"": ""g"", ""probability"": 0.027424601837992668}, {""label"": ""b"", ""probability"": 0.020572930574417114}]",uppercase
C:/Code/airwrite-vocab-assistant/data/airwrite_identity_eval/../raw_airwrite/Q/airwrite_Q_20260804_155803_834916_fd37b7.png,q,t,0.13220474123954773,"[{""label"": ""t"", ""probability"": 0.13220474123954773}, {""label"": ""q"", ""probability"": 0.10827060043811798}, {""label"": ""g"", ""probability"": 0.10010207444429398}]",uppercase
C:/Code/airwrite-vocab-assistant/data/airwrite_identity_eval/../raw_airwrite/Q/airwrite_Q_20260804_155814_891805_7b8256.png,q,q,0.8892369866371155,"[{""label"": ""q"", ""probability"": 0.8892369866371155}, {""label"": ""g"", ""probability"": 0.04176405072212219}, {""label"": ""a"", ""probability"": 0.0357147641479969}]",uppercase
C:/Code/airwrite-vocab-assistant/data/airwrite_identity_eval/../raw_airwrite/Q/airwrite_Q_20260804_155826_036916_055c32.png,q,q,0.9952695965766907,"[{""label"": ""q"", ""probability"": 0.9952695965766907}, {""label"": ""o"", ""probability"": 0.0016836314462125301}, {""label"": ""a"", ""probability"": 0.0009554018033668399}]",uppercase
C:/Code/airwrite-vocab-assistant/data/airwrite_identity_eval/../raw_airwrite/Q/airwrite_Q_20260804_155831_636840_317729.png,q,q,0.9885546565055847,"[{""label"": ""q"", ""probability"": 0.9885546565055847}, {""label"": ""a"", ""probability"": 0.006548880599439144}, {""label"": ""g"", ""probability"": 0.003223203122615814}]",uppercase
C:/Code/airwrite-vocab-assistant/data/airwrite_identity_eval/../raw_airwrite/Q/airwrite_Q_20260804_155834_765438_642834.png,q,a,0.5258201360702515,"[{""label"": ""a"", ""probability"": 0.5258201360702515}, {""label"": ""q"", ""probability"": 0.2934717833995819}, {""label"": ""g"", ""probability"": 0.05247563496232033}]",uppercase
C:/Code/airwrite-vocab-assistant/data/airwrite_identity_eval/../raw_airwrite/Q/airwrite_Q_20260804_155845_031896_fbe1e8.png,q,q,0.828104555606842,"[{""label"": ""q"", ""probability"": 0.828104555606842}, {""label"": ""a"", ""probability"": 0.09436825662851334}, {""label"": ""g"", ""probability"": 0.06996786594390869}]",uppercase
C:/Code/airwrite-vocab-assistant/data/airwrite_identity_eval/../raw_airwrite/Q/airwrite_Q_20260804_155854_132821_58665e.png,q,a,0.3807311952114105,"[{""label"": ""a"", ""probability"": 0.3807311952114105}, {""label"": ""o"", ""probability"": 0.192353755235672}, {""label"": ""d"", ""probability"": 0.09227835386991501}]",uppercase
C:/Code/airwrite-vocab-assistant/data/airwrite_identity_eval/../raw_airwrite/Q/airwrite_Q_20260804_155903_431157_1c0061.png,q,q,0.9981430768966675,"[{""label"": ""q"", ""probability"": 0.9981430768966675}, {""label"": ""a"", ""probability"": 0.0009801402920857072}, {""label"": ""g"", ""probability"": 0.0005776381003670394}]",uppercase
C:/Code/airwrite-vocab-assistant/data/airwrite_identity_eval/../raw_airwrite/Q/airwrite_Q_20260804_155907_762946_4d78ff.png,q,q,0.8604635000228882,"[{""label"": ""q"", ""probability"": 0.8604635000228882}, {""label"": ""g"", ""probability"": 0.12825480103492737}, {""label"": ""a"", ""probability"": 0.003755501238629222}]",uppercase
C:/Code/airwrite-vocab-assistant/data/airwrite_identity_eval/../raw_airwrite/Q/airwrite_Q_20260804_155915_633769_286fdb.png,q,q,0.9782191514968872,"[{""label"": ""q"", ""probability"": 0.9782191514968872}, {""label"": ""a"", ""probability"": 0.012608196586370468}, {""label"": ""g"", ""probability"": 0.008329039439558983}]",uppercase
C:/Code/airwrite-vocab-assistant/data/airwrite_identity_eval/../raw_airwrite/Q/airwrite_Q_20260804_155921_289612_e1870f.png,q,q,0.9943215847015381,"[{""label"": ""q"", ""probability"": 0.9943215847015381}, {""label"": ""a"", ""probability"": 0.00303579936735332}, {""label"": ""g"", ""probability"": 0.0018137183506041765}]",uppercase
C:/Code/airwrite-vocab-assistant/data/airwrite_identity_eval/../raw_airwrite/Q/airwrite_Q_20260804_155926_181224_480ca7.png,q,q,0.9595692157745361,"[{""label"": ""q"", ""probability"": 0.9595692157745361}, {""label"": ""g"", ""probability"": 0.028947975486516953}, {""label"": ""p"", ""probability"": 0.0042783780954778194}]",uppercase
C:/Code/airwrite-vocab-assistant/data/airwrite_identity_eval/../raw_airwrite/Q/airwrite_Q_20260804_155932_325407_3888bd.png,q,q,0.7006469368934631,"[{""label"": ""q"", ""probability"": 0.7006469368934631}, {""label"": ""g"", ""probability"": 0.27241361141204834}, {""label"": ""a"", ""probability"": 0.012912172824144363}]",uppercase
C:/Code/airwrite-vocab-assistant/data/airwrite_identity_eval/../raw_airwrite/Q/airwrite_Q_20260804_155948_464491_380221.png,q,i,0.840326726436615,"[{""label"": ""i"", ""probability"": 0.840326726436615}, {""label"": ""l"", ""probability"": 0.10082925111055374}, {""label"": ""j"", ""probability"": 0.045578207820653915}]",uppercase
C:/Code/airwrite-vocab-assistant/data/airwrite_identity_eval/../raw_airwrite/Q/airwrite_Q_20260804_160001_985186_a14a63.png,q,q,0.8014989495277405,"[{""label"": ""q"", ""probability"": 0.8014989495277405}, {""label"": ""g"", ""probability"": 0.08209093660116196}, {""label"": ""a"", ""probability"": 0.06292556971311569}]",uppercase
C:/Code/airwrite-vocab-assistant/data/airwrite_identity_eval/../raw_airwrite/Q/airwrite_Q_20260804_160006_151112_613d6b.png,q,q,0.6970736384391785,"[{""label"": ""q"", ""probability"": 0.6970736384391785}, {""label"": ""g"", ""probability"": 0.11493314057588577}, {""label"": ""a"", ""probability"": 0.1085665300488472}]",uppercase
C:/Code/airwrite-vocab-assistant/data/airwrite_identity_eval/../raw_airwrite/Q/airwrite_Q_20260804_160010_090862_eb8198.png,q,q,0.9741964936256409,"[{""label"": ""q"", ""probability"": 0.9741964936256409}, {""label"": ""a"", ""probability"": 0.013966941274702549}, {""label"": ""o"", ""probability"": 0.003020212985575199}]",uppercase
C:/Code/airwrite-vocab-assistant/data/airwrite_identity_eval/../raw_airwrite/Q/airwrite_Q_20260804_160021_832857_b0de97.png,q,q,0.9995887875556946,"[{""label"": ""q"", ""probability"": 0.9995887875556946}, {""label"": ""g"", ""probability"": 0.00010953610762953758}, {""label"": ""a"", ""probability"": 0.00010340085282223299}]",uppercase
C:/Code/airwrite-vocab-assistant/data/airwrite_identity_eval/../raw_airwrite/Q/airwrite_Q_20260804_160025_233364_d3b394.png,q,a,0.570497989654541,"[{""label"": ""a"", ""probability"": 0.570497989654541}, {""label"": ""q"", ""probability"": 0.19584231078624725}, {""label"": ""o"", ""probability"": 0.06414011120796204}]",uppercase
C:/Code/airwrite-vocab-assistant/data/airwrite_identity_eval/../raw_airwrite/Q/airwrite_Q_20260804_160029_141236_281d8e.png,q,q,0.9812231063842773,"[{""label"": ""q"", ""probability"": 0.9812231063842773}, {""label"": ""g"", ""probability"": 0.014862585812807083}, {""label"": ""a"", ""probability"": 0.0026268998626619577}]",uppercase
C:/Code/airwrite-vocab-assistant/data/airwrite_identity_eval/../raw_airwrite/Q/airwrite_Q_20260804_160032_693136_2f9b19.png,q,q,0.9550196528434753,"[{""label"": ""q"", ""probability"": 0.9550196528434753}, {""label"": ""g"", ""probability"": 0.034783151000738144}, {""label"": ""a"", ""probability"": 0.0025112535804510117}]",uppercase
C:/Code/airwrite-vocab-assistant/data/airwrite_identity_eval/../raw_airwrite/Q/airwrite_Q_20260804_160036_838397_330798.png,q,q,0.3692200183868408,"[{""label"": ""q"", ""probability"": 0.3692200183868408}, {""label"": ""d"", ""probability"": 0.1237821951508522}, {""label"": ""a"", ""probability"": 0.1216387152671814}]",uppercase
C:/Code/airwrite-vocab-assistant/data/airwrite_identity_eval/../raw_airwrite/Q/airwrite_Q_20260804_160040_424185_5feddf.png,q,z,0.17390626668930054,"[{""label"": ""z"", ""probability"": 0.17390626668930054}, {""label"": ""e"", ""probability"": 0.11980666220188141}, {""label"": ""q"", ""probability"": 0.11290352046489716}]",uppercase
C:/Code/airwrite-vocab-assistant/data/airwrite_identity_eval/../raw_airwrite/Q/airwrite_Q_20260804_160045_574144_1856bb.png,q,q,0.9990332126617432,"[{""label"": ""q"", ""probability"": 0.9990332126617432}, {""label"": ""g"", ""probability"": 0.0005070142215117812}, {""label"": ""b"", ""probability"": 0.0001146804861491546}]",uppercase
C:/Code/airwrite-vocab-assistant/data/airwrite_identity_eval/../raw_airwrite/Q/airwrite_Q_20260804_160049_896535_d17d3b.png,q,q,0.8067223429679871,"[{""label"": ""q"", ""probability"": 0.8067223429679871}, {""label"": ""a"", ""probability"": 0.07986145466566086}, {""label"": ""g"", ""probability"": 0.05550675466656685}]",uppercase
C:/Code/airwrite-vocab-assistant/data/airwrite_identity_eval/../raw_airwrite/Q/airwrite_Q_20260804_160055_130882_95273a.png,q,a,0.27545347809791565,"[{""label"": ""a"", ""probability"": 0.27545347809791565}, {""label"": ""g"", ""probability"": 0.1439632922410965}, {""label"": ""q"", ""probability"": 0.13114145398139954}]",uppercase
C:/Code/airwrite-vocab-assistant/data/airwrite_identity_eval/../raw_airwrite/Q/airwrite_Q_20260804_160100_635443_b62ae8.png,q,f,0.3917370140552521,"[{""label"": ""f"", ""probability"": 0.3917370140552521}, {""label"": ""q"", ""probability"": 0.18852345645427704}, {""label"": ""g"", ""probability"": 0.17141175270080566}]",uppercase
C:/Code/airwrite-vocab-assistant/data/airwrite_identity_eval/../raw_airwrite/R/airwrite_R_20260804_160110_106506_fe7c63.png,r,f,0.6984506249427795,"[{""label"": ""f"", ""probability"": 0.6984506249427795}, {""label"": ""r"", ""probability"": 0.15636737644672394}, {""label"": ""p"", ""probability"": 0.07494191825389862}]",uppercase
C:/Code/airwrite-vocab-assistant/data/airwrite_identity_eval/../raw_airwrite/R/airwrite_R_20260804_160113_191252_8be047.png,r,f,0.6634113788604736,"[{""label"": ""f"", ""probability"": 0.6634113788604736}, {""label"": ""t"", ""probability"": 0.2772712707519531}, {""label"": ""a"", ""probability"": 0.013612700626254082}]",uppercase
C:/Code/airwrite-vocab-assistant/data/airwrite_identity_eval/../raw_airwrite/R/airwrite_R_20260804_160115_983931_150ae8.png,r,z,0.46468159556388855,"[{""label"": ""z"", ""probability"": 0.46468159556388855}, {""label"": ""f"", ""probability"": 0.2005239725112915}, {""label"": ""b"", ""probability"": 0.06767432391643524}]",uppercase
C:/Code/airwrite-vocab-assistant/data/airwrite_identity_eval/../raw_airwrite/R/airwrite_R_20260804_160118_688163_0f7b5d.png,r,f,0.7536093592643738,"[{""label"": ""f"", ""probability"": 0.7536093592643738}, {""label"": ""g"", ""probability"": 0.11374565213918686}, {""label"": ""e"", ""probability"": 0.06248855218291283}]",uppercase
C:/Code/airwrite-vocab-assistant/data/airwrite_identity_eval/../raw_airwrite/R/airwrite_R_20260804_160121_478394_285212.png,r,f,0.9067707657814026,"[{""label"": ""f"", ""probability"": 0.9067707657814026}, {""label"": ""p"", ""probability"": 0.050837475806474686}, {""label"": ""r"", ""probability"": 0.020078513771295547}]",uppercase
C:/Code/airwrite-vocab-assistant/data/airwrite_identity_eval/../raw_airwrite/R/airwrite_R_20260804_160124_591351_c8fb19.png,r,r,0.6180834770202637,"[{""label"": ""r"", ""probability"": 0.6180834770202637}, {""label"": ""k"", ""probability"": 0.21920154988765717}, {""label"": ""f"", ""probability"": 0.07522629201412201}]",uppercase
C:/Code/airwrite-vocab-assistant/data/airwrite_identity_eval/../raw_airwrite/R/airwrite_R_20260804_160129_224371_07a89c.png,r,f,0.7826036214828491,"[{""label"": ""f"", ""probability"": 0.7826036214828491}, {""label"": ""t"", ""probability"": 0.0864960327744484}, {""label"": ""z"", ""probability"": 0.035429712384939194}]",uppercase
C:/Code/airwrite-vocab-assistant/data/airwrite_identity_eval/../raw_airwrite/R/airwrite_R_20260804_160132_311407_a6cbdc.png,r,f,0.30760154128074646,"[{""label"": ""f"", ""probability"": 0.30760154128074646}, {""label"": ""e"", ""probability"": 0.2841777503490448}, {""label"": ""r"", ""probability"": 0.2452525496482849}]",uppercase
C:/Code/airwrite-vocab-assistant/data/airwrite_identity_eval/../raw_airwrite/R/airwrite_R_20260804_160135_419752_09fcc3.png,r,f,0.8105917572975159,"[{""label"": ""f"", ""probability"": 0.8105917572975159}, {""label"": ""e"", ""probability"": 0.04738451912999153}, {""label"": ""p"", ""probability"": 0.03139500319957733}]",uppercase
C:/Code/airwrite-vocab-assistant/data/airwrite_identity_eval/../raw_airwrite/R/airwrite_R_20260804_160153_348991_ecd7ce.png,r,r,0.4757680892944336,"[{""label"": ""r"", ""probability"": 0.4757680892944336}, {""label"": ""k"", ""probability"": 0.23056289553642273}, {""label"": ""f"", ""probability"": 0.1390850692987442}]",uppercase
C:/Code/airwrite-vocab-assistant/data/airwrite_identity_eval/../raw_airwrite/R/airwrite_R_20260804_160245_217720_be6fb5.png,r,k,0.3987952172756195,"[{""label"": ""k"", ""probability"": 0.3987952172756195}, {""label"": ""f"", ""probability"": 0.3398011326789856}, {""label"": ""r"", ""probability"": 0.07165967673063278}]",uppercase
C:/Code/airwrite-vocab-assistant/data/airwrite_identity_eval/../raw_airwrite/R/airwrite_R_20260804_160248_015505_cee085.png,r,z,0.5086642503738403,"[{""label"": ""z"", ""probability"": 0.5086642503738403}, {""label"": ""k"", ""probability"": 0.19262705743312836}, {""label"": ""f"", ""probability"": 0.09435496479272842}]",uppercase
C:/Code/airwrite-vocab-assistant/data/airwrite_identity_eval/../raw_airwrite/R/airwrite_R_20260804_160253_912189_b05cd8.png,r,f,0.6605268716812134,"[{""label"": ""f"", ""probability"": 0.6605268716812134}, {""label"": ""r"", ""probability"": 0.1462629735469818}, {""label"": ""p"", ""probability"": 0.11159101873636246}]",uppercase
C:/Code/airwrite-vocab-assistant/data/airwrite_identity_eval/../raw_airwrite/R/airwrite_R_20260804_160257_316590_f41734.png,r,f,0.6340099573135376,"[{""label"": ""f"", ""probability"": 0.6340099573135376}, {""label"": ""r"", ""probability"": 0.12934483587741852}, {""label"": ""e"", ""probability"": 0.06835419684648514}]",uppercase
C:/Code/airwrite-vocab-assistant/data/airwrite_identity_eval/../raw_airwrite/R/airwrite_R_20260804_160306_803082_a2c68a.png,r,f,0.8901574611663818,"[{""label"": ""f"", ""probability"": 0.8901574611663818}, {""label"": ""p"", ""probability"": 0.06565818935632706}, {""label"": ""r"", ""probability"": 0.021694911643862724}]",uppercase
C:/Code/airwrite-vocab-assistant/data/airwrite_identity_eval/../raw_airwrite/R/airwrite_R_20260804_160310_126072_480e52.png,r,f,0.852557897567749,"[{""label"": ""f"", ""probability"": 0.852557897567749}, {""label"": ""p"", ""probability"": 0.09398527443408966}, {""label"": ""e"", ""probability"": 0.018775412812829018}]",uppercase
C:/Code/airwrite-vocab-assistant/data/airwrite_identity_eval/../raw_airwrite/R/airwrite_R_20260804_160313_236349_198361.png,r,f,0.47904565930366516,"[{""label"": ""f"", ""probability"": 0.47904565930366516}, {""label"": ""z"", ""probability"": 0.2816418409347534}, {""label"": ""t"", ""probability"": 0.145316481590271}]",uppercase
C:/Code/airwrite-vocab-assistant/data/airwrite_identity_eval/../raw_airwrite/R/airwrite_R_20260804_160317_378178_2bfbca.png,r,r,0.9784707427024841,"[{""label"": ""r"", ""probability"": 0.9784707427024841}, {""label"": ""p"", ""probability"": 0.007129358593374491}, {""label"": ""f"", ""probability"": 0.005718669388443232}]",uppercase
C:/Code/airwrite-vocab-assistant/data/airwrite_identity_eval/../raw_airwrite/R/airwrite_R_20260804_160320_416131_fb9c54.png,r,f,0.5502789616584778,"[{""label"": ""f"", ""probability"": 0.5502789616584778}, {""label"": ""r"", ""probability"": 0.3330521583557129}, {""label"": ""p"", ""probability"": 0.07570365816354752}]",uppercase
C:/Code/airwrite-vocab-assistant/data/airwrite_identity_eval/../raw_airwrite/R/airwrite_R_20260804_160323_334167_202ae6.png,r,f,0.3625648319721222,"[{""label"": ""f"", ""probability"": 0.3625648319721222}, {""label"": ""z"", ""probability"": 0.22587808966636658}, {""label"": ""e"", ""probability"": 0.09753432124853134}]",uppercase
C:/Code/airwrite-vocab-assistant/data/airwrite_identity_eval/../raw_airwrite/R/airwrite_R_20260804_160326_699425_cfd763.png,r,f,0.5458581447601318,"[{""label"": ""f"", ""probability"": 0.5458581447601318}, {""label"": ""r"", ""probability"": 0.22001855075359344}, {""label"": ""t"", ""probability"": 0.07117975503206253}]",uppercase
C:/Code/airwrite-vocab-assistant/data/airwrite_identity_eval/../raw_airwrite/R/airwrite_R_20260804_160329_487061_bee0c3.png,r,f,0.46642792224884033,"[{""label"": ""f"", ""probability"": 0.46642792224884033}, {""label"": ""r"", ""probability"": 0.24169017374515533}, {""label"": ""p"", ""probability"": 0.19201737642288208}]",uppercase
C:/Code/airwrite-vocab-assistant/data/airwrite_identity_eval/../raw_airwrite/R/airwrite_R_20260804_160334_634007_d3f8e2.png,r,p,0.5133761763572693,"[{""label"": ""p"", ""probability"": 0.5133761763572693}, {""label"": ""f"", ""probability"": 0.2784540057182312}, {""label"": ""r"", ""probability"": 0.16710694134235382}]",uppercase
C:/Code/airwrite-vocab-assistant/data/airwrite_identity_eval/../raw_airwrite/R/airwrite_R_20260804_160337_853653_2132ed.png,r,f,0.32516947388648987,"[{""label"": ""f"", ""probability"": 0.32516947388648987}, {""label"": ""r"", ""probability"": 0.31356561183929443}, {""label"": ""p"", ""probability"": 0.2301325649023056}]",uppercase
C:/Code/airwrite-vocab-assistant/data/airwrite_identity_eval/../raw_airwrite/R/airwrite_R_20260804_160340_967362_d16564.png,r,k,0.4442276358604431,"[{""label"": ""k"", ""probability"": 0.4442276358604431}, {""label"": ""b"", ""probability"": 0.18484783172607422}, {""label"": ""r"", ""probability"": 0.1294011026620865}]",uppercase
C:/Code/airwrite-vocab-assistant/data/airwrite_identity_eval/../raw_airwrite/R/airwrite_R_20260804_160345_048070_c1a37c.png,r,r,0.9167001247406006,"[{""label"": ""r"", ""probability"": 0.9167001247406006}, {""label"": ""p"", ""probability"": 0.036761678755283356}, {""label"": ""f"", ""probability"": 0.03607780113816261}]",uppercase
C:/Code/airwrite-vocab-assistant/data/airwrite_identity_eval/../raw_airwrite/R/airwrite_R_20260804_160347_744424_5e44b6.png,r,f,0.5903473496437073,"[{""label"": ""f"", ""probability"": 0.5903473496437073}, {""label"": ""k"", ""probability"": 0.22742293775081635}, {""label"": ""e"", ""probability"": 0.04310160502791405}]",uppercase
C:/Code/airwrite-vocab-assistant/data/airwrite_identity_eval/../raw_airwrite/R/airwrite_R_20260804_160352_566304_9cb74f.png,r,r,0.9558002948760986,"[{""label"": ""r"", ""probability"": 0.9558002948760986}, {""label"": ""e"", ""probability"": 0.011053572408854961}, {""label"": ""p"", ""probability"": 0.008067845366895199}]",uppercase
C:/Code/airwrite-vocab-assistant/data/airwrite_identity_eval/../raw_airwrite/R/airwrite_R_20260804_160355_072374_0331ad.png,r,f,0.5521449446678162,"[{""label"": ""f"", ""probability"": 0.5521449446678162}, {""label"": ""k"", ""probability"": 0.14958912134170532}, {""label"": ""t"", ""probability"": 0.07349508255720139}]",uppercase
C:/Code/airwrite-vocab-assistant/data/airwrite_identity_eval/../raw_airwrite/R/airwrite_R_20260804_160357_878913_c78e8d.png,r,t,0.5679028630256653,"[{""label"": ""t"", ""probability"": 0.5679028630256653}, {""label"": ""f"", ""probability"": 0.30625542998313904}, {""label"": ""y"", ""probability"": 0.019249403849244118}]",uppercase
C:/Code/airwrite-vocab-assistant/data/airwrite_identity_eval/../raw_airwrite/R/airwrite_R_20260804_160400_557037_054259.png,r,k,0.40861696004867554,"[{""label"": ""k"", ""probability"": 0.40861696004867554}, {""label"": ""f"", ""probability"": 0.19804054498672485}, {""label"": ""e"", ""probability"": 0.08792939782142639}]",uppercase
C:/Code/airwrite-vocab-assistant/data/airwrite_identity_eval/../raw_airwrite/R/airwrite_R_20260804_160403_391285_7f0dad.png,r,f,0.8938140869140625,"[{""label"": ""f"", ""probability"": 0.8938140869140625}, {""label"": ""p"", ""probability"": 0.03344690799713135}, {""label"": ""e"", ""probability"": 0.02361489087343216}]",uppercase
C:/Code/airwrite-vocab-assistant/data/airwrite_identity_eval/../raw_airwrite/R/airwrite_R_20260804_160410_691147_bbc21c.png,r,f,0.8318753838539124,"[{""label"": ""f"", ""probability"": 0.8318753838539124}, {""label"": ""p"", ""probability"": 0.0904192253947258}, {""label"": ""e"", ""probability"": 0.02376498095691204}]",uppercase
C:/Code/airwrite-vocab-assistant/data/airwrite_identity_eval/../raw_airwrite/R/airwrite_R_20260804_160413_805072_fea9a4.png,r,f,0.998267412185669,"[{""label"": ""f"", ""probability"": 0.998267412185669}, {""label"": ""e"", ""probability"": 0.0007162884576246142}, {""label"": ""t"", ""probability"": 0.000701064825989306}]",uppercase
C:/Code/airwrite-vocab-assistant/data/airwrite_identity_eval/../raw_airwrite/R/airwrite_R_20260804_160416_649181_961004.png,r,f,0.7374172806739807,"[{""label"": ""f"", ""probability"": 0.7374172806739807}, {""label"": ""r"", ""probability"": 0.1427771896123886}, {""label"": ""e"", ""probability"": 0.05301867425441742}]",uppercase
C:/Code/airwrite-vocab-assistant/data/airwrite_identity_eval/../raw_airwrite/R/airwrite_R_20260804_160419_749299_c53fc6.png,r,p,0.3506912291049957,"[{""label"": ""p"", ""probability"": 0.3506912291049957}, {""label"": ""f"", ""probability"": 0.30712196230888367}, {""label"": ""r"", ""probability"": 0.1650405377149582}]",uppercase
C:/Code/airwrite-vocab-assistant/data/airwrite_identity_eval/../raw_airwrite/R/airwrite_R_20260804_160425_039190_3029a9.png,r,r,0.9655874967575073,"[{""label"": ""r"", ""probability"": 0.9655874967575073}, {""label"": ""p"", ""probability"": 0.02588827908039093}, {""label"": ""e"", ""probability"": 0.0036809714511036873}]",uppercase
C:/Code/airwrite-vocab-assistant/data/airwrite_identity_eval/../raw_airwrite/R/airwrite_R_20260804_160427_829021_930e50.png,r,f,0.9384861588478088,"[{""label"": ""f"", ""probability"": 0.9384861588478088}, {""label"": ""r"", ""probability"": 0.023335721343755722}, {""label"": ""e"", ""probability"": 0.015666209161281586}]",uppercase
C:/Code/airwrite-vocab-assistant/data/airwrite_identity_eval/../raw_airwrite/R/airwrite_R_20260804_160430_751965_03dac1.png,r,r,0.43729376792907715,"[{""label"": ""r"", ""probability"": 0.43729376792907715}, {""label"": ""f"", ""probability"": 0.4022344648838043}, {""label"": ""p"", ""probability"": 0.07710649818181992}]",uppercase
C:/Code/airwrite-vocab-assistant/data/airwrite_identity_eval/../raw_airwrite/R/airwrite_R_20260804_160433_873030_748a22.png,r,r,0.7788636684417725,"[{""label"": ""r"", ""probability"": 0.7788636684417725}, {""label"": ""e"", ""probability"": 0.07664132863283157}, {""label"": ""k"", ""probability"": 0.06084770709276199}]",uppercase
C:/Code/airwrite-vocab-assistant/data/airwrite_identity_eval/../raw_airwrite/R/airwrite_R_20260804_160437_025711_80dc1e.png,r,f,0.5556032061576843,"[{""label"": ""f"", ""probability"": 0.5556032061576843}, {""label"": ""k"", ""probability"": 0.13466040790081024}, {""label"": ""z"", ""probability"": 0.0772329568862915}]",uppercase
C:/Code/airwrite-vocab-assistant/data/airwrite_identity_eval/../raw_airwrite/R/airwrite_R_20260804_160441_867996_cc2396.png,r,r,0.9404407143592834,"[{""label"": ""r"", ""probability"": 0.9404407143592834}, {""label"": ""p"", ""probability"": 0.03351493924856186}, {""label"": ""f"", ""probability"": 0.009707878343760967}]",uppercase
C:/Code/airwrite-vocab-assistant/data/airwrite_identity_eval/../raw_airwrite/R/airwrite_R_20260804_160445_084938_9d46e1.png,r,f,0.4482804834842682,"[{""label"": ""f"", ""probability"": 0.4482804834842682}, {""label"": ""r"", ""probability"": 0.146121546626091}, {""label"": ""e"", ""probability"": 0.14438578486442566}]",uppercase
C:/Code/airwrite-vocab-assistant/data/airwrite_identity_eval/../raw_airwrite/R/airwrite_R_20260804_160448_099983_7841ff.png,r,f,0.6203272342681885,"[{""label"": ""f"", ""probability"": 0.6203272342681885}, {""label"": ""r"", ""probability"": 0.14427193999290466}, {""label"": ""e"", ""probability"": 0.13213956356048584}]",uppercase
C:/Code/airwrite-vocab-assistant/data/airwrite_identity_eval/../raw_airwrite/R/airwrite_R_20260804_160451_040950_54efaf.png,r,r,0.8358150720596313,"[{""label"": ""r"", ""probability"": 0.8358150720596313}, {""label"": ""f"", ""probability"": 0.0897824689745903}, {""label"": ""p"", ""probability"": 0.027088239789009094}]",uppercase
C:/Code/airwrite-vocab-assistant/data/airwrite_identity_eval/../raw_airwrite/R/airwrite_R_20260804_160455_651992_ef4387.png,r,r,0.9929323196411133,"[{""label"": ""r"", ""probability"": 0.9929323196411133}, {""label"": ""p"", ""probability"": 0.005568793974816799}, {""label"": ""b"", ""probability"": 0.0008627192582935095}]",uppercase
C:/Code/airwrite-vocab-assistant/data/airwrite_identity_eval/../raw_airwrite/R/airwrite_R_20260804_160458_477297_a2c2cf.png,r,f,0.8800129294395447,"[{""label"": ""f"", ""probability"": 0.8800129294395447}, {""label"": ""p"", ""probability"": 0.0512942411005497}, {""label"": ""r"", ""probability"": 0.030878659337759018}]",uppercase
C:/Code/airwrite-vocab-assistant/data/airwrite_identity_eval/../raw_airwrite/R/airwrite_R_20260804_160501_490950_4798eb.png,r,k,0.5447808504104614,"[{""label"": ""k"", ""probability"": 0.5447808504104614}, {""label"": ""f"", ""probability"": 0.2217855006456375}, {""label"": ""t"", ""probability"": 0.09511411935091019}]",uppercase
C:/Code/airwrite-vocab-assistant/data/airwrite_identity_eval/../raw_airwrite/R/airwrite_R_20260804_160506_177469_b55816.png,r,f,0.4490468204021454,"[{""label"": ""f"", ""probability"": 0.4490468204021454}, {""label"": ""i"", ""probability"": 0.2033216655254364}, {""label"": ""t"", ""probability"": 0.1019354909658432}]",uppercase
C:/Code/airwrite-vocab-assistant/data/airwrite_identity_eval/../raw_airwrite/R/airwrite_R_20260804_160509_232703_ac6844.png,r,f,0.7325208783149719,"[{""label"": ""f"", ""probability"": 0.7325208783149719}, {""label"": ""t"", ""probability"": 0.05970318615436554}, {""label"": ""k"", ""probability"": 0.04979117959737778}]",uppercase
C:/Code/airwrite-vocab-assistant/data/airwrite_identity_eval/../raw_airwrite/S/airwrite_S_20260804_160517_755292_d88a2e.png,s,s,0.6450837254524231,"[{""label"": ""s"", ""probability"": 0.6450837254524231}, {""label"": ""j"", ""probability"": 0.207849383354187}, {""label"": ""f"", ""probability"": 0.07179571688175201}]",uppercase
C:/Code/airwrite-vocab-assistant/data/airwrite_identity_eval/../raw_airwrite/S/airwrite_S_20260804_160521_964597_35e7e9.png,s,s,0.904935359954834,"[{""label"": ""s"", ""probability"": 0.904935359954834}, {""label"": ""f"", ""probability"": 0.048277974128723145}, {""label"": ""g"", ""probability"": 0.01982792466878891}]",uppercase
C:/Code/airwrite-vocab-assistant/data/airwrite_identity_eval/../raw_airwrite/S/airwrite_S_20260804_160523_520835_9cb675.png,s,s,0.5918785333633423,"[{""label"": ""s"", ""probability"": 0.5918785333633423}, {""label"": ""f"", ""probability"": 0.24914118647575378}, {""label"": ""j"", ""probability"": 0.13474136590957642}]",uppercase
C:/Code/airwrite-vocab-assistant/data/airwrite_identity_eval/../raw_airwrite/S/airwrite_S_20260804_160524_873016_4ed076.png,s,s,0.7747531533241272,"[{""label"": ""s"", ""probability"": 0.7747531533241272}, {""label"": ""f"", ""probability"": 0.10577690601348877}, {""label"": ""j"", ""probability"": 0.09900246560573578}]",uppercase
C:/Code/airwrite-vocab-assistant/data/airwrite_identity_eval/../raw_airwrite/S/airwrite_S_20260804_160526_213384_7871aa.png,s,s,0.6036455035209656,"[{""label"": ""s"", ""probability"": 0.6036455035209656}, {""label"": ""f"", ""probability"": 0.23438623547554016}, {""label"": ""j"", ""probability"": 0.09884706139564514}]",uppercase
C:/Code/airwrite-vocab-assistant/data/airwrite_identity_eval/../raw_airwrite/S/airwrite_S_20260804_160527_424263_8c8c00.png,s,p,0.7098677754402161,"[{""label"": ""p"", ""probability"": 0.7098677754402161}, {""label"": ""f"", ""probability"": 0.10405130684375763}, {""label"": ""t"", ""probability"": 0.06216850131750107}]",uppercase
C:/Code/airwrite-vocab-assistant/data/airwrite_identity_eval/../raw_airwrite/S/airwrite_S_20260804_160528_943912_1b0d88.png,s,p,0.6123555898666382,"[{""label"": ""p"", ""probability"": 0.6123555898666382}, {""label"": ""i"", ""probability"": 0.10478821396827698}, {""label"": ""f"", ""probability"": 0.0929594486951828}]",uppercase
C:/Code/airwrite-vocab-assistant/data/airwrite_identity_eval/../raw_airwrite/S/airwrite_S_20260804_160530_587876_2ef653.png,s,i,0.32563284039497375,"[{""label"": ""i"", ""probability"": 0.32563284039497375}, {""label"": ""t"", ""probability"": 0.21346500515937805}, {""label"": ""l"", ""probability"": 0.13396108150482178}]",uppercase
C:/Code/airwrite-vocab-assistant/data/airwrite_identity_eval/../raw_airwrite/S/airwrite_S_20260804_160533_349189_0e0b92.png,s,s,0.7780444622039795,"[{""label"": ""s"", ""probability"": 0.7780444622039795}, {""label"": ""f"", ""probability"": 0.1006830483675003}, {""label"": ""j"", ""probability"": 0.09629643708467484}]",uppercase
C:/Code/airwrite-vocab-assistant/data/airwrite_identity_eval/../raw_airwrite/S/airwrite_S_20260804_160535_408024_a75705.png,s,p,0.37441855669021606,"[{""label"": ""p"", ""probability"": 0.37441855669021606}, {""label"": ""f"", ""probability"": 0.2657586932182312}, {""label"": ""s"", ""probability"": 0.11618810892105103}]",uppercase
C:/Code/airwrite-vocab-assistant/data/airwrite_identity_eval/../raw_airwrite/S/airwrite_S_20260804_160543_793637_4d9a9a.png,s,s,0.6901164054870605,"[{""label"": ""s"", ""probability"": 0.6901164054870605}, {""label"": ""j"", ""probability"": 0.19120921194553375}, {""label"": ""f"", ""probability"": 0.07508264482021332}]",uppercase
C:/Code/airwrite-vocab-assistant/data/airwrite_identity_eval/../raw_airwrite/S/airwrite_S_20260804_160550_863117_ca7fef.png,s,s,0.8458369970321655,"[{""label"": ""s"", ""probability"": 0.8458369970321655}, {""label"": ""j"", ""probability"": 0.10434034466743469}, {""label"": ""f"", ""probability"": 0.025962386280298233}]",uppercase
C:/Code/airwrite-vocab-assistant/data/airwrite_identity_eval/../raw_airwrite/S/airwrite_S_20260804_160555_422235_e0ffab.png,s,j,0.5500890016555786,"[{""label"": ""j"", ""probability"": 0.5500890016555786}, {""label"": ""s"", ""probability"": 0.29239654541015625}, {""label"": ""i"", ""probability"": 0.09895490854978561}]",uppercase
C:/Code/airwrite-vocab-assistant/data/airwrite_identity_eval/../raw_airwrite/S/airwrite_S_20260804_160557_739987_faf48d.png,s,j,0.7721295952796936,"[{""label"": ""j"", ""probability"": 0.7721295952796936}, {""label"": ""s"", ""probability"": 0.11543376743793488}, {""label"": ""g"", ""probability"": 0.06994710117578506}]",uppercase
C:/Code/airwrite-vocab-assistant/data/airwrite_identity_eval/../raw_airwrite/S/airwrite_S_20260804_160601_072728_715692.png,s,s,0.9638996124267578,"[{""label"": ""s"", ""probability"": 0.9638996124267578}, {""label"": ""j"", ""probability"": 0.03280414268374443}, {""label"": ""g"", ""probability"": 0.001372291473671794}]",uppercase
C:/Code/airwrite-vocab-assistant/data/airwrite_identity_eval/../raw_airwrite/S/airwrite_S_20260804_160602_594315_184ce2.png,s,s,0.6813364624977112,"[{""label"": ""s"", ""probability"": 0.6813364624977112}, {""label"": ""j"", ""probability"": 0.17311111092567444}, {""label"": ""f"", ""probability"": 0.0831923633813858}]",uppercase
C:/Code/airwrite-vocab-assistant/data/airwrite_identity_eval/../raw_airwrite/S/airwrite_S_20260804_160606_316327_8a2849.png,s,s,0.8662719130516052,"[{""label"": ""s"", ""probability"": 0.8662719130516052}, {""label"": ""j"", ""probability"": 0.06848078966140747}, {""label"": ""f"", ""probability"": 0.03351655974984169}]",uppercase
C:/Code/airwrite-vocab-assistant/data/airwrite_identity_eval/../raw_airwrite/S/airwrite_S_20260804_160608_237524_0d1baa.png,s,s,0.8739673495292664,"[{""label"": ""s"", ""probability"": 0.8739673495292664}, {""label"": ""j"", ""probability"": 0.07649949938058853}, {""label"": ""f"", ""probability"": 0.029730837792158127}]",uppercase
C:/Code/airwrite-vocab-assistant/data/airwrite_identity_eval/../raw_airwrite/S/airwrite_S_20260804_160609_863138_e0260b.png,s,j,0.9024099707603455,"[{""label"": ""j"", ""probability"": 0.9024099707603455}, {""label"": ""s"", ""probability"": 0.05023221671581268}, {""label"": ""i"", ""probability"": 0.03768587484955788}]",uppercase
C:/Code/airwrite-vocab-assistant/data/airwrite_identity_eval/../raw_airwrite/S/airwrite_S_20260804_160612_001914_332b03.png,s,j,0.7966429591178894,"[{""label"": ""j"", ""probability"": 0.7966429591178894}, {""label"": ""s"", ""probability"": 0.1411043405532837}, {""label"": ""g"", ""probability"": 0.02066914737224579}]",uppercase
C:/Code/airwrite-vocab-assistant/data/airwrite_identity_eval/../raw_airwrite/S/airwrite_S_20260804_160623_615286_e0da46.png,s,s,0.7649397850036621,"[{""label"": ""s"", ""probability"": 0.7649397850036621}, {""label"": ""j"", ""probability"": 0.17316919565200806}, {""label"": ""g"", ""probability"": 0.03063213638961315}]",uppercase
C:/Code/airwrite-vocab-assistant/data/airwrite_identity_eval/../raw_airwrite/S/airwrite_S_20260804_160625_640011_061c1e.png,s,s,0.7134265303611755,"[{""label"": ""s"", ""probability"": 0.7134265303611755}, {""label"": ""j"", ""probability"": 0.21347692608833313}, {""label"": ""f"", ""probability"": 0.06532403081655502}]",uppercase
C:/Code/airwrite-vocab-assistant/data/airwrite_identity_eval/../raw_airwrite/S/airwrite_S_20260804_160627_291047_9d4c9a.png,s,j,0.970030665397644,"[{""label"": ""j"", ""probability"": 0.970030665397644}, {""label"": ""s"", ""probability"": 0.021379366517066956}, {""label"": ""i"", ""probability"": 0.006674766540527344}]",uppercase
C:/Code/airwrite-vocab-assistant/data/airwrite_identity_eval/../raw_airwrite/S/airwrite_S_20260804_160628_923074_8ef93e.png,s,j,0.672810435295105,"[{""label"": ""j"", ""probability"": 0.672810435295105}, {""label"": ""s"", ""probability"": 0.2953496277332306}, {""label"": ""i"", ""probability"": 0.021443311125040054}]",uppercase
C:/Code/airwrite-vocab-assistant/data/airwrite_identity_eval/../raw_airwrite/S/airwrite_S_20260804_160631_131922_45a98d.png,s,j,0.4776206910610199,"[{""label"": ""j"", ""probability"": 0.4776206910610199}, {""label"": ""i"", ""probability"": 0.25361335277557373}, {""label"": ""s"", ""probability"": 0.13458803296089172}]",uppercase
C:/Code/airwrite-vocab-assistant/data/airwrite_identity_eval/../raw_airwrite/S/airwrite_S_20260804_160635_553110_76fc9f.png,s,s,0.8751258254051208,"[{""label"": ""s"", ""probability"": 0.8751258254051208}, {""label"": ""j"", ""probability"": 0.0947507992386818}, {""label"": ""v"", ""probability"": 0.006975633557885885}]",uppercase
C:/Code/airwrite-vocab-assistant/data/airwrite_identity_eval/../raw_airwrite/S/airwrite_S_20260804_160638_934055_6860d6.png,s,s,0.7493186593055725,"[{""label"": ""s"", ""probability"": 0.7493186593055725}, {""label"": ""f"", ""probability"": 0.175017312169075}, {""label"": ""j"", ""probability"": 0.05781538411974907}]",uppercase
C:/Code/airwrite-vocab-assistant/data/airwrite_identity_eval/../raw_airwrite/S/airwrite_S_20260804_160641_175039_7bcf38.png,s,s,0.942384660243988,"[{""label"": ""s"", ""probability"": 0.942384660243988}, {""label"": ""j"", ""probability"": 0.023027777671813965}, {""label"": ""f"", ""probability"": 0.020289352163672447}]",uppercase
C:/Code/airwrite-vocab-assistant/data/airwrite_identity_eval/../raw_airwrite/S/airwrite_S_20260804_160643_167543_0c5135.png,s,s,0.5051132440567017,"[{""label"": ""s"", ""probability"": 0.5051132440567017}, {""label"": ""j"", ""probability"": 0.4684145450592041}, {""label"": ""i"", ""probability"": 0.01937786489725113}]",uppercase
C:/Code/airwrite-vocab-assistant/data/airwrite_identity_eval/../raw_airwrite/S/airwrite_S_20260804_160645_491002_e79156.png,s,s,0.9833984375,"[{""label"": ""s"", ""probability"": 0.9833984375}, {""label"": ""f"", ""probability"": 0.005817029625177383}, {""label"": ""g"", ""probability"": 0.00435298215597868}]",uppercase
C:/Code/airwrite-vocab-assistant/data/airwrite_identity_eval/../raw_airwrite/S/airwrite_S_20260804_160651_583203_3eace8.png,s,s,0.873184084892273,"[{""label"": ""s"", ""probability"": 0.873184084892273}, {""label"": ""j"", ""probability"": 0.06714174151420593}, {""label"": ""f"", ""probability"": 0.03746272996068001}]",uppercase
C:/Code/airwrite-vocab-assistant/data/airwrite_identity_eval/../raw_airwrite/S/airwrite_S_20260804_160653_277704_068b7c.png,s,f,0.5451833009719849,"[{""label"": ""f"", ""probability"": 0.5451833009719849}, {""label"": ""s"", ""probability"": 0.3456157147884369}, {""label"": ""j"", ""probability"": 0.06704997271299362}]",uppercase
C:/Code/airwrite-vocab-assistant/data/airwrite_identity_eval/../raw_airwrite/S/airwrite_S_20260804_160655_676756_887e67.png,s,f,0.5127561092376709,"[{""label"": ""f"", ""probability"": 0.5127561092376709}, {""label"": ""s"", ""probability"": 0.1751684993505478}, {""label"": ""j"", ""probability"": 0.10357685387134552}]",uppercase
C:/Code/airwrite-vocab-assistant/data/airwrite_identity_eval/../raw_airwrite/S/airwrite_S_20260804_160700_383892_82f25d.png,s,s,0.8821549415588379,"[{""label"": ""s"", ""probability"": 0.8821549415588379}, {""label"": ""j"", ""probability"": 0.052162572741508484}, {""label"": ""f"", ""probability"": 0.05140215530991554}]",uppercase
C:/Code/airwrite-vocab-assistant/data/airwrite_identity_eval/../raw_airwrite/S/airwrite_S_20260804_160703_903226_1d6901.png,s,s,0.9384869933128357,"[{""label"": ""s"", ""probability"": 0.9384869933128357}, {""label"": ""f"", ""probability"": 0.025774214416742325}, {""label"": ""j"", ""probability"": 0.020275117829442024}]",uppercase
C:/Code/airwrite-vocab-assistant/data/airwrite_identity_eval/../raw_airwrite/S/airwrite_S_20260804_160705_436278_8ca11b.png,s,j,0.6022566556930542,"[{""label"": ""j"", ""probability"": 0.6022566556930542}, {""label"": ""s"", ""probability"": 0.26571419835090637}, {""label"": ""f"", ""probability"": 0.05701661482453346}]",uppercase
C:/Code/airwrite-vocab-assistant/data/airwrite_identity_eval/../raw_airwrite/S/airwrite_S_20260804_160707_069945_f2e6a1.png,s,s,0.716921329498291,"[{""label"": ""s"", ""probability"": 0.716921329498291}, {""label"": ""j"", ""probability"": 0.21770063042640686}, {""label"": ""f"", ""probability"": 0.04073973745107651}]",uppercase
C:/Code/airwrite-vocab-assistant/data/airwrite_identity_eval/../raw_airwrite/S/airwrite_S_20260804_160708_686967_88010a.png,s,s,0.6458584070205688,"[{""label"": ""s"", ""probability"": 0.6458584070205688}, {""label"": ""j"", ""probability"": 0.17999090254306793}, {""label"": ""f"", ""probability"": 0.11128903925418854}]",uppercase
C:/Code/airwrite-vocab-assistant/data/airwrite_identity_eval/../raw_airwrite/S/airwrite_S_20260804_160710_772123_857dff.png,s,f,0.5625342130661011,"[{""label"": ""f"", ""probability"": 0.5625342130661011}, {""label"": ""i"", ""probability"": 0.1290518194437027}, {""label"": ""j"", ""probability"": 0.12086429446935654}]",uppercase
C:/Code/airwrite-vocab-assistant/data/airwrite_identity_eval/../raw_airwrite/S/airwrite_S_20260804_160722_308529_74ae06.png,s,s,0.937217652797699,"[{""label"": ""s"", ""probability"": 0.937217652797699}, {""label"": ""j"", ""probability"": 0.03528185933828354}, {""label"": ""g"", ""probability"": 0.014811079017817974}]",uppercase
C:/Code/airwrite-vocab-assistant/data/airwrite_identity_eval/../raw_airwrite/S/airwrite_S_20260804_160724_083206_6867ba.png,s,s,0.9422405958175659,"[{""label"": ""s"", ""probability"": 0.9422405958175659}, {""label"": ""g"", ""probability"": 0.022980066016316414}, {""label"": ""f"", ""probability"": 0.020844418555498123}]",uppercase
C:/Code/airwrite-vocab-assistant/data/airwrite_identity_eval/../raw_airwrite/S/airwrite_S_20260804_160725_460789_c6ea95.png,s,i,0.7651087641716003,"[{""label"": ""i"", ""probability"": 0.7651087641716003}, {""label"": ""l"", ""probability"": 0.09929927438497543}, {""label"": ""j"", ""probability"": 0.0898178219795227}]",uppercase
C:/Code/airwrite-vocab-assistant/data/airwrite_identity_eval/../raw_airwrite/S/airwrite_S_20260804_160731_779228_91efcb.png,s,s,0.965407133102417,"[{""label"": ""s"", ""probability"": 0.965407133102417}, {""label"": ""f"", ""probability"": 0.022712664678692818}, {""label"": ""j"", ""probability"": 0.004279749002307653}]",uppercase
C:/Code/airwrite-vocab-assistant/data/airwrite_identity_eval/../raw_airwrite/S/airwrite_S_20260804_160733_462741_5d34e0.png,s,s,0.727552056312561,"[{""label"": ""s"", ""probability"": 0.727552056312561}, {""label"": ""f"", ""probability"": 0.22058218717575073}, {""label"": ""j"", ""probability"": 0.03535577654838562}]",uppercase
C:/Code/airwrite-vocab-assistant/data/airwrite_identity_eval/../raw_airwrite/S/airwrite_S_20260804_160735_354344_c530a9.png,s,s,0.907824695110321,"[{""label"": ""s"", ""probability"": 0.907824695110321}, {""label"": ""j"", ""probability"": 0.06692393124103546}, {""label"": ""f"", ""probability"": 0.021113812923431396}]",uppercase
C:/Code/airwrite-vocab-assistant/data/airwrite_identity_eval/../raw_airwrite/S/airwrite_S_20260804_160737_070085_13970c.png,s,s,0.7483946084976196,"[{""label"": ""s"", ""probability"": 0.7483946084976196}, {""label"": ""j"", ""probability"": 0.18068033456802368}, {""label"": ""f"", ""probability"": 0.05206242576241493}]",uppercase
C:/Code/airwrite-vocab-assistant/data/airwrite_identity_eval/../raw_airwrite/S/airwrite_S_20260804_160739_033125_376ab8.png,s,s,0.716426432132721,"[{""label"": ""s"", ""probability"": 0.716426432132721}, {""label"": ""j"", ""probability"": 0.16542629897594452}, {""label"": ""f"", ""probability"": 0.07357607036828995}]",uppercase
C:/Code/airwrite-vocab-assistant/data/airwrite_identity_eval/../raw_airwrite/S/airwrite_S_20260804_160740_796895_9a71d0.png,s,s,0.5527678728103638,"[{""label"": ""s"", ""probability"": 0.5527678728103638}, {""label"": ""j"", ""probability"": 0.32783856987953186}, {""label"": ""i"", ""probability"": 0.09065625071525574}]",uppercase
C:/Code/airwrite-vocab-assistant/data/airwrite_identity_eval/../raw_airwrite/S/airwrite_S_20260804_160747_679107_ded6ff.png,s,j,0.34116384387016296,"[{""label"": ""j"", ""probability"": 0.34116384387016296}, {""label"": ""f"", ""probability"": 0.3060344457626343}, {""label"": ""s"", ""probability"": 0.1844196319580078}]",uppercase
C:/Code/airwrite-vocab-assistant/data/airwrite_identity_eval/../raw_airwrite/S/airwrite_S_20260804_160751_404194_414c51.png,s,s,0.6130715608596802,"[{""label"": ""s"", ""probability"": 0.6130715608596802}, {""label"": ""j"", ""probability"": 0.3262594938278198}, {""label"": ""i"", ""probability"": 0.04116670414805412}]",uppercase
C:/Code/airwrite-vocab-assistant/data/airwrite_identity_eval/../raw_airwrite/T/airwrite_T_20260804_160818_667766_14b4ce.png,t,t,0.9777860045433044,"[{""label"": ""t"", ""probability"": 0.9777860045433044}, {""label"": ""j"", ""probability"": 0.011127270758152008}, {""label"": ""i"", ""probability"": 0.009019716642796993}]",uppercase
C:/Code/airwrite-vocab-assistant/data/airwrite_identity_eval/../raw_airwrite/T/airwrite_T_20260804_160821_963070_d4d529.png,t,t,0.9059690237045288,"[{""label"": ""t"", ""probability"": 0.9059690237045288}, {""label"": ""j"", ""probability"": 0.03723260387778282}, {""label"": ""i"", ""probability"": 0.026975007727742195}]",uppercase
C:/Code/airwrite-vocab-assistant/data/airwrite_identity_eval/../raw_airwrite/T/airwrite_T_20260804_160829_338033_a05cab.png,t,t,0.789884626865387,"[{""label"": ""t"", ""probability"": 0.789884626865387}, {""label"": ""j"", ""probability"": 0.10556571930646896}, {""label"": ""i"", ""probability"": 0.09633397310972214}]",uppercase
C:/Code/airwrite-vocab-assistant/data/airwrite_identity_eval/../raw_airwrite/T/airwrite_T_20260804_160832_264338_c6be39.png,t,t,0.969623327255249,"[{""label"": ""t"", ""probability"": 0.969623327255249}, {""label"": ""i"", ""probability"": 0.015430920757353306}, {""label"": ""j"", ""probability"": 0.013381105847656727}]",uppercase
C:/Code/airwrite-vocab-assistant/data/airwrite_identity_eval/../raw_airwrite/T/airwrite_T_20260804_160835_682648_d3360f.png,t,t,0.8688243627548218,"[{""label"": ""t"", ""probability"": 0.8688243627548218}, {""label"": ""i"", ""probability"": 0.07622562348842621}, {""label"": ""j"", ""probability"": 0.032088108360767365}]",uppercase
C:/Code/airwrite-vocab-assistant/data/airwrite_identity_eval/../raw_airwrite/T/airwrite_T_20260804_160839_698394_d9924e.png,t,t,0.9313214421272278,"[{""label"": ""t"", ""probability"": 0.9313214421272278}, {""label"": ""i"", ""probability"": 0.02588256075978279}, {""label"": ""j"", ""probability"": 0.020671440288424492}]",uppercase
C:/Code/airwrite-vocab-assistant/data/airwrite_identity_eval/../raw_airwrite/T/airwrite_T_20260804_160843_042200_212d9d.png,t,t,0.5958795547485352,"[{""label"": ""t"", ""probability"": 0.5958795547485352}, {""label"": ""f"", ""probability"": 0.14115941524505615}, {""label"": ""i"", ""probability"": 0.11833349615335464}]",uppercase
C:/Code/airwrite-vocab-assistant/data/airwrite_identity_eval/../raw_airwrite/T/airwrite_T_20260804_160845_549084_0f7343.png,t,t,0.8197492361068726,"[{""label"": ""t"", ""probability"": 0.8197492361068726}, {""label"": ""f"", ""probability"": 0.10716169327497482}, {""label"": ""r"", ""probability"": 0.04407918080687523}]",uppercase
C:/Code/airwrite-vocab-assistant/data/airwrite_identity_eval/../raw_airwrite/T/airwrite_T_20260804_160848_258112_ca5987.png,t,t,0.8233081102371216,"[{""label"": ""t"", ""probability"": 0.8233081102371216}, {""label"": ""f"", ""probability"": 0.14246466755867004}, {""label"": ""j"", ""probability"": 0.023802967742085457}]",uppercase
C:/Code/airwrite-vocab-assistant/data/airwrite_identity_eval/../raw_airwrite/T/airwrite_T_20260804_160852_995828_a4fc90.png,t,t,0.7541995048522949,"[{""label"": ""t"", ""probability"": 0.7541995048522949}, {""label"": ""f"", ""probability"": 0.1398015171289444}, {""label"": ""i"", ""probability"": 0.06544854491949081}]",uppercase
C:/Code/airwrite-vocab-assistant/data/airwrite_identity_eval/../raw_airwrite/T/airwrite_T_20260804_160855_802010_d9941b.png,t,t,0.737519383430481,"[{""label"": ""t"", ""probability"": 0.737519383430481}, {""label"": ""i"", ""probability"": 0.15009887516498566}, {""label"": ""f"", ""probability"": 0.05495775118470192}]",uppercase
C:/Code/airwrite-vocab-assistant/data/airwrite_identity_eval/../raw_airwrite/T/airwrite_T_20260804_160905_285586_c04640.png,t,t,0.5458922386169434,"[{""label"": ""t"", ""probability"": 0.5458922386169434}, {""label"": ""i"", ""probability"": 0.2551720142364502}, {""label"": ""j"", ""probability"": 0.12651488184928894}]",uppercase
C:/Code/airwrite-vocab-assistant/data/airwrite_identity_eval/../raw_airwrite/T/airwrite_T_20260804_160912_218424_957c68.png,t,t,0.696760892868042,"[{""label"": ""t"", ""probability"": 0.696760892868042}, {""label"": ""i"", ""probability"": 0.12125033885240555}, {""label"": ""f"", ""probability"": 0.099724180996418}]",uppercase
C:/Code/airwrite-vocab-assistant/data/airwrite_identity_eval/../raw_airwrite/T/airwrite_T_20260804_160916_381367_6b1d02.png,t,t,0.6774043440818787,"[{""label"": ""t"", ""probability"": 0.6774043440818787}, {""label"": ""f"", ""probability"": 0.13700801134109497}, {""label"": ""i"", ""probability"": 0.11382805556058884}]",uppercase
C:/Code/airwrite-vocab-assistant/data/airwrite_identity_eval/../raw_airwrite/T/airwrite_T_20260804_160921_487235_346d05.png,t,l,0.2448611557483673,"[{""label"": ""l"", ""probability"": 0.2448611557483673}, {""label"": ""h"", ""probability"": 0.22906558215618134}, {""label"": ""i"", ""probability"": 0.1456359326839447}]",uppercase
C:/Code/airwrite-vocab-assistant/data/airwrite_identity_eval/../raw_airwrite/T/airwrite_T_20260804_160925_118883_cb2f0e.png,t,h,0.2687199115753174,"[{""label"": ""h"", ""probability"": 0.2687199115753174}, {""label"": ""i"", ""probability"": 0.1818036437034607}, {""label"": ""l"", ""probability"": 0.15219613909721375}]",uppercase
C:/Code/airwrite-vocab-assistant/data/airwrite_identity_eval/../raw_airwrite/T/airwrite_T_20260804_160930_897858_58ffd7.png,t,t,0.513318657875061,"[{""label"": ""t"", ""probability"": 0.513318657875061}, {""label"": ""f"", ""probability"": 0.14149093627929688}, {""label"": ""i"", ""probability"": 0.09901076555252075}]",uppercase
C:/Code/airwrite-vocab-assistant/data/airwrite_identity_eval/../raw_airwrite/T/airwrite_T_20260804_160959_266985_7b4cb0.png,t,t,0.9904959201812744,"[{""label"": ""t"", ""probability"": 0.9904959201812744}, {""label"": ""i"", ""probability"": 0.007720532361418009}, {""label"": ""l"", ""probability"": 0.0009090154781006277}]",uppercase
C:/Code/airwrite-vocab-assistant/data/airwrite_identity_eval/../raw_airwrite/T/airwrite_T_20260804_161001_862539_d1e206.png,t,t,0.7846841812133789,"[{""label"": ""t"", ""probability"": 0.7846841812133789}, {""label"": ""i"", ""probability"": 0.1944182813167572}, {""label"": ""j"", ""probability"": 0.016016414389014244}]",uppercase
C:/Code/airwrite-vocab-assistant/data/airwrite_identity_eval/../raw_airwrite/T/airwrite_T_20260804_161004_282706_3a4fed.png,t,t,0.9925162196159363,"[{""label"": ""t"", ""probability"": 0.9925162196159363}, {""label"": ""i"", ""probability"": 0.005818676203489304}, {""label"": ""j"", ""probability"": 0.0011914243223145604}]",uppercase
C:/Code/airwrite-vocab-assistant/data/airwrite_identity_eval/../raw_airwrite/T/airwrite_T_20260804_161006_467677_fc8ccd.png,t,t,0.9569064974784851,"[{""label"": ""t"", ""probability"": 0.9569064974784851}, {""label"": ""i"", ""probability"": 0.037951111793518066}, {""label"": ""j"", ""probability"": 0.0035033358726650476}]",uppercase
C:/Code/airwrite-vocab-assistant/data/airwrite_identity_eval/../raw_airwrite/T/airwrite_T_20260804_161009_159857_136051.png,t,t,0.8966866135597229,"[{""label"": ""t"", ""probability"": 0.8966866135597229}, {""label"": ""i"", ""probability"": 0.0816819816827774}, {""label"": ""j"", ""probability"": 0.016585038974881172}]",uppercase
C:/Code/airwrite-vocab-assistant/data/airwrite_identity_eval/../raw_airwrite/T/airwrite_T_20260804_161011_993068_e69ab4.png,t,t,0.9699043035507202,"[{""label"": ""t"", ""probability"": 0.9699043035507202}, {""label"": ""i"", ""probability"": 0.028387755155563354}, {""label"": ""j"", ""probability"": 0.0007342260214500129}]",uppercase
C:/Code/airwrite-vocab-assistant/data/airwrite_identity_eval/../raw_airwrite/T/airwrite_T_20260804_161014_819685_f15e3d.png,t,t,0.9829838275909424,"[{""label"": ""t"", ""probability"": 0.9829838275909424}, {""label"": ""i"", ""probability"": 0.01322588324546814}, {""label"": ""j"", ""probability"": 0.003568843938410282}]",uppercase
C:/Code/airwrite-vocab-assistant/data/airwrite_identity_eval/../raw_airwrite/T/airwrite_T_20260804_161019_079338_cfa1a1.png,t,t,0.9929100871086121,"[{""label"": ""t"", ""probability"": 0.9929100871086121}, {""label"": ""i"", ""probability"": 0.00504547543823719}, {""label"": ""j"", ""probability"": 0.0016365984920412302}]",uppercase
C:/Code/airwrite-vocab-assistant/data/airwrite_identity_eval/../raw_airwrite/T/airwrite_T_20260804_161021_704934_c4e46e.png,t,t,0.9981391429901123,"[{""label"": ""t"", ""probability"": 0.9981391429901123}, {""label"": ""i"", ""probability"": 0.001060182461515069}, {""label"": ""r"", ""probability"": 0.00029566322336904705}]",uppercase
C:/Code/airwrite-vocab-assistant/data/airwrite_identity_eval/../raw_airwrite/T/airwrite_T_20260804_161023_918372_0df39d.png,t,t,0.9974729418754578,"[{""label"": ""t"", ""probability"": 0.9974729418754578}, {""label"": ""i"", ""probability"": 0.001401138724759221}, {""label"": ""j"", ""probability"": 0.0005800655344501138}]",uppercase
C:/Code/airwrite-vocab-assistant/data/airwrite_identity_eval/../raw_airwrite/T/airwrite_T_20260804_161026_091197_0cd1bd.png,t,t,0.9989162683486938,"[{""label"": ""t"", ""probability"": 0.9989162683486938}, {""label"": ""i"", ""probability"": 0.0008801308576948941}, {""label"": ""j"", ""probability"": 7.120769441826269e-05}]",uppercase
C:/Code/airwrite-vocab-assistant/data/airwrite_identity_eval/../raw_airwrite/T/airwrite_T_20260804_161028_426038_6ee333.png,t,t,0.9883716702461243,"[{""label"": ""t"", ""probability"": 0.9883716702461243}, {""label"": ""i"", ""probability"": 0.008765066973865032}, {""label"": ""f"", ""probability"": 0.001413743826560676}]",uppercase
C:/Code/airwrite-vocab-assistant/data/airwrite_identity_eval/../raw_airwrite/T/airwrite_T_20260804_161030_779875_f567c0.png,t,t,0.9459041357040405,"[{""label"": ""t"", ""probability"": 0.9459041357040405}, {""label"": ""i"", ""probability"": 0.03963307663798332}, {""label"": ""j"", ""probability"": 0.014010627754032612}]",uppercase
C:/Code/airwrite-vocab-assistant/data/airwrite_identity_eval/../raw_airwrite/T/airwrite_T_20260804_161033_021915_6b44d2.png,t,t,0.990931510925293,"[{""label"": ""t"", ""probability"": 0.990931510925293}, {""label"": ""i"", ""probability"": 0.007044604048132896}, {""label"": ""j"", ""probability"": 0.0010776752606034279}]",uppercase
C:/Code/airwrite-vocab-assistant/data/airwrite_identity_eval/../raw_airwrite/T/airwrite_T_20260804_161035_356846_6a095a.png,t,t,0.9920422434806824,"[{""label"": ""t"", ""probability"": 0.9920422434806824}, {""label"": ""i"", ""probability"": 0.0031816570553928614}, {""label"": ""j"", ""probability"": 0.0027392699848860502}]",uppercase
C:/Code/airwrite-vocab-assistant/data/airwrite_identity_eval/../raw_airwrite/T/airwrite_T_20260804_161037_586251_c5b1f3.png,t,t,0.96080082654953,"[{""label"": ""t"", ""probability"": 0.96080082654953}, {""label"": ""j"", ""probability"": 0.01058006752282381}, {""label"": ""i"", ""probability"": 0.008817063644528389}]",uppercase
C:/Code/airwrite-vocab-assistant/data/airwrite_identity_eval/../raw_airwrite/T/airwrite_T_20260804_161039_163100_e5ad32.png,t,t,0.4066687226295471,"[{""label"": ""t"", ""probability"": 0.4066687226295471}, {""label"": ""i"", ""probability"": 0.38929373025894165}, {""label"": ""l"", ""probability"": 0.16894301772117615}]",uppercase
C:/Code/airwrite-vocab-assistant/data/airwrite_identity_eval/../raw_airwrite/T/airwrite_T_20260804_161042_323999_4799df.png,t,t,0.9992268085479736,"[{""label"": ""t"", ""probability"": 0.9992268085479736}, {""label"": ""i"", ""probability"": 0.0004440806224010885}, {""label"": ""j"", ""probability"": 0.00031459087040275335}]",uppercase
C:/Code/airwrite-vocab-assistant/data/airwrite_identity_eval/../raw_airwrite/T/airwrite_T_20260804_161045_114015_c5535a.png,t,t,0.9949919581413269,"[{""label"": ""t"", ""probability"": 0.9949919581413269}, {""label"": ""i"", ""probability"": 0.004281958099454641}, {""label"": ""f"", ""probability"": 0.0003632503794506192}]",uppercase
C:/Code/airwrite-vocab-assistant/data/airwrite_identity_eval/../raw_airwrite/T/airwrite_T_20260804_161047_655683_30e28f.png,t,t,0.9990014433860779,"[{""label"": ""t"", ""probability"": 0.9990014433860779}, {""label"": ""i"", ""probability"": 0.0004998433287255466}, {""label"": ""j"", ""probability"": 0.0003833566443063319}]",uppercase
C:/Code/airwrite-vocab-assistant/data/airwrite_identity_eval/../raw_airwrite/T/airwrite_T_20260804_161049_845133_717e7c.png,t,t,0.9957401752471924,"[{""label"": ""t"", ""probability"": 0.9957401752471924}, {""label"": ""i"", ""probability"": 0.0031624867115169764}, {""label"": ""j"", ""probability"": 0.001002229400910437}]",uppercase
C:/Code/airwrite-vocab-assistant/data/airwrite_identity_eval/../raw_airwrite/T/airwrite_T_20260804_161052_196349_169e33.png,t,t,0.982455313205719,"[{""label"": ""t"", ""probability"": 0.982455313205719}, {""label"": ""j"", ""probability"": 0.011707532219588757}, {""label"": ""i"", ""probability"": 0.004893372301012278}]",uppercase
C:/Code/airwrite-vocab-assistant/data/airwrite_identity_eval/../raw_airwrite/T/airwrite_T_20260804_161055_287617_f37760.png,t,t,0.9861618280410767,"[{""label"": ""t"", ""probability"": 0.9861618280410767}, {""label"": ""r"", ""probability"": 0.006263405550271273}, {""label"": ""j"", ""probability"": 0.0032790338154882193}]",uppercase
C:/Code/airwrite-vocab-assistant/data/airwrite_identity_eval/../raw_airwrite/T/airwrite_T_20260804_161058_097609_5a1198.png,t,t,0.9974645376205444,"[{""label"": ""t"", ""probability"": 0.9974645376205444}, {""label"": ""i"", ""probability"": 0.0016395602142438293}, {""label"": ""f"", ""probability"": 0.00033563945908099413}]",uppercase
C:/Code/airwrite-vocab-assistant/data/airwrite_identity_eval/../raw_airwrite/T/airwrite_T_20260804_161106_187792_8fed68.png,t,t,0.9268434643745422,"[{""label"": ""t"", ""probability"": 0.9268434643745422}, {""label"": ""r"", ""probability"": 0.05359232798218727}, {""label"": ""i"", ""probability"": 0.008304157294332981}]",uppercase
C:/Code/airwrite-vocab-assistant/data/airwrite_identity_eval/../raw_airwrite/T/airwrite_T_20260804_161108_778270_545b72.png,t,t,0.9571130871772766,"[{""label"": ""t"", ""probability"": 0.9571130871772766}, {""label"": ""i"", ""probability"": 0.03691728785634041}, {""label"": ""j"", ""probability"": 0.0048923734575510025}]",uppercase
C:/Code/airwrite-vocab-assistant/data/airwrite_identity_eval/../raw_airwrite/T/airwrite_T_20260804_161111_172908_b4400a.png,t,t,0.9876553416252136,"[{""label"": ""t"", ""probability"": 0.9876553416252136}, {""label"": ""i"", ""probability"": 0.007081671617925167}, {""label"": ""j"", ""probability"": 0.004041294101625681}]",uppercase
C:/Code/airwrite-vocab-assistant/data/airwrite_identity_eval/../raw_airwrite/T/airwrite_T_20260804_161113_322138_2f5d08.png,t,t,0.99577796459198,"[{""label"": ""t"", ""probability"": 0.99577796459198}, {""label"": ""i"", ""probability"": 0.0029369136318564415}, {""label"": ""j"", ""probability"": 0.0010022111237049103}]",uppercase
C:/Code/airwrite-vocab-assistant/data/airwrite_identity_eval/../raw_airwrite/T/airwrite_T_20260804_161114_848596_65916d.png,t,t,0.6881202459335327,"[{""label"": ""t"", ""probability"": 0.6881202459335327}, {""label"": ""i"", ""probability"": 0.2476477026939392}, {""label"": ""l"", ""probability"": 0.04593741148710251}]",uppercase
C:/Code/airwrite-vocab-assistant/data/airwrite_identity_eval/../raw_airwrite/T/airwrite_T_20260804_161117_753224_7542fc.png,t,t,0.9782984852790833,"[{""label"": ""t"", ""probability"": 0.9782984852790833}, {""label"": ""i"", ""probability"": 0.012427952140569687}, {""label"": ""j"", ""probability"": 0.008992434479296207}]",uppercase
C:/Code/airwrite-vocab-assistant/data/airwrite_identity_eval/../raw_airwrite/T/airwrite_T_20260804_161119_518507_f6f138.png,t,t,0.9722079634666443,"[{""label"": ""t"", ""probability"": 0.9722079634666443}, {""label"": ""f"", ""probability"": 0.026038717478513718}, {""label"": ""r"", ""probability"": 0.0007866667583584785}]",uppercase
C:/Code/airwrite-vocab-assistant/data/airwrite_identity_eval/../raw_airwrite/T/airwrite_T_20260804_161135_002099_43f628.png,t,t,0.9347348809242249,"[{""label"": ""t"", ""probability"": 0.9347348809242249}, {""label"": ""i"", ""probability"": 0.037319108843803406}, {""label"": ""j"", ""probability"": 0.017811624333262444}]",uppercase
C:/Code/airwrite-vocab-assistant/data/airwrite_identity_eval/../raw_airwrite/T/airwrite_T_20260804_161137_291123_195590.png,t,t,0.7321693897247314,"[{""label"": ""t"", ""probability"": 0.7321693897247314}, {""label"": ""i"", ""probability"": 0.18561843037605286}, {""label"": ""j"", ""probability"": 0.05770043656229973}]",uppercase
C:/Code/airwrite-vocab-assistant/data/airwrite_identity_eval/../raw_airwrite/T/airwrite_T_20260804_161139_209162_c2e1a8.png,t,t,0.8304365873336792,"[{""label"": ""t"", ""probability"": 0.8304365873336792}, {""label"": ""r"", ""probability"": 0.08161246031522751}, {""label"": ""i"", ""probability"": 0.029247967526316643}]",uppercase
C:/Code/airwrite-vocab-assistant/data/airwrite_identity_eval/../raw_airwrite/T/airwrite_T_20260804_161141_041420_5b1e59.png,t,t,0.9991782307624817,"[{""label"": ""t"", ""probability"": 0.9991782307624817}, {""label"": ""j"", ""probability"": 0.0005764256929978728}, {""label"": ""i"", ""probability"": 0.00019589244038797915}]",uppercase
C:/Code/airwrite-vocab-assistant/data/airwrite_identity_eval/../raw_airwrite/T/airwrite_T_20260804_161142_773750_e9ea70.png,t,t,0.9982158541679382,"[{""label"": ""t"", ""probability"": 0.9982158541679382}, {""label"": ""r"", ""probability"": 0.0010246806778013706}, {""label"": ""f"", ""probability"": 0.0002994003298226744}]",uppercase
C:/Code/airwrite-vocab-assistant/data/airwrite_identity_eval/../raw_airwrite/T/airwrite_T_20260804_161144_875105_fc9c8f.png,t,t,0.9972760081291199,"[{""label"": ""t"", ""probability"": 0.9972760081291199}, {""label"": ""i"", ""probability"": 0.002400171011686325}, {""label"": ""j"", ""probability"": 0.00020174248493276536}]",uppercase
C:/Code/airwrite-vocab-assistant/data/airwrite_identity_eval/../raw_airwrite/U/airwrite_U_20260804_161202_487827_8e8714.png,u,j,0.6501187682151794,"[{""label"": ""j"", ""probability"": 0.6501187682151794}, {""label"": ""i"", ""probability"": 0.15713033080101013}, {""label"": ""v"", ""probability"": 0.10560721904039383}]",uppercase
C:/Code/airwrite-vocab-assistant/data/airwrite_identity_eval/../raw_airwrite/U/airwrite_U_20260804_161204_757804_81a38c.png,u,j,0.4505085051059723,"[{""label"": ""j"", ""probability"": 0.4505085051059723}, {""label"": ""y"", ""probability"": 0.31319427490234375}, {""label"": ""v"", ""probability"": 0.1378805935382843}]",uppercase
C:/Code/airwrite-vocab-assistant/data/airwrite_identity_eval/../raw_airwrite/U/airwrite_U_20260804_161206_523166_41da9b.png,u,j,0.5420575737953186,"[{""label"": ""j"", ""probability"": 0.5420575737953186}, {""label"": ""v"", ""probability"": 0.16902394592761993}, {""label"": ""y"", ""probability"": 0.15432769060134888}]",uppercase
C:/Code/airwrite-vocab-assistant/data/airwrite_identity_eval/../raw_airwrite/U/airwrite_U_20260804_161208_244064_3b5730.png,u,j,0.4452191889286041,"[{""label"": ""j"", ""probability"": 0.4452191889286041}, {""label"": ""u"", ""probability"": 0.3286113142967224}, {""label"": ""v"", ""probability"": 0.11982191354036331}]",uppercase
C:/Code/airwrite-vocab-assistant/data/airwrite_identity_eval/../raw_airwrite/U/airwrite_U_20260804_161210_880957_eb0456.png,u,u,0.7669370174407959,"[{""label"": ""u"", ""probability"": 0.7669370174407959}, {""label"": ""v"", ""probability"": 0.16718585789203644}, {""label"": ""j"", ""probability"": 0.02298233099281788}]",uppercase
C:/Code/airwrite-vocab-assistant/data/airwrite_identity_eval/../raw_airwrite/U/airwrite_U_20260804_161217_148297_dffced.png,u,j,0.7737776637077332,"[{""label"": ""j"", ""probability"": 0.7737776637077332}, {""label"": ""v"", ""probability"": 0.12400685995817184}, {""label"": ""u"", ""probability"": 0.0538032203912735}]",uppercase
C:/Code/airwrite-vocab-assistant/data/airwrite_identity_eval/../raw_airwrite/U/airwrite_U_20260804_161219_373813_f943a3.png,u,j,0.9632146954536438,"[{""label"": ""j"", ""probability"": 0.9632146954536438}, {""label"": ""v"", ""probability"": 0.012166852131485939}, {""label"": ""u"", ""probability"": 0.010336383245885372}]",uppercase
C:/Code/airwrite-vocab-assistant/data/airwrite_identity_eval/../raw_airwrite/U/airwrite_U_20260804_161221_760143_c07740.png,u,u,0.7263926267623901,"[{""label"": ""u"", ""probability"": 0.7263926267623901}, {""label"": ""v"", ""probability"": 0.19688980281352997}, {""label"": ""y"", ""probability"": 0.05652840808033943}]",uppercase
C:/Code/airwrite-vocab-assistant/data/airwrite_identity_eval/../raw_airwrite/U/airwrite_U_20260804_161226_697372_205d38.png,u,j,0.2564162611961365,"[{""label"": ""j"", ""probability"": 0.2564162611961365}, {""label"": ""v"", ""probability"": 0.24679188430309296}, {""label"": ""u"", ""probability"": 0.17941954731941223}]",uppercase
C:/Code/airwrite-vocab-assistant/data/airwrite_identity_eval/../raw_airwrite/U/airwrite_U_20260804_161228_802740_90dcf9.png,u,v,0.6297369599342346,"[{""label"": ""v"", ""probability"": 0.6297369599342346}, {""label"": ""u"", ""probability"": 0.24974437057971954}, {""label"": ""j"", ""probability"": 0.09929627180099487}]",uppercase
C:/Code/airwrite-vocab-assistant/data/airwrite_identity_eval/../raw_airwrite/U/airwrite_U_20260804_161234_364657_a42be6.png,u,j,0.6304953694343567,"[{""label"": ""j"", ""probability"": 0.6304953694343567}, {""label"": ""v"", ""probability"": 0.19707335531711578}, {""label"": ""u"", ""probability"": 0.12832921743392944}]",uppercase
C:/Code/airwrite-vocab-assistant/data/airwrite_identity_eval/../raw_airwrite/U/airwrite_U_20260804_161237_291212_6238c5.png,u,u,0.5250172019004822,"[{""label"": ""u"", ""probability"": 0.5250172019004822}, {""label"": ""v"", ""probability"": 0.380251407623291}, {""label"": ""j"", ""probability"": 0.0622420608997345}]",uppercase
C:/Code/airwrite-vocab-assistant/data/airwrite_identity_eval/../raw_airwrite/U/airwrite_U_20260804_161241_311408_07725d.png,u,w,0.5568661093711853,"[{""label"": ""w"", ""probability"": 0.5568661093711853}, {""label"": ""u"", ""probability"": 0.3237495422363281}, {""label"": ""y"", ""probability"": 0.052864380180835724}]",uppercase
C:/Code/airwrite-vocab-assistant/data/airwrite_identity_eval/../raw_airwrite/U/airwrite_U_20260804_161244_026313_b522ba.png,u,u,0.7668017745018005,"[{""label"": ""u"", ""probability"": 0.7668017745018005}, {""label"": ""w"", ""probability"": 0.0997312143445015}, {""label"": ""y"", ""probability"": 0.048311978578567505}]",uppercase
C:/Code/airwrite-vocab-assistant/data/airwrite_identity_eval/../raw_airwrite/U/airwrite_U_20260804_161251_006280_1367d0.png,u,u,0.5423829555511475,"[{""label"": ""u"", ""probability"": 0.5423829555511475}, {""label"": ""v"", ""probability"": 0.2292233407497406}, {""label"": ""w"", ""probability"": 0.14872844517230988}]",uppercase
C:/Code/airwrite-vocab-assistant/data/airwrite_identity_eval/../raw_airwrite/U/airwrite_U_20260804_161343_616238_e891fb.png,u,u,0.6582631468772888,"[{""label"": ""u"", ""probability"": 0.6582631468772888}, {""label"": ""w"", ""probability"": 0.217393696308136}, {""label"": ""v"", ""probability"": 0.08713540434837341}]",uppercase
C:/Code/airwrite-vocab-assistant/data/airwrite_identity_eval/../raw_airwrite/U/airwrite_U_20260804_161346_104634_04b543.png,u,w,0.6796309351921082,"[{""label"": ""w"", ""probability"": 0.6796309351921082}, {""label"": ""u"", ""probability"": 0.23124273121356964}, {""label"": ""v"", ""probability"": 0.04021495208144188}]",uppercase
C:/Code/airwrite-vocab-assistant/data/airwrite_identity_eval/../raw_airwrite/U/airwrite_U_20260804_161349_572915_b39696.png,u,u,0.7436107397079468,"[{""label"": ""u"", ""probability"": 0.7436107397079468}, {""label"": ""w"", ""probability"": 0.14916111528873444}, {""label"": ""v"", ""probability"": 0.07184074819087982}]",uppercase
C:/Code/airwrite-vocab-assistant/data/airwrite_identity_eval/../raw_airwrite/U/airwrite_U_20260804_161352_350937_da2a6f.png,u,w,0.9848319888114929,"[{""label"": ""w"", ""probability"": 0.9848319888114929}, {""label"": ""u"", ""probability"": 0.006878310348838568}, {""label"": ""v"", ""probability"": 0.004785564262419939}]",uppercase
C:/Code/airwrite-vocab-assistant/data/airwrite_identity_eval/../raw_airwrite/U/airwrite_U_20260804_161356_478939_995c3b.png,u,u,0.916824221611023,"[{""label"": ""u"", ""probability"": 0.916824221611023}, {""label"": ""y"", ""probability"": 0.05410183593630791}, {""label"": ""v"", ""probability"": 0.017888937145471573}]",uppercase
C:/Code/airwrite-vocab-assistant/data/airwrite_identity_eval/../raw_airwrite/U/airwrite_U_20260804_161359_945664_6d4368.png,u,u,0.6443876028060913,"[{""label"": ""u"", ""probability"": 0.6443876028060913}, {""label"": ""v"", ""probability"": 0.23586562275886536}, {""label"": ""y"", ""probability"": 0.09924380481243134}]",uppercase
C:/Code/airwrite-vocab-assistant/data/airwrite_identity_eval/../raw_airwrite/U/airwrite_U_20260804_161403_687584_adefc4.png,u,u,0.8607390522956848,"[{""label"": ""u"", ""probability"": 0.8607390522956848}, {""label"": ""v"", ""probability"": 0.07807458192110062}, {""label"": ""w"", ""probability"": 0.02348700724542141}]",uppercase
C:/Code/airwrite-vocab-assistant/data/airwrite_identity_eval/../raw_airwrite/U/airwrite_U_20260804_161409_902898_c3ffc3.png,u,y,0.5675541162490845,"[{""label"": ""y"", ""probability"": 0.5675541162490845}, {""label"": ""u"", ""probability"": 0.27924951910972595}, {""label"": ""v"", ""probability"": 0.05158175900578499}]",uppercase
C:/Code/airwrite-vocab-assistant/data/airwrite_identity_eval/../raw_airwrite/U/airwrite_U_20260804_161421_544238_503da4.png,u,j,0.6151896119117737,"[{""label"": ""j"", ""probability"": 0.6151896119117737}, {""label"": ""u"", ""probability"": 0.14217926561832428}, {""label"": ""v"", ""probability"": 0.12139924615621567}]",uppercase
C:/Code/airwrite-vocab-assistant/data/airwrite_identity_eval/../raw_airwrite/U/airwrite_U_20260804_161433_927040_f4401c.png,u,j,0.765513002872467,"[{""label"": ""j"", ""probability"": 0.765513002872467}, {""label"": ""v"", ""probability"": 0.1248542070388794}, {""label"": ""u"", ""probability"": 0.04078188166022301}]",uppercase
C:/Code/airwrite-vocab-assistant/data/airwrite_identity_eval/../raw_airwrite/U/airwrite_U_20260804_161438_870441_d9d7d3.png,u,u,0.3191050589084625,"[{""label"": ""u"", ""probability"": 0.3191050589084625}, {""label"": ""v"", ""probability"": 0.2993130385875702}, {""label"": ""j"", ""probability"": 0.28718987107276917}]",uppercase
C:/Code/airwrite-vocab-assistant/data/airwrite_identity_eval/../raw_airwrite/U/airwrite_U_20260804_161525_633744_329cef.png,u,v,0.43442389369010925,"[{""label"": ""v"", ""probability"": 0.43442389369010925}, {""label"": ""u"", ""probability"": 0.32023829221725464}, {""label"": ""j"", ""probability"": 0.15225358307361603}]",uppercase
C:/Code/airwrite-vocab-assistant/data/airwrite_identity_eval/../raw_airwrite/U/airwrite_U_20260804_161528_027227_27c5bc.png,u,j,0.7771551012992859,"[{""label"": ""j"", ""probability"": 0.7771551012992859}, {""label"": ""v"", ""probability"": 0.08972972631454468}, {""label"": ""u"", ""probability"": 0.051990751177072525}]",uppercase
C:/Code/airwrite-vocab-assistant/data/airwrite_identity_eval/../raw_airwrite/U/airwrite_U_20260804_161531_220052_539733.png,u,j,0.5795968770980835,"[{""label"": ""j"", ""probability"": 0.5795968770980835}, {""label"": ""v"", ""probability"": 0.19211894273757935}, {""label"": ""u"", ""probability"": 0.16090995073318481}]",uppercase
C:/Code/airwrite-vocab-assistant/data/airwrite_identity_eval/../raw_airwrite/U/airwrite_U_20260804_161534_775091_c36bfc.png,u,j,0.7489699125289917,"[{""label"": ""j"", ""probability"": 0.7489699125289917}, {""label"": ""v"", ""probability"": 0.13908450305461884}, {""label"": ""u"", ""probability"": 0.05417441949248314}]",uppercase
C:/Code/airwrite-vocab-assistant/data/airwrite_identity_eval/../raw_airwrite/U/airwrite_U_20260804_161541_649223_7f848d.png,u,j,0.5696978569030762,"[{""label"": ""j"", ""probability"": 0.5696978569030762}, {""label"": ""v"", ""probability"": 0.26657381653785706}, {""label"": ""u"", ""probability"": 0.07634266465902328}]",uppercase
C:/Code/airwrite-vocab-assistant/data/airwrite_identity_eval/../raw_airwrite/U/airwrite_U_20260804_161543_980168_b9ae1a.png,u,j,0.6232569813728333,"[{""label"": ""j"", ""probability"": 0.6232569813728333}, {""label"": ""v"", ""probability"": 0.23932237923145294}, {""label"": ""u"", ""probability"": 0.05462009832262993}]",uppercase
C:/Code/airwrite-vocab-assistant/data/airwrite_identity_eval/../raw_airwrite/U/airwrite_U_20260804_161554_213764_84901f.png,u,v,0.36385905742645264,"[{""label"": ""v"", ""probability"": 0.36385905742645264}, {""label"": ""j"", ""probability"": 0.3431907892227173}, {""label"": ""u"", ""probability"": 0.23234187066555023}]",uppercase
C:/Code/airwrite-vocab-assistant/data/airwrite_identity_eval/../raw_airwrite/U/airwrite_U_20260804_161600_852205_a97f1e.png,u,j,0.33585506677627563,"[{""label"": ""j"", ""probability"": 0.33585506677627563}, {""label"": ""v"", ""probability"": 0.32987865805625916}, {""label"": ""u"", ""probability"": 0.2284916490316391}]",uppercase
C:/Code/airwrite-vocab-assistant/data/airwrite_identity_eval/../raw_airwrite/U/airwrite_U_20260804_161605_437343_519e32.png,u,j,0.46406736969947815,"[{""label"": ""j"", ""probability"": 0.46406736969947815}, {""label"": ""v"", ""probability"": 0.3491656482219696}, {""label"": ""u"", ""probability"": 0.14270392060279846}]",uppercase
C:/Code/airwrite-vocab-assistant/data/airwrite_identity_eval/../raw_airwrite/U/airwrite_U_20260804_161607_485021_d3c587.png,u,u,0.34288814663887024,"[{""label"": ""u"", ""probability"": 0.34288814663887024}, {""label"": ""j"", ""probability"": 0.31553664803504944}, {""label"": ""v"", ""probability"": 0.2209586352109909}]",uppercase
C:/Code/airwrite-vocab-assistant/data/airwrite_identity_eval/../raw_airwrite/U/airwrite_U_20260804_161609_635312_b8bf55.png,u,v,0.5603703260421753,"[{""label"": ""v"", ""probability"": 0.5603703260421753}, {""label"": ""j"", ""probability"": 0.23231451213359833}, {""label"": ""u"", ""probability"": 0.13189436495304108}]",uppercase
C:/Code/airwrite-vocab-assistant/data/airwrite_identity_eval/../raw_airwrite/U/airwrite_U_20260804_161621_958963_507182.png,u,j,0.8259010314941406,"[{""label"": ""j"", ""probability"": 0.8259010314941406}, {""label"": ""u"", ""probability"": 0.08038730919361115}, {""label"": ""v"", ""probability"": 0.05923648178577423}]",uppercase
C:/Code/airwrite-vocab-assistant/data/airwrite_identity_eval/../raw_airwrite/U/airwrite_U_20260804_161624_000860_bdc577.png,u,j,0.7529217004776001,"[{""label"": ""j"", ""probability"": 0.7529217004776001}, {""label"": ""v"", ""probability"": 0.13614968955516815}, {""label"": ""u"", ""probability"": 0.07020971179008484}]",uppercase
C:/Code/airwrite-vocab-assistant/data/airwrite_identity_eval/../raw_airwrite/U/airwrite_U_20260804_161626_971225_6a1667.png,u,j,0.7204188704490662,"[{""label"": ""j"", ""probability"": 0.7204188704490662}, {""label"": ""u"", ""probability"": 0.13813439011573792}, {""label"": ""v"", ""probability"": 0.08298009634017944}]",uppercase
C:/Code/airwrite-vocab-assistant/data/airwrite_identity_eval/../raw_airwrite/U/airwrite_U_20260804_161630_270558_e873c0.png,u,u,0.3879202604293823,"[{""label"": ""u"", ""probability"": 0.3879202604293823}, {""label"": ""j"", ""probability"": 0.2761877477169037}, {""label"": ""v"", ""probability"": 0.22932204604148865}]",uppercase
C:/Code/airwrite-vocab-assistant/data/airwrite_identity_eval/../raw_airwrite/U/airwrite_U_20260804_161633_684029_9d15b9.png,u,j,0.32766300439834595,"[{""label"": ""j"", ""probability"": 0.32766300439834595}, {""label"": ""v"", ""probability"": 0.2694541811943054}, {""label"": ""u"", ""probability"": 0.24305416643619537}]",uppercase
C:/Code/airwrite-vocab-assistant/data/airwrite_identity_eval/../raw_airwrite/U/airwrite_U_20260804_161636_937617_49bb29.png,u,u,0.5312758088111877,"[{""label"": ""u"", ""probability"": 0.5312758088111877}, {""label"": ""v"", ""probability"": 0.38117775321006775}, {""label"": ""j"", ""probability"": 0.03504857048392296}]",uppercase
C:/Code/airwrite-vocab-assistant/data/airwrite_identity_eval/../raw_airwrite/U/airwrite_U_20260804_161640_439291_a621fc.png,u,j,0.5083616971969604,"[{""label"": ""j"", ""probability"": 0.5083616971969604}, {""label"": ""v"", ""probability"": 0.21420229971408844}, {""label"": ""u"", ""probability"": 0.21060876548290253}]",uppercase
C:/Code/airwrite-vocab-assistant/data/airwrite_identity_eval/../raw_airwrite/U/airwrite_U_20260804_161643_965269_358937.png,u,u,0.4921033978462219,"[{""label"": ""u"", ""probability"": 0.4921033978462219}, {""label"": ""j"", ""probability"": 0.1983351856470108}, {""label"": ""v"", ""probability"": 0.18795588612556458}]",uppercase
C:/Code/airwrite-vocab-assistant/data/airwrite_identity_eval/../raw_airwrite/U/airwrite_U_20260804_161653_468516_3537ff.png,u,u,0.5183653235435486,"[{""label"": ""u"", ""probability"": 0.5183653235435486}, {""label"": ""v"", ""probability"": 0.29177409410476685}, {""label"": ""j"", ""probability"": 0.1600583791732788}]",uppercase
C:/Code/airwrite-vocab-assistant/data/airwrite_identity_eval/../raw_airwrite/U/airwrite_U_20260804_161655_807995_a888f9.png,u,u,0.7170032858848572,"[{""label"": ""u"", ""probability"": 0.7170032858848572}, {""label"": ""v"", ""probability"": 0.22328174114227295}, {""label"": ""j"", ""probability"": 0.030191199854016304}]",uppercase
C:/Code/airwrite-vocab-assistant/data/airwrite_identity_eval/../raw_airwrite/U/airwrite_U_20260804_161703_074617_c6b542.png,u,u,0.3744070529937744,"[{""label"": ""u"", ""probability"": 0.3744070529937744}, {""label"": ""j"", ""probability"": 0.31344231963157654}, {""label"": ""v"", ""probability"": 0.2276969701051712}]",uppercase
C:/Code/airwrite-vocab-assistant/data/airwrite_identity_eval/../raw_airwrite/U/airwrite_U_20260804_161705_285768_b7fe95.png,u,u,0.4320971667766571,"[{""label"": ""u"", ""probability"": 0.4320971667766571}, {""label"": ""v"", ""probability"": 0.40290626883506775}, {""label"": ""j"", ""probability"": 0.07668686658143997}]",uppercase
C:/Code/airwrite-vocab-assistant/data/airwrite_identity_eval/../raw_airwrite/V/airwrite_V_20260804_161715_589059_b5bc5f.png,v,v,0.9600857496261597,"[{""label"": ""v"", ""probability"": 0.9600857496261597}, {""label"": ""y"", ""probability"": 0.02109711244702339}, {""label"": ""u"", ""probability"": 0.011306006461381912}]",uppercase
C:/Code/airwrite-vocab-assistant/data/airwrite_identity_eval/../raw_airwrite/V/airwrite_V_20260804_161717_261289_fc716c.png,v,v,0.8937468528747559,"[{""label"": ""v"", ""probability"": 0.8937468528747559}, {""label"": ""j"", ""probability"": 0.059025540947914124}, {""label"": ""y"", ""probability"": 0.0295223630964756}]",uppercase
C:/Code/airwrite-vocab-assistant/data/airwrite_identity_eval/../raw_airwrite/V/airwrite_V_20260804_161719_073676_03b476.png,v,v,0.48518291115760803,"[{""label"": ""v"", ""probability"": 0.48518291115760803}, {""label"": ""j"", ""probability"": 0.3397553563117981}, {""label"": ""i"", ""probability"": 0.08456359058618546}]",uppercase
C:/Code/airwrite-vocab-assistant/data/airwrite_identity_eval/../raw_airwrite/V/airwrite_V_20260804_161720_794329_cd641f.png,v,j,0.3033396601676941,"[{""label"": ""j"", ""probability"": 0.3033396601676941}, {""label"": ""y"", ""probability"": 0.3023703694343567}, {""label"": ""v"", ""probability"": 0.27788838744163513}]",uppercase
C:/Code/airwrite-vocab-assistant/data/airwrite_identity_eval/../raw_airwrite/V/airwrite_V_20260804_161722_609209_30a0bb.png,v,i,0.43982961773872375,"[{""label"": ""i"", ""probability"": 0.43982961773872375}, {""label"": ""v"", ""probability"": 0.15694090723991394}, {""label"": ""y"", ""probability"": 0.1248573586344719}]",uppercase
C:/Code/airwrite-vocab-assistant/data/airwrite_identity_eval/../raw_airwrite/V/airwrite_V_20260804_161724_378371_706726.png,v,y,0.5897947549819946,"[{""label"": ""y"", ""probability"": 0.5897947549819946}, {""label"": ""j"", ""probability"": 0.25158455967903137}, {""label"": ""i"", ""probability"": 0.07004852592945099}]",uppercase
C:/Code/airwrite-vocab-assistant/data/airwrite_identity_eval/../raw_airwrite/V/airwrite_V_20260804_161728_611072_45f6a9.png,v,j,0.7653421759605408,"[{""label"": ""j"", ""probability"": 0.7653421759605408}, {""label"": ""v"", ""probability"": 0.11508560925722122}, {""label"": ""i"", ""probability"": 0.06900706887245178}]",uppercase
C:/Code/airwrite-vocab-assistant/data/airwrite_identity_eval/../raw_airwrite/V/airwrite_V_20260804_161730_058536_9ad43c.png,v,i,0.5743619799613953,"[{""label"": ""i"", ""probability"": 0.5743619799613953}, {""label"": ""l"", ""probability"": 0.41140151023864746}, {""label"": ""j"", ""probability"": 0.012765314429998398}]",uppercase
C:/Code/airwrite-vocab-assistant/data/airwrite_identity_eval/../raw_airwrite/V/airwrite_V_20260804_161731_447979_831b19.png,v,j,0.9490405321121216,"[{""label"": ""j"", ""probability"": 0.9490405321121216}, {""label"": ""i"", ""probability"": 0.03046518750488758}, {""label"": ""y"", ""probability"": 0.013448316603899002}]",uppercase
C:/Code/airwrite-vocab-assistant/data/airwrite_identity_eval/../raw_airwrite/V/airwrite_V_20260804_161732_986921_72d286.png,v,v,0.9945083260536194,"[{""label"": ""v"", ""probability"": 0.9945083260536194}, {""label"": ""u"", ""probability"": 0.003316875547170639}, {""label"": ""j"", ""probability"": 0.0015730663435533643}]",uppercase
C:/Code/airwrite-vocab-assistant/data/airwrite_identity_eval/../raw_airwrite/V/airwrite_V_20260804_161736_711306_f60ac3.png,v,v,0.9426255822181702,"[{""label"": ""v"", ""probability"": 0.9426255822181702}, {""label"": ""u"", ""probability"": 0.027142079547047615}, {""label"": ""j"", ""probability"": 0.015310029499232769}]",uppercase
C:/Code/airwrite-vocab-assistant/data/airwrite_identity_eval/../raw_airwrite/V/airwrite_V_20260804_161737_957615_71a14b.png,v,j,0.8477379083633423,"[{""label"": ""j"", ""probability"": 0.8477379083633423}, {""label"": ""v"", ""probability"": 0.13934725522994995}, {""label"": ""u"", ""probability"": 0.006462496239691973}]",uppercase
C:/Code/airwrite-vocab-assistant/data/airwrite_identity_eval/../raw_airwrite/V/airwrite_V_20260804_161740_733974_e2077e.png,v,v,0.8915911316871643,"[{""label"": ""v"", ""probability"": 0.8915911316871643}, {""label"": ""u"", ""probability"": 0.05979863926768303}, {""label"": ""y"", ""probability"": 0.03785143047571182}]",uppercase
C:/Code/airwrite-vocab-assistant/data/airwrite_identity_eval/../raw_airwrite/V/airwrite_V_20260804_161742_624990_fa838d.png,v,v,0.9859417080879211,"[{""label"": ""v"", ""probability"": 0.9859417080879211}, {""label"": ""y"", ""probability"": 0.010014355182647705}, {""label"": ""u"", ""probability"": 0.002701991470530629}]",uppercase
C:/Code/airwrite-vocab-assistant/data/airwrite_identity_eval/../raw_airwrite/V/airwrite_V_20260804_161744_397567_60f5ad.png,v,v,0.9039644002914429,"[{""label"": ""v"", ""probability"": 0.9039644002914429}, {""label"": ""y"", ""probability"": 0.0755888894200325}, {""label"": ""u"", ""probability"": 0.010863645002245903}]",uppercase
C:/Code/airwrite-vocab-assistant/data/airwrite_identity_eval/../raw_airwrite/V/airwrite_V_20260804_161746_238299_af81d4.png,v,v,0.9981435537338257,"[{""label"": ""v"", ""probability"": 0.9981435537338257}, {""label"": ""y"", ""probability"": 0.0011666613863781095}, {""label"": ""u"", ""probability"": 0.00040280743269249797}]",uppercase
C:/Code/airwrite-vocab-assistant/data/airwrite_identity_eval/../raw_airwrite/V/airwrite_V_20260804_161747_984686_47a37b.png,v,v,0.9922091960906982,"[{""label"": ""v"", ""probability"": 0.9922091960906982}, {""label"": ""y"", ""probability"": 0.004411185160279274}, {""label"": ""u"", ""probability"": 0.002848987001925707}]",uppercase
C:/Code/airwrite-vocab-assistant/data/airwrite_identity_eval/../raw_airwrite/V/airwrite_V_20260804_161753_868734_1a9e72.png,v,v,0.9959713816642761,"[{""label"": ""v"", ""probability"": 0.9959713816642761}, {""label"": ""y"", ""probability"": 0.0015622922219336033}, {""label"": ""u"", ""probability"": 0.0013346190098673105}]",uppercase
C:/Code/airwrite-vocab-assistant/data/airwrite_identity_eval/../raw_airwrite/V/airwrite_V_20260804_161802_456759_cdd55f.png,v,v,0.6613588929176331,"[{""label"": ""v"", ""probability"": 0.6613588929176331}, {""label"": ""y"", ""probability"": 0.28520467877388}, {""label"": ""u"", ""probability"": 0.025499295443296432}]",uppercase
C:/Code/airwrite-vocab-assistant/data/airwrite_identity_eval/../raw_airwrite/V/airwrite_V_20260804_161807_301418_70a546.png,v,v,0.9753203988075256,"[{""label"": ""v"", ""probability"": 0.9753203988075256}, {""label"": ""u"", ""probability"": 0.017394525930285454}, {""label"": ""j"", ""probability"": 0.0027478474657982588}]",uppercase
C:/Code/airwrite-vocab-assistant/data/airwrite_identity_eval/../raw_airwrite/V/airwrite_V_20260804_161809_182180_6049fc.png,v,v,0.9746142029762268,"[{""label"": ""v"", ""probability"": 0.9746142029762268}, {""label"": ""j"", ""probability"": 0.009187489748001099}, {""label"": ""y"", ""probability"": 0.008720510639250278}]",uppercase
C:/Code/airwrite-vocab-assistant/data/airwrite_identity_eval/../raw_airwrite/V/airwrite_V_20260804_161815_756170_748e63.png,v,v,0.953024685382843,"[{""label"": ""v"", ""probability"": 0.953024685382843}, {""label"": ""y"", ""probability"": 0.02390000782907009}, {""label"": ""j"", ""probability"": 0.011397295631468296}]",uppercase
C:/Code/airwrite-vocab-assistant/data/airwrite_identity_eval/../raw_airwrite/V/airwrite_V_20260804_161817_789325_d1db5f.png,v,v,0.9918739199638367,"[{""label"": ""v"", ""probability"": 0.9918739199638367}, {""label"": ""y"", ""probability"": 0.004939554259181023}, {""label"": ""u"", ""probability"": 0.002432815730571747}]",uppercase
C:/Code/airwrite-vocab-assistant/data/airwrite_identity_eval/../raw_airwrite/V/airwrite_V_20260804_161819_633187_86db03.png,v,v,0.9932582378387451,"[{""label"": ""v"", ""probability"": 0.9932582378387451}, {""label"": ""y"", ""probability"": 0.0034459049347788095}, {""label"": ""u"", ""probability"": 0.0028116211760789156}]",uppercase
C:/Code/airwrite-vocab-assistant/data/airwrite_identity_eval/../raw_airwrite/V/airwrite_V_20260804_161824_460744_69c1b4.png,v,v,0.9791103005409241,"[{""label"": ""v"", ""probability"": 0.9791103005409241}, {""label"": ""u"", ""probability"": 0.0073209963738918304}, {""label"": ""y"", ""probability"": 0.0066146464087069035}]",uppercase
C:/Code/airwrite-vocab-assistant/data/airwrite_identity_eval/../raw_airwrite/V/airwrite_V_20260804_161826_439562_9732e1.png,v,v,0.9980554580688477,"[{""label"": ""v"", ""probability"": 0.9980554580688477}, {""label"": ""u"", ""probability"": 0.0009069367661140859}, {""label"": ""y"", ""probability"": 0.0009045156184583902}]",uppercase
C:/Code/airwrite-vocab-assistant/data/airwrite_identity_eval/../raw_airwrite/V/airwrite_V_20260804_161847_384029_10cf76.png,v,v,0.9021403789520264,"[{""label"": ""v"", ""probability"": 0.9021403789520264}, {""label"": ""j"", ""probability"": 0.04551259055733681}, {""label"": ""u"", ""probability"": 0.02978677675127983}]",uppercase
C:/Code/airwrite-vocab-assistant/data/airwrite_identity_eval/../raw_airwrite/V/airwrite_V_20260804_161849_192177_5ca15e.png,v,v,0.9047333598136902,"[{""label"": ""v"", ""probability"": 0.9047333598136902}, {""label"": ""u"", ""probability"": 0.0372823141515255}, {""label"": ""j"", ""probability"": 0.02474559284746647}]",uppercase
C:/Code/airwrite-vocab-assistant/data/airwrite_identity_eval/../raw_airwrite/V/airwrite_V_20260804_161853_874663_a7e2f1.png,v,v,0.7751135230064392,"[{""label"": ""v"", ""probability"": 0.7751135230064392}, {""label"": ""j"", ""probability"": 0.10790297389030457}, {""label"": ""u"", ""probability"": 0.045372575521469116}]",uppercase
C:/Code/airwrite-vocab-assistant/data/airwrite_identity_eval/../raw_airwrite/V/airwrite_V_20260804_161855_794404_bad6bb.png,v,v,0.8920032382011414,"[{""label"": ""v"", ""probability"": 0.8920032382011414}, {""label"": ""u"", ""probability"": 0.04271746426820755}, {""label"": ""i"", ""probability"": 0.014373223297297955}]",uppercase
C:/Code/airwrite-vocab-assistant/data/airwrite_identity_eval/../raw_airwrite/V/airwrite_V_20260804_162001_992663_048252.png,v,v,0.9630393385887146,"[{""label"": ""v"", ""probability"": 0.9630393385887146}, {""label"": ""u"", ""probability"": 0.025061078369617462}, {""label"": ""j"", ""probability"": 0.0038249813951551914}]",uppercase
C:/Code/airwrite-vocab-assistant/data/airwrite_identity_eval/../raw_airwrite/V/airwrite_V_20260804_162038_896781_85300b.png,v,v,0.9917823076248169,"[{""label"": ""v"", ""probability"": 0.9917823076248169}, {""label"": ""u"", ""probability"": 0.004066793248057365}, {""label"": ""j"", ""probability"": 0.0018265829421579838}]",uppercase
C:/Code/airwrite-vocab-assistant/data/airwrite_identity_eval/../raw_airwrite/V/airwrite_V_20260804_162040_727173_4a230d.png,v,v,0.9853633642196655,"[{""label"": ""v"", ""probability"": 0.9853633642196655}, {""label"": ""u"", ""probability"": 0.006613163743168116}, {""label"": ""y"", ""probability"": 0.00590555602684617}]",uppercase
C:/Code/airwrite-vocab-assistant/data/airwrite_identity_eval/../raw_airwrite/V/airwrite_V_20260804_162050_497818_14dc9b.png,v,v,0.9049307703971863,"[{""label"": ""v"", ""probability"": 0.9049307703971863}, {""label"": ""j"", ""probability"": 0.0454796738922596}, {""label"": ""u"", ""probability"": 0.0321846567094326}]",uppercase
C:/Code/airwrite-vocab-assistant/data/airwrite_identity_eval/../raw_airwrite/V/airwrite_V_20260804_162056_073828_a4dc84.png,v,v,0.8914743661880493,"[{""label"": ""v"", ""probability"": 0.8914743661880493}, {""label"": ""j"", ""probability"": 0.05735330656170845}, {""label"": ""u"", ""probability"": 0.027963876724243164}]",uppercase
C:/Code/airwrite-vocab-assistant/data/airwrite_identity_eval/../raw_airwrite/V/airwrite_V_20260804_162058_563002_00ac93.png,v,v,0.9180768728256226,"[{""label"": ""v"", ""probability"": 0.9180768728256226}, {""label"": ""y"", ""probability"": 0.047832805663347244}, {""label"": ""u"", ""probability"": 0.021644899621605873}]",uppercase
C:/Code/airwrite-vocab-assistant/data/airwrite_identity_eval/../raw_airwrite/V/airwrite_V_20260804_162106_590106_cc1434.png,v,v,0.5991050601005554,"[{""label"": ""v"", ""probability"": 0.5991050601005554}, {""label"": ""j"", ""probability"": 0.23466373980045319}, {""label"": ""i"", ""probability"": 0.06615231931209564}]",uppercase
C:/Code/airwrite-vocab-assistant/data/airwrite_identity_eval/../raw_airwrite/V/airwrite_V_20260804_162110_966542_a02be7.png,v,j,0.7547616958618164,"[{""label"": ""j"", ""probability"": 0.7547616958618164}, {""label"": ""v"", ""probability"": 0.22557024657726288}, {""label"": ""i"", ""probability"": 0.006215472240000963}]",uppercase
C:/Code/airwrite-vocab-assistant/data/airwrite_identity_eval/../raw_airwrite/V/airwrite_V_20260804_162112_846639_65b597.png,v,j,0.9247589707374573,"[{""label"": ""j"", ""probability"": 0.9247589707374573}, {""label"": ""v"", ""probability"": 0.06019122526049614}, {""label"": ""i"", ""probability"": 0.00498918816447258}]",uppercase
C:/Code/airwrite-vocab-assistant/data/airwrite_identity_eval/../raw_airwrite/V/airwrite_V_20260804_162117_071362_6617ad.png,v,v,0.8622496724128723,"[{""label"": ""v"", ""probability"": 0.8622496724128723}, {""label"": ""w"", ""probability"": 0.07199908792972565}, {""label"": ""y"", ""probability"": 0.028418617323040962}]",uppercase
C:/Code/airwrite-vocab-assistant/data/airwrite_identity_eval/../raw_airwrite/V/airwrite_V_20260804_162132_205497_7f5de0.png,v,n,0.5557642579078674,"[{""label"": ""n"", ""probability"": 0.5557642579078674}, {""label"": ""a"", ""probability"": 0.1114644780755043}, {""label"": ""r"", ""probability"": 0.09769241511821747}]",uppercase
C:/Code/airwrite-vocab-assistant/data/airwrite_identity_eval/../raw_airwrite/V/airwrite_V_20260804_162135_875266_6325d5.png,v,z,0.4741782546043396,"[{""label"": ""z"", ""probability"": 0.4741782546043396}, {""label"": ""i"", ""probability"": 0.131006121635437}, {""label"": ""f"", ""probability"": 0.12357793003320694}]",uppercase
C:/Code/airwrite-vocab-assistant/data/airwrite_identity_eval/../raw_airwrite/V/airwrite_V_20260804_162137_805415_41f9e7.png,v,z,0.5630030035972595,"[{""label"": ""z"", ""probability"": 0.5630030035972595}, {""label"": ""i"", ""probability"": 0.20778535306453705}, {""label"": ""j"", ""probability"": 0.11490025371313095}]",uppercase
C:/Code/airwrite-vocab-assistant/data/airwrite_identity_eval/../raw_airwrite/V/airwrite_V_20260804_162139_828391_c09674.png,v,n,0.36991629004478455,"[{""label"": ""n"", ""probability"": 0.36991629004478455}, {""label"": ""r"", ""probability"": 0.20500800013542175}, {""label"": ""a"", ""probability"": 0.11731921136379242}]",uppercase
C:/Code/airwrite-vocab-assistant/data/airwrite_identity_eval/../raw_airwrite/V/airwrite_V_20260804_162142_004436_206158.png,v,v,0.615575909614563,"[{""label"": ""v"", ""probability"": 0.615575909614563}, {""label"": ""j"", ""probability"": 0.2188553512096405}, {""label"": ""y"", ""probability"": 0.08958343416452408}]",uppercase
C:/Code/airwrite-vocab-assistant/data/airwrite_identity_eval/../raw_airwrite/V/airwrite_V_20260804_162144_989043_ae2ce4.png,v,v,0.874560534954071,"[{""label"": ""v"", ""probability"": 0.874560534954071}, {""label"": ""y"", ""probability"": 0.06494069844484329}, {""label"": ""j"", ""probability"": 0.03126159682869911}]",uppercase
C:/Code/airwrite-vocab-assistant/data/airwrite_identity_eval/../raw_airwrite/V/airwrite_V_20260804_162147_088090_5ad01d.png,v,v,0.810463011264801,"[{""label"": ""v"", ""probability"": 0.810463011264801}, {""label"": ""j"", ""probability"": 0.09673016518354416}, {""label"": ""y"", ""probability"": 0.06803036481142044}]",uppercase
C:/Code/airwrite-vocab-assistant/data/airwrite_identity_eval/../raw_airwrite/V/airwrite_V_20260804_162155_427639_960f27.png,v,v,0.7078677415847778,"[{""label"": ""v"", ""probability"": 0.7078677415847778}, {""label"": ""j"", ""probability"": 0.2046881914138794}, {""label"": ""u"", ""probability"": 0.03210608288645744}]",uppercase
C:/Code/airwrite-vocab-assistant/data/airwrite_identity_eval/../raw_airwrite/V/airwrite_V_20260804_162201_828117_9052b7.png,v,j,0.5238400101661682,"[{""label"": ""j"", ""probability"": 0.5238400101661682}, {""label"": ""v"", ""probability"": 0.44402870535850525}, {""label"": ""u"", ""probability"": 0.01331956498324871}]",uppercase
C:/Code/airwrite-vocab-assistant/data/airwrite_identity_eval/../raw_airwrite/V/airwrite_V_20260804_162212_503509_4110d5.png,v,v,0.9971314668655396,"[{""label"": ""v"", ""probability"": 0.9971314668655396}, {""label"": ""u"", ""probability"": 0.0015679202042520046}, {""label"": ""y"", ""probability"": 0.0008219808805733919}]",uppercase
C:/Code/airwrite-vocab-assistant/data/airwrite_identity_eval/../raw_airwrite/W/airwrite_W_20260804_162252_936754_63480f.png,w,w,0.7908119559288025,"[{""label"": ""w"", ""probability"": 0.7908119559288025}, {""label"": ""m"", ""probability"": 0.09374932199716568}, {""label"": ""n"", ""probability"": 0.0813416987657547}]",uppercase
C:/Code/airwrite-vocab-assistant/data/airwrite_identity_eval/../raw_airwrite/W/airwrite_W_20260804_162255_776955_324e35.png,w,j,0.7058877348899841,"[{""label"": ""j"", ""probability"": 0.7058877348899841}, {""label"": ""i"", ""probability"": 0.11740102618932724}, {""label"": ""y"", ""probability"": 0.11692171543836594}]",uppercase
C:/Code/airwrite-vocab-assistant/data/airwrite_identity_eval/../raw_airwrite/W/airwrite_W_20260804_162259_169339_bc4741.png,w,w,0.6568886041641235,"[{""label"": ""w"", ""probability"": 0.6568886041641235}, {""label"": ""j"", ""probability"": 0.15728339552879333}, {""label"": ""y"", ""probability"": 0.10564513504505157}]",uppercase
C:/Code/airwrite-vocab-assistant/data/airwrite_identity_eval/../raw_airwrite/W/airwrite_W_20260804_162301_446671_c584ad.png,w,j,0.8785116076469421,"[{""label"": ""j"", ""probability"": 0.8785116076469421}, {""label"": ""y"", ""probability"": 0.03321697562932968}, {""label"": ""w"", ""probability"": 0.028813030570745468}]",uppercase
C:/Code/airwrite-vocab-assistant/data/airwrite_identity_eval/../raw_airwrite/W/airwrite_W_20260804_162306_625410_f6f14a.png,w,v,0.27340203523635864,"[{""label"": ""v"", ""probability"": 0.27340203523635864}, {""label"": ""y"", ""probability"": 0.2062208652496338}, {""label"": ""j"", ""probability"": 0.12726376950740814}]",uppercase
C:/Code/airwrite-vocab-assistant/data/airwrite_identity_eval/../raw_airwrite/W/airwrite_W_20260804_162309_310357_438327.png,w,j,0.4204023778438568,"[{""label"": ""j"", ""probability"": 0.4204023778438568}, {""label"": ""i"", ""probability"": 0.17277942597866058}, {""label"": ""y"", ""probability"": 0.14370867609977722}]",uppercase
C:/Code/airwrite-vocab-assistant/data/airwrite_identity_eval/../raw_airwrite/W/airwrite_W_20260804_162313_123341_3b85a3.png,w,j,0.6290525197982788,"[{""label"": ""j"", ""probability"": 0.6290525197982788}, {""label"": ""i"", ""probability"": 0.1933135986328125}, {""label"": ""v"", ""probability"": 0.06943085044622421}]",uppercase
C:/Code/airwrite-vocab-assistant/data/airwrite_identity_eval/../raw_airwrite/W/airwrite_W_20260804_162324_361657_d2f07a.png,w,w,0.6167020797729492,"[{""label"": ""w"", ""probability"": 0.6167020797729492}, {""label"": ""n"", ""probability"": 0.18126143515110016}, {""label"": ""m"", ""probability"": 0.11382296681404114}]",uppercase
C:/Code/airwrite-vocab-assistant/data/airwrite_identity_eval/../raw_airwrite/W/airwrite_W_20260804_162328_559035_b94528.png,w,w,0.944234311580658,"[{""label"": ""w"", ""probability"": 0.944234311580658}, {""label"": ""v"", ""probability"": 0.025494299829006195}, {""label"": ""u"", ""probability"": 0.015934834256768227}]",uppercase
C:/Code/airwrite-vocab-assistant/data/airwrite_identity_eval/../raw_airwrite/W/airwrite_W_20260804_162331_216900_1e529c.png,w,w,0.4616551399230957,"[{""label"": ""w"", ""probability"": 0.4616551399230957}, {""label"": ""j"", ""probability"": 0.2690713703632355}, {""label"": ""y"", ""probability"": 0.12452325969934464}]",uppercase
C:/Code/airwrite-vocab-assistant/data/airwrite_identity_eval/../raw_airwrite/W/airwrite_W_20260804_162513_761706_61e850.png,w,w,0.9901276230812073,"[{""label"": ""w"", ""probability"": 0.9901276230812073}, {""label"": ""v"", ""probability"": 0.003674332983791828}, {""label"": ""u"", ""probability"": 0.0019989265128970146}]",uppercase
C:/Code/airwrite-vocab-assistant/data/airwrite_identity_eval/../raw_airwrite/W/airwrite_W_20260804_162515_815316_51d1f6.png,w,w,0.9904558062553406,"[{""label"": ""w"", ""probability"": 0.9904558062553406}, {""label"": ""v"", ""probability"": 0.007217981852591038}, {""label"": ""n"", ""probability"": 0.0009957391303032637}]",uppercase
C:/Code/airwrite-vocab-assistant/data/airwrite_identity_eval/../raw_airwrite/W/airwrite_W_20260804_162519_094399_2a5eca.png,w,w,0.6384512186050415,"[{""label"": ""w"", ""probability"": 0.6384512186050415}, {""label"": ""v"", ""probability"": 0.2648695409297943}, {""label"": ""j"", ""probability"": 0.03544621169567108}]",uppercase
C:/Code/airwrite-vocab-assistant/data/airwrite_identity_eval/../raw_airwrite/W/airwrite_W_20260804_162521_290645_ecd9d1.png,w,w,0.9937415719032288,"[{""label"": ""w"", ""probability"": 0.9937415719032288}, {""label"": ""u"", ""probability"": 0.0022469074465334415}, {""label"": ""n"", ""probability"": 0.00155851140152663}]",uppercase
C:/Code/airwrite-vocab-assistant/data/airwrite_identity_eval/../raw_airwrite/W/airwrite_W_20260804_162524_372518_f18b38.png,w,v,0.39662253856658936,"[{""label"": ""v"", ""probability"": 0.39662253856658936}, {""label"": ""s"", ""probability"": 0.17353381216526031}, {""label"": ""j"", ""probability"": 0.13977579772472382}]",uppercase
C:/Code/airwrite-vocab-assistant/data/airwrite_identity_eval/../raw_airwrite/W/airwrite_W_20260804_162527_578529_993946.png,w,w,0.8949164152145386,"[{""label"": ""w"", ""probability"": 0.8949164152145386}, {""label"": ""v"", ""probability"": 0.06266132742166519}, {""label"": ""n"", ""probability"": 0.017741462215781212}]",uppercase
C:/Code/airwrite-vocab-assistant/data/airwrite_identity_eval/../raw_airwrite/W/airwrite_W_20260804_162530_680236_f059b0.png,w,w,0.9756282567977905,"[{""label"": ""w"", ""probability"": 0.9756282567977905}, {""label"": ""n"", ""probability"": 0.01006318349391222}, {""label"": ""v"", ""probability"": 0.005564780905842781}]",uppercase
C:/Code/airwrite-vocab-assistant/data/airwrite_identity_eval/../raw_airwrite/W/airwrite_W_20260804_162536_812590_43c361.png,w,w,0.3440719544887543,"[{""label"": ""w"", ""probability"": 0.3440719544887543}, {""label"": ""v"", ""probability"": 0.2913283109664917}, {""label"": ""u"", ""probability"": 0.10868439078330994}]",uppercase
C:/Code/airwrite-vocab-assistant/data/airwrite_identity_eval/../raw_airwrite/W/airwrite_W_20260804_162540_665465_a64b88.png,w,w,0.551764190196991,"[{""label"": ""w"", ""probability"": 0.551764190196991}, {""label"": ""v"", ""probability"": 0.22394011914730072}, {""label"": ""n"", ""probability"": 0.11260397732257843}]",uppercase
C:/Code/airwrite-vocab-assistant/data/airwrite_identity_eval/../raw_airwrite/W/airwrite_W_20260804_162544_730610_bfd670.png,w,w,0.9845608472824097,"[{""label"": ""w"", ""probability"": 0.9845608472824097}, {""label"": ""v"", ""probability"": 0.005531604401767254}, {""label"": ""n"", ""probability"": 0.0036094882525503635}]",uppercase
C:/Code/airwrite-vocab-assistant/data/airwrite_identity_eval/../raw_airwrite/W/airwrite_W_20260804_162556_876985_ddeafb.png,w,w,0.9384676814079285,"[{""label"": ""w"", ""probability"": 0.9384676814079285}, {""label"": ""n"", ""probability"": 0.02014799602329731}, {""label"": ""v"", ""probability"": 0.01379898190498352}]",uppercase
C:/Code/airwrite-vocab-assistant/data/airwrite_identity_eval/../raw_airwrite/W/airwrite_W_20260804_162616_141791_daa51a.png,w,v,0.5299357175827026,"[{""label"": ""v"", ""probability"": 0.5299357175827026}, {""label"": ""w"", ""probability"": 0.20050087571144104}, {""label"": ""j"", ""probability"": 0.059500500559806824}]",uppercase
C:/Code/airwrite-vocab-assistant/data/airwrite_identity_eval/../raw_airwrite/W/airwrite_W_20260804_162621_136511_f65512.png,w,w,0.7168192863464355,"[{""label"": ""w"", ""probability"": 0.7168192863464355}, {""label"": ""v"", ""probability"": 0.20989802479743958}, {""label"": ""u"", ""probability"": 0.030018610879778862}]",uppercase
C:/Code/airwrite-vocab-assistant/data/airwrite_identity_eval/../raw_airwrite/W/airwrite_W_20260804_162624_336564_6aa802.png,w,w,0.993313729763031,"[{""label"": ""w"", ""probability"": 0.993313729763031}, {""label"": ""v"", ""probability"": 0.00181432138197124}, {""label"": ""u"", ""probability"": 0.0018091638339683414}]",uppercase
C:/Code/airwrite-vocab-assistant/data/airwrite_identity_eval/../raw_airwrite/W/airwrite_W_20260804_162649_422918_45ad4d.png,w,v,0.6205162405967712,"[{""label"": ""v"", ""probability"": 0.6205162405967712}, {""label"": ""w"", ""probability"": 0.20548400282859802}, {""label"": ""u"", ""probability"": 0.07176705449819565}]",uppercase
C:/Code/airwrite-vocab-assistant/data/airwrite_identity_eval/../raw_airwrite/W/airwrite_W_20260804_162652_222718_df8d76.png,w,w,0.9791635870933533,"[{""label"": ""w"", ""probability"": 0.9791635870933533}, {""label"": ""v"", ""probability"": 0.009344597347080708}, {""label"": ""n"", ""probability"": 0.005854832008481026}]",uppercase
C:/Code/airwrite-vocab-assistant/data/airwrite_identity_eval/../raw_airwrite/W/airwrite_W_20260804_162701_598221_ea64ce.png,w,v,0.45025330781936646,"[{""label"": ""v"", ""probability"": 0.45025330781936646}, {""label"": ""i"", ""probability"": 0.10863428562879562}, {""label"": ""c"", ""probability"": 0.09100634604692459}]",uppercase
C:/Code/airwrite-vocab-assistant/data/airwrite_identity_eval/../raw_airwrite/W/airwrite_W_20260804_162707_288060_c631bf.png,w,w,0.9942938685417175,"[{""label"": ""w"", ""probability"": 0.9942938685417175}, {""label"": ""v"", ""probability"": 0.0032325214706361294}, {""label"": ""u"", ""probability"": 0.001301477663218975}]",uppercase
C:/Code/airwrite-vocab-assistant/data/airwrite_identity_eval/../raw_airwrite/W/airwrite_W_20260804_162710_191525_38c909.png,w,w,0.9833136200904846,"[{""label"": ""w"", ""probability"": 0.9833136200904846}, {""label"": ""v"", ""probability"": 0.005983647890388966}, {""label"": ""y"", ""probability"": 0.005402077920734882}]",uppercase
C:/Code/airwrite-vocab-assistant/data/airwrite_identity_eval/../raw_airwrite/W/airwrite_W_20260804_162713_287956_4bbc11.png,w,w,0.9533994197845459,"[{""label"": ""w"", ""probability"": 0.9533994197845459}, {""label"": ""m"", ""probability"": 0.014401516877114773}, {""label"": ""n"", ""probability"": 0.013598371297121048}]",uppercase
C:/Code/airwrite-vocab-assistant/data/airwrite_identity_eval/../raw_airwrite/W/airwrite_W_20260804_162717_162573_a51353.png,w,w,0.8108457326889038,"[{""label"": ""w"", ""probability"": 0.8108457326889038}, {""label"": ""v"", ""probability"": 0.0793670192360878}, {""label"": ""u"", ""probability"": 0.07012158632278442}]",uppercase
C:/Code/airwrite-vocab-assistant/data/airwrite_identity_eval/../raw_airwrite/W/airwrite_W_20260804_162719_555483_ce1e71.png,w,v,0.3901479244232178,"[{""label"": ""v"", ""probability"": 0.3901479244232178}, {""label"": ""w"", ""probability"": 0.18833893537521362}, {""label"": ""u"", ""probability"": 0.10389922559261322}]",uppercase
C:/Code/airwrite-vocab-assistant/data/airwrite_identity_eval/../raw_airwrite/W/airwrite_W_20260804_162725_706842_8a01ee.png,w,w,0.7344241738319397,"[{""label"": ""w"", ""probability"": 0.7344241738319397}, {""label"": ""v"", ""probability"": 0.13065969944000244}, {""label"": ""n"", ""probability"": 0.059273842722177505}]",uppercase
C:/Code/airwrite-vocab-assistant/data/airwrite_identity_eval/../raw_airwrite/W/airwrite_W_20260804_162731_112685_7fa85e.png,w,w,0.9907386302947998,"[{""label"": ""w"", ""probability"": 0.9907386302947998}, {""label"": ""v"", ""probability"": 0.005389856174588203}, {""label"": ""u"", ""probability"": 0.001561267301440239}]",uppercase
C:/Code/airwrite-vocab-assistant/data/airwrite_identity_eval/../raw_airwrite/W/airwrite_W_20260804_162733_396740_d22817.png,w,w,0.9949841499328613,"[{""label"": ""w"", ""probability"": 0.9949841499328613}, {""label"": ""y"", ""probability"": 0.0028563120868057013}, {""label"": ""v"", ""probability"": 0.0009222617372870445}]",uppercase
C:/Code/airwrite-vocab-assistant/data/airwrite_identity_eval/../raw_airwrite/W/airwrite_W_20260804_162735_798889_620780.png,w,w,0.9972299933433533,"[{""label"": ""w"", ""probability"": 0.9972299933433533}, {""label"": ""v"", ""probability"": 0.0009881100850179791}, {""label"": ""u"", ""probability"": 0.0007816996658220887}]",uppercase
C:/Code/airwrite-vocab-assistant/data/airwrite_identity_eval/../raw_airwrite/W/airwrite_W_20260804_162739_394950_af615c.png,w,w,0.6601464748382568,"[{""label"": ""w"", ""probability"": 0.6601464748382568}, {""label"": ""v"", ""probability"": 0.2647632360458374}, {""label"": ""u"", ""probability"": 0.03851500153541565}]",uppercase
C:/Code/airwrite-vocab-assistant/data/airwrite_identity_eval/../raw_airwrite/W/airwrite_W_20260804_162742_192956_da1a84.png,w,w,0.9679099917411804,"[{""label"": ""w"", ""probability"": 0.9679099917411804}, {""label"": ""v"", ""probability"": 0.016925502568483353}, {""label"": ""y"", ""probability"": 0.007310282904654741}]",uppercase
C:/Code/airwrite-vocab-assistant/data/airwrite_identity_eval/../raw_airwrite/W/airwrite_W_20260804_162806_429121_5cbc68.png,w,i,0.8208872079849243,"[{""label"": ""i"", ""probability"": 0.8208872079849243}, {""label"": ""l"", ""probability"": 0.0439467690885067}, {""label"": ""c"", ""probability"": 0.04314233362674713}]",uppercase
C:/Code/airwrite-vocab-assistant/data/airwrite_identity_eval/../raw_airwrite/W/airwrite_W_20260804_162812_681880_561151.png,w,i,0.6722318530082703,"[{""label"": ""i"", ""probability"": 0.6722318530082703}, {""label"": ""c"", ""probability"": 0.13751362264156342}, {""label"": ""l"", ""probability"": 0.09271901100873947}]",uppercase
C:/Code/airwrite-vocab-assistant/data/airwrite_identity_eval/../raw_airwrite/W/airwrite_W_20260804_162815_687342_b9d3b0.png,w,w,0.7893619537353516,"[{""label"": ""w"", ""probability"": 0.7893619537353516}, {""label"": ""h"", ""probability"": 0.08328765630722046}, {""label"": ""n"", ""probability"": 0.0463595949113369}]",uppercase
C:/Code/airwrite-vocab-assistant/data/airwrite_identity_eval/../raw_airwrite/W/airwrite_W_20260804_162818_187613_5edd8b.png,w,n,0.4545173645019531,"[{""label"": ""n"", ""probability"": 0.4545173645019531}, {""label"": ""w"", ""probability"": 0.2143275886774063}, {""label"": ""v"", ""probability"": 0.12404172122478485}]",uppercase
C:/Code/airwrite-vocab-assistant/data/airwrite_identity_eval/../raw_airwrite/W/airwrite_W_20260804_162820_538048_baf0ef.png,w,w,0.45027443766593933,"[{""label"": ""w"", ""probability"": 0.45027443766593933}, {""label"": ""v"", ""probability"": 0.17964783310890198}, {""label"": ""n"", ""probability"": 0.1362002193927765}]",uppercase
C:/Code/airwrite-vocab-assistant/data/airwrite_identity_eval/../raw_airwrite/W/airwrite_W_20260804_162831_399257_de6786.png,w,w,0.9891461133956909,"[{""label"": ""w"", ""probability"": 0.9891461133956909}, {""label"": ""v"", ""probability"": 0.0033541403245180845}, {""label"": ""n"", ""probability"": 0.0029288975056260824}]",uppercase
C:/Code/airwrite-vocab-assistant/data/airwrite_identity_eval/../raw_airwrite/W/airwrite_W_20260804_162832_901899_5664d7.png,w,w,0.9102270603179932,"[{""label"": ""w"", ""probability"": 0.9102270603179932}, {""label"": ""v"", ""probability"": 0.040771979838609695}, {""label"": ""u"", ""probability"": 0.0275347251445055}]",uppercase
C:/Code/airwrite-vocab-assistant/data/airwrite_identity_eval/../raw_airwrite/W/airwrite_W_20260804_162844_632776_651517.png,w,w,0.9918545484542847,"[{""label"": ""w"", ""probability"": 0.9918545484542847}, {""label"": ""v"", ""probability"": 0.0044886148534715176}, {""label"": ""u"", ""probability"": 0.0018308564322069287}]",uppercase
C:/Code/airwrite-vocab-assistant/data/airwrite_identity_eval/../raw_airwrite/W/airwrite_W_20260804_162852_278274_a7bc6d.png,w,w,0.734993040561676,"[{""label"": ""w"", ""probability"": 0.734993040561676}, {""label"": ""h"", ""probability"": 0.09180343151092529}, {""label"": ""u"", ""probability"": 0.054838597774505615}]",uppercase
C:/Code/airwrite-vocab-assistant/data/airwrite_identity_eval/../raw_airwrite/W/airwrite_W_20260804_162906_103882_a55696.png,w,w,0.9217289090156555,"[{""label"": ""w"", ""probability"": 0.9217289090156555}, {""label"": ""h"", ""probability"": 0.029859252274036407}, {""label"": ""n"", ""probability"": 0.016591323539614677}]",uppercase
C:/Code/airwrite-vocab-assistant/data/airwrite_identity_eval/../raw_airwrite/W/airwrite_W_20260804_162907_992676_02577b.png,w,v,0.8805174827575684,"[{""label"": ""v"", ""probability"": 0.8805174827575684}, {""label"": ""w"", ""probability"": 0.052904125303030014}, {""label"": ""y"", ""probability"": 0.04191648215055466}]",uppercase
C:/Code/airwrite-vocab-assistant/data/airwrite_identity_eval/../raw_airwrite/W/airwrite_W_20260804_162909_955783_6e47e5.png,w,w,0.7439749240875244,"[{""label"": ""w"", ""probability"": 0.7439749240875244}, {""label"": ""m"", ""probability"": 0.08814991265535355}, {""label"": ""n"", ""probability"": 0.06262176483869553}]",uppercase
C:/Code/airwrite-vocab-assistant/data/airwrite_identity_eval/../raw_airwrite/W/airwrite_W_20260804_162913_574974_8bb914.png,w,w,0.8830175995826721,"[{""label"": ""w"", ""probability"": 0.8830175995826721}, {""label"": ""v"", ""probability"": 0.03815777599811554}, {""label"": ""u"", ""probability"": 0.03473116457462311}]",uppercase
C:/Code/airwrite-vocab-assistant/data/airwrite_identity_eval/../raw_airwrite/X/airwrite_X_20260804_163019_501458_1e5d34.png,x,k,0.8469321727752686,"[{""label"": ""k"", ""probability"": 0.8469321727752686}, {""label"": ""x"", ""probability"": 0.13753297924995422}, {""label"": ""h"", ""probability"": 0.005574215669184923}]",uppercase
C:/Code/airwrite-vocab-assistant/data/airwrite_identity_eval/../raw_airwrite/X/airwrite_X_20260804_163030_218089_494693.png,x,k,0.7194650769233704,"[{""label"": ""k"", ""probability"": 0.7194650769233704}, {""label"": ""x"", ""probability"": 0.2272452414035797}, {""label"": ""h"", ""probability"": 0.011774658225476742}]",uppercase
C:/Code/airwrite-vocab-assistant/data/airwrite_identity_eval/../raw_airwrite/X/airwrite_X_20260804_163033_473763_9774a7.png,x,t,0.2627103924751282,"[{""label"": ""t"", ""probability"": 0.2627103924751282}, {""label"": ""f"", ""probability"": 0.2515009343624115}, {""label"": ""x"", ""probability"": 0.21343651413917542}]",uppercase
C:/Code/airwrite-vocab-assistant/data/airwrite_identity_eval/../raw_airwrite/X/airwrite_X_20260804_163038_206339_3148cd.png,x,c,0.17984813451766968,"[{""label"": ""c"", ""probability"": 0.17984813451766968}, {""label"": ""z"", ""probability"": 0.11774543672800064}, {""label"": ""v"", ""probability"": 0.10844111442565918}]",uppercase
C:/Code/airwrite-vocab-assistant/data/airwrite_identity_eval/../raw_airwrite/X/airwrite_X_20260804_163114_565905_c5cfde.png,x,x,0.6630731821060181,"[{""label"": ""x"", ""probability"": 0.6630731821060181}, {""label"": ""k"", ""probability"": 0.21966552734375}, {""label"": ""n"", ""probability"": 0.03256804868578911}]",uppercase
C:/Code/airwrite-vocab-assistant/data/airwrite_identity_eval/../raw_airwrite/X/airwrite_X_20260804_163121_480246_f4d13c.png,x,k,0.7352940440177917,"[{""label"": ""k"", ""probability"": 0.7352940440177917}, {""label"": ""x"", ""probability"": 0.18479645252227783}, {""label"": ""h"", ""probability"": 0.029673688113689423}]",uppercase
C:/Code/airwrite-vocab-assistant/data/airwrite_identity_eval/../raw_airwrite/X/airwrite_X_20260804_163124_234515_dad4b2.png,x,x,0.3504253327846527,"[{""label"": ""x"", ""probability"": 0.3504253327846527}, {""label"": ""k"", ""probability"": 0.32115477323532104}, {""label"": ""r"", ""probability"": 0.19347725808620453}]",uppercase
C:/Code/airwrite-vocab-assistant/data/airwrite_identity_eval/../raw_airwrite/X/airwrite_X_20260804_163155_993488_85f74e.png,x,x,0.9776430130004883,"[{""label"": ""x"", ""probability"": 0.9776430130004883}, {""label"": ""k"", ""probability"": 0.004973379895091057}, {""label"": ""y"", ""probability"": 0.004352953284978867}]",uppercase
C:/Code/airwrite-vocab-assistant/data/airwrite_identity_eval/../raw_airwrite/X/airwrite_X_20260804_163159_504613_a0c999.png,x,x,0.8276389837265015,"[{""label"": ""x"", ""probability"": 0.8276389837265015}, {""label"": ""y"", ""probability"": 0.03999174013733864}, {""label"": ""k"", ""probability"": 0.02071981132030487}]",uppercase
C:/Code/airwrite-vocab-assistant/data/airwrite_identity_eval/../raw_airwrite/X/airwrite_X_20260804_163202_300207_76b043.png,x,x,0.6924059987068176,"[{""label"": ""x"", ""probability"": 0.6924059987068176}, {""label"": ""k"", ""probability"": 0.22630995512008667}, {""label"": ""t"", ""probability"": 0.01308947429060936}]",uppercase
C:/Code/airwrite-vocab-assistant/data/airwrite_identity_eval/../raw_airwrite/X/airwrite_X_20260804_163208_140554_0f6a69.png,x,k,0.47661474347114563,"[{""label"": ""k"", ""probability"": 0.47661474347114563}, {""label"": ""x"", ""probability"": 0.2934109568595886}, {""label"": ""r"", ""probability"": 0.06091059744358063}]",uppercase
C:/Code/airwrite-vocab-assistant/data/airwrite_identity_eval/../raw_airwrite/X/airwrite_X_20260804_163213_589665_7efdfb.png,x,k,0.6580231785774231,"[{""label"": ""k"", ""probability"": 0.6580231785774231}, {""label"": ""x"", ""probability"": 0.2752765715122223}, {""label"": ""r"", ""probability"": 0.025053421035408974}]",uppercase
C:/Code/airwrite-vocab-assistant/data/airwrite_identity_eval/../raw_airwrite/X/airwrite_X_20260804_163216_749544_096f2f.png,x,x,0.9178909063339233,"[{""label"": ""x"", ""probability"": 0.9178909063339233}, {""label"": ""k"", ""probability"": 0.06073586270213127}, {""label"": ""y"", ""probability"": 0.005230568815022707}]",uppercase
C:/Code/airwrite-vocab-assistant/data/airwrite_identity_eval/../raw_airwrite/X/airwrite_X_20260804_163223_190359_c9889b.png,x,x,0.9957152009010315,"[{""label"": ""x"", ""probability"": 0.9957152009010315}, {""label"": ""k"", ""probability"": 0.002527439733967185}, {""label"": ""y"", ""probability"": 0.0008482514531351626}]",uppercase
C:/Code/airwrite-vocab-assistant/data/airwrite_identity_eval/../raw_airwrite/X/airwrite_X_20260804_163228_512789_2cabd8.png,x,k,0.8606101274490356,"[{""label"": ""k"", ""probability"": 0.8606101274490356}, {""label"": ""x"", ""probability"": 0.11019286513328552}, {""label"": ""y"", ""probability"": 0.01005830429494381}]",uppercase
C:/Code/airwrite-vocab-assistant/data/airwrite_identity_eval/../raw_airwrite/X/airwrite_X_20260804_163231_212927_44788a.png,x,y,0.5086540579795837,"[{""label"": ""y"", ""probability"": 0.5086540579795837}, {""label"": ""x"", ""probability"": 0.4475552439689636}, {""label"": ""r"", ""probability"": 0.011333811096847057}]",uppercase
C:/Code/airwrite-vocab-assistant/data/airwrite_identity_eval/../raw_airwrite/X/airwrite_X_20260804_163233_578929_b704c9.png,x,x,0.6493515968322754,"[{""label"": ""x"", ""probability"": 0.6493515968322754}, {""label"": ""y"", ""probability"": 0.25116410851478577}, {""label"": ""k"", ""probability"": 0.06158044934272766}]",uppercase
C:/Code/airwrite-vocab-assistant/data/airwrite_identity_eval/../raw_airwrite/X/airwrite_X_20260804_163236_838119_7cb49b.png,x,y,0.9393987059593201,"[{""label"": ""y"", ""probability"": 0.9393987059593201}, {""label"": ""j"", ""probability"": 0.02144717052578926}, {""label"": ""t"", ""probability"": 0.020122645422816277}]",uppercase
C:/Code/airwrite-vocab-assistant/data/airwrite_identity_eval/../raw_airwrite/X/airwrite_X_20260804_163241_312521_e4d2a2.png,x,x,0.856099545955658,"[{""label"": ""x"", ""probability"": 0.856099545955658}, {""label"": ""y"", ""probability"": 0.1131274402141571}, {""label"": ""k"", ""probability"": 0.013819379732012749}]",uppercase
C:/Code/airwrite-vocab-assistant/data/airwrite_identity_eval/../raw_airwrite/X/airwrite_X_20260804_163245_813062_6d54d1.png,x,x,0.7466887831687927,"[{""label"": ""x"", ""probability"": 0.7466887831687927}, {""label"": ""k"", ""probability"": 0.1459648460149765}, {""label"": ""y"", ""probability"": 0.05353350192308426}]",uppercase
C:/Code/airwrite-vocab-assistant/data/airwrite_identity_eval/../raw_airwrite/X/airwrite_X_20260804_163249_307852_71e77d.png,x,k,0.6712012887001038,"[{""label"": ""k"", ""probability"": 0.6712012887001038}, {""label"": ""x"", ""probability"": 0.2713039815425873}, {""label"": ""r"", ""probability"": 0.016654547303915024}]",uppercase
C:/Code/airwrite-vocab-assistant/data/airwrite_identity_eval/../raw_airwrite/X/airwrite_X_20260804_163253_632808_9a7f6a.png,x,x,0.6668088436126709,"[{""label"": ""x"", ""probability"": 0.6668088436126709}, {""label"": ""k"", ""probability"": 0.30458369851112366}, {""label"": ""r"", ""probability"": 0.005392247810959816}]",uppercase
C:/Code/airwrite-vocab-assistant/data/airwrite_identity_eval/../raw_airwrite/X/airwrite_X_20260804_163307_633529_e5f461.png,x,y,0.8233965039253235,"[{""label"": ""y"", ""probability"": 0.8233965039253235}, {""label"": ""t"", ""probability"": 0.05036350339651108}, {""label"": ""x"", ""probability"": 0.046445172280073166}]",uppercase
C:/Code/airwrite-vocab-assistant/data/airwrite_identity_eval/../raw_airwrite/X/airwrite_X_20260804_163311_414939_94265d.png,x,k,0.5979922413825989,"[{""label"": ""k"", ""probability"": 0.5979922413825989}, {""label"": ""x"", ""probability"": 0.35602521896362305}, {""label"": ""r"", ""probability"": 0.015076658688485622}]",uppercase
C:/Code/airwrite-vocab-assistant/data/airwrite_identity_eval/../raw_airwrite/X/airwrite_X_20260804_163317_537920_e57d10.png,x,x,0.6544361114501953,"[{""label"": ""x"", ""probability"": 0.6544361114501953}, {""label"": ""k"", ""probability"": 0.15850242972373962}, {""label"": ""y"", ""probability"": 0.12106968462467194}]",uppercase
C:/Code/airwrite-vocab-assistant/data/airwrite_identity_eval/../raw_airwrite/X/airwrite_X_20260804_163320_885590_5580d7.png,x,x,0.4348074495792389,"[{""label"": ""x"", ""probability"": 0.4348074495792389}, {""label"": ""k"", ""probability"": 0.3645866811275482}, {""label"": ""y"", ""probability"": 0.0732911005616188}]",uppercase
C:/Code/airwrite-vocab-assistant/data/airwrite_identity_eval/../raw_airwrite/X/airwrite_X_20260804_163323_761412_5fdb8b.png,x,y,0.8114231824874878,"[{""label"": ""y"", ""probability"": 0.8114231824874878}, {""label"": ""x"", ""probability"": 0.155046746134758}, {""label"": ""r"", ""probability"": 0.008297890424728394}]",uppercase
C:/Code/airwrite-vocab-assistant/data/airwrite_identity_eval/../raw_airwrite/X/airwrite_X_20260804_163328_267028_346273.png,x,t,0.3574680685997009,"[{""label"": ""t"", ""probability"": 0.3574680685997009}, {""label"": ""f"", ""probability"": 0.2452322095632553}, {""label"": ""y"", ""probability"": 0.11080046743154526}]",uppercase
C:/Code/airwrite-vocab-assistant/data/airwrite_identity_eval/../raw_airwrite/X/airwrite_X_20260804_163332_065675_4b20d1.png,x,x,0.6188490986824036,"[{""label"": ""x"", ""probability"": 0.6188490986824036}, {""label"": ""y"", ""probability"": 0.30431464314460754}, {""label"": ""j"", ""probability"": 0.013914812356233597}]",uppercase
C:/Code/airwrite-vocab-assistant/data/airwrite_identity_eval/../raw_airwrite/X/airwrite_X_20260804_163335_494550_d1daf2.png,x,x,0.3592948317527771,"[{""label"": ""x"", ""probability"": 0.3592948317527771}, {""label"": ""t"", ""probability"": 0.22106967866420746}, {""label"": ""y"", ""probability"": 0.11244828253984451}]",uppercase
C:/Code/airwrite-vocab-assistant/data/airwrite_identity_eval/../raw_airwrite/X/airwrite_X_20260804_163339_306173_654aab.png,x,x,0.82383131980896,"[{""label"": ""x"", ""probability"": 0.82383131980896}, {""label"": ""y"", ""probability"": 0.11734671890735626}, {""label"": ""k"", ""probability"": 0.03589347004890442}]",uppercase
C:/Code/airwrite-vocab-assistant/data/airwrite_identity_eval/../raw_airwrite/X/airwrite_X_20260804_163354_789421_db3a8c.png,x,t,0.5699077248573303,"[{""label"": ""t"", ""probability"": 0.5699077248573303}, {""label"": ""i"", ""probability"": 0.2688118815422058}, {""label"": ""f"", ""probability"": 0.05535854026675224}]",uppercase
C:/Code/airwrite-vocab-assistant/data/airwrite_identity_eval/../raw_airwrite/X/airwrite_X_20260804_163357_362687_bf3742.png,x,y,0.6920025944709778,"[{""label"": ""y"", ""probability"": 0.6920025944709778}, {""label"": ""t"", ""probability"": 0.17689990997314453}, {""label"": ""x"", ""probability"": 0.05973624438047409}]",uppercase
C:/Code/airwrite-vocab-assistant/data/airwrite_identity_eval/../raw_airwrite/X/airwrite_X_20260804_163359_970536_0c9767.png,x,k,0.6416811347007751,"[{""label"": ""k"", ""probability"": 0.6416811347007751}, {""label"": ""x"", ""probability"": 0.16438448429107666}, {""label"": ""r"", ""probability"": 0.04044085368514061}]",uppercase
C:/Code/airwrite-vocab-assistant/data/airwrite_identity_eval/../raw_airwrite/X/airwrite_X_20260804_163402_461126_072480.png,x,x,0.7972201108932495,"[{""label"": ""x"", ""probability"": 0.7972201108932495}, {""label"": ""y"", ""probability"": 0.17587943375110626}, {""label"": ""t"", ""probability"": 0.015453371219336987}]",uppercase
C:/Code/airwrite-vocab-assistant/data/airwrite_identity_eval/../raw_airwrite/X/airwrite_X_20260804_163404_657664_16f945.png,x,k,0.49694114923477173,"[{""label"": ""k"", ""probability"": 0.49694114923477173}, {""label"": ""x"", ""probability"": 0.23503640294075012}, {""label"": ""r"", ""probability"": 0.06775113940238953}]",uppercase
C:/Code/airwrite-vocab-assistant/data/airwrite_identity_eval/../raw_airwrite/X/airwrite_X_20260804_163407_337776_da949e.png,x,x,0.6173672080039978,"[{""label"": ""x"", ""probability"": 0.6173672080039978}, {""label"": ""j"", ""probability"": 0.08874491602182388}, {""label"": ""y"", ""probability"": 0.03707695007324219}]",uppercase
C:/Code/airwrite-vocab-assistant/data/airwrite_identity_eval/../raw_airwrite/X/airwrite_X_20260804_163410_661111_87049a.png,x,x,0.9626933932304382,"[{""label"": ""x"", ""probability"": 0.9626933932304382}, {""label"": ""k"", ""probability"": 0.023427043110132217}, {""label"": ""y"", ""probability"": 0.00942272413522005}]",uppercase
C:/Code/airwrite-vocab-assistant/data/airwrite_identity_eval/../raw_airwrite/X/airwrite_X_20260804_163412_813765_4dfef4.png,x,x,0.5223720669746399,"[{""label"": ""x"", ""probability"": 0.5223720669746399}, {""label"": ""y"", ""probability"": 0.3999485373497009}, {""label"": ""k"", ""probability"": 0.03392602875828743}]",uppercase
C:/Code/airwrite-vocab-assistant/data/airwrite_identity_eval/../raw_airwrite/X/airwrite_X_20260804_163415_202166_f9cd7e.png,x,k,0.7921354174613953,"[{""label"": ""k"", ""probability"": 0.7921354174613953}, {""label"": ""x"", ""probability"": 0.17881745100021362}, {""label"": ""h"", ""probability"": 0.008017423562705517}]",uppercase
C:/Code/airwrite-vocab-assistant/data/airwrite_identity_eval/../raw_airwrite/X/airwrite_X_20260804_163417_694276_8dcc3c.png,x,y,0.6945201754570007,"[{""label"": ""y"", ""probability"": 0.6945201754570007}, {""label"": ""x"", ""probability"": 0.14945381879806519}, {""label"": ""t"", ""probability"": 0.07099886983633041}]",uppercase
C:/Code/airwrite-vocab-assistant/data/airwrite_identity_eval/../raw_airwrite/X/airwrite_X_20260804_163419_882887_0d7ec6.png,x,x,0.9268020987510681,"[{""label"": ""x"", ""probability"": 0.9268020987510681}, {""label"": ""k"", ""probability"": 0.0660519152879715}, {""label"": ""y"", ""probability"": 0.0013886349042877555}]",uppercase
C:/Code/airwrite-vocab-assistant/data/airwrite_identity_eval/../raw_airwrite/X/airwrite_X_20260804_163422_347513_c74de9.png,x,y,0.7825993299484253,"[{""label"": ""y"", ""probability"": 0.7825993299484253}, {""label"": ""t"", ""probability"": 0.0835760235786438}, {""label"": ""j"", ""probability"": 0.04085367172956467}]",uppercase
C:/Code/airwrite-vocab-assistant/data/airwrite_identity_eval/../raw_airwrite/X/airwrite_X_20260804_163424_636197_a82ce9.png,x,x,0.9718635082244873,"[{""label"": ""x"", ""probability"": 0.9718635082244873}, {""label"": ""k"", ""probability"": 0.021818071603775024}, {""label"": ""y"", ""probability"": 0.00392343383282423}]",uppercase
C:/Code/airwrite-vocab-assistant/data/airwrite_identity_eval/../raw_airwrite/X/airwrite_X_20260804_163426_672795_69023e.png,x,v,0.26370111107826233,"[{""label"": ""v"", ""probability"": 0.26370111107826233}, {""label"": ""j"", ""probability"": 0.22749774158000946}, {""label"": ""i"", ""probability"": 0.21563489735126495}]",uppercase
C:/Code/airwrite-vocab-assistant/data/airwrite_identity_eval/../raw_airwrite/X/airwrite_X_20260804_163429_211264_6c534c.png,x,x,0.5853886604309082,"[{""label"": ""x"", ""probability"": 0.5853886604309082}, {""label"": ""k"", ""probability"": 0.13781774044036865}, {""label"": ""z"", ""probability"": 0.08208859711885452}]",uppercase
C:/Code/airwrite-vocab-assistant/data/airwrite_identity_eval/../raw_airwrite/X/airwrite_X_20260804_163431_994880_efb5f4.png,x,x,0.8563924431800842,"[{""label"": ""x"", ""probability"": 0.8563924431800842}, {""label"": ""k"", ""probability"": 0.08996046334505081}, {""label"": ""z"", ""probability"": 0.02172146551311016}]",uppercase
C:/Code/airwrite-vocab-assistant/data/airwrite_identity_eval/../raw_airwrite/X/airwrite_X_20260804_163434_392685_035219.png,x,x,0.5558046102523804,"[{""label"": ""x"", ""probability"": 0.5558046102523804}, {""label"": ""y"", ""probability"": 0.21333110332489014}, {""label"": ""k"", ""probability"": 0.04787030816078186}]",uppercase
C:/Code/airwrite-vocab-assistant/data/airwrite_identity_eval/../raw_airwrite/X/airwrite_X_20260804_163437_051644_311fe3.png,x,y,0.36763444542884827,"[{""label"": ""y"", ""probability"": 0.36763444542884827}, {""label"": ""j"", ""probability"": 0.2856311798095703}, {""label"": ""i"", ""probability"": 0.11886898428201675}]",uppercase
C:/Code/airwrite-vocab-assistant/data/airwrite_identity_eval/../raw_airwrite/X/airwrite_X_20260804_163439_624617_1fc47e.png,x,x,0.87125563621521,"[{""label"": ""x"", ""probability"": 0.87125563621521}, {""label"": ""y"", ""probability"": 0.039719585329294205}, {""label"": ""t"", ""probability"": 0.03939088061451912}]",uppercase
C:/Code/airwrite-vocab-assistant/data/airwrite_identity_eval/../raw_airwrite/X/airwrite_X_20260804_163441_676058_40d516.png,x,y,0.4102688431739807,"[{""label"": ""y"", ""probability"": 0.4102688431739807}, {""label"": ""x"", ""probability"": 0.39104199409484863}, {""label"": ""t"", ""probability"": 0.10699044913053513}]",uppercase
C:/Code/airwrite-vocab-assistant/data/airwrite_identity_eval/../raw_airwrite/X/airwrite_X_20260804_163443_828961_cbfeb6.png,x,k,0.6237319111824036,"[{""label"": ""k"", ""probability"": 0.6237319111824036}, {""label"": ""x"", ""probability"": 0.23321685194969177}, {""label"": ""y"", ""probability"": 0.04077142849564552}]",uppercase
C:/Code/airwrite-vocab-assistant/data/airwrite_identity_eval/../raw_airwrite/X/airwrite_X_20260804_163446_612613_d38e71.png,x,x,0.6981175541877747,"[{""label"": ""x"", ""probability"": 0.6981175541877747}, {""label"": ""k"", ""probability"": 0.17286618053913116}, {""label"": ""y"", ""probability"": 0.0641959086060524}]",uppercase
C:/Code/airwrite-vocab-assistant/data/airwrite_identity_eval/../raw_airwrite/X/airwrite_X_20260804_163449_180081_b5b063.png,x,x,0.6040936708450317,"[{""label"": ""x"", ""probability"": 0.6040936708450317}, {""label"": ""k"", ""probability"": 0.3290374279022217}, {""label"": ""y"", ""probability"": 0.04424380138516426}]",uppercase
C:/Code/airwrite-vocab-assistant/data/airwrite_identity_eval/../raw_airwrite/X/airwrite_X_20260804_163451_169183_466b9a.png,x,x,0.7976998090744019,"[{""label"": ""x"", ""probability"": 0.7976998090744019}, {""label"": ""k"", ""probability"": 0.10778774321079254}, {""label"": ""y"", ""probability"": 0.044935617595911026}]",uppercase
C:/Code/airwrite-vocab-assistant/data/airwrite_identity_eval/../raw_airwrite/X/airwrite_X_20260804_163453_173581_ae6f22.png,x,y,0.7557445168495178,"[{""label"": ""y"", ""probability"": 0.7557445168495178}, {""label"": ""x"", ""probability"": 0.217738538980484}, {""label"": ""j"", ""probability"": 0.008369381539523602}]",uppercase
C:/Code/airwrite-vocab-assistant/data/airwrite_identity_eval/../raw_airwrite/X/airwrite_X_20260804_163455_369348_9e9c88.png,x,k,0.37283608317375183,"[{""label"": ""k"", ""probability"": 0.37283608317375183}, {""label"": ""x"", ""probability"": 0.320310115814209}, {""label"": ""y"", ""probability"": 0.14453290402889252}]",uppercase
C:/Code/airwrite-vocab-assistant/data/airwrite_identity_eval/../raw_airwrite/Y/airwrite_Y_20260804_163603_324336_c78eb9.png,y,y,0.9911744594573975,"[{""label"": ""y"", ""probability"": 0.9911744594573975}, {""label"": ""t"", ""probability"": 0.004572855308651924}, {""label"": ""v"", ""probability"": 0.0011934895301237702}]",uppercase
C:/Code/airwrite-vocab-assistant/data/airwrite_identity_eval/../raw_airwrite/Y/airwrite_Y_20260804_163607_224635_048b7f.png,y,y,0.970734715461731,"[{""label"": ""y"", ""probability"": 0.970734715461731}, {""label"": ""t"", ""probability"": 0.009542089886963367}, {""label"": ""j"", ""probability"": 0.0075267343781888485}]",uppercase
C:/Code/airwrite-vocab-assistant/data/airwrite_identity_eval/../raw_airwrite/Y/airwrite_Y_20260804_163609_785230_9afd22.png,y,y,0.9599021673202515,"[{""label"": ""y"", ""probability"": 0.9599021673202515}, {""label"": ""j"", ""probability"": 0.01621105894446373}, {""label"": ""t"", ""probability"": 0.008866905234754086}]",uppercase
C:/Code/airwrite-vocab-assistant/data/airwrite_identity_eval/../raw_airwrite/Y/airwrite_Y_20260804_163612_705893_478184.png,y,y,0.9502092599868774,"[{""label"": ""y"", ""probability"": 0.9502092599868774}, {""label"": ""t"", ""probability"": 0.01587427407503128}, {""label"": ""j"", ""probability"": 0.009466979652643204}]",uppercase
C:/Code/airwrite-vocab-assistant/data/airwrite_identity_eval/../raw_airwrite/Y/airwrite_Y_20260804_163619_492647_081370.png,y,i,0.2944776117801666,"[{""label"": ""i"", ""probability"": 0.2944776117801666}, {""label"": ""l"", ""probability"": 0.25481945276260376}, {""label"": ""v"", ""probability"": 0.18954651057720184}]",uppercase
C:/Code/airwrite-vocab-assistant/data/airwrite_identity_eval/../raw_airwrite/Y/airwrite_Y_20260804_163622_189584_c49692.png,y,y,0.36210647225379944,"[{""label"": ""y"", ""probability"": 0.36210647225379944}, {""label"": ""i"", ""probability"": 0.22688905894756317}, {""label"": ""l"", ""probability"": 0.17148391902446747}]",uppercase
C:/Code/airwrite-vocab-assistant/data/airwrite_identity_eval/../raw_airwrite/Y/airwrite_Y_20260804_163625_468013_20b214.png,y,y,0.4250394403934479,"[{""label"": ""y"", ""probability"": 0.4250394403934479}, {""label"": ""j"", ""probability"": 0.1520671248435974}, {""label"": ""i"", ""probability"": 0.12292212247848511}]",uppercase
C:/Code/airwrite-vocab-assistant/data/airwrite_identity_eval/../raw_airwrite/Y/airwrite_Y_20260804_163628_338242_209434.png,y,i,0.36937466263771057,"[{""label"": ""i"", ""probability"": 0.36937466263771057}, {""label"": ""j"", ""probability"": 0.267667293548584}, {""label"": ""t"", ""probability"": 0.13732609152793884}]",uppercase
C:/Code/airwrite-vocab-assistant/data/airwrite_identity_eval/../raw_airwrite/Y/airwrite_Y_20260804_163634_535868_365a08.png,y,i,0.6538048386573792,"[{""label"": ""i"", ""probability"": 0.6538048386573792}, {""label"": ""j"", ""probability"": 0.19622273743152618}, {""label"": ""t"", ""probability"": 0.07358021289110184}]",uppercase
C:/Code/airwrite-vocab-assistant/data/airwrite_identity_eval/../raw_airwrite/Y/airwrite_Y_20260804_163638_092617_3b38bd.png,y,i,0.3046713173389435,"[{""label"": ""i"", ""probability"": 0.3046713173389435}, {""label"": ""y"", ""probability"": 0.19567066431045532}, {""label"": ""j"", ""probability"": 0.15900757908821106}]",uppercase
C:/Code/airwrite-vocab-assistant/data/airwrite_identity_eval/../raw_airwrite/Y/airwrite_Y_20260804_163643_537375_abcd66.png,y,j,0.34189319610595703,"[{""label"": ""j"", ""probability"": 0.34189319610595703}, {""label"": ""y"", ""probability"": 0.2532770335674286}, {""label"": ""i"", ""probability"": 0.1951928436756134}]",uppercase
C:/Code/airwrite-vocab-assistant/data/airwrite_identity_eval/../raw_airwrite/Y/airwrite_Y_20260804_163656_924955_8166c0.png,y,y,0.8608593940734863,"[{""label"": ""y"", ""probability"": 0.8608593940734863}, {""label"": ""j"", ""probability"": 0.04377982020378113}, {""label"": ""v"", ""probability"": 0.03159630671143532}]",uppercase
C:/Code/airwrite-vocab-assistant/data/airwrite_identity_eval/../raw_airwrite/Y/airwrite_Y_20260804_163703_933418_fe03b9.png,y,y,0.7203052043914795,"[{""label"": ""y"", ""probability"": 0.7203052043914795}, {""label"": ""t"", ""probability"": 0.0718303993344307}, {""label"": ""i"", ""probability"": 0.06663988530635834}]",uppercase
C:/Code/airwrite-vocab-assistant/data/airwrite_identity_eval/../raw_airwrite/Y/airwrite_Y_20260804_163707_812875_0aa14b.png,y,t,0.549646258354187,"[{""label"": ""t"", ""probability"": 0.549646258354187}, {""label"": ""f"", ""probability"": 0.23743359744548798}, {""label"": ""y"", ""probability"": 0.12657126784324646}]",uppercase
C:/Code/airwrite-vocab-assistant/data/airwrite_identity_eval/../raw_airwrite/Y/airwrite_Y_20260804_163716_384970_a27c9f.png,y,y,0.36735105514526367,"[{""label"": ""y"", ""probability"": 0.36735105514526367}, {""label"": ""i"", ""probability"": 0.36673957109451294}, {""label"": ""l"", ""probability"": 0.0681861862540245}]",uppercase
C:/Code/airwrite-vocab-assistant/data/airwrite_identity_eval/../raw_airwrite/Y/airwrite_Y_20260804_163720_205896_a32ab7.png,y,j,0.33395349979400635,"[{""label"": ""j"", ""probability"": 0.33395349979400635}, {""label"": ""i"", ""probability"": 0.31769299507141113}, {""label"": ""t"", ""probability"": 0.1497175097465515}]",uppercase
C:/Code/airwrite-vocab-assistant/data/airwrite_identity_eval/../raw_airwrite/Y/airwrite_Y_20260804_163724_151004_47bb57.png,y,i,0.8525082468986511,"[{""label"": ""i"", ""probability"": 0.8525082468986511}, {""label"": ""j"", ""probability"": 0.07057778537273407}, {""label"": ""l"", ""probability"": 0.0504283532500267}]",uppercase
C:/Code/airwrite-vocab-assistant/data/airwrite_identity_eval/../raw_airwrite/Y/airwrite_Y_20260804_163729_657771_9ef6ad.png,y,j,0.33183544874191284,"[{""label"": ""j"", ""probability"": 0.33183544874191284}, {""label"": ""i"", ""probability"": 0.26297858357429504}, {""label"": ""y"", ""probability"": 0.24179159104824066}]",uppercase
C:/Code/airwrite-vocab-assistant/data/airwrite_identity_eval/../raw_airwrite/Y/airwrite_Y_20260804_163733_195786_b7f846.png,y,t,0.5877780318260193,"[{""label"": ""t"", ""probability"": 0.5877780318260193}, {""label"": ""i"", ""probability"": 0.12651801109313965}, {""label"": ""f"", ""probability"": 0.10111705958843231}]",uppercase
C:/Code/airwrite-vocab-assistant/data/airwrite_identity_eval/../raw_airwrite/Y/airwrite_Y_20260804_163752_324222_0d29d1.png,y,y,0.6501309275627136,"[{""label"": ""y"", ""probability"": 0.6501309275627136}, {""label"": ""i"", ""probability"": 0.12720027565956116}, {""label"": ""j"", ""probability"": 0.11559837311506271}]",uppercase
C:/Code/airwrite-vocab-assistant/data/airwrite_identity_eval/../raw_airwrite/Y/airwrite_Y_20260804_163758_977699_02d5c2.png,y,i,0.39759334921836853,"[{""label"": ""i"", ""probability"": 0.39759334921836853}, {""label"": ""j"", ""probability"": 0.18120448291301727}, {""label"": ""y"", ""probability"": 0.16688694059848785}]",uppercase
C:/Code/airwrite-vocab-assistant/data/airwrite_identity_eval/../raw_airwrite/Y/airwrite_Y_20260804_163802_704255_3a413f.png,y,i,0.4200360178947449,"[{""label"": ""i"", ""probability"": 0.4200360178947449}, {""label"": ""t"", ""probability"": 0.2109566628932953}, {""label"": ""f"", ""probability"": 0.0814831405878067}]",uppercase
C:/Code/airwrite-vocab-assistant/data/airwrite_identity_eval/../raw_airwrite/Y/airwrite_Y_20260804_163808_663158_8fdfec.png,y,i,0.2713542580604553,"[{""label"": ""i"", ""probability"": 0.2713542580604553}, {""label"": ""y"", ""probability"": 0.26977384090423584}, {""label"": ""l"", ""probability"": 0.13027013838291168}]",uppercase
C:/Code/airwrite-vocab-assistant/data/airwrite_identity_eval/../raw_airwrite/Y/airwrite_Y_20260804_163811_816031_39c326.png,y,t,0.5589537024497986,"[{""label"": ""t"", ""probability"": 0.5589537024497986}, {""label"": ""i"", ""probability"": 0.14684581756591797}, {""label"": ""y"", ""probability"": 0.1220511943101883}]",uppercase
C:/Code/airwrite-vocab-assistant/data/airwrite_identity_eval/../raw_airwrite/Y/airwrite_Y_20260804_163815_360597_d32ce0.png,y,i,0.5816247463226318,"[{""label"": ""i"", ""probability"": 0.5816247463226318}, {""label"": ""t"", ""probability"": 0.14409567415714264}, {""label"": ""j"", ""probability"": 0.07681316882371902}]",uppercase
C:/Code/airwrite-vocab-assistant/data/airwrite_identity_eval/../raw_airwrite/Y/airwrite_Y_20260804_163821_980119_d0db4c.png,y,i,0.32146206498146057,"[{""label"": ""i"", ""probability"": 0.32146206498146057}, {""label"": ""y"", ""probability"": 0.26103928685188293}, {""label"": ""j"", ""probability"": 0.21488693356513977}]",uppercase
C:/Code/airwrite-vocab-assistant/data/airwrite_identity_eval/../raw_airwrite/Y/airwrite_Y_20260804_163825_423096_93395f.png,y,t,0.3341769874095917,"[{""label"": ""t"", ""probability"": 0.3341769874095917}, {""label"": ""i"", ""probability"": 0.1950731873512268}, {""label"": ""y"", ""probability"": 0.19315041601657867}]",uppercase
C:/Code/airwrite-vocab-assistant/data/airwrite_identity_eval/../raw_airwrite/Y/airwrite_Y_20260804_163829_307096_f87a3d.png,y,i,0.6157979369163513,"[{""label"": ""i"", ""probability"": 0.6157979369163513}, {""label"": ""j"", ""probability"": 0.17916613817214966}, {""label"": ""l"", ""probability"": 0.1203601062297821}]",uppercase
C:/Code/airwrite-vocab-assistant/data/airwrite_identity_eval/../raw_airwrite/Y/airwrite_Y_20260804_163836_071015_8abb3b.png,y,y,0.7756942510604858,"[{""label"": ""y"", ""probability"": 0.7756942510604858}, {""label"": ""j"", ""probability"": 0.07545872777700424}, {""label"": ""i"", ""probability"": 0.0456283763051033}]",uppercase
C:/Code/airwrite-vocab-assistant/data/airwrite_identity_eval/../raw_airwrite/Y/airwrite_Y_20260804_163847_799336_637ecb.png,y,i,0.26228925585746765,"[{""label"": ""i"", ""probability"": 0.26228925585746765}, {""label"": ""l"", ""probability"": 0.23977668583393097}, {""label"": ""y"", ""probability"": 0.238577738404274}]",uppercase
C:/Code/airwrite-vocab-assistant/data/airwrite_identity_eval/../raw_airwrite/Y/airwrite_Y_20260804_163847_933744_279ddf.png,y,i,0.2612055242061615,"[{""label"": ""i"", ""probability"": 0.2612055242061615}, {""label"": ""y"", ""probability"": 0.24032250046730042}, {""label"": ""l"", ""probability"": 0.23975855112075806}]",uppercase
C:/Code/airwrite-vocab-assistant/data/airwrite_identity_eval/../raw_airwrite/Y/airwrite_Y_20260804_163848_107711_447782.png,y,i,0.259612500667572,"[{""label"": ""i"", ""probability"": 0.259612500667572}, {""label"": ""y"", ""probability"": 0.2429739236831665}, {""label"": ""l"", ""probability"": 0.23930463194847107}]",uppercase
C:/Code/airwrite-vocab-assistant/data/airwrite_identity_eval/../raw_airwrite/Y/airwrite_Y_20260804_163851_851457_f0e73c.png,y,y,0.7088472843170166,"[{""label"": ""y"", ""probability"": 0.7088472843170166}, {""label"": ""r"", ""probability"": 0.07059525698423386}, {""label"": ""t"", ""probability"": 0.04819652810692787}]",uppercase
C:/Code/airwrite-vocab-assistant/data/airwrite_identity_eval/../raw_airwrite/Y/airwrite_Y_20260804_163851_986865_fa103e.png,y,y,0.7246423363685608,"[{""label"": ""y"", ""probability"": 0.7246423363685608}, {""label"": ""r"", ""probability"": 0.06444112211465836}, {""label"": ""t"", ""probability"": 0.04539884999394417}]",uppercase
C:/Code/airwrite-vocab-assistant/data/airwrite_identity_eval/../raw_airwrite/Y/airwrite_Y_20260804_163852_201048_66f3ab.png,y,y,0.7258118391036987,"[{""label"": ""y"", ""probability"": 0.7258118391036987}, {""label"": ""r"", ""probability"": 0.064674511551857}, {""label"": ""t"", ""probability"": 0.045420631766319275}]",uppercase
C:/Code/airwrite-vocab-assistant/data/airwrite_identity_eval/../raw_airwrite/Y/airwrite_Y_20260804_163855_449787_68ef30.png,y,y,0.5976189970970154,"[{""label"": ""y"", ""probability"": 0.5976189970970154}, {""label"": ""i"", ""probability"": 0.11467181891202927}, {""label"": ""t"", ""probability"": 0.10483799129724503}]",uppercase
C:/Code/airwrite-vocab-assistant/data/airwrite_identity_eval/../raw_airwrite/Y/airwrite_Y_20260804_163855_612614_65466c.png,y,y,0.622521162033081,"[{""label"": ""y"", ""probability"": 0.622521162033081}, {""label"": ""t"", ""probability"": 0.10731369256973267}, {""label"": ""i"", ""probability"": 0.09925787150859833}]",uppercase
C:/Code/airwrite-vocab-assistant/data/airwrite_identity_eval/../raw_airwrite/Y/airwrite_Y_20260804_163858_886581_2c8cf2.png,y,t,0.4397988021373749,"[{""label"": ""t"", ""probability"": 0.4397988021373749}, {""label"": ""i"", ""probability"": 0.2686840891838074}, {""label"": ""r"", ""probability"": 0.0996006429195404}]",uppercase
C:/Code/airwrite-vocab-assistant/data/airwrite_identity_eval/../raw_airwrite/Y/airwrite_Y_20260804_163904_576602_d48728.png,y,y,0.6423320770263672,"[{""label"": ""y"", ""probability"": 0.6423320770263672}, {""label"": ""i"", ""probability"": 0.13479581475257874}, {""label"": ""j"", ""probability"": 0.04949574917554855}]",uppercase
C:/Code/airwrite-vocab-assistant/data/airwrite_identity_eval/../raw_airwrite/Y/airwrite_Y_20260804_163909_705572_2ae520.png,y,y,0.33814212679862976,"[{""label"": ""y"", ""probability"": 0.33814212679862976}, {""label"": ""i"", ""probability"": 0.22391484677791595}, {""label"": ""t"", ""probability"": 0.16467870771884918}]",uppercase
C:/Code/airwrite-vocab-assistant/data/airwrite_identity_eval/../raw_airwrite/Y/airwrite_Y_20260804_163909_830314_2c5847.png,y,y,0.33451780676841736,"[{""label"": ""y"", ""probability"": 0.33451780676841736}, {""label"": ""i"", ""probability"": 0.22711388766765594}, {""label"": ""t"", ""probability"": 0.1641983836889267}]",uppercase
C:/Code/airwrite-vocab-assistant/data/airwrite_identity_eval/../raw_airwrite/Y/airwrite_Y_20260804_163914_234622_56fac9.png,y,y,0.814417839050293,"[{""label"": ""y"", ""probability"": 0.814417839050293}, {""label"": ""t"", ""probability"": 0.10444216430187225}, {""label"": ""j"", ""probability"": 0.022182295098900795}]",uppercase
C:/Code/airwrite-vocab-assistant/data/airwrite_identity_eval/../raw_airwrite/Y/airwrite_Y_20260804_163914_364481_4e573e.png,y,y,0.721399188041687,"[{""label"": ""y"", ""probability"": 0.721399188041687}, {""label"": ""t"", ""probability"": 0.12251557409763336}, {""label"": ""j"", ""probability"": 0.040202897042036057}]",uppercase
C:/Code/airwrite-vocab-assistant/data/airwrite_identity_eval/../raw_airwrite/Y/airwrite_Y_20260804_163918_641143_df9f34.png,y,y,0.5964297652244568,"[{""label"": ""y"", ""probability"": 0.5964297652244568}, {""label"": ""t"", ""probability"": 0.11293164640665054}, {""label"": ""i"", ""probability"": 0.07735089957714081}]",uppercase
C:/Code/airwrite-vocab-assistant/data/airwrite_identity_eval/../raw_airwrite/Z/airwrite_Z_20260804_163935_965125_0792d1.png,z,z,0.9958721995353699,"[{""label"": ""z"", ""probability"": 0.9958721995353699}, {""label"": ""i"", ""probability"": 0.003420039312914014}, {""label"": ""j"", ""probability"": 0.0001457580947317183}]",uppercase
C:/Code/airwrite-vocab-assistant/data/airwrite_identity_eval/../raw_airwrite/Z/airwrite_Z_20260804_163938_124979_be8f75.png,z,z,0.9921323657035828,"[{""label"": ""z"", ""probability"": 0.9921323657035828}, {""label"": ""e"", ""probability"": 0.0019488383550196886}, {""label"": ""f"", ""probability"": 0.0012762024998664856}]",uppercase
C:/Code/airwrite-vocab-assistant/data/airwrite_identity_eval/../raw_airwrite/Z/airwrite_Z_20260804_163940_025465_56155d.png,z,z,0.9991247057914734,"[{""label"": ""z"", ""probability"": 0.9991247057914734}, {""label"": ""i"", ""probability"": 0.0005680182366631925}, {""label"": ""l"", ""probability"": 9.885105100693181e-05}]",uppercase
C:/Code/airwrite-vocab-assistant/data/airwrite_identity_eval/../raw_airwrite/Z/airwrite_Z_20260804_163941_693073_9f28b4.png,z,z,0.9903360605239868,"[{""label"": ""z"", ""probability"": 0.9903360605239868}, {""label"": ""e"", ""probability"": 0.0035004739183932543}, {""label"": ""b"", ""probability"": 0.0019581967499107122}]",uppercase
C:/Code/airwrite-vocab-assistant/data/airwrite_identity_eval/../raw_airwrite/Z/airwrite_Z_20260804_163943_390218_bf0d27.png,z,z,0.8261328935623169,"[{""label"": ""z"", ""probability"": 0.8261328935623169}, {""label"": ""i"", ""probability"": 0.08694136887788773}, {""label"": ""j"", ""probability"": 0.02606782130897045}]",uppercase
C:/Code/airwrite-vocab-assistant/data/airwrite_identity_eval/../raw_airwrite/Z/airwrite_Z_20260804_163945_212592_4b3b79.png,z,z,0.9952600598335266,"[{""label"": ""z"", ""probability"": 0.9952600598335266}, {""label"": ""e"", ""probability"": 0.0010825257049873471}, {""label"": ""i"", ""probability"": 0.0010021498892456293}]",uppercase
C:/Code/airwrite-vocab-assistant/data/airwrite_identity_eval/../raw_airwrite/Z/airwrite_Z_20260804_163947_005821_aeb71d.png,z,z,0.9714581370353699,"[{""label"": ""z"", ""probability"": 0.9714581370353699}, {""label"": ""l"", ""probability"": 0.015928439795970917}, {""label"": ""i"", ""probability"": 0.0085119204595685}]",uppercase
C:/Code/airwrite-vocab-assistant/data/airwrite_identity_eval/../raw_airwrite/Z/airwrite_Z_20260804_163948_856278_85d0d1.png,z,z,0.9954025745391846,"[{""label"": ""z"", ""probability"": 0.9954025745391846}, {""label"": ""i"", ""probability"": 0.003038146300241351}, {""label"": ""e"", ""probability"": 0.0003370686899870634}]",uppercase
C:/Code/airwrite-vocab-assistant/data/airwrite_identity_eval/../raw_airwrite/Z/airwrite_Z_20260804_163950_642963_63b1e1.png,z,z,0.9986701011657715,"[{""label"": ""z"", ""probability"": 0.9986701011657715}, {""label"": ""l"", ""probability"": 0.0008508652681484818}, {""label"": ""i"", ""probability"": 0.00033277703914791346}]",uppercase
C:/Code/airwrite-vocab-assistant/data/airwrite_identity_eval/../raw_airwrite/Z/airwrite_Z_20260804_163952_412950_9feff7.png,z,z,0.9133020639419556,"[{""label"": ""z"", ""probability"": 0.9133020639419556}, {""label"": ""i"", ""probability"": 0.04384332895278931}, {""label"": ""t"", ""probability"": 0.01326943188905716}]",uppercase
C:/Code/airwrite-vocab-assistant/data/airwrite_identity_eval/../raw_airwrite/Z/airwrite_Z_20260804_163954_177947_58e420.png,z,z,0.9898438453674316,"[{""label"": ""z"", ""probability"": 0.9898438453674316}, {""label"": ""i"", ""probability"": 0.003526459215208888}, {""label"": ""c"", ""probability"": 0.0014310228871181607}]",uppercase
C:/Code/airwrite-vocab-assistant/data/airwrite_identity_eval/../raw_airwrite/Z/airwrite_Z_20260804_163957_547997_ad9b93.png,z,z,0.6699696183204651,"[{""label"": ""z"", ""probability"": 0.6699696183204651}, {""label"": ""e"", ""probability"": 0.21261681616306305}, {""label"": ""i"", ""probability"": 0.03468196839094162}]",uppercase
C:/Code/airwrite-vocab-assistant/data/airwrite_identity_eval/../raw_airwrite/Z/airwrite_Z_20260804_163959_613167_e23bd0.png,z,z,0.8379316329956055,"[{""label"": ""z"", ""probability"": 0.8379316329956055}, {""label"": ""i"", ""probability"": 0.1159752607345581}, {""label"": ""j"", ""probability"": 0.018122082576155663}]",uppercase
C:/Code/airwrite-vocab-assistant/data/airwrite_identity_eval/../raw_airwrite/Z/airwrite_Z_20260804_164002_087550_8d5346.png,z,z,0.8589948415756226,"[{""label"": ""z"", ""probability"": 0.8589948415756226}, {""label"": ""i"", ""probability"": 0.0957823395729065}, {""label"": ""j"", ""probability"": 0.018177777528762817}]",uppercase
C:/Code/airwrite-vocab-assistant/data/airwrite_identity_eval/../raw_airwrite/Z/airwrite_Z_20260804_164007_160128_553300.png,z,z,0.8920416235923767,"[{""label"": ""z"", ""probability"": 0.8920416235923767}, {""label"": ""i"", ""probability"": 0.08498482406139374}, {""label"": ""j"", ""probability"": 0.010102460160851479}]",uppercase
C:/Code/airwrite-vocab-assistant/data/airwrite_identity_eval/../raw_airwrite/Z/airwrite_Z_20260804_164011_331808_8ac372.png,z,z,0.41814836859703064,"[{""label"": ""z"", ""probability"": 0.41814836859703064}, {""label"": ""e"", ""probability"": 0.2139362245798111}, {""label"": ""f"", ""probability"": 0.2048194855451584}]",uppercase
C:/Code/airwrite-vocab-assistant/data/airwrite_identity_eval/../raw_airwrite/Z/airwrite_Z_20260804_164015_854397_7337da.png,z,z,0.9943733215332031,"[{""label"": ""z"", ""probability"": 0.9943733215332031}, {""label"": ""i"", ""probability"": 0.002515670843422413}, {""label"": ""l"", ""probability"": 0.0008387783891521394}]",uppercase
C:/Code/airwrite-vocab-assistant/data/airwrite_identity_eval/../raw_airwrite/Z/airwrite_Z_20260804_164017_876298_dc041b.png,z,z,0.9664927124977112,"[{""label"": ""z"", ""probability"": 0.9664927124977112}, {""label"": ""i"", ""probability"": 0.015508830547332764}, {""label"": ""b"", ""probability"": 0.00465680006891489}]",uppercase
C:/Code/airwrite-vocab-assistant/data/airwrite_identity_eval/../raw_airwrite/Z/airwrite_Z_20260804_164019_753001_e11ac4.png,z,z,0.6026013493537903,"[{""label"": ""z"", ""probability"": 0.6026013493537903}, {""label"": ""l"", ""probability"": 0.2593190371990204}, {""label"": ""i"", ""probability"": 0.05280250683426857}]",uppercase
C:/Code/airwrite-vocab-assistant/data/airwrite_identity_eval/../raw_airwrite/Z/airwrite_Z_20260804_164022_308831_efeb6c.png,z,z,0.9823967218399048,"[{""label"": ""z"", ""probability"": 0.9823967218399048}, {""label"": ""i"", ""probability"": 0.0076953754760324955}, {""label"": ""l"", ""probability"": 0.006225257180631161}]",uppercase
C:/Code/airwrite-vocab-assistant/data/airwrite_identity_eval/../raw_airwrite/Z/airwrite_Z_20260804_164024_313421_56320a.png,z,z,0.981357216835022,"[{""label"": ""z"", ""probability"": 0.981357216835022}, {""label"": ""c"", ""probability"": 0.009188631549477577}, {""label"": ""l"", ""probability"": 0.0024676835164427757}]",uppercase
C:/Code/airwrite-vocab-assistant/data/airwrite_identity_eval/../raw_airwrite/Z/airwrite_Z_20260804_164028_980172_78f8ed.png,z,z,0.984262228012085,"[{""label"": ""z"", ""probability"": 0.984262228012085}, {""label"": ""i"", ""probability"": 0.01005064882338047}, {""label"": ""c"", ""probability"": 0.001323708682321012}]",uppercase
C:/Code/airwrite-vocab-assistant/data/airwrite_identity_eval/../raw_airwrite/Z/airwrite_Z_20260804_164030_680868_ecdb79.png,z,z,0.7967332005500793,"[{""label"": ""z"", ""probability"": 0.7967332005500793}, {""label"": ""e"", ""probability"": 0.1419803947210312}, {""label"": ""c"", ""probability"": 0.021400194615125656}]",uppercase
C:/Code/airwrite-vocab-assistant/data/airwrite_identity_eval/../raw_airwrite/Z/airwrite_Z_20260804_164032_278791_71b189.png,z,z,0.3656371533870697,"[{""label"": ""z"", ""probability"": 0.3656371533870697}, {""label"": ""f"", ""probability"": 0.2694528102874756}, {""label"": ""j"", ""probability"": 0.14234207570552826}]",uppercase
C:/Code/airwrite-vocab-assistant/data/airwrite_identity_eval/../raw_airwrite/Z/airwrite_Z_20260804_164036_563107_1d910f.png,z,z,0.9782267212867737,"[{""label"": ""z"", ""probability"": 0.9782267212867737}, {""label"": ""l"", ""probability"": 0.014047813601791859}, {""label"": ""i"", ""probability"": 0.004610097035765648}]",uppercase
C:/Code/airwrite-vocab-assistant/data/airwrite_identity_eval/../raw_airwrite/Z/airwrite_Z_20260804_164038_461883_d9246f.png,z,z,0.9374237656593323,"[{""label"": ""z"", ""probability"": 0.9374237656593323}, {""label"": ""e"", ""probability"": 0.03790313005447388}, {""label"": ""i"", ""probability"": 0.012863271869719028}]",uppercase
C:/Code/airwrite-vocab-assistant/data/airwrite_identity_eval/../raw_airwrite/Z/airwrite_Z_20260804_164053_142796_503044.png,z,c,0.3764936327934265,"[{""label"": ""c"", ""probability"": 0.3764936327934265}, {""label"": ""e"", ""probability"": 0.33431264758110046}, {""label"": ""z"", ""probability"": 0.15034237504005432}]",uppercase
C:/Code/airwrite-vocab-assistant/data/airwrite_identity_eval/../raw_airwrite/Z/airwrite_Z_20260804_164055_102859_cacdac.png,z,z,0.996820330619812,"[{""label"": ""z"", ""probability"": 0.996820330619812}, {""label"": ""i"", ""probability"": 0.001069996622391045}, {""label"": ""b"", ""probability"": 0.0005760801141150296}]",uppercase
C:/Code/airwrite-vocab-assistant/data/airwrite_identity_eval/../raw_airwrite/Z/airwrite_Z_20260804_164057_063047_000b77.png,z,z,0.8112368583679199,"[{""label"": ""z"", ""probability"": 0.8112368583679199}, {""label"": ""e"", ""probability"": 0.07446745783090591}, {""label"": ""c"", ""probability"": 0.05816488340497017}]",uppercase
C:/Code/airwrite-vocab-assistant/data/airwrite_identity_eval/../raw_airwrite/Z/airwrite_Z_20260804_164058_726628_088413.png,z,l,0.4458295404911041,"[{""label"": ""l"", ""probability"": 0.4458295404911041}, {""label"": ""z"", ""probability"": 0.28348708152770996}, {""label"": ""i"", ""probability"": 0.13298968970775604}]",uppercase
C:/Code/airwrite-vocab-assistant/data/airwrite_identity_eval/../raw_airwrite/Z/airwrite_Z_20260804_164101_034299_204f33.png,z,z,0.917381227016449,"[{""label"": ""z"", ""probability"": 0.917381227016449}, {""label"": ""e"", ""probability"": 0.03583336994051933}, {""label"": ""i"", ""probability"": 0.01372044999152422}]",uppercase
C:/Code/airwrite-vocab-assistant/data/airwrite_identity_eval/../raw_airwrite/Z/airwrite_Z_20260804_164102_857661_735303.png,z,z,0.9946662187576294,"[{""label"": ""z"", ""probability"": 0.9946662187576294}, {""label"": ""e"", ""probability"": 0.002173459157347679}, {""label"": ""i"", ""probability"": 0.0008902394911274314}]",uppercase
C:/Code/airwrite-vocab-assistant/data/airwrite_identity_eval/../raw_airwrite/Z/airwrite_Z_20260804_164104_533477_0ea96d.png,z,i,0.39685705304145813,"[{""label"": ""i"", ""probability"": 0.39685705304145813}, {""label"": ""z"", ""probability"": 0.3660482168197632}, {""label"": ""e"", ""probability"": 0.10098318755626678}]",uppercase
C:/Code/airwrite-vocab-assistant/data/airwrite_identity_eval/../raw_airwrite/Z/airwrite_Z_20260804_164106_737377_05b174.png,z,z,0.4256412386894226,"[{""label"": ""z"", ""probability"": 0.4256412386894226}, {""label"": ""i"", ""probability"": 0.4009304940700531}, {""label"": ""l"", ""probability"": 0.05343594029545784}]",uppercase
C:/Code/airwrite-vocab-assistant/data/airwrite_identity_eval/../raw_airwrite/Z/airwrite_Z_20260804_164108_812580_01af11.png,z,z,0.8081450462341309,"[{""label"": ""z"", ""probability"": 0.8081450462341309}, {""label"": ""e"", ""probability"": 0.06230206415057182}, {""label"": ""i"", ""probability"": 0.044063810259103775}]",uppercase
C:/Code/airwrite-vocab-assistant/data/airwrite_identity_eval/../raw_airwrite/Z/airwrite_Z_20260804_164110_874836_2547d1.png,z,z,0.9756090044975281,"[{""label"": ""z"", ""probability"": 0.9756090044975281}, {""label"": ""i"", ""probability"": 0.020913468673825264}, {""label"": ""j"", ""probability"": 0.0010828773956745863}]",uppercase
C:/Code/airwrite-vocab-assistant/data/airwrite_identity_eval/../raw_airwrite/Z/airwrite_Z_20260804_164112_804610_0fcdf3.png,z,z,0.9831619262695312,"[{""label"": ""z"", ""probability"": 0.9831619262695312}, {""label"": ""i"", ""probability"": 0.012745137326419353}, {""label"": ""e"", ""probability"": 0.0010063775116577744}]",uppercase
C:/Code/airwrite-vocab-assistant/data/airwrite_identity_eval/../raw_airwrite/Z/airwrite_Z_20260804_164132_913085_b69d29.png,z,z,0.8380434513092041,"[{""label"": ""z"", ""probability"": 0.8380434513092041}, {""label"": ""i"", ""probability"": 0.1226545125246048}, {""label"": ""c"", ""probability"": 0.009591028094291687}]",uppercase
C:/Code/airwrite-vocab-assistant/data/airwrite_identity_eval/../raw_airwrite/Z/airwrite_Z_20260804_164141_025163_a77160.png,z,z,0.8352233171463013,"[{""label"": ""z"", ""probability"": 0.8352233171463013}, {""label"": ""e"", ""probability"": 0.12153257429599762}, {""label"": ""c"", ""probability"": 0.013040206395089626}]",uppercase
C:/Code/airwrite-vocab-assistant/data/airwrite_identity_eval/../raw_airwrite/Z/airwrite_Z_20260804_164143_138274_7ea732.png,z,z,0.9868618249893188,"[{""label"": ""z"", ""probability"": 0.9868618249893188}, {""label"": ""l"", ""probability"": 0.006238061934709549}, {""label"": ""i"", ""probability"": 0.0045753661543130875}]",uppercase
C:/Code/airwrite-vocab-assistant/data/airwrite_identity_eval/../raw_airwrite/Z/airwrite_Z_20260804_164145_266900_312802.png,z,z,0.9980600476264954,"[{""label"": ""z"", ""probability"": 0.9980600476264954}, {""label"": ""i"", ""probability"": 0.0010791569948196411}, {""label"": ""l"", ""probability"": 0.00023110336042009294}]",uppercase
C:/Code/airwrite-vocab-assistant/data/airwrite_identity_eval/../raw_airwrite/Z/airwrite_Z_20260804_164147_810571_a253fd.png,z,z,0.9910216927528381,"[{""label"": ""z"", ""probability"": 0.9910216927528381}, {""label"": ""l"", ""probability"": 0.0020172784570604563}, {""label"": ""c"", ""probability"": 0.0019114705501124263}]",uppercase
C:/Code/airwrite-vocab-assistant/data/airwrite_identity_eval/../raw_airwrite/Z/airwrite_Z_20260804_164149_825996_8ba78c.png,z,z,0.995858371257782,"[{""label"": ""z"", ""probability"": 0.995858371257782}, {""label"": ""i"", ""probability"": 0.001402977155521512}, {""label"": ""e"", ""probability"": 0.0007389236707240343}]",uppercase
C:/Code/airwrite-vocab-assistant/data/airwrite_identity_eval/../raw_airwrite/Z/airwrite_Z_20260804_164154_682824_9fb013.png,z,z,0.9947015047073364,"[{""label"": ""z"", ""probability"": 0.9947015047073364}, {""label"": ""i"", ""probability"": 0.0034701095428317785}, {""label"": ""l"", ""probability"": 0.0010697873076424003}]",uppercase
C:/Code/airwrite-vocab-assistant/data/airwrite_identity_eval/../raw_airwrite/Z/airwrite_Z_20260804_164157_389642_8feed4.png,z,z,0.9776565432548523,"[{""label"": ""z"", ""probability"": 0.9776565432548523}, {""label"": ""i"", ""probability"": 0.012466021813452244}, {""label"": ""e"", ""probability"": 0.00392197584733367}]",uppercase
C:/Code/airwrite-vocab-assistant/data/airwrite_identity_eval/../raw_airwrite/Z/airwrite_Z_20260804_164159_204300_c7fbca.png,z,z,0.3695959448814392,"[{""label"": ""z"", ""probability"": 0.3695959448814392}, {""label"": ""i"", ""probability"": 0.29700905084609985}, {""label"": ""e"", ""probability"": 0.08419623970985413}]",uppercase
C:/Code/airwrite-vocab-assistant/data/airwrite_identity_eval/../raw_airwrite/Z/airwrite_Z_20260804_164201_109789_81ff8a.png,z,z,0.25810596346855164,"[{""label"": ""z"", ""probability"": 0.25810596346855164}, {""label"": ""e"", ""probability"": 0.21541348099708557}, {""label"": ""t"", ""probability"": 0.18891748785972595}]",uppercase
C:/Code/airwrite-vocab-assistant/data/airwrite_identity_eval/../raw_airwrite/Z/airwrite_Z_20260804_164203_149752_857706.png,z,z,0.9955631494522095,"[{""label"": ""z"", ""probability"": 0.9955631494522095}, {""label"": ""a"", ""probability"": 0.0014659769367426634}, {""label"": ""e"", ""probability"": 0.0009303234401158988}]",uppercase
C:/Code/airwrite-vocab-assistant/data/airwrite_identity_eval/../raw_airwrite/Z/airwrite_Z_20260804_164205_063091_534c23.png,z,z,0.9783202409744263,"[{""label"": ""z"", ""probability"": 0.9783202409744263}, {""label"": ""i"", ""probability"": 0.017002591863274574}, {""label"": ""l"", ""probability"": 0.0013046360109001398}]",uppercase
C:/Code/airwrite-vocab-assistant/data/airwrite_identity_eval/../raw_airwrite/lowercase/a/airwrite_lowercase_a_20260805_205946_895702_a1c83e.png,a,a,0.9980019927024841,"[{""label"": ""a"", ""probability"": 0.9980019927024841}, {""label"": ""g"", ""probability"": 0.0011563390726223588}, {""label"": ""q"", ""probability"": 0.0006195975583977997}]",lowercase
C:/Code/airwrite-vocab-assistant/data/airwrite_identity_eval/../raw_airwrite/lowercase/a/airwrite_lowercase_a_20260805_210011_273345_3a19f7.png,a,a,0.5765469670295715,"[{""label"": ""a"", ""probability"": 0.5765469670295715}, {""label"": ""q"", ""probability"": 0.28326526284217834}, {""label"": ""o"", ""probability"": 0.0530385784804821}]",lowercase
C:/Code/airwrite-vocab-assistant/data/airwrite_identity_eval/../raw_airwrite/lowercase/a/airwrite_lowercase_a_20260805_210015_679642_7794a3.png,a,c,0.30527353286743164,"[{""label"": ""c"", ""probability"": 0.30527353286743164}, {""label"": ""a"", ""probability"": 0.19433724880218506}, {""label"": ""e"", ""probability"": 0.16898691654205322}]",lowercase
C:/Code/airwrite-vocab-assistant/data/airwrite_identity_eval/../raw_airwrite/lowercase/a/airwrite_lowercase_a_20260805_210025_432790_e9cd88.png,a,a,0.992405354976654,"[{""label"": ""a"", ""probability"": 0.992405354976654}, {""label"": ""q"", ""probability"": 0.002611294388771057}, {""label"": ""d"", ""probability"": 0.0017037586076185107}]",lowercase
C:/Code/airwrite-vocab-assistant/data/airwrite_identity_eval/../raw_airwrite/lowercase/a/airwrite_lowercase_a_20260805_210029_794457_29035a.png,a,a,0.3735021948814392,"[{""label"": ""a"", ""probability"": 0.3735021948814392}, {""label"": ""d"", ""probability"": 0.2402815818786621}, {""label"": ""o"", ""probability"": 0.18475206196308136}]",lowercase
C:/Code/airwrite-vocab-assistant/data/airwrite_identity_eval/../raw_airwrite/lowercase/a/airwrite_lowercase_a_20260805_210034_577943_46cceb.png,a,a,0.5224155783653259,"[{""label"": ""a"", ""probability"": 0.5224155783653259}, {""label"": ""q"", ""probability"": 0.23988085985183716}, {""label"": ""d"", ""probability"": 0.07160863280296326}]",lowercase
C:/Code/airwrite-vocab-assistant/data/airwrite_identity_eval/../raw_airwrite/lowercase/a/airwrite_lowercase_a_20260805_210051_830884_1217cb.png,a,a,0.5982069969177246,"[{""label"": ""a"", ""probability"": 0.5982069969177246}, {""label"": ""c"", ""probability"": 0.1117367148399353}, {""label"": ""e"", ""probability"": 0.06533926725387573}]",lowercase
C:/Code/airwrite-vocab-assistant/data/airwrite_identity_eval/../raw_airwrite/lowercase/a/airwrite_lowercase_a_20260805_210055_117038_dd2c69.png,a,c,0.49342313408851624,"[{""label"": ""c"", ""probability"": 0.49342313408851624}, {""label"": ""a"", ""probability"": 0.25729265809059143}, {""label"": ""o"", ""probability"": 0.09140054881572723}]",lowercase
C:/Code/airwrite-vocab-assistant/data/airwrite_identity_eval/../raw_airwrite/lowercase/a/airwrite_lowercase_a_20260805_210058_178541_ed2e13.png,a,a,0.5119228959083557,"[{""label"": ""a"", ""probability"": 0.5119228959083557}, {""label"": ""c"", ""probability"": 0.24242368340492249}, {""label"": ""q"", ""probability"": 0.08279632776975632}]",lowercase
C:/Code/airwrite-vocab-assistant/data/airwrite_identity_eval/../raw_airwrite/lowercase/a/airwrite_lowercase_a_20260805_210112_392215_2af3ab.png,a,a,0.7542154788970947,"[{""label"": ""a"", ""probability"": 0.7542154788970947}, {""label"": ""g"", ""probability"": 0.18615137040615082}, {""label"": ""q"", ""probability"": 0.03858698159456253}]",lowercase
C:/Code/airwrite-vocab-assistant/data/airwrite_identity_eval/../raw_airwrite/lowercase/b/airwrite_lowercase_b_20260805_210158_270203_6f8696.png,b,p,0.3515164852142334,"[{""label"": ""p"", ""probability"": 0.3515164852142334}, {""label"": ""f"", ""probability"": 0.2218412160873413}, {""label"": ""b"", ""probability"": 0.15818874537944794}]",lowercase
C:/Code/airwrite-vocab-assistant/data/airwrite_identity_eval/../raw_airwrite/lowercase/b/airwrite_lowercase_b_20260805_210202_893396_d5655d.png,b,b,0.9141192436218262,"[{""label"": ""b"", ""probability"": 0.9141192436218262}, {""label"": ""l"", ""probability"": 0.04022276774048805}, {""label"": ""h"", ""probability"": 0.010045189410448074}]",lowercase
C:/Code/airwrite-vocab-assistant/data/airwrite_identity_eval/../raw_airwrite/lowercase/b/airwrite_lowercase_b_20260805_210225_316453_d59fa3.png,b,b,0.996168315410614,"[{""label"": ""b"", ""probability"": 0.996168315410614}, {""label"": ""l"", ""probability"": 0.0019439145689830184}, {""label"": ""h"", ""probability"": 0.0005771620199084282}]",lowercase
C:/Code/airwrite-vocab-assistant/data/airwrite_identity_eval/../raw_airwrite/lowercase/b/airwrite_lowercase_b_20260805_210228_635863_430ea0.png,b,p,0.4627702832221985,"[{""label"": ""p"", ""probability"": 0.4627702832221985}, {""label"": ""b"", ""probability"": 0.17465215921401978}, {""label"": ""i"", ""probability"": 0.11524331569671631}]",lowercase
C:/Code/airwrite-vocab-assistant/data/airwrite_identity_eval/../raw_airwrite/lowercase/b/airwrite_lowercase_b_20260805_210233_019682_44fe92.png,b,b,0.8473712205886841,"[{""label"": ""b"", ""probability"": 0.8473712205886841}, {""label"": ""l"", ""probability"": 0.089931920170784}, {""label"": ""h"", ""probability"": 0.05108702555298805}]",lowercase
C:/Code/airwrite-vocab-assistant/data/airwrite_identity_eval/../raw_airwrite/lowercase/b/airwrite_lowercase_b_20260805_210236_737278_bde4b9.png,b,b,0.9086438417434692,"[{""label"": ""b"", ""probability"": 0.9086438417434692}, {""label"": ""h"", ""probability"": 0.0576411671936512}, {""label"": ""l"", ""probability"": 0.016504188999533653}]",lowercase
C:/Code/airwrite-vocab-assistant/data/airwrite_identity_eval/../raw_airwrite/lowercase/b/airwrite_lowercase_b_20260805_210240_018751_92b58e.png,b,b,0.8885221481323242,"[{""label"": ""b"", ""probability"": 0.8885221481323242}, {""label"": ""h"", ""probability"": 0.0300497654825449}, {""label"": ""l"", ""probability"": 0.020375726744532585}]",lowercase
C:/Code/airwrite-vocab-assistant/data/airwrite_identity_eval/../raw_airwrite/lowercase/b/airwrite_lowercase_b_20260805_210243_302938_3fe476.png,b,b,0.45438605546951294,"[{""label"": ""b"", ""probability"": 0.45438605546951294}, {""label"": ""h"", ""probability"": 0.1895865797996521}, {""label"": ""l"", ""probability"": 0.07680705934762955}]",lowercase
C:/Code/airwrite-vocab-assistant/data/airwrite_identity_eval/../raw_airwrite/lowercase/b/airwrite_lowercase_b_20260805_210259_336287_5012d4.png,b,b,0.880358874797821,"[{""label"": ""b"", ""probability"": 0.880358874797821}, {""label"": ""h"", ""probability"": 0.06491473317146301}, {""label"": ""l"", ""probability"": 0.013733350671827793}]",lowercase
C:/Code/airwrite-vocab-assistant/data/airwrite_identity_eval/../raw_airwrite/lowercase/b/airwrite_lowercase_b_20260805_210303_004983_b049ac.png,b,i,0.6975319981575012,"[{""label"": ""i"", ""probability"": 0.6975319981575012}, {""label"": ""l"", ""probability"": 0.1564050018787384}, {""label"": ""t"", ""probability"": 0.0738404393196106}]",lowercase
C:/Code/airwrite-vocab-assistant/data/airwrite_identity_eval/../raw_airwrite/lowercase/b/airwrite_lowercase_b_20260805_210318_740743_3073ec.png,b,b,0.9484614133834839,"[{""label"": ""b"", ""probability"": 0.9484614133834839}, {""label"": ""l"", ""probability"": 0.012113461270928383}, {""label"": ""g"", ""probability"": 0.011639280244708061}]",lowercase
C:/Code/airwrite-vocab-assistant/data/airwrite_identity_eval/../raw_airwrite/lowercase/b/airwrite_lowercase_b_20260805_210323_843265_bc8fd7.png,b,b,0.9649733901023865,"[{""label"": ""b"", ""probability"": 0.9649733901023865}, {""label"": ""h"", ""probability"": 0.015304007567465305}, {""label"": ""g"", ""probability"": 0.005608164239674807}]",lowercase
C:/Code/airwrite-vocab-assistant/data/airwrite_identity_eval/../raw_airwrite/lowercase/b/airwrite_lowercase_b_20260805_210338_976410_c9c998.png,b,c,0.9992063641548157,"[{""label"": ""c"", ""probability"": 0.9992063641548157}, {""label"": ""e"", ""probability"": 0.0002535772800911218}, {""label"": ""l"", ""probability"": 0.0001429606491001323}]",lowercase
C:/Code/airwrite-vocab-assistant/data/airwrite_identity_eval/../raw_airwrite/lowercase/c/airwrite_lowercase_c_20260805_210342_856800_8f6be5 (1).png,c,c,0.9979348182678223,"[{""label"": ""c"", ""probability"": 0.9979348182678223}, {""label"": ""f"", ""probability"": 0.0013463360955938697}, {""label"": ""e"", ""probability"": 0.00019947075634263456}]",lowercase
C:/Code/airwrite-vocab-assistant/data/airwrite_identity_eval/../raw_airwrite/lowercase/c/airwrite_lowercase_c_20260805_210342_856800_8f6be5 (10).png,c,c,0.9998326301574707,"[{""label"": ""c"", ""probability"": 0.9998326301574707}, {""label"": ""e"", ""probability"": 8.441021054750308e-05}, {""label"": ""l"", ""probability"": 2.4859024051693268e-05}]",lowercase
C:/Code/airwrite-vocab-assistant/data/airwrite_identity_eval/../raw_airwrite/lowercase/c/airwrite_lowercase_c_20260805_210342_856800_8f6be5 (11).png,c,c,0.9922612309455872,"[{""label"": ""c"", ""probability"": 0.9922612309455872}, {""label"": ""f"", ""probability"": 0.00333806243725121}, {""label"": ""e"", ""probability"": 0.0017855974147096276}]",lowercase
C:/Code/airwrite-vocab-assistant/data/airwrite_identity_eval/../raw_airwrite/lowercase/c/airwrite_lowercase_c_20260805_210342_856800_8f6be5 (12).png,c,c,0.9936514496803284,"[{""label"": ""c"", ""probability"": 0.9936514496803284}, {""label"": ""e"", ""probability"": 0.003736690618097782}, {""label"": ""f"", ""probability"": 0.0016531740548089147}]",lowercase
C:/Code/airwrite-vocab-assistant/data/airwrite_identity_eval/../raw_airwrite/lowercase/c/airwrite_lowercase_c_20260805_210342_856800_8f6be5 (2).png,c,c,0.996987521648407,"[{""label"": ""c"", ""probability"": 0.996987521648407}, {""label"": ""g"", ""probability"": 0.001502610626630485}, {""label"": ""f"", ""probability"": 0.0005716484738513827}]",lowercase
C:/Code/airwrite-vocab-assistant/data/airwrite_identity_eval/../raw_airwrite/lowercase/c/airwrite_lowercase_c_20260805_210342_856800_8f6be5 (3).png,c,c,0.9972764849662781,"[{""label"": ""c"", ""probability"": 0.9972764849662781}, {""label"": ""g"", ""probability"": 0.0006788085447624326}, {""label"": ""e"", ""probability"": 0.0005358828348107636}]",lowercase
C:/Code/airwrite-vocab-assistant/data/airwrite_identity_eval/../raw_airwrite/lowercase/c/airwrite_lowercase_c_20260805_210342_856800_8f6be5 (4).png,c,c,0.9977399110794067,"[{""label"": ""c"", ""probability"": 0.9977399110794067}, {""label"": ""e"", ""probability"": 0.0007307366468012333}, {""label"": ""f"", ""probability"": 0.0005807509296573699}]",lowercase
C:/Code/airwrite-vocab-assistant/data/airwrite_identity_eval/../raw_airwrite/lowercase/c/airwrite_lowercase_c_20260805_210342_856800_8f6be5 (5).png,c,i,0.7544158697128296,"[{""label"": ""i"", ""probability"": 0.7544158697128296}, {""label"": ""l"", ""probability"": 0.24073415994644165}, {""label"": ""r"", ""probability"": 0.0012370860204100609}]",lowercase
C:/Code/airwrite-vocab-assistant/data/airwrite_identity_eval/../raw_airwrite/lowercase/c/airwrite_lowercase_c_20260805_210342_856800_8f6be5 (6).png,c,c,0.9971708655357361,"[{""label"": ""c"", ""probability"": 0.9971708655357361}, {""label"": ""f"", ""probability"": 0.0008249811944551766}, {""label"": ""e"", ""probability"": 0.0006941019091755152}]",lowercase
C:/Code/airwrite-vocab-assistant/data/airwrite_identity_eval/../raw_airwrite/lowercase/c/airwrite_lowercase_c_20260805_210342_856800_8f6be5 (7).png,c,c,0.9650648236274719,"[{""label"": ""c"", ""probability"": 0.9650648236274719}, {""label"": ""f"", ""probability"": 0.022675035521388054}, {""label"": ""g"", ""probability"": 0.006934283301234245}]",lowercase
C:/Code/airwrite-vocab-assistant/data/airwrite_identity_eval/../raw_airwrite/lowercase/c/airwrite_lowercase_c_20260805_210342_856800_8f6be5 (8).png,c,c,0.9785031676292419,"[{""label"": ""c"", ""probability"": 0.9785031676292419}, {""label"": ""f"", ""probability"": 0.010091151110827923}, {""label"": ""g"", ""probability"": 0.005799023900181055}]",lowercase
C:/Code/airwrite-vocab-assistant/data/airwrite_identity_eval/../raw_airwrite/lowercase/c/airwrite_lowercase_c_20260805_210342_856800_8f6be5 (9).png,c,c,0.9996102452278137,"[{""label"": ""c"", ""probability"": 0.9996102452278137}, {""label"": ""l"", ""probability"": 0.00010757725976873189}, {""label"": ""e"", ""probability"": 0.00010468532855156809}]",lowercase
C:/Code/airwrite-vocab-assistant/data/airwrite_identity_eval/../raw_airwrite/lowercase/d/airwrite_lowercase_d_20260805_210611_087278_45b1c8.png,d,d,0.9671794176101685,"[{""label"": ""d"", ""probability"": 0.9671794176101685}, {""label"": ""j"", ""probability"": 0.021614262834191322}, {""label"": ""i"", ""probability"": 0.004070402588695288}]",lowercase
C:/Code/airwrite-vocab-assistant/data/airwrite_identity_eval/../raw_airwrite/lowercase/d/airwrite_lowercase_d_20260805_210615_425944_c45acb.png,d,d,0.5021570920944214,"[{""label"": ""d"", ""probability"": 0.5021570920944214}, {""label"": ""j"", ""probability"": 0.2104320228099823}, {""label"": ""i"", ""probability"": 0.10520805418491364}]",lowercase
C:/Code/airwrite-vocab-assistant/data/airwrite_identity_eval/../raw_airwrite/lowercase/d/airwrite_lowercase_d_20260805_210619_051637_3b6280.png,d,j,0.4718916416168213,"[{""label"": ""j"", ""probability"": 0.4718916416168213}, {""label"": ""i"", ""probability"": 0.3495928943157196}, {""label"": ""d"", ""probability"": 0.07654676586389542}]",lowercase
C:/Code/airwrite-vocab-assistant/data/airwrite_identity_eval/../raw_airwrite/lowercase/d/airwrite_lowercase_d_20260805_210625_006025_d74e26.png,d,d,0.9500470757484436,"[{""label"": ""d"", ""probability"": 0.9500470757484436}, {""label"": ""j"", ""probability"": 0.02475004643201828}, {""label"": ""i"", ""probability"": 0.006346854846924543}]",lowercase
C:/Code/airwrite-vocab-assistant/data/airwrite_identity_eval/../raw_airwrite/lowercase/d/airwrite_lowercase_d_20260805_210644_565968_8d7059.png,d,i,0.5347506403923035,"[{""label"": ""i"", ""probability"": 0.5347506403923035}, {""label"": ""t"", ""probability"": 0.2396443635225296}, {""label"": ""l"", ""probability"": 0.11684919148683548}]",lowercase
C:/Code/airwrite-vocab-assistant/data/airwrite_identity_eval/../raw_airwrite/lowercase/d/airwrite_lowercase_d_20260805_210650_606344_86ed50.png,d,d,0.997043788433075,"[{""label"": ""d"", ""probability"": 0.997043788433075}, {""label"": ""i"", ""probability"": 0.0009191777789965272}, {""label"": ""j"", ""probability"": 0.0008813269669190049}]",lowercase
C:/Code/airwrite-vocab-assistant/data/airwrite_identity_eval/../raw_airwrite/lowercase/d/airwrite_lowercase_d_20260805_210658_448942_39d105.png,d,i,0.6643078327178955,"[{""label"": ""i"", ""probability"": 0.6643078327178955}, {""label"": ""j"", ""probability"": 0.19690608978271484}, {""label"": ""t"", ""probability"": 0.06920631974935532}]",lowercase
C:/Code/airwrite-vocab-assistant/data/airwrite_identity_eval/../raw_airwrite/lowercase/d/airwrite_lowercase_d_20260805_210703_938213_5d7f0c.png,d,j,0.5219146013259888,"[{""label"": ""j"", ""probability"": 0.5219146013259888}, {""label"": ""d"", ""probability"": 0.26548445224761963}, {""label"": ""i"", ""probability"": 0.12386465072631836}]",lowercase
C:/Code/airwrite-vocab-assistant/data/airwrite_identity_eval/../raw_airwrite/lowercase/d/airwrite_lowercase_d_20260805_210716_254812_8aab91.png,d,d,0.9996297359466553,"[{""label"": ""d"", ""probability"": 0.9996297359466553}, {""label"": ""g"", ""probability"": 0.00010918640327872708}, {""label"": ""a"", ""probability"": 0.00010625404684105888}]",lowercase
C:/Code/airwrite-vocab-assistant/data/airwrite_identity_eval/../raw_airwrite/lowercase/d/airwrite_lowercase_d_20260805_210721_534840_1fb46f.png,d,j,0.489180326461792,"[{""label"": ""j"", ""probability"": 0.489180326461792}, {""label"": ""d"", ""probability"": 0.46960312128067017}, {""label"": ""i"", ""probability"": 0.025217225775122643}]",lowercase
C:/Code/airwrite-vocab-assistant/data/airwrite_identity_eval/../raw_airwrite/lowercase/d/airwrite_lowercase_d_20260805_210757_641413_735dd0.png,d,d,0.995665967464447,"[{""label"": ""d"", ""probability"": 0.995665967464447}, {""label"": ""j"", ""probability"": 0.0010129399597644806}, {""label"": ""l"", ""probability"": 0.0008971745264716446}]",lowercase
C:/Code/airwrite-vocab-assistant/data/airwrite_identity_eval/../raw_airwrite/lowercase/d/airwrite_lowercase_d_20260805_210802_808407_70866f.png,d,i,0.29903823137283325,"[{""label"": ""i"", ""probability"": 0.29903823137283325}, {""label"": ""d"", ""probability"": 0.17793290317058563}, {""label"": ""j"", ""probability"": 0.14305658638477325}]",lowercase
C:/Code/airwrite-vocab-assistant/data/airwrite_identity_eval/../raw_airwrite/lowercase/d/airwrite_lowercase_d_20260805_210817_954312_6bfe32.png,d,d,0.9649588465690613,"[{""label"": ""d"", ""probability"": 0.9649588465690613}, {""label"": ""j"", ""probability"": 0.010559309273958206}, {""label"": ""i"", ""probability"": 0.00647878460586071}]",lowercase
C:/Code/airwrite-vocab-assistant/data/airwrite_identity_eval/../raw_airwrite/lowercase/d/airwrite_lowercase_d_20260805_210827_943814_1544c1.png,d,d,0.989847719669342,"[{""label"": ""d"", ""probability"": 0.989847719669342}, {""label"": ""j"", ""probability"": 0.004594151396304369}, {""label"": ""i"", ""probability"": 0.002309635980054736}]",lowercase
C:/Code/airwrite-vocab-assistant/data/airwrite_identity_eval/../raw_airwrite/lowercase/e/airwrite_lowercase_e_20260805_210851_463931_da67ce.png,e,c,0.909716010093689,"[{""label"": ""c"", ""probability"": 0.909716010093689}, {""label"": ""g"", ""probability"": 0.06742605566978455}, {""label"": ""a"", ""probability"": 0.012364957481622696}]",lowercase
C:/Code/airwrite-vocab-assistant/data/airwrite_identity_eval/../raw_airwrite/lowercase/e/airwrite_lowercase_e_20260805_210855_986889_fbfd16.png,e,c,0.6166162490844727,"[{""label"": ""c"", ""probability"": 0.6166162490844727}, {""label"": ""e"", ""probability"": 0.3565118908882141}, {""label"": ""l"", ""probability"": 0.015624335035681725}]",lowercase
C:/Code/airwrite-vocab-assistant/data/airwrite_identity_eval/../raw_airwrite/lowercase/e/airwrite_lowercase_e_20260805_210905_891143_44fc49.png,e,c,0.8282115459442139,"[{""label"": ""c"", ""probability"": 0.8282115459442139}, {""label"": ""e"", ""probability"": 0.16686241328716278}, {""label"": ""g"", ""probability"": 0.0025018707383424044}]",lowercase
C:/Code/airwrite-vocab-assistant/data/airwrite_identity_eval/../raw_airwrite/lowercase/e/airwrite_lowercase_e_20260805_210909_461976_cdcf1b.png,e,c,0.8414996862411499,"[{""label"": ""c"", ""probability"": 0.8414996862411499}, {""label"": ""e"", ""probability"": 0.13700948655605316}, {""label"": ""l"", ""probability"": 0.00965929962694645}]",lowercase
C:/Code/airwrite-vocab-assistant/data/airwrite_identity_eval/../raw_airwrite/lowercase/e/airwrite_lowercase_e_20260805_210911_661187_b3f2c5.png,e,e,0.8437399864196777,"[{""label"": ""e"", ""probability"": 0.8437399864196777}, {""label"": ""c"", ""probability"": 0.04395545646548271}, {""label"": ""l"", ""probability"": 0.03545970842242241}]",lowercase
C:/Code/airwrite-vocab-assistant/data/airwrite_identity_eval/../raw_airwrite/lowercase/e/airwrite_lowercase_e_20260805_210913_590101_02124e.png,e,e,0.9227876663208008,"[{""label"": ""e"", ""probability"": 0.9227876663208008}, {""label"": ""c"", ""probability"": 0.06422922015190125}, {""label"": ""r"", ""probability"": 0.006789291277527809}]",lowercase
C:/Code/airwrite-vocab-assistant/data/airwrite_identity_eval/../raw_airwrite/lowercase/e/airwrite_lowercase_e_20260805_210917_933080_9afe35.png,e,e,0.9758650064468384,"[{""label"": ""e"", ""probability"": 0.9758650064468384}, {""label"": ""l"", ""probability"": 0.005747506860643625}, {""label"": ""r"", ""probability"": 0.0056195431388914585}]",lowercase
C:/Code/airwrite-vocab-assistant/data/airwrite_identity_eval/../raw_airwrite/lowercase/e/airwrite_lowercase_e_20260805_210919_675402_716373.png,e,l,0.510896623134613,"[{""label"": ""l"", ""probability"": 0.510896623134613}, {""label"": ""c"", ""probability"": 0.24939197301864624}, {""label"": ""i"", ""probability"": 0.20264951884746552}]",lowercase
C:/Code/airwrite-vocab-assistant/data/airwrite_identity_eval/../raw_airwrite/lowercase/e/airwrite_lowercase_e_20260805_210924_574601_a2b708.png,e,e,0.9840081930160522,"[{""label"": ""e"", ""probability"": 0.9840081930160522}, {""label"": ""c"", ""probability"": 0.011360177770256996}, {""label"": ""g"", ""probability"": 0.002631485927850008}]",lowercase
C:/Code/airwrite-vocab-assistant/data/airwrite_identity_eval/../raw_airwrite/lowercase/e/airwrite_lowercase_e_20260805_210929_839384_683467.png,e,e,0.9574202299118042,"[{""label"": ""e"", ""probability"": 0.9574202299118042}, {""label"": ""c"", ""probability"": 0.028822602704167366}, {""label"": ""g"", ""probability"": 0.006756771355867386}]",lowercase
C:/Code/airwrite-vocab-assistant/data/airwrite_identity_eval/../raw_airwrite/lowercase/e/airwrite_lowercase_e_20260805_210931_999319_70d7dd.png,e,c,0.5161752700805664,"[{""label"": ""c"", ""probability"": 0.5161752700805664}, {""label"": ""a"", ""probability"": 0.25704705715179443}, {""label"": ""e"", ""probability"": 0.12119928747415543}]",lowercase
C:/Code/airwrite-vocab-assistant/data/airwrite_identity_eval/../raw_airwrite/lowercase/e/airwrite_lowercase_e_20260805_210935_988138_4cb992.png,e,e,0.855110228061676,"[{""label"": ""e"", ""probability"": 0.855110228061676}, {""label"": ""f"", ""probability"": 0.05172208696603775}, {""label"": ""p"", ""probability"": 0.016605785116553307}]",lowercase
C:/Code/airwrite-vocab-assistant/data/airwrite_identity_eval/../raw_airwrite/lowercase/e/airwrite_lowercase_e_20260805_210946_219636_a03051.png,e,e,0.7992904186248779,"[{""label"": ""e"", ""probability"": 0.7992904186248779}, {""label"": ""c"", ""probability"": 0.12380935996770859}, {""label"": ""l"", ""probability"": 0.03153706341981888}]",lowercase
C:/Code/airwrite-vocab-assistant/data/airwrite_identity_eval/../raw_airwrite/lowercase/f/airwrite_lowercase_f_20260805_211004_708671_b02f10 (1).png,f,f,0.9916349649429321,"[{""label"": ""f"", ""probability"": 0.9916349649429321}, {""label"": ""e"", ""probability"": 0.005648603662848473}, {""label"": ""p"", ""probability"": 0.0013349984074011445}]",lowercase
C:/Code/airwrite-vocab-assistant/data/airwrite_identity_eval/../raw_airwrite/lowercase/f/airwrite_lowercase_f_20260805_211004_708671_b02f10 (10).png,f,i,0.8422638773918152,"[{""label"": ""i"", ""probability"": 0.8422638773918152}, {""label"": ""l"", ""probability"": 0.0875554159283638}, {""label"": ""t"", ""probability"": 0.03224813565611839}]",lowercase
C:/Code/airwrite-vocab-assistant/data/airwrite_identity_eval/../raw_airwrite/lowercase/f/airwrite_lowercase_f_20260805_211004_708671_b02f10 (11).png,f,i,0.6074255704879761,"[{""label"": ""i"", ""probability"": 0.6074255704879761}, {""label"": ""j"", ""probability"": 0.3498125374317169}, {""label"": ""l"", ""probability"": 0.019202519208192825}]",lowercase
C:/Code/airwrite-vocab-assistant/data/airwrite_identity_eval/../raw_airwrite/lowercase/f/airwrite_lowercase_f_20260805_211004_708671_b02f10 (2).png,f,f,0.9908421039581299,"[{""label"": ""f"", ""probability"": 0.9908421039581299}, {""label"": ""r"", ""probability"": 0.003062579082325101}, {""label"": ""p"", ""probability"": 0.002328405622392893}]",lowercase
C:/Code/airwrite-vocab-assistant/data/airwrite_identity_eval/../raw_airwrite/lowercase/f/airwrite_lowercase_f_20260805_211004_708671_b02f10 (3).png,f,f,0.9984512329101562,"[{""label"": ""f"", ""probability"": 0.9984512329101562}, {""label"": ""t"", ""probability"": 0.0005821725935675204}, {""label"": ""e"", ""probability"": 0.00038913555908948183}]",lowercase
C:/Code/airwrite-vocab-assistant/data/airwrite_identity_eval/../raw_airwrite/lowercase/f/airwrite_lowercase_f_20260805_211004_708671_b02f10 (4).png,f,f,0.9665526747703552,"[{""label"": ""f"", ""probability"": 0.9665526747703552}, {""label"": ""e"", ""probability"": 0.029860720038414}, {""label"": ""c"", ""probability"": 0.0010010527912527323}]",lowercase
C:/Code/airwrite-vocab-assistant/data/airwrite_identity_eval/../raw_airwrite/lowercase/f/airwrite_lowercase_f_20260805_211004_708671_b02f10 (5).png,f,f,0.837088406085968,"[{""label"": ""f"", ""probability"": 0.837088406085968}, {""label"": ""k"", ""probability"": 0.0543462373316288}, {""label"": ""x"", ""probability"": 0.031600527465343475}]",lowercase
C:/Code/airwrite-vocab-assistant/data/airwrite_identity_eval/../raw_airwrite/lowercase/f/airwrite_lowercase_f_20260805_211004_708671_b02f10 (6).png,f,i,0.948407769203186,"[{""label"": ""i"", ""probability"": 0.948407769203186}, {""label"": ""l"", ""probability"": 0.013537163846194744}, {""label"": ""t"", ""probability"": 0.010341274552047253}]",lowercase
C:/Code/airwrite-vocab-assistant/data/airwrite_identity_eval/../raw_airwrite/lowercase/f/airwrite_lowercase_f_20260805_211004_708671_b02f10 (7).png,f,i,0.6195603013038635,"[{""label"": ""i"", ""probability"": 0.6195603013038635}, {""label"": ""j"", ""probability"": 0.1982436180114746}, {""label"": ""f"", ""probability"": 0.06496097147464752}]",lowercase
C:/Code/airwrite-vocab-assistant/data/airwrite_identity_eval/../raw_airwrite/lowercase/f/airwrite_lowercase_f_20260805_211004_708671_b02f10 (8).png,f,f,0.4864564538002014,"[{""label"": ""f"", ""probability"": 0.4864564538002014}, {""label"": ""i"", ""probability"": 0.28909334540367126}, {""label"": ""t"", ""probability"": 0.15203355252742767}]",lowercase
C:/Code/airwrite-vocab-assistant/data/airwrite_identity_eval/../raw_airwrite/lowercase/f/airwrite_lowercase_f_20260805_211004_708671_b02f10 (9).png,f,i,0.3525920510292053,"[{""label"": ""i"", ""probability"": 0.3525920510292053}, {""label"": ""t"", ""probability"": 0.31270602345466614}, {""label"": ""f"", ""probability"": 0.18550772964954376}]",lowercase
C:/Code/airwrite-vocab-assistant/data/airwrite_identity_eval/../raw_airwrite/lowercase/g/airwrite_lowercase_g_20260805_211247_566203_e1e8e5.png,g,g,0.8297940492630005,"[{""label"": ""g"", ""probability"": 0.8297940492630005}, {""label"": ""j"", ""probability"": 0.09837502986192703}, {""label"": ""q"", ""probability"": 0.029442790895700455}]",lowercase
C:/Code/airwrite-vocab-assistant/data/airwrite_identity_eval/../raw_airwrite/lowercase/g/airwrite_lowercase_g_20260805_211303_766427_2b5e0f.png,g,g,0.5835536122322083,"[{""label"": ""g"", ""probability"": 0.5835536122322083}, {""label"": ""q"", ""probability"": 0.17689788341522217}, {""label"": ""j"", ""probability"": 0.06348130851984024}]",lowercase
C:/Code/airwrite-vocab-assistant/data/airwrite_identity_eval/../raw_airwrite/lowercase/g/airwrite_lowercase_g_20260805_211307_238584_a2975b.png,g,g,0.9632083177566528,"[{""label"": ""g"", ""probability"": 0.9632083177566528}, {""label"": ""q"", ""probability"": 0.025166573002934456}, {""label"": ""j"", ""probability"": 0.00629786541685462}]",lowercase
C:/Code/airwrite-vocab-assistant/data/airwrite_identity_eval/../raw_airwrite/lowercase/g/airwrite_lowercase_g_20260805_211314_187255_e94634.png,g,g,0.8931629657745361,"[{""label"": ""g"", ""probability"": 0.8931629657745361}, {""label"": ""q"", ""probability"": 0.07438865303993225}, {""label"": ""j"", ""probability"": 0.01325152162462473}]",lowercase
C:/Code/airwrite-vocab-assistant/data/airwrite_identity_eval/../raw_airwrite/lowercase/g/airwrite_lowercase_g_20260805_211317_136847_676a40.png,g,g,0.36914587020874023,"[{""label"": ""g"", ""probability"": 0.36914587020874023}, {""label"": ""z"", ""probability"": 0.2583308815956116}, {""label"": ""q"", ""probability"": 0.11777037382125854}]",lowercase
C:/Code/airwrite-vocab-assistant/data/airwrite_identity_eval/../raw_airwrite/lowercase/g/airwrite_lowercase_g_20260805_211328_391004_38327f.png,g,z,0.26577433943748474,"[{""label"": ""z"", ""probability"": 0.26577433943748474}, {""label"": ""g"", ""probability"": 0.25710946321487427}, {""label"": ""j"", ""probability"": 0.1535142958164215}]",lowercase
C:/Code/airwrite-vocab-assistant/data/airwrite_identity_eval/../raw_airwrite/lowercase/g/airwrite_lowercase_g_20260805_211334_980658_31d183.png,g,z,0.22925086319446564,"[{""label"": ""z"", ""probability"": 0.22925086319446564}, {""label"": ""i"", ""probability"": 0.15608596801757812}, {""label"": ""j"", ""probability"": 0.1370115727186203}]",lowercase
C:/Code/airwrite-vocab-assistant/data/airwrite_identity_eval/../raw_airwrite/lowercase/g/airwrite_lowercase_g_20260805_211347_000062_c5cf09.png,g,g,0.48241475224494934,"[{""label"": ""g"", ""probability"": 0.48241475224494934}, {""label"": ""q"", ""probability"": 0.1839398741722107}, {""label"": ""z"", ""probability"": 0.09216268360614777}]",lowercase
C:/Code/airwrite-vocab-assistant/data/airwrite_identity_eval/../raw_airwrite/lowercase/g/airwrite_lowercase_g_20260805_211358_082508_87838d.png,g,g,0.8434058427810669,"[{""label"": ""g"", ""probability"": 0.8434058427810669}, {""label"": ""q"", ""probability"": 0.07377976924180984}, {""label"": ""j"", ""probability"": 0.03786340728402138}]",lowercase
C:/Code/airwrite-vocab-assistant/data/airwrite_identity_eval/../raw_airwrite/lowercase/g/airwrite_lowercase_g_20260805_211402_111050_80675c.png,g,g,0.820534348487854,"[{""label"": ""g"", ""probability"": 0.820534348487854}, {""label"": ""q"", ""probability"": 0.08436553180217743}, {""label"": ""z"", ""probability"": 0.05404919758439064}]",lowercase
C:/Code/airwrite-vocab-assistant/data/airwrite_identity_eval/../raw_airwrite/lowercase/g/airwrite_lowercase_g_20260805_211405_468964_ea5cb5.png,g,g,0.8407891392707825,"[{""label"": ""g"", ""probability"": 0.8407891392707825}, {""label"": ""j"", ""probability"": 0.07517505437135696}, {""label"": ""f"", ""probability"": 0.030060995370149612}]",lowercase
C:/Code/airwrite-vocab-assistant/data/airwrite_identity_eval/../raw_airwrite/lowercase/g/airwrite_lowercase_g_20260805_211414_435969_c89b81.png,g,g,0.6361901164054871,"[{""label"": ""g"", ""probability"": 0.6361901164054871}, {""label"": ""j"", ""probability"": 0.09448613971471786}, {""label"": ""y"", ""probability"": 0.06418405473232269}]",lowercase
C:/Code/airwrite-vocab-assistant/data/airwrite_identity_eval/../raw_airwrite/lowercase/h/airwrite_lowercase_h_20260805_211451_259653_269150.png,h,h,0.9032211899757385,"[{""label"": ""h"", ""probability"": 0.9032211899757385}, {""label"": ""r"", ""probability"": 0.03756660968065262}, {""label"": ""a"", ""probability"": 0.01906760223209858}]",lowercase
C:/Code/airwrite-vocab-assistant/data/airwrite_identity_eval/../raw_airwrite/lowercase/h/airwrite_lowercase_h_20260805_211454_646375_ebae68.png,h,h,0.9780394434928894,"[{""label"": ""h"", ""probability"": 0.9780394434928894}, {""label"": ""k"", ""probability"": 0.017117897048592567}, {""label"": ""r"", ""probability"": 0.0013933645095676184}]",lowercase
C:/Code/airwrite-vocab-assistant/data/airwrite_identity_eval/../raw_airwrite/lowercase/h/airwrite_lowercase_h_20260805_211457_685763_14d4e4.png,h,h,0.9951565861701965,"[{""label"": ""h"", ""probability"": 0.9951565861701965}, {""label"": ""l"", ""probability"": 0.0015286353882402182}, {""label"": ""b"", ""probability"": 0.0014628551434725523}]",lowercase
C:/Code/airwrite-vocab-assistant/data/airwrite_identity_eval/../raw_airwrite/lowercase/h/airwrite_lowercase_h_20260805_211500_979872_f5ac1e.png,h,h,0.8928639888763428,"[{""label"": ""h"", ""probability"": 0.8928639888763428}, {""label"": ""n"", ""probability"": 0.04465616121888161}, {""label"": ""r"", ""probability"": 0.014919567853212357}]",lowercase
C:/Code/airwrite-vocab-assistant/data/airwrite_identity_eval/../raw_airwrite/lowercase/h/airwrite_lowercase_h_20260805_211507_740912_395ad0.png,h,h,0.9751860499382019,"[{""label"": ""h"", ""probability"": 0.9751860499382019}, {""label"": ""r"", ""probability"": 0.009159818291664124}, {""label"": ""k"", ""probability"": 0.005653422325849533}]",lowercase
C:/Code/airwrite-vocab-assistant/data/airwrite_identity_eval/../raw_airwrite/lowercase/h/airwrite_lowercase_h_20260805_211510_658264_dad59e.png,h,h,0.9441376328468323,"[{""label"": ""h"", ""probability"": 0.9441376328468323}, {""label"": ""a"", ""probability"": 0.02536827139556408}, {""label"": ""k"", ""probability"": 0.010244891047477722}]",lowercase
C:/Code/airwrite-vocab-assistant/data/airwrite_identity_eval/../raw_airwrite/lowercase/h/airwrite_lowercase_h_20260805_211513_234955_13ddca.png,h,h,0.979078471660614,"[{""label"": ""h"", ""probability"": 0.979078471660614}, {""label"": ""k"", ""probability"": 0.015423305332660675}, {""label"": ""r"", ""probability"": 0.0032907144632190466}]",lowercase
C:/Code/airwrite-vocab-assistant/data/airwrite_identity_eval/../raw_airwrite/lowercase/h/airwrite_lowercase_h_20260805_211516_256267_22d7b1.png,h,h,0.9851226210594177,"[{""label"": ""h"", ""probability"": 0.9851226210594177}, {""label"": ""k"", ""probability"": 0.008173961192369461}, {""label"": ""r"", ""probability"": 0.0017626541666686535}]",lowercase
C:/Code/airwrite-vocab-assistant/data/airwrite_identity_eval/../raw_airwrite/lowercase/h/airwrite_lowercase_h_20260805_211517_590130_84deab.png,h,i,0.8219441771507263,"[{""label"": ""i"", ""probability"": 0.8219441771507263}, {""label"": ""l"", ""probability"": 0.17453065514564514}, {""label"": ""h"", ""probability"": 0.0007787278154864907}]",lowercase
C:/Code/airwrite-vocab-assistant/data/airwrite_identity_eval/../raw_airwrite/lowercase/h/airwrite_lowercase_h_20260805_211520_943421_796f05.png,h,i,0.9451996088027954,"[{""label"": ""i"", ""probability"": 0.9451996088027954}, {""label"": ""l"", ""probability"": 0.053554024547338486}, {""label"": ""j"", ""probability"": 0.000789445941336453}]",lowercase
C:/Code/airwrite-vocab-assistant/data/airwrite_identity_eval/../raw_airwrite/lowercase/h/airwrite_lowercase_h_20260805_211525_734215_160dda.png,h,h,0.7714347243309021,"[{""label"": ""h"", ""probability"": 0.7714347243309021}, {""label"": ""r"", ""probability"": 0.1065959706902504}, {""label"": ""n"", ""probability"": 0.039808258414268494}]",lowercase
C:/Code/airwrite-vocab-assistant/data/airwrite_identity_eval/../raw_airwrite/lowercase/h/airwrite_lowercase_h_20260805_211530_541430_6eb86f.png,h,h,0.8589012026786804,"[{""label"": ""h"", ""probability"": 0.8589012026786804}, {""label"": ""k"", ""probability"": 0.04660012573003769}, {""label"": ""r"", ""probability"": 0.04442060738801956}]",lowercase
C:/Code/airwrite-vocab-assistant/data/airwrite_identity_eval/../raw_airwrite/lowercase/h/airwrite_lowercase_h_20260805_211533_606929_1583c2.png,h,h,0.9427715539932251,"[{""label"": ""h"", ""probability"": 0.9427715539932251}, {""label"": ""r"", ""probability"": 0.03256407007575035}, {""label"": ""k"", ""probability"": 0.010185015387833118}]",lowercase
C:/Code/airwrite-vocab-assistant/data/airwrite_identity_eval/../raw_airwrite/lowercase/h/airwrite_lowercase_h_20260805_211536_989707_e8b510.png,h,h,0.3744623363018036,"[{""label"": ""h"", ""probability"": 0.3744623363018036}, {""label"": ""k"", ""probability"": 0.19089289009571075}, {""label"": ""w"", ""probability"": 0.08174899965524673}]",lowercase
C:/Code/airwrite-vocab-assistant/data/airwrite_identity_eval/../raw_airwrite/lowercase/i/airwrite_lowercase_i_20260805_211602_725674_292ce9.png,i,i,0.5646075010299683,"[{""label"": ""i"", ""probability"": 0.5646075010299683}, {""label"": ""j"", ""probability"": 0.41286206245422363}, {""label"": ""l"", ""probability"": 0.010913673788309097}]",lowercase
C:/Code/airwrite-vocab-assistant/data/airwrite_identity_eval/../raw_airwrite/lowercase/i/airwrite_lowercase_i_20260805_211607_436291_b80080.png,i,j,0.59366774559021,"[{""label"": ""j"", ""probability"": 0.59366774559021}, {""label"": ""i"", ""probability"": 0.39790087938308716}, {""label"": ""t"", ""probability"": 0.00605008564889431}]",lowercase
C:/Code/airwrite-vocab-assistant/data/airwrite_identity_eval/../raw_airwrite/lowercase/i/airwrite_lowercase_i_20260805_211613_351078_fed8b6.png,i,j,0.47093600034713745,"[{""label"": ""j"", ""probability"": 0.47093600034713745}, {""label"": ""i"", ""probability"": 0.44327107071876526}, {""label"": ""l"", ""probability"": 0.03521713986992836}]",lowercase
C:/Code/airwrite-vocab-assistant/data/airwrite_identity_eval/../raw_airwrite/lowercase/i/airwrite_lowercase_i_20260805_211623_064652_65d4a1.png,i,i,0.7455431818962097,"[{""label"": ""i"", ""probability"": 0.7455431818962097}, {""label"": ""l"", ""probability"": 0.22224070131778717}, {""label"": ""j"", ""probability"": 0.017690563574433327}]",lowercase
C:/Code/airwrite-vocab-assistant/data/airwrite_identity_eval/../raw_airwrite/lowercase/i/airwrite_lowercase_i_20260805_211631_312015_90a493.png,i,i,0.9122135043144226,"[{""label"": ""i"", ""probability"": 0.9122135043144226}, {""label"": ""j"", ""probability"": 0.0794253721833229}, {""label"": ""t"", ""probability"": 0.0031205981504172087}]",lowercase
C:/Code/airwrite-vocab-assistant/data/airwrite_identity_eval/../raw_airwrite/lowercase/i/airwrite_lowercase_i_20260805_211637_210370_de68d5.png,i,i,0.7702111601829529,"[{""label"": ""i"", ""probability"": 0.7702111601829529}, {""label"": ""j"", ""probability"": 0.15549127757549286}, {""label"": ""l"", ""probability"": 0.05957118794322014}]",lowercase
C:/Code/airwrite-vocab-assistant/data/airwrite_identity_eval/../raw_airwrite/lowercase/i/airwrite_lowercase_i_20260805_211646_066950_b326cf.png,i,i,0.697964608669281,"[{""label"": ""i"", ""probability"": 0.697964608669281}, {""label"": ""j"", ""probability"": 0.2659410536289215}, {""label"": ""l"", ""probability"": 0.027957003563642502}]",lowercase
C:/Code/airwrite-vocab-assistant/data/airwrite_identity_eval/../raw_airwrite/lowercase/i/airwrite_lowercase_i_20260805_211658_640495_3c62a0.png,i,i,0.5667690634727478,"[{""label"": ""i"", ""probability"": 0.5667690634727478}, {""label"": ""j"", ""probability"": 0.41728249192237854}, {""label"": ""l"", ""probability"": 0.008342540822923183}]",lowercase
C:/Code/airwrite-vocab-assistant/data/airwrite_identity_eval/../raw_airwrite/lowercase/i/airwrite_lowercase_i_20260805_211713_128255_edc9d1.png,i,j,0.652490496635437,"[{""label"": ""j"", ""probability"": 0.652490496635437}, {""label"": ""i"", ""probability"": 0.3220115303993225}, {""label"": ""t"", ""probability"": 0.015330187976360321}]",lowercase
C:/Code/airwrite-vocab-assistant/data/airwrite_identity_eval/../raw_airwrite/lowercase/i/airwrite_lowercase_i_20260805_211714_126212_33dddb.png,i,i,0.4592500329017639,"[{""label"": ""i"", ""probability"": 0.4592500329017639}, {""label"": ""r"", ""probability"": 0.2648669183254242}, {""label"": ""l"", ""probability"": 0.20115286111831665}]",lowercase
C:/Code/airwrite-vocab-assistant/data/airwrite_identity_eval/../raw_airwrite/lowercase/i/airwrite_lowercase_i_20260805_211719_453776_01c31a.png,i,i,0.6034438014030457,"[{""label"": ""i"", ""probability"": 0.6034438014030457}, {""label"": ""l"", ""probability"": 0.20304656028747559}, {""label"": ""j"", ""probability"": 0.164178267121315}]",lowercase
C:/Code/airwrite-vocab-assistant/data/airwrite_identity_eval/../raw_airwrite/lowercase/j/airwrite_lowercase_j_20260805_211737_393211_9fb82b.png,j,j,0.9847714304924011,"[{""label"": ""j"", ""probability"": 0.9847714304924011}, {""label"": ""i"", ""probability"": 0.012533791363239288}, {""label"": ""y"", ""probability"": 0.0016425178619101644}]",lowercase
C:/Code/airwrite-vocab-assistant/data/airwrite_identity_eval/../raw_airwrite/lowercase/j/airwrite_lowercase_j_20260805_211743_080400_625edb.png,j,j,0.7070915102958679,"[{""label"": ""j"", ""probability"": 0.7070915102958679}, {""label"": ""i"", ""probability"": 0.28140538930892944}, {""label"": ""l"", ""probability"": 0.003325707744807005}]",lowercase
C:/Code/airwrite-vocab-assistant/data/airwrite_identity_eval/../raw_airwrite/lowercase/j/airwrite_lowercase_j_20260805_211752_185067_575dce.png,j,i,0.5116670727729797,"[{""label"": ""i"", ""probability"": 0.5116670727729797}, {""label"": ""j"", ""probability"": 0.4837307929992676}, {""label"": ""l"", ""probability"": 0.002167728031054139}]",lowercase
C:/Code/airwrite-vocab-assistant/data/airwrite_identity_eval/../raw_airwrite/lowercase/j/airwrite_lowercase_j_20260805_211758_541203_50a1a3.png,j,j,0.9889931082725525,"[{""label"": ""j"", ""probability"": 0.9889931082725525}, {""label"": ""i"", ""probability"": 0.010373246856033802}, {""label"": ""y"", ""probability"": 0.00025749707128852606}]",lowercase
C:/Code/airwrite-vocab-assistant/data/airwrite_identity_eval/../raw_airwrite/lowercase/j/airwrite_lowercase_j_20260805_211810_550263_90fd5e.png,j,j,0.5524032711982727,"[{""label"": ""j"", ""probability"": 0.5524032711982727}, {""label"": ""i"", ""probability"": 0.44144830107688904}, {""label"": ""t"", ""probability"": 0.002516762353479862}]",lowercase
C:/Code/airwrite-vocab-assistant/data/airwrite_identity_eval/../raw_airwrite/lowercase/j/airwrite_lowercase_j_20260805_211832_482551_0d7ea5.png,j,j,0.7996134757995605,"[{""label"": ""j"", ""probability"": 0.7996134757995605}, {""label"": ""i"", ""probability"": 0.19893866777420044}, {""label"": ""s"", ""probability"": 0.0005566496984101832}]",lowercase
C:/Code/airwrite-vocab-assistant/data/airwrite_identity_eval/../raw_airwrite/lowercase/j/airwrite_lowercase_j_20260805_211846_873342_37a9dd.png,j,j,0.9876667261123657,"[{""label"": ""j"", ""probability"": 0.9876667261123657}, {""label"": ""i"", ""probability"": 0.008751075714826584}, {""label"": ""s"", ""probability"": 0.0021314858458936214}]",lowercase
C:/Code/airwrite-vocab-assistant/data/airwrite_identity_eval/../raw_airwrite/lowercase/j/airwrite_lowercase_j_20260805_211912_988717_8eb3c5.png,j,j,0.9717857241630554,"[{""label"": ""j"", ""probability"": 0.9717857241630554}, {""label"": ""i"", ""probability"": 0.02630489319562912}, {""label"": ""s"", ""probability"": 0.0011039895471185446}]",lowercase
C:/Code/airwrite-vocab-assistant/data/airwrite_identity_eval/../raw_airwrite/lowercase/j/airwrite_lowercase_j_20260805_211924_175241_47b3db.png,j,j,0.9799189567565918,"[{""label"": ""j"", ""probability"": 0.9799189567565918}, {""label"": ""i"", ""probability"": 0.014422479085624218}, {""label"": ""s"", ""probability"": 0.0020187287591397762}]",lowercase
C:/Code/airwrite-vocab-assistant/data/airwrite_identity_eval/../raw_airwrite/lowercase/j/airwrite_lowercase_j_20260805_211945_147465_edd9b0.png,j,j,0.9904409646987915,"[{""label"": ""j"", ""probability"": 0.9904409646987915}, {""label"": ""i"", ""probability"": 0.007611175533384085}, {""label"": ""s"", ""probability"": 0.0014415944460779428}]",lowercase
C:/Code/airwrite-vocab-assistant/data/airwrite_identity_eval/../raw_airwrite/lowercase/k/airwrite_lowercase_K_20260805_213838_972680_eb1ba7 (1).png,k,i,0.5415542125701904,"[{""label"": ""i"", ""probability"": 0.5415542125701904}, {""label"": ""c"", ""probability"": 0.14504660665988922}, {""label"": ""j"", ""probability"": 0.09477194398641586}]",lowercase
C:/Code/airwrite-vocab-assistant/data/airwrite_identity_eval/../raw_airwrite/lowercase/k/airwrite_lowercase_K_20260805_213838_972680_eb1ba7 (2).png,k,t,0.35324522852897644,"[{""label"": ""t"", ""probability"": 0.35324522852897644}, {""label"": ""h"", ""probability"": 0.2371976524591446}, {""label"": ""k"", ""probability"": 0.1864761859178543}]",lowercase
C:/Code/airwrite-vocab-assistant/data/airwrite_identity_eval/../raw_airwrite/lowercase/k/airwrite_lowercase_K_20260805_213838_972680_eb1ba7 (3).png,k,t,0.45681098103523254,"[{""label"": ""t"", ""probability"": 0.45681098103523254}, {""label"": ""l"", ""probability"": 0.1548280566930771}, {""label"": ""b"", ""probability"": 0.10306055843830109}]",lowercase
C:/Code/airwrite-vocab-assistant/data/airwrite_identity_eval/../raw_airwrite/lowercase/k/airwrite_lowercase_K_20260805_213838_972680_eb1ba7 (4).png,k,k,0.7707183957099915,"[{""label"": ""k"", ""probability"": 0.7707183957099915}, {""label"": ""h"", ""probability"": 0.16829991340637207}, {""label"": ""r"", ""probability"": 0.02423347719013691}]",lowercase
C:/Code/airwrite-vocab-assistant/data/airwrite_identity_eval/../raw_airwrite/lowercase/k/airwrite_lowercase_K_20260805_213838_972680_eb1ba7 (5).png,k,k,0.9896588921546936,"[{""label"": ""k"", ""probability"": 0.9896588921546936}, {""label"": ""h"", ""probability"": 0.008201387710869312}, {""label"": ""x"", ""probability"": 0.0008873820188455284}]",lowercase
C:/Code/airwrite-vocab-assistant/data/airwrite_identity_eval/../raw_airwrite/lowercase/k/airwrite_lowercase_K_20260805_213838_972680_eb1ba7 (6).png,k,k,0.9847143292427063,"[{""label"": ""k"", ""probability"": 0.9847143292427063}, {""label"": ""r"", ""probability"": 0.003450545947998762}, {""label"": ""h"", ""probability"": 0.003153321798890829}]",lowercase
C:/Code/airwrite-vocab-assistant/data/airwrite_identity_eval/../raw_airwrite/lowercase/k/airwrite_lowercase_K_20260805_213838_972680_eb1ba7 (7).png,k,k,0.9048367738723755,"[{""label"": ""k"", ""probability"": 0.9048367738723755}, {""label"": ""x"", ""probability"": 0.053842853754758835}, {""label"": ""v"", ""probability"": 0.009717818349599838}]",lowercase
C:/Code/airwrite-vocab-assistant/data/airwrite_identity_eval/../raw_airwrite/lowercase/k/airwrite_lowercase_k_20260805_213918_477659_b4d76d.png,k,k,0.6667380928993225,"[{""label"": ""k"", ""probability"": 0.6667380928993225}, {""label"": ""f"", ""probability"": 0.22707673907279968}, {""label"": ""h"", ""probability"": 0.04042426496744156}]",lowercase
C:/Code/airwrite-vocab-assistant/data/airwrite_identity_eval/../raw_airwrite/lowercase/k/airwrite_lowercase_k_20260805_213922_068085_c53808.png,k,k,0.9604196548461914,"[{""label"": ""k"", ""probability"": 0.9604196548461914}, {""label"": ""x"", ""probability"": 0.03668953478336334}, {""label"": ""h"", ""probability"": 0.0014235645066946745}]",lowercase
C:/Code/airwrite-vocab-assistant/data/airwrite_identity_eval/../raw_airwrite/lowercase/k/airwrite_lowercase_k_20260805_213926_122664_20eddd.png,k,k,0.8935274481773376,"[{""label"": ""k"", ""probability"": 0.8935274481773376}, {""label"": ""x"", ""probability"": 0.04222796484827995}, {""label"": ""y"", ""probability"": 0.01655934378504753}]",lowercase
C:/Code/airwrite-vocab-assistant/data/airwrite_identity_eval/../raw_airwrite/lowercase/k/airwrite_lowercase_k_20260805_213930_856952_09156d.png,k,f,0.49351435899734497,"[{""label"": ""f"", ""probability"": 0.49351435899734497}, {""label"": ""y"", ""probability"": 0.22164440155029297}, {""label"": ""t"", ""probability"": 0.18279381096363068}]",lowercase
C:/Code/airwrite-vocab-assistant/data/airwrite_identity_eval/../raw_airwrite/lowercase/l/airwrite_lowercase_l_20260805_213942_656664_eeceb5.png,l,l,0.8614585995674133,"[{""label"": ""l"", ""probability"": 0.8614585995674133}, {""label"": ""i"", ""probability"": 0.12948468327522278}, {""label"": ""h"", ""probability"": 0.005449933465570211}]",lowercase
C:/Code/airwrite-vocab-assistant/data/airwrite_identity_eval/../raw_airwrite/lowercase/l/airwrite_lowercase_l_20260805_213944_756624_ff5171.png,l,l,0.5834072232246399,"[{""label"": ""l"", ""probability"": 0.5834072232246399}, {""label"": ""i"", ""probability"": 0.408829003572464}, {""label"": ""c"", ""probability"": 0.0052674380131065845}]",lowercase
C:/Code/airwrite-vocab-assistant/data/airwrite_identity_eval/../raw_airwrite/lowercase/l/airwrite_lowercase_l_20260805_213953_807491_30904a.png,l,h,0.49502578377723694,"[{""label"": ""h"", ""probability"": 0.49502578377723694}, {""label"": ""l"", ""probability"": 0.4352049231529236}, {""label"": ""i"", ""probability"": 0.0267101489007473}]",lowercase
C:/Code/airwrite-vocab-assistant/data/airwrite_identity_eval/../raw_airwrite/lowercase/l/airwrite_lowercase_l_20260805_213956_580080_c24023.png,l,h,0.7353572845458984,"[{""label"": ""h"", ""probability"": 0.7353572845458984}, {""label"": ""n"", ""probability"": 0.13031670451164246}, {""label"": ""l"", ""probability"": 0.03564174100756645}]",lowercase
C:/Code/airwrite-vocab-assistant/data/airwrite_identity_eval/../raw_airwrite/lowercase/l/airwrite_lowercase_l_20260805_214028_532568_e4cdf6.png,l,i,0.28525277972221375,"[{""label"": ""i"", ""probability"": 0.28525277972221375}, {""label"": ""f"", ""probability"": 0.26110589504241943}, {""label"": ""l"", ""probability"": 0.1156226322054863}]",lowercase
C:/Code/airwrite-vocab-assistant/data/airwrite_identity_eval/../raw_airwrite/lowercase/l/airwrite_lowercase_l_20260805_214031_417954_c9b039.png,l,i,0.7896903157234192,"[{""label"": ""i"", ""probability"": 0.7896903157234192}, {""label"": ""l"", ""probability"": 0.16897538304328918}, {""label"": ""t"", ""probability"": 0.011247205547988415}]",lowercase
C:/Code/airwrite-vocab-assistant/data/airwrite_identity_eval/../raw_airwrite/lowercase/l/airwrite_lowercase_l_20260805_214037_540446_567c4e.png,l,i,0.7945668697357178,"[{""label"": ""i"", ""probability"": 0.7945668697357178}, {""label"": ""l"", ""probability"": 0.17024071514606476}, {""label"": ""j"", ""probability"": 0.011751770041882992}]",lowercase
C:/Code/airwrite-vocab-assistant/data/airwrite_identity_eval/../raw_airwrite/lowercase/l/airwrite_lowercase_l_20260805_214050_704841_495c98.png,l,i,0.6554402112960815,"[{""label"": ""i"", ""probability"": 0.6554402112960815}, {""label"": ""l"", ""probability"": 0.27563801407814026}, {""label"": ""c"", ""probability"": 0.05911668762564659}]",lowercase
C:/Code/airwrite-vocab-assistant/data/airwrite_identity_eval/../raw_airwrite/lowercase/l/airwrite_lowercase_l_20260805_214057_898694_a71916.png,l,i,0.7912515997886658,"[{""label"": ""i"", ""probability"": 0.7912515997886658}, {""label"": ""l"", ""probability"": 0.08459687978029251}, {""label"": ""c"", ""probability"": 0.044262517243623734}]",lowercase
C:/Code/airwrite-vocab-assistant/data/airwrite_identity_eval/../raw_airwrite/lowercase/l/airwrite_lowercase_l_20260805_214100_822257_4b123c.png,l,i,0.931973397731781,"[{""label"": ""i"", ""probability"": 0.931973397731781}, {""label"": ""l"", ""probability"": 0.04310586303472519}, {""label"": ""j"", ""probability"": 0.006569597404450178}]",lowercase
C:/Code/airwrite-vocab-assistant/data/airwrite_identity_eval/../raw_airwrite/lowercase/m/airwrite_lowercase_m_20260805_214116_692544_3f5d5b.png,m,m,0.9909380674362183,"[{""label"": ""m"", ""probability"": 0.9909380674362183}, {""label"": ""n"", ""probability"": 0.008316651917994022}, {""label"": ""h"", ""probability"": 0.000603663211222738}]",lowercase
C:/Code/airwrite-vocab-assistant/data/airwrite_identity_eval/../raw_airwrite/lowercase/m/airwrite_lowercase_m_20260805_214119_624537_33fdc9.png,m,m,0.8539172410964966,"[{""label"": ""m"", ""probability"": 0.8539172410964966}, {""label"": ""n"", ""probability"": 0.11166064441204071}, {""label"": ""h"", ""probability"": 0.02590298093855381}]",lowercase
C:/Code/airwrite-vocab-assistant/data/airwrite_identity_eval/../raw_airwrite/lowercase/m/airwrite_lowercase_m_20260805_214124_452949_f94547.png,m,m,0.9489608407020569,"[{""label"": ""m"", ""probability"": 0.9489608407020569}, {""label"": ""n"", ""probability"": 0.030303027480840683}, {""label"": ""a"", ""probability"": 0.012762770988047123}]",lowercase
C:/Code/airwrite-vocab-assistant/data/airwrite_identity_eval/../raw_airwrite/lowercase/m/airwrite_lowercase_m_20260805_214127_270363_421b7e.png,m,m,0.823470950126648,"[{""label"": ""m"", ""probability"": 0.823470950126648}, {""label"": ""n"", ""probability"": 0.07702544331550598}, {""label"": ""a"", ""probability"": 0.07383186370134354}]",lowercase
C:/Code/airwrite-vocab-assistant/data/airwrite_identity_eval/../raw_airwrite/lowercase/m/airwrite_lowercase_m_20260805_214131_918025_62b44b.png,m,m,0.5972549319267273,"[{""label"": ""m"", ""probability"": 0.5972549319267273}, {""label"": ""n"", ""probability"": 0.33450818061828613}, {""label"": ""a"", ""probability"": 0.030411725863814354}]",lowercase
C:/Code/airwrite-vocab-assistant/data/airwrite_identity_eval/../raw_airwrite/lowercase/m/airwrite_lowercase_m_20260805_214134_731539_51edd8.png,m,m,0.6886513233184814,"[{""label"": ""m"", ""probability"": 0.6886513233184814}, {""label"": ""n"", ""probability"": 0.2184700220823288}, {""label"": ""r"", ""probability"": 0.05113833025097847}]",lowercase
C:/Code/airwrite-vocab-assistant/data/airwrite_identity_eval/../raw_airwrite/lowercase/m/airwrite_lowercase_m_20260805_214137_465412_f21788.png,m,m,0.9700867533683777,"[{""label"": ""m"", ""probability"": 0.9700867533683777}, {""label"": ""n"", ""probability"": 0.022916482761502266}, {""label"": ""h"", ""probability"": 0.004028537310659885}]",lowercase
C:/Code/airwrite-vocab-assistant/data/airwrite_identity_eval/../raw_airwrite/lowercase/m/airwrite_lowercase_m_20260805_214140_208807_86daf0.png,m,m,0.7912195920944214,"[{""label"": ""m"", ""probability"": 0.7912195920944214}, {""label"": ""n"", ""probability"": 0.1297970563173294}, {""label"": ""r"", ""probability"": 0.04041991010308266}]",lowercase
C:/Code/airwrite-vocab-assistant/data/airwrite_identity_eval/../raw_airwrite/lowercase/m/airwrite_lowercase_m_20260805_214148_555228_fd581c.png,m,m,0.8006767630577087,"[{""label"": ""m"", ""probability"": 0.8006767630577087}, {""label"": ""n"", ""probability"": 0.14968416094779968}, {""label"": ""r"", ""probability"": 0.03145124390721321}]",lowercase
C:/Code/airwrite-vocab-assistant/data/airwrite_identity_eval/../raw_airwrite/lowercase/m/airwrite_lowercase_m_20260805_214150_943842_7451b8.png,m,m,0.9009191989898682,"[{""label"": ""m"", ""probability"": 0.9009191989898682}, {""label"": ""n"", ""probability"": 0.08452463895082474}, {""label"": ""h"", ""probability"": 0.005520133301615715}]",lowercase
C:/Code/airwrite-vocab-assistant/data/airwrite_identity_eval/../raw_airwrite/lowercase/n/airwrite_lowercase_n_20260805_214157_665807_d08b4f.png,n,n,0.9439487457275391,"[{""label"": ""n"", ""probability"": 0.9439487457275391}, {""label"": ""r"", ""probability"": 0.031906940042972565}, {""label"": ""c"", ""probability"": 0.014965756796300411}]",lowercase
C:/Code/airwrite-vocab-assistant/data/airwrite_identity_eval/../raw_airwrite/lowercase/n/airwrite_lowercase_n_20260805_214159_225705_b99282.png,n,n,0.8646003603935242,"[{""label"": ""n"", ""probability"": 0.8646003603935242}, {""label"": ""a"", ""probability"": 0.09601414948701859}, {""label"": ""r"", ""probability"": 0.027437793090939522}]",lowercase
C:/Code/airwrite-vocab-assistant/data/airwrite_identity_eval/../raw_airwrite/lowercase/n/airwrite_lowercase_n_20260805_214205_980954_abfd36.png,n,c,0.8599007725715637,"[{""label"": ""c"", ""probability"": 0.8599007725715637}, {""label"": ""n"", ""probability"": 0.09623105078935623}, {""label"": ""r"", ""probability"": 0.016805998980998993}]",lowercase
C:/Code/airwrite-vocab-assistant/data/airwrite_identity_eval/../raw_airwrite/lowercase/n/airwrite_lowercase_n_20260805_214208_587503_92836e.png,n,n,0.9257136583328247,"[{""label"": ""n"", ""probability"": 0.9257136583328247}, {""label"": ""h"", ""probability"": 0.02433035336434841}, {""label"": ""c"", ""probability"": 0.02203470654785633}]",lowercase
C:/Code/airwrite-vocab-assistant/data/airwrite_identity_eval/../raw_airwrite/lowercase/n/airwrite_lowercase_n_20260805_214211_453616_75bec7.png,n,n,0.8665353655815125,"[{""label"": ""n"", ""probability"": 0.8665353655815125}, {""label"": ""m"", ""probability"": 0.07565658539533615}, {""label"": ""r"", ""probability"": 0.024751273915171623}]",lowercase
C:/Code/airwrite-vocab-assistant/data/airwrite_identity_eval/../raw_airwrite/lowercase/n/airwrite_lowercase_n_20260805_214214_100645_1d2e62.png,n,n,0.9380667805671692,"[{""label"": ""n"", ""probability"": 0.9380667805671692}, {""label"": ""r"", ""probability"": 0.04274394363164902}, {""label"": ""m"", ""probability"": 0.00610243109986186}]",lowercase
C:/Code/airwrite-vocab-assistant/data/airwrite_identity_eval/../raw_airwrite/lowercase/n/airwrite_lowercase_n_20260805_214218_140606_5ad3b8.png,n,n,0.965602695941925,"[{""label"": ""n"", ""probability"": 0.965602695941925}, {""label"": ""a"", ""probability"": 0.02035703882575035}, {""label"": ""r"", ""probability"": 0.005220899358391762}]",lowercase
C:/Code/airwrite-vocab-assistant/data/airwrite_identity_eval/../raw_airwrite/lowercase/n/airwrite_lowercase_n_20260805_214226_961381_80684d.png,n,n,0.9313585758209229,"[{""label"": ""n"", ""probability"": 0.9313585758209229}, {""label"": ""r"", ""probability"": 0.039895739406347275}, {""label"": ""c"", ""probability"": 0.018977757543325424}]",lowercase
C:/Code/airwrite-vocab-assistant/data/airwrite_identity_eval/../raw_airwrite/lowercase/n/airwrite_lowercase_n_20260805_214229_540873_2beaaa.png,n,n,0.7365057468414307,"[{""label"": ""n"", ""probability"": 0.7365057468414307}, {""label"": ""r"", ""probability"": 0.135398730635643}, {""label"": ""c"", ""probability"": 0.03671922907233238}]",lowercase
C:/Code/airwrite-vocab-assistant/data/airwrite_identity_eval/../raw_airwrite/lowercase/n/airwrite_lowercase_n_20260805_214232_868107_a57f14.png,n,n,0.8262606263160706,"[{""label"": ""n"", ""probability"": 0.8262606263160706}, {""label"": ""r"", ""probability"": 0.08056149631738663}, {""label"": ""v"", ""probability"": 0.05740298703312874}]",lowercase
C:/Code/airwrite-vocab-assistant/data/airwrite_identity_eval/../raw_airwrite/lowercase/n/airwrite_lowercase_n_20260805_214236_458092_a43ea7.png,n,n,0.7850055694580078,"[{""label"": ""n"", ""probability"": 0.7850055694580078}, {""label"": ""r"", ""probability"": 0.11120542883872986}, {""label"": ""v"", ""probability"": 0.06443483382463455}]",lowercase
C:/Code/airwrite-vocab-assistant/data/airwrite_identity_eval/../raw_airwrite/lowercase/o/airwrite_lowercase_o_20260805_214250_333732_201e35.png,o,o,0.9867199063301086,"[{""label"": ""o"", ""probability"": 0.9867199063301086}, {""label"": ""d"", ""probability"": 0.006235746666789055}, {""label"": ""c"", ""probability"": 0.0031775187235325575}]",lowercase
C:/Code/airwrite-vocab-assistant/data/airwrite_identity_eval/../raw_airwrite/lowercase/o/airwrite_lowercase_o_20260805_214256_304813_829449.png,o,o,0.9772086143493652,"[{""label"": ""o"", ""probability"": 0.9772086143493652}, {""label"": ""d"", ""probability"": 0.02174687199294567}, {""label"": ""q"", ""probability"": 0.000680908327922225}]",lowercase
C:/Code/airwrite-vocab-assistant/data/airwrite_identity_eval/../raw_airwrite/lowercase/o/airwrite_lowercase_o_20260805_214258_632883_d70eb4.png,o,o,0.9737184643745422,"[{""label"": ""o"", ""probability"": 0.9737184643745422}, {""label"": ""d"", ""probability"": 0.024910125881433487}, {""label"": ""q"", ""probability"": 0.0006201688665896654}]",lowercase
C:/Code/airwrite-vocab-assistant/data/airwrite_identity_eval/../raw_airwrite/lowercase/o/airwrite_lowercase_o_20260805_214300_973397_0ad79a.png,o,o,0.9869332313537598,"[{""label"": ""o"", ""probability"": 0.9869332313537598}, {""label"": ""d"", ""probability"": 0.011745354160666466}, {""label"": ""q"", ""probability"": 0.0008272308041341603}]",lowercase
C:/Code/airwrite-vocab-assistant/data/airwrite_identity_eval/../raw_airwrite/lowercase/o/airwrite_lowercase_o_20260805_214303_498884_351248.png,o,o,0.8482847213745117,"[{""label"": ""o"", ""probability"": 0.8482847213745117}, {""label"": ""d"", ""probability"": 0.14799025654792786}, {""label"": ""q"", ""probability"": 0.0013358562719076872}]",lowercase
C:/Code/airwrite-vocab-assistant/data/airwrite_identity_eval/../raw_airwrite/lowercase/o/airwrite_lowercase_o_20260805_214306_119592_6920e3.png,o,o,0.9707685112953186,"[{""label"": ""o"", ""probability"": 0.9707685112953186}, {""label"": ""d"", ""probability"": 0.024467354640364647}, {""label"": ""q"", ""probability"": 0.001962334383279085}]",lowercase
C:/Code/airwrite-vocab-assistant/data/airwrite_identity_eval/../raw_airwrite/lowercase/o/airwrite_lowercase_o_20260805_214308_432380_20bddf.png,o,o,0.9736632108688354,"[{""label"": ""o"", ""probability"": 0.9736632108688354}, {""label"": ""d"", ""probability"": 0.025809654965996742}, {""label"": ""q"", ""probability"": 0.00036574614932760596}]",lowercase
C:/Code/airwrite-vocab-assistant/data/airwrite_identity_eval/../raw_airwrite/lowercase/o/airwrite_lowercase_o_20260805_214311_157319_95c07e.png,o,o,0.9921486377716064,"[{""label"": ""o"", ""probability"": 0.9921486377716064}, {""label"": ""d"", ""probability"": 0.0045188129879534245}, {""label"": ""q"", ""probability"": 0.001983415335416794}]",lowercase
C:/Code/airwrite-vocab-assistant/data/airwrite_identity_eval/../raw_airwrite/lowercase/o/airwrite_lowercase_o_20260805_214313_808445_28df63.png,o,o,0.8097137212753296,"[{""label"": ""o"", ""probability"": 0.8097137212753296}, {""label"": ""d"", ""probability"": 0.17703837156295776}, {""label"": ""a"", ""probability"": 0.0068008145317435265}]",lowercase
C:/Code/airwrite-vocab-assistant/data/airwrite_identity_eval/../raw_airwrite/lowercase/o/airwrite_lowercase_o_20260805_214323_867270_43a158.png,o,d,0.7105085253715515,"[{""label"": ""d"", ""probability"": 0.7105085253715515}, {""label"": ""o"", ""probability"": 0.23651883006095886}, {""label"": ""b"", ""probability"": 0.045667629688978195}]",lowercase
C:/Code/airwrite-vocab-assistant/data/airwrite_identity_eval/../raw_airwrite/lowercase/o/airwrite_lowercase_o_20260805_214326_131147_e571e4.png,o,o,0.9260905385017395,"[{""label"": ""o"", ""probability"": 0.9260905385017395}, {""label"": ""q"", ""probability"": 0.04823821410536766}, {""label"": ""d"", ""probability"": 0.019530346617102623}]",lowercase
C:/Code/airwrite-vocab-assistant/data/airwrite_identity_eval/../raw_airwrite/lowercase/p/airwrite_lowercase_p_20260805_214343_092569_6f1f68.png,p,p,0.985268771648407,"[{""label"": ""p"", ""probability"": 0.985268771648407}, {""label"": ""f"", ""probability"": 0.007862723432481289}, {""label"": ""r"", ""probability"": 0.006189413368701935}]",lowercase
C:/Code/airwrite-vocab-assistant/data/airwrite_identity_eval/../raw_airwrite/lowercase/p/airwrite_lowercase_p_20260805_214346_386613_942824.png,p,p,0.9754294157028198,"[{""label"": ""p"", ""probability"": 0.9754294157028198}, {""label"": ""r"", ""probability"": 0.02394268848001957}, {""label"": ""f"", ""probability"": 0.0003513693227432668}]",lowercase
C:/Code/airwrite-vocab-assistant/data/airwrite_identity_eval/../raw_airwrite/lowercase/p/airwrite_lowercase_p_20260805_214352_571604_08896b.png,p,p,0.9984683394432068,"[{""label"": ""p"", ""probability"": 0.9984683394432068}, {""label"": ""f"", ""probability"": 0.0008088992326520383}, {""label"": ""r"", ""probability"": 0.000592249387409538}]",lowercase
C:/Code/airwrite-vocab-assistant/data/airwrite_identity_eval/../raw_airwrite/lowercase/p/airwrite_lowercase_p_20260805_214404_000160_5849b9.png,p,p,0.9626566171646118,"[{""label"": ""p"", ""probability"": 0.9626566171646118}, {""label"": ""d"", ""probability"": 0.016007130965590477}, {""label"": ""f"", ""probability"": 0.007050754502415657}]",lowercase
C:/Code/airwrite-vocab-assistant/data/airwrite_identity_eval/../raw_airwrite/lowercase/p/airwrite_lowercase_p_20260805_214414_560404_262022.png,p,p,0.9954007267951965,"[{""label"": ""p"", ""probability"": 0.9954007267951965}, {""label"": ""r"", ""probability"": 0.0032951130997389555}, {""label"": ""f"", ""probability"": 0.0009379423572681844}]",lowercase
C:/Code/airwrite-vocab-assistant/data/airwrite_identity_eval/../raw_airwrite/lowercase/p/airwrite_lowercase_p_20260805_214418_339141_e23120.png,p,p,0.9602227807044983,"[{""label"": ""p"", ""probability"": 0.9602227807044983}, {""label"": ""r"", ""probability"": 0.026614049449563026}, {""label"": ""f"", ""probability"": 0.011877811513841152}]",lowercase
C:/Code/airwrite-vocab-assistant/data/airwrite_identity_eval/../raw_airwrite/lowercase/p/airwrite_lowercase_p_20260805_214422_866039_66b6b6.png,p,p,0.976628303527832,"[{""label"": ""p"", ""probability"": 0.976628303527832}, {""label"": ""f"", ""probability"": 0.017838694155216217}, {""label"": ""r"", ""probability"": 0.0031269406899809837}]",lowercase
C:/Code/airwrite-vocab-assistant/data/airwrite_identity_eval/../raw_airwrite/lowercase/p/airwrite_lowercase_p_20260805_214429_707166_578f29.png,p,p,0.9038347005844116,"[{""label"": ""p"", ""probability"": 0.9038347005844116}, {""label"": ""f"", ""probability"": 0.08989454805850983}, {""label"": ""q"", ""probability"": 0.002024467336013913}]",lowercase
C:/Code/airwrite-vocab-assistant/data/airwrite_identity_eval/../raw_airwrite/lowercase/p/airwrite_lowercase_p_20260805_214435_155614_69ab1a.png,p,p,0.9931941032409668,"[{""label"": ""p"", ""probability"": 0.9931941032409668}, {""label"": ""d"", ""probability"": 0.0032628013286739588}, {""label"": ""q"", ""probability"": 0.001894704531878233}]",lowercase
C:/Code/airwrite-vocab-assistant/data/airwrite_identity_eval/../raw_airwrite/lowercase/p/airwrite_lowercase_p_20260805_214451_539494_d151eb.png,p,p,0.9873884916305542,"[{""label"": ""p"", ""probability"": 0.9873884916305542}, {""label"": ""r"", ""probability"": 0.008038925006985664}, {""label"": ""f"", ""probability"": 0.0014519339893013239}]",lowercase
C:/Code/airwrite-vocab-assistant/data/airwrite_identity_eval/../raw_airwrite/lowercase/q/airwrite_lowercase_q_20260805_214501_745111_178b0a.png,q,g,0.4719125032424927,"[{""label"": ""g"", ""probability"": 0.4719125032424927}, {""label"": ""q"", ""probability"": 0.4262741804122925}, {""label"": ""d"", ""probability"": 0.09511078894138336}]",lowercase
C:/Code/airwrite-vocab-assistant/data/airwrite_identity_eval/../raw_airwrite/lowercase/q/airwrite_lowercase_q_20260805_214504_536386_1cb518.png,q,q,0.6655933260917664,"[{""label"": ""q"", ""probability"": 0.6655933260917664}, {""label"": ""g"", ""probability"": 0.30987033247947693}, {""label"": ""d"", ""probability"": 0.0191910769790411}]",lowercase
C:/Code/airwrite-vocab-assistant/data/airwrite_identity_eval/../raw_airwrite/lowercase/q/airwrite_lowercase_q_20260805_214507_998327_f70d79.png,q,q,0.33298614621162415,"[{""label"": ""q"", ""probability"": 0.33298614621162415}, {""label"": ""t"", ""probability"": 0.28304052352905273}, {""label"": ""g"", ""probability"": 0.1636352688074112}]",lowercase
C:/Code/airwrite-vocab-assistant/data/airwrite_identity_eval/../raw_airwrite/lowercase/q/airwrite_lowercase_q_20260805_214513_436830_2d3456.png,q,a,0.37084025144577026,"[{""label"": ""a"", ""probability"": 0.37084025144577026}, {""label"": ""q"", ""probability"": 0.298921674489975}, {""label"": ""d"", ""probability"": 0.22971199452877045}]",lowercase
C:/Code/airwrite-vocab-assistant/data/airwrite_identity_eval/../raw_airwrite/lowercase/q/airwrite_lowercase_q_20260805_214516_368172_9a85ef.png,q,a,0.6925956010818481,"[{""label"": ""a"", ""probability"": 0.6925956010818481}, {""label"": ""q"", ""probability"": 0.198709174990654}, {""label"": ""g"", ""probability"": 0.07416795939207077}]",lowercase
C:/Code/airwrite-vocab-assistant/data/airwrite_identity_eval/../raw_airwrite/lowercase/q/airwrite_lowercase_q_20260805_214521_267331_2948a6.png,q,q,0.7898247838020325,"[{""label"": ""q"", ""probability"": 0.7898247838020325}, {""label"": ""g"", ""probability"": 0.1982511430978775}, {""label"": ""a"", ""probability"": 0.009707044810056686}]",lowercase
C:/Code/airwrite-vocab-assistant/data/airwrite_identity_eval/../raw_airwrite/lowercase/q/airwrite_lowercase_q_20260805_214525_854620_876fb7.png,q,q,0.6726367473602295,"[{""label"": ""q"", ""probability"": 0.6726367473602295}, {""label"": ""g"", ""probability"": 0.25181591510772705}, {""label"": ""d"", ""probability"": 0.04559536650776863}]",lowercase
C:/Code/airwrite-vocab-assistant/data/airwrite_identity_eval/../raw_airwrite/lowercase/q/airwrite_lowercase_q_20260805_214528_403512_858dc8.png,q,q,0.6468020677566528,"[{""label"": ""q"", ""probability"": 0.6468020677566528}, {""label"": ""g"", ""probability"": 0.2819937467575073}, {""label"": ""d"", ""probability"": 0.025085443630814552}]",lowercase
C:/Code/airwrite-vocab-assistant/data/airwrite_identity_eval/../raw_airwrite/lowercase/q/airwrite_lowercase_q_20260805_214531_582314_2f12dd.png,q,q,0.4123367965221405,"[{""label"": ""q"", ""probability"": 0.4123367965221405}, {""label"": ""g"", ""probability"": 0.16889961063861847}, {""label"": ""t"", ""probability"": 0.1575389802455902}]",lowercase
C:/Code/airwrite-vocab-assistant/data/airwrite_identity_eval/../raw_airwrite/lowercase/q/airwrite_lowercase_q_20260805_214536_126915_c61079.png,q,q,0.6959431171417236,"[{""label"": ""q"", ""probability"": 0.6959431171417236}, {""label"": ""g"", ""probability"": 0.2952151298522949}, {""label"": ""d"", ""probability"": 0.004727628082036972}]",lowercase
C:/Code/airwrite-vocab-assistant/data/airwrite_identity_eval/../raw_airwrite/lowercase/q/airwrite_lowercase_q_20260805_214538_955614_e3bd44.png,q,q,0.665307343006134,"[{""label"": ""q"", ""probability"": 0.665307343006134}, {""label"": ""g"", ""probability"": 0.32679483294487}, {""label"": ""d"", ""probability"": 0.003570680972188711}]",lowercase
C:/Code/airwrite-vocab-assistant/data/airwrite_identity_eval/../raw_airwrite/lowercase/q/airwrite_lowercase_q_20260805_214541_868396_a531e9.png,q,q,0.7277540564537048,"[{""label"": ""q"", ""probability"": 0.7277540564537048}, {""label"": ""g"", ""probability"": 0.21430884301662445}, {""label"": ""p"", ""probability"": 0.015106799080967903}]",lowercase
C:/Code/airwrite-vocab-assistant/data/airwrite_identity_eval/../raw_airwrite/lowercase/q/airwrite_lowercase_q_20260805_214547_405601_d59f06.png,q,q,0.5964112877845764,"[{""label"": ""q"", ""probability"": 0.5964112877845764}, {""label"": ""g"", ""probability"": 0.3524779677391052}, {""label"": ""p"", ""probability"": 0.00895130168646574}]",lowercase
C:/Code/airwrite-vocab-assistant/data/airwrite_identity_eval/../raw_airwrite/lowercase/r/airwrite_lowercase_r_20260805_214605_319853_c34fbf.png,r,r,0.9520201086997986,"[{""label"": ""r"", ""probability"": 0.9520201086997986}, {""label"": ""y"", ""probability"": 0.029612859711050987}, {""label"": ""v"", ""probability"": 0.009916380047798157}]",lowercase
C:/Code/airwrite-vocab-assistant/data/airwrite_identity_eval/../raw_airwrite/lowercase/r/airwrite_lowercase_r_20260805_214609_896908_f1b835.png,r,y,0.5156137943267822,"[{""label"": ""y"", ""probability"": 0.5156137943267822}, {""label"": ""r"", ""probability"": 0.42628759145736694}, {""label"": ""v"", ""probability"": 0.018581656739115715}]",lowercase
C:/Code/airwrite-vocab-assistant/data/airwrite_identity_eval/../raw_airwrite/lowercase/r/airwrite_lowercase_r_20260805_214615_321178_36240d.png,r,n,0.39027541875839233,"[{""label"": ""n"", ""probability"": 0.39027541875839233}, {""label"": ""r"", ""probability"": 0.2742471694946289}, {""label"": ""c"", ""probability"": 0.11300608515739441}]",lowercase
C:/Code/airwrite-vocab-assistant/data/airwrite_identity_eval/../raw_airwrite/lowercase/r/airwrite_lowercase_r_20260805_214618_043583_a9d4bd.png,r,n,0.20775972306728363,"[{""label"": ""n"", ""probability"": 0.20775972306728363}, {""label"": ""c"", ""probability"": 0.1881226897239685}, {""label"": ""r"", ""probability"": 0.17361679673194885}]",lowercase
C:/Code/airwrite-vocab-assistant/data/airwrite_identity_eval/../raw_airwrite/lowercase/r/airwrite_lowercase_r_20260805_214621_136088_cc4d56.png,r,v,0.27429333329200745,"[{""label"": ""v"", ""probability"": 0.27429333329200745}, {""label"": ""w"", ""probability"": 0.21589107811450958}, {""label"": ""r"", ""probability"": 0.18815892934799194}]",lowercase
C:/Code/airwrite-vocab-assistant/data/airwrite_identity_eval/../raw_airwrite/lowercase/r/airwrite_lowercase_r_20260805_214629_542426_7adb8d.png,r,w,0.37675705552101135,"[{""label"": ""w"", ""probability"": 0.37675705552101135}, {""label"": ""v"", ""probability"": 0.2061341553926468}, {""label"": ""m"", ""probability"": 0.12030342221260071}]",lowercase
C:/Code/airwrite-vocab-assistant/data/airwrite_identity_eval/../raw_airwrite/lowercase/r/airwrite_lowercase_r_20260805_214633_321650_21a3f5.png,r,r,0.9129552245140076,"[{""label"": ""r"", ""probability"": 0.9129552245140076}, {""label"": ""y"", ""probability"": 0.045901212841272354}, {""label"": ""i"", ""probability"": 0.014694923534989357}]",lowercase
C:/Code/airwrite-vocab-assistant/data/airwrite_identity_eval/../raw_airwrite/lowercase/r/airwrite_lowercase_r_20260805_214636_325057_012eaf.png,r,r,0.5697240829467773,"[{""label"": ""r"", ""probability"": 0.5697240829467773}, {""label"": ""y"", ""probability"": 0.3691985607147217}, {""label"": ""v"", ""probability"": 0.030550705268979073}]",lowercase
C:/Code/airwrite-vocab-assistant/data/airwrite_identity_eval/../raw_airwrite/lowercase/r/airwrite_lowercase_r_20260805_214639_024129_f05611.png,r,r,0.7334818840026855,"[{""label"": ""r"", ""probability"": 0.7334818840026855}, {""label"": ""y"", ""probability"": 0.12927764654159546}, {""label"": ""t"", ""probability"": 0.04276419058442116}]",lowercase
C:/Code/airwrite-vocab-assistant/data/airwrite_identity_eval/../raw_airwrite/lowercase/r/airwrite_lowercase_r_20260805_214645_923774_3618f4.png,r,n,0.5272481441497803,"[{""label"": ""n"", ""probability"": 0.5272481441497803}, {""label"": ""r"", ""probability"": 0.18391162157058716}, {""label"": ""v"", ""probability"": 0.13953912258148193}]",lowercase
C:/Code/airwrite-vocab-assistant/data/airwrite_identity_eval/../raw_airwrite/lowercase/s/airwrite_lowercase_s_20260805_214704_542680_15d253.png,s,q,0.3826342821121216,"[{""label"": ""q"", ""probability"": 0.3826342821121216}, {""label"": ""d"", ""probability"": 0.3441290557384491}, {""label"": ""b"", ""probability"": 0.1366862654685974}]",lowercase
C:/Code/airwrite-vocab-assistant/data/airwrite_identity_eval/../raw_airwrite/lowercase/s/airwrite_lowercase_s_20260805_214708_869534_c56ef9.png,s,d,0.8064205050468445,"[{""label"": ""d"", ""probability"": 0.8064205050468445}, {""label"": ""q"", ""probability"": 0.1664423942565918}, {""label"": ""o"", ""probability"": 0.01235982496291399}]",lowercase
C:/Code/airwrite-vocab-assistant/data/airwrite_identity_eval/../raw_airwrite/lowercase/s/airwrite_lowercase_s_20260805_214711_321242_1a6112.png,s,s,0.7169991731643677,"[{""label"": ""s"", ""probability"": 0.7169991731643677}, {""label"": ""j"", ""probability"": 0.13196153938770294}, {""label"": ""f"", ""probability"": 0.12147511541843414}]",lowercase
C:/Code/airwrite-vocab-assistant/data/airwrite_identity_eval/../raw_airwrite/lowercase/s/airwrite_lowercase_s_20260805_214713_323567_3beb4c.png,s,f,0.4837973117828369,"[{""label"": ""f"", ""probability"": 0.4837973117828369}, {""label"": ""s"", ""probability"": 0.4012237787246704}, {""label"": ""j"", ""probability"": 0.10409138351678848}]",lowercase
C:/Code/airwrite-vocab-assistant/data/airwrite_identity_eval/../raw_airwrite/lowercase/s/airwrite_lowercase_s_20260805_214722_780990_3a8248.png,s,s,0.9681833982467651,"[{""label"": ""s"", ""probability"": 0.9681833982467651}, {""label"": ""f"", ""probability"": 0.01666654646396637}, {""label"": ""g"", ""probability"": 0.00986313633620739}]",lowercase
C:/Code/airwrite-vocab-assistant/data/airwrite_identity_eval/../raw_airwrite/lowercase/s/airwrite_lowercase_s_20260805_214726_674925_b0dc94.png,s,s,0.9624193906784058,"[{""label"": ""s"", ""probability"": 0.9624193906784058}, {""label"": ""g"", ""probability"": 0.020029770210385323}, {""label"": ""f"", ""probability"": 0.010265292599797249}]",lowercase
C:/Code/airwrite-vocab-assistant/data/airwrite_identity_eval/../raw_airwrite/lowercase/s/airwrite_lowercase_s_20260805_214730_222285_c2d2f2.png,s,s,0.8971317410469055,"[{""label"": ""s"", ""probability"": 0.8971317410469055}, {""label"": ""g"", ""probability"": 0.09095446765422821}, {""label"": ""j"", ""probability"": 0.008119840174913406}]",lowercase
C:/Code/airwrite-vocab-assistant/data/airwrite_identity_eval/../raw_airwrite/lowercase/s/airwrite_lowercase_s_20260805_214733_598329_ee13de.png,s,s,0.7340518236160278,"[{""label"": ""s"", ""probability"": 0.7340518236160278}, {""label"": ""f"", ""probability"": 0.12708483636379242}, {""label"": ""g"", ""probability"": 0.08746052533388138}]",lowercase
C:/Code/airwrite-vocab-assistant/data/airwrite_identity_eval/../raw_airwrite/lowercase/s/airwrite_lowercase_s_20260805_214737_665974_d56e5b.png,s,s,0.5283389687538147,"[{""label"": ""s"", ""probability"": 0.5283389687538147}, {""label"": ""j"", ""probability"": 0.24822889268398285}, {""label"": ""i"", ""probability"": 0.0832383930683136}]",lowercase
C:/Code/airwrite-vocab-assistant/data/airwrite_identity_eval/../raw_airwrite/lowercase/s/airwrite_lowercase_s_20260805_214740_403920_7d40cf.png,s,s,0.7667519450187683,"[{""label"": ""s"", ""probability"": 0.7667519450187683}, {""label"": ""g"", ""probability"": 0.14826491475105286}, {""label"": ""f"", ""probability"": 0.05653195083141327}]",lowercase
C:/Code/airwrite-vocab-assistant/data/airwrite_identity_eval/../raw_airwrite/lowercase/s/airwrite_lowercase_s_20260805_214742_878662_57c7e8.png,s,s,0.8321447968482971,"[{""label"": ""s"", ""probability"": 0.8321447968482971}, {""label"": ""j"", ""probability"": 0.1462400257587433}, {""label"": ""g"", ""probability"": 0.018391327932476997}]",lowercase
C:/Code/airwrite-vocab-assistant/data/airwrite_identity_eval/../raw_airwrite/lowercase/t/airwrite_lowercase_t_20260805_214801_715268_184baf.png,t,t,0.7275916337966919,"[{""label"": ""t"", ""probability"": 0.7275916337966919}, {""label"": ""z"", ""probability"": 0.08760078251361847}, {""label"": ""e"", ""probability"": 0.03058374486863613}]",lowercase
C:/Code/airwrite-vocab-assistant/data/airwrite_identity_eval/../raw_airwrite/lowercase/t/airwrite_lowercase_t_20260805_214805_439172_b0fcc4.png,t,t,0.305125892162323,"[{""label"": ""t"", ""probability"": 0.305125892162323}, {""label"": ""e"", ""probability"": 0.20101726055145264}, {""label"": ""c"", ""probability"": 0.1565181165933609}]",lowercase
C:/Code/airwrite-vocab-assistant/data/airwrite_identity_eval/../raw_airwrite/lowercase/t/airwrite_lowercase_t_20260805_214810_801863_bc27e2.png,t,t,0.4289695620536804,"[{""label"": ""t"", ""probability"": 0.4289695620536804}, {""label"": ""f"", ""probability"": 0.26989126205444336}, {""label"": ""r"", ""probability"": 0.11710435897111893}]",lowercase
C:/Code/airwrite-vocab-assistant/data/airwrite_identity_eval/../raw_airwrite/lowercase/t/airwrite_lowercase_t_20260805_214819_766608_f783e0.png,t,t,0.5531836152076721,"[{""label"": ""t"", ""probability"": 0.5531836152076721}, {""label"": ""v"", ""probability"": 0.10061080008745193}, {""label"": ""x"", ""probability"": 0.061638783663511276}]",lowercase
C:/Code/airwrite-vocab-assistant/data/airwrite_identity_eval/../raw_airwrite/lowercase/t/airwrite_lowercase_t_20260805_214823_368068_60b429.png,t,w,0.6449801325798035,"[{""label"": ""w"", ""probability"": 0.6449801325798035}, {""label"": ""e"", ""probability"": 0.1206645518541336}, {""label"": ""u"", ""probability"": 0.08007441461086273}]",lowercase
C:/Code/airwrite-vocab-assistant/data/airwrite_identity_eval/../raw_airwrite/lowercase/t/airwrite_lowercase_t_20260805_214827_019603_f3f27b.png,t,e,0.2605394423007965,"[{""label"": ""e"", ""probability"": 0.2605394423007965}, {""label"": ""t"", ""probability"": 0.25718873739242554}, {""label"": ""z"", ""probability"": 0.09419134259223938}]",lowercase
C:/Code/airwrite-vocab-assistant/data/airwrite_identity_eval/../raw_airwrite/lowercase/t/airwrite_lowercase_t_20260805_214830_369772_f836a9.png,t,w,0.9712892770767212,"[{""label"": ""w"", ""probability"": 0.9712892770767212}, {""label"": ""v"", ""probability"": 0.015477804467082024}, {""label"": ""u"", ""probability"": 0.004859154112637043}]",lowercase
C:/Code/airwrite-vocab-assistant/data/airwrite_identity_eval/../raw_airwrite/lowercase/t/airwrite_lowercase_t_20260805_214842_723191_bff66c.png,t,k,0.9585356116294861,"[{""label"": ""k"", ""probability"": 0.9585356116294861}, {""label"": ""r"", ""probability"": 0.01510388869792223}, {""label"": ""e"", ""probability"": 0.01159104984253645}]",lowercase
C:/Code/airwrite-vocab-assistant/data/airwrite_identity_eval/../raw_airwrite/lowercase/t/airwrite_lowercase_t_20260805_214846_024111_4f7562.png,t,x,0.2878815531730652,"[{""label"": ""x"", ""probability"": 0.2878815531730652}, {""label"": ""z"", ""probability"": 0.19106243550777435}, {""label"": ""t"", ""probability"": 0.17289245128631592}]",lowercase
C:/Code/airwrite-vocab-assistant/data/airwrite_identity_eval/../raw_airwrite/lowercase/t/airwrite_lowercase_t_20260805_214855_229445_bf9432.png,t,v,0.42675110697746277,"[{""label"": ""v"", ""probability"": 0.42675110697746277}, {""label"": ""w"", ""probability"": 0.20465804636478424}, {""label"": ""e"", ""probability"": 0.06856240332126617}]",lowercase
C:/Code/airwrite-vocab-assistant/data/airwrite_identity_eval/../raw_airwrite/lowercase/t/airwrite_lowercase_t_20260805_214858_214679_3848a0.png,t,t,0.2755550146102905,"[{""label"": ""t"", ""probability"": 0.2755550146102905}, {""label"": ""v"", ""probability"": 0.2131654918193817}, {""label"": ""r"", ""probability"": 0.15763889253139496}]",lowercase
C:/Code/airwrite-vocab-assistant/data/airwrite_identity_eval/../raw_airwrite/lowercase/u/airwrite_lowercase_u_20260805_214916_208840_329276.png,u,u,0.681885838508606,"[{""label"": ""u"", ""probability"": 0.681885838508606}, {""label"": ""w"", ""probability"": 0.20459729433059692}, {""label"": ""v"", ""probability"": 0.04801217466592789}]",lowercase
C:/Code/airwrite-vocab-assistant/data/airwrite_identity_eval/../raw_airwrite/lowercase/u/airwrite_lowercase_u_20260805_214923_513586_602996.png,u,u,0.5870125889778137,"[{""label"": ""u"", ""probability"": 0.5870125889778137}, {""label"": ""w"", ""probability"": 0.367908775806427}, {""label"": ""v"", ""probability"": 0.03475096449255943}]",lowercase
C:/Code/airwrite-vocab-assistant/data/airwrite_identity_eval/../raw_airwrite/lowercase/u/airwrite_lowercase_u_20260805_214929_124985_17bf97.png,u,u,0.9259599447250366,"[{""label"": ""u"", ""probability"": 0.9259599447250366}, {""label"": ""v"", ""probability"": 0.03551900014281273}, {""label"": ""w"", ""probability"": 0.017037153244018555}]",lowercase
C:/Code/airwrite-vocab-assistant/data/airwrite_identity_eval/../raw_airwrite/lowercase/u/airwrite_lowercase_u_20260805_214936_558076_0e7ba6.png,u,u,0.6635550856590271,"[{""label"": ""u"", ""probability"": 0.6635550856590271}, {""label"": ""v"", ""probability"": 0.17658771574497223}, {""label"": ""w"", ""probability"": 0.0968310683965683}]",lowercase
C:/Code/airwrite-vocab-assistant/data/airwrite_identity_eval/../raw_airwrite/lowercase/u/airwrite_lowercase_u_20260805_214942_049571_d83567.png,u,u,0.5560141801834106,"[{""label"": ""u"", ""probability"": 0.5560141801834106}, {""label"": ""v"", ""probability"": 0.32282501459121704}, {""label"": ""w"", ""probability"": 0.10341031849384308}]",lowercase
C:/Code/airwrite-vocab-assistant/data/airwrite_identity_eval/../raw_airwrite/lowercase/u/airwrite_lowercase_u_20260805_214944_886384_e85abc.png,u,u,0.3529247045516968,"[{""label"": ""u"", ""probability"": 0.3529247045516968}, {""label"": ""v"", ""probability"": 0.20684783160686493}, {""label"": ""s"", ""probability"": 0.10845997929573059}]",lowercase
C:/Code/airwrite-vocab-assistant/data/airwrite_identity_eval/../raw_airwrite/lowercase/u/airwrite_lowercase_u_20260805_214953_025579_5494da.png,u,u,0.9946315288543701,"[{""label"": ""u"", ""probability"": 0.9946315288543701}, {""label"": ""w"", ""probability"": 0.0027913651429116726}, {""label"": ""v"", ""probability"": 0.0012347905430942774}]",lowercase
C:/Code/airwrite-vocab-assistant/data/airwrite_identity_eval/../raw_airwrite/lowercase/u/airwrite_lowercase_u_20260805_214956_632099_693b3d.png,u,w,0.5095664858818054,"[{""label"": ""w"", ""probability"": 0.5095664858818054}, {""label"": ""y"", ""probability"": 0.39465075731277466}, {""label"": ""u"", ""probability"": 0.043348751962184906}]",lowercase
C:/Code/airwrite-vocab-assistant/data/airwrite_identity_eval/../raw_airwrite/lowercase/u/airwrite_lowercase_u_20260805_215000_792151_3d6909.png,u,u,0.6253692507743835,"[{""label"": ""u"", ""probability"": 0.6253692507743835}, {""label"": ""w"", ""probability"": 0.1861574649810791}, {""label"": ""v"", ""probability"": 0.05309521034359932}]",lowercase
C:/Code/airwrite-vocab-assistant/data/airwrite_identity_eval/../raw_airwrite/lowercase/u/airwrite_lowercase_u_20260805_215003_481795_01e1fe.png,u,u,0.7328925728797913,"[{""label"": ""u"", ""probability"": 0.7328925728797913}, {""label"": ""w"", ""probability"": 0.1216794028878212}, {""label"": ""m"", ""probability"": 0.06734227389097214}]",lowercase
C:/Code/airwrite-vocab-assistant/data/airwrite_identity_eval/../raw_airwrite/lowercase/v/airwrite_lowercase_v_20260805_215012_461936_b00444 (1).png,v,u,0.4515721797943115,"[{""label"": ""u"", ""probability"": 0.4515721797943115}, {""label"": ""v"", ""probability"": 0.24901852011680603}, {""label"": ""y"", ""probability"": 0.15275885164737701}]",lowercase
C:/Code/airwrite-vocab-assistant/data/airwrite_identity_eval/../raw_airwrite/lowercase/v/airwrite_lowercase_v_20260805_215012_461936_b00444 (16).png,v,v,0.5150545239448547,"[{""label"": ""v"", ""probability"": 0.5150545239448547}, {""label"": ""u"", ""probability"": 0.24754394590854645}, {""label"": ""w"", ""probability"": 0.13027364015579224}]",lowercase
C:/Code/airwrite-vocab-assistant/data/airwrite_identity_eval/../raw_airwrite/lowercase/v/airwrite_lowercase_v_20260805_215012_461936_b00444 (17).png,v,v,0.27112191915512085,"[{""label"": ""v"", ""probability"": 0.27112191915512085}, {""label"": ""u"", ""probability"": 0.2284824252128601}, {""label"": ""w"", ""probability"": 0.2005997896194458}]",lowercase
C:/Code/airwrite-vocab-assistant/data/airwrite_identity_eval/../raw_airwrite/lowercase/v/airwrite_lowercase_v_20260805_215012_461936_b00444 (18).png,v,v,0.44420892000198364,"[{""label"": ""v"", ""probability"": 0.44420892000198364}, {""label"": ""u"", ""probability"": 0.1770700216293335}, {""label"": ""j"", ""probability"": 0.1350678950548172}]",lowercase
C:/Code/airwrite-vocab-assistant/data/airwrite_identity_eval/../raw_airwrite/lowercase/v/airwrite_lowercase_v_20260805_215012_461936_b00444 (19).png,v,v,0.4312097430229187,"[{""label"": ""v"", ""probability"": 0.4312097430229187}, {""label"": ""u"", ""probability"": 0.3087390959262848}, {""label"": ""w"", ""probability"": 0.18695345520973206}]",lowercase
C:/Code/airwrite-vocab-assistant/data/airwrite_identity_eval/../raw_airwrite/lowercase/v/airwrite_lowercase_v_20260805_215012_461936_b00444 (20).png,v,v,0.6817030906677246,"[{""label"": ""v"", ""probability"": 0.6817030906677246}, {""label"": ""u"", ""probability"": 0.20125991106033325}, {""label"": ""w"", ""probability"": 0.0625116154551506}]",lowercase
C:/Code/airwrite-vocab-assistant/data/airwrite_identity_eval/../raw_airwrite/lowercase/v/airwrite_lowercase_v_20260805_215012_461936_b00444 (21).png,v,v,0.5729390978813171,"[{""label"": ""v"", ""probability"": 0.5729390978813171}, {""label"": ""w"", ""probability"": 0.21959058940410614}, {""label"": ""u"", ""probability"": 0.13361771404743195}]",lowercase
C:/Code/airwrite-vocab-assistant/data/airwrite_identity_eval/../raw_airwrite/lowercase/v/airwrite_lowercase_v_20260805_215012_461936_b00444 (22).png,v,v,0.39569374918937683,"[{""label"": ""v"", ""probability"": 0.39569374918937683}, {""label"": ""u"", ""probability"": 0.3403719961643219}, {""label"": ""y"", ""probability"": 0.18947920203208923}]",lowercase
C:/Code/airwrite-vocab-assistant/data/airwrite_identity_eval/../raw_airwrite/lowercase/v/airwrite_lowercase_v_20260805_215012_461936_b00444 (23).png,v,j,0.5989898443222046,"[{""label"": ""j"", ""probability"": 0.5989898443222046}, {""label"": ""v"", ""probability"": 0.22749146819114685}, {""label"": ""s"", ""probability"": 0.07024233788251877}]",lowercase
C:/Code/airwrite-vocab-assistant/data/airwrite_identity_eval/../raw_airwrite/lowercase/v/airwrite_lowercase_v_20260805_215012_461936_b00444 (24).png,v,v,0.5067420601844788,"[{""label"": ""v"", ""probability"": 0.5067420601844788}, {""label"": ""u"", ""probability"": 0.38876810669898987}, {""label"": ""w"", ""probability"": 0.0540430061519146}]",lowercase
C:/Code/airwrite-vocab-assistant/data/airwrite_identity_eval/../raw_airwrite/lowercase/v/airwrite_lowercase_v_20260805_215012_461936_b00444 (25).png,v,u,0.711010754108429,"[{""label"": ""u"", ""probability"": 0.711010754108429}, {""label"": ""v"", ""probability"": 0.23676741123199463}, {""label"": ""y"", ""probability"": 0.028853466734290123}]",lowercase
C:/Code/airwrite-vocab-assistant/data/airwrite_identity_eval/../raw_airwrite/lowercase/v/airwrite_lowercase_v_20260805_215012_461936_b00444 (26).png,v,v,0.47073137760162354,"[{""label"": ""v"", ""probability"": 0.47073137760162354}, {""label"": ""w"", ""probability"": 0.20795831084251404}, {""label"": ""j"", ""probability"": 0.15460020303726196}]",lowercase
C:/Code/airwrite-vocab-assistant/data/airwrite_identity_eval/../raw_airwrite/lowercase/v/airwrite_lowercase_v_20260805_215012_461936_b00444 (27).png,v,v,0.5606705546379089,"[{""label"": ""v"", ""probability"": 0.5606705546379089}, {""label"": ""u"", ""probability"": 0.28596776723861694}, {""label"": ""w"", ""probability"": 0.04180663451552391}]",lowercase
C:/Code/airwrite-vocab-assistant/data/airwrite_identity_eval/../raw_airwrite/lowercase/v/airwrite_lowercase_v_20260805_215012_461936_b00444 (28).png,v,v,0.5559711456298828,"[{""label"": ""v"", ""probability"": 0.5559711456298828}, {""label"": ""u"", ""probability"": 0.4088154137134552}, {""label"": ""w"", ""probability"": 0.01538583543151617}]",lowercase
C:/Code/airwrite-vocab-assistant/data/airwrite_identity_eval/../raw_airwrite/lowercase/v/airwrite_lowercase_v_20260805_215012_461936_b00444 (29).png,v,u,0.5208603739738464,"[{""label"": ""u"", ""probability"": 0.5208603739738464}, {""label"": ""v"", ""probability"": 0.4585621654987335}, {""label"": ""y"", ""probability"": 0.00936723593622446}]",lowercase
C:/Code/airwrite-vocab-assistant/data/airwrite_identity_eval/../raw_airwrite/lowercase/w/airwrite_lowercase_w_20260805_215215_646817_1856f7.png,w,w,0.9998670816421509,"[{""label"": ""w"", ""probability"": 0.9998670816421509}, {""label"": ""n"", ""probability"": 4.868911855737679e-05}, {""label"": ""u"", ""probability"": 2.5330187781946734e-05}]",lowercase
C:/Code/airwrite-vocab-assistant/data/airwrite_identity_eval/../raw_airwrite/lowercase/w/airwrite_lowercase_w_20260805_215217_830448_fda808.png,w,w,0.9999927282333374,"[{""label"": ""w"", ""probability"": 0.9999927282333374}, {""label"": ""n"", ""probability"": 3.3920218811545055e-06}, {""label"": ""m"", ""probability"": 2.0841016521444544e-06}]",lowercase
C:/Code/airwrite-vocab-assistant/data/airwrite_identity_eval/../raw_airwrite/lowercase/w/airwrite_lowercase_w_20260805_215220_032550_b24c01.png,w,w,0.9993634819984436,"[{""label"": ""w"", ""probability"": 0.9993634819984436}, {""label"": ""u"", ""probability"": 0.00024952093372121453}, {""label"": ""v"", ""probability"": 0.0002127283369190991}]",lowercase
C:/Code/airwrite-vocab-assistant/data/airwrite_identity_eval/../raw_airwrite/lowercase/w/airwrite_lowercase_w_20260805_215225_814509_41583f.png,w,w,0.9999834299087524,"[{""label"": ""w"", ""probability"": 0.9999834299087524}, {""label"": ""n"", ""probability"": 7.5024358920927625e-06}, {""label"": ""u"", ""probability"": 5.828311259392649e-06}]",lowercase
C:/Code/airwrite-vocab-assistant/data/airwrite_identity_eval/../raw_airwrite/lowercase/w/airwrite_lowercase_w_20260805_215228_244886_ecd17d.png,w,w,0.9771462678909302,"[{""label"": ""w"", ""probability"": 0.9771462678909302}, {""label"": ""y"", ""probability"": 0.008967130444943905}, {""label"": ""v"", ""probability"": 0.00793407578021288}]",lowercase
C:/Code/airwrite-vocab-assistant/data/airwrite_identity_eval/../raw_airwrite/lowercase/w/airwrite_lowercase_w_20260805_215236_064029_a60d8b.png,w,w,0.9995391368865967,"[{""label"": ""w"", ""probability"": 0.9995391368865967}, {""label"": ""u"", ""probability"": 0.00027785630663856864}, {""label"": ""h"", ""probability"": 8.279676694655791e-05}]",lowercase
C:/Code/airwrite-vocab-assistant/data/airwrite_identity_eval/../raw_airwrite/lowercase/w/airwrite_lowercase_w_20260805_215238_170511_c447ec.png,w,w,0.6364912390708923,"[{""label"": ""w"", ""probability"": 0.6364912390708923}, {""label"": ""v"", ""probability"": 0.1874859482049942}, {""label"": ""u"", ""probability"": 0.08524905145168304}]",lowercase
C:/Code/airwrite-vocab-assistant/data/airwrite_identity_eval/../raw_airwrite/lowercase/w/airwrite_lowercase_w_20260805_215240_235549_29e90e.png,w,w,0.9958444237709045,"[{""label"": ""w"", ""probability"": 0.9958444237709045}, {""label"": ""u"", ""probability"": 0.002092510461807251}, {""label"": ""v"", ""probability"": 0.0005128433695062995}]",lowercase
C:/Code/airwrite-vocab-assistant/data/airwrite_identity_eval/../raw_airwrite/lowercase/w/airwrite_lowercase_w_20260805_215248_130425_f915cf.png,w,w,0.979520857334137,"[{""label"": ""w"", ""probability"": 0.979520857334137}, {""label"": ""u"", ""probability"": 0.011785724200308323}, {""label"": ""v"", ""probability"": 0.004395526833832264}]",lowercase
C:/Code/airwrite-vocab-assistant/data/airwrite_identity_eval/../raw_airwrite/lowercase/w/airwrite_lowercase_w_20260805_215251_262562_960de6.png,w,w,0.9171169400215149,"[{""label"": ""w"", ""probability"": 0.9171169400215149}, {""label"": ""u"", ""probability"": 0.02840055339038372}, {""label"": ""n"", ""probability"": 0.015996500849723816}]",lowercase
C:/Code/airwrite-vocab-assistant/data/airwrite_identity_eval/../raw_airwrite/lowercase/x/airwrite_lowercase_x_20260805_215304_395010_220319.png,x,x,0.991252601146698,"[{""label"": ""x"", ""probability"": 0.991252601146698}, {""label"": ""k"", ""probability"": 0.007820870727300644}, {""label"": ""y"", ""probability"": 0.00031614169711247087}]",lowercase
C:/Code/airwrite-vocab-assistant/data/airwrite_identity_eval/../raw_airwrite/lowercase/x/airwrite_lowercase_x_20260805_215308_825243_80b086.png,x,x,0.5388244390487671,"[{""label"": ""x"", ""probability"": 0.5388244390487671}, {""label"": ""f"", ""probability"": 0.2865070104598999}, {""label"": ""t"", ""probability"": 0.051480721682310104}]",lowercase
C:/Code/airwrite-vocab-assistant/data/airwrite_identity_eval/../raw_airwrite/lowercase/x/airwrite_lowercase_x_20260805_215313_581171_15f0b9.png,x,f,0.9698029160499573,"[{""label"": ""f"", ""probability"": 0.9698029160499573}, {""label"": ""t"", ""probability"": 0.02261343039572239}, {""label"": ""e"", ""probability"": 0.0038180227857083082}]",lowercase
C:/Code/airwrite-vocab-assistant/data/airwrite_identity_eval/../raw_airwrite/lowercase/x/airwrite_lowercase_x_20260805_215322_431461_30d370.png,x,x,0.6515823602676392,"[{""label"": ""x"", ""probability"": 0.6515823602676392}, {""label"": ""i"", ""probability"": 0.16383711993694305}, {""label"": ""j"", ""probability"": 0.041253164410591125}]",lowercase
C:/Code/airwrite-vocab-assistant/data/airwrite_identity_eval/../raw_airwrite/lowercase/x/airwrite_lowercase_x_20260805_215326_428685_9bbcdc.png,x,i,0.419707328081131,"[{""label"": ""i"", ""probability"": 0.419707328081131}, {""label"": ""f"", ""probability"": 0.4005495011806488}, {""label"": ""e"", ""probability"": 0.07668685913085938}]",lowercase
C:/Code/airwrite-vocab-assistant/data/airwrite_identity_eval/../raw_airwrite/lowercase/x/airwrite_lowercase_x_20260805_215330_388444_9e2b83.png,x,f,0.8566544651985168,"[{""label"": ""f"", ""probability"": 0.8566544651985168}, {""label"": ""t"", ""probability"": 0.04310115426778793}, {""label"": ""e"", ""probability"": 0.039967119693756104}]",lowercase
C:/Code/airwrite-vocab-assistant/data/airwrite_identity_eval/../raw_airwrite/lowercase/x/airwrite_lowercase_x_20260805_215334_079326_2af510.png,x,f,0.7681670188903809,"[{""label"": ""f"", ""probability"": 0.7681670188903809}, {""label"": ""e"", ""probability"": 0.08281294256448746}, {""label"": ""t"", ""probability"": 0.034787289798259735}]",lowercase
C:/Code/airwrite-vocab-assistant/data/airwrite_identity_eval/../raw_airwrite/lowercase/x/airwrite_lowercase_x_20260805_215342_147988_5c71b8.png,x,z,0.4241909682750702,"[{""label"": ""z"", ""probability"": 0.4241909682750702}, {""label"": ""f"", ""probability"": 0.40190473198890686}, {""label"": ""i"", ""probability"": 0.051645051687955856}]",lowercase
C:/Code/airwrite-vocab-assistant/data/airwrite_identity_eval/../raw_airwrite/lowercase/x/airwrite_lowercase_x_20260805_215346_051275_d935e7.png,x,z,0.4211623966693878,"[{""label"": ""z"", ""probability"": 0.4211623966693878}, {""label"": ""f"", ""probability"": 0.20408782362937927}, {""label"": ""x"", ""probability"": 0.08184918761253357}]",lowercase
C:/Code/airwrite-vocab-assistant/data/airwrite_identity_eval/../raw_airwrite/lowercase/x/airwrite_lowercase_x_20260805_215352_273096_519443.png,x,i,0.41888538002967834,"[{""label"": ""i"", ""probability"": 0.41888538002967834}, {""label"": ""z"", ""probability"": 0.14589211344718933}, {""label"": ""e"", ""probability"": 0.11457227915525436}]",lowercase
C:/Code/airwrite-vocab-assistant/data/airwrite_identity_eval/../raw_airwrite/lowercase/x/airwrite_lowercase_x_20260805_215400_006818_a1abf8.png,x,i,0.8535916805267334,"[{""label"": ""i"", ""probability"": 0.8535916805267334}, {""label"": ""j"", ""probability"": 0.10602318495512009}, {""label"": ""f"", ""probability"": 0.014241364784538746}]",lowercase
C:/Code/airwrite-vocab-assistant/data/airwrite_identity_eval/../raw_airwrite/lowercase/y/airwrite_lowercase_y_20260805_215411_245532_c8a591.png,y,y,0.8510718941688538,"[{""label"": ""y"", ""probability"": 0.8510718941688538}, {""label"": ""t"", ""probability"": 0.12190694361925125}, {""label"": ""j"", ""probability"": 0.020113686099648476}]",lowercase
C:/Code/airwrite-vocab-assistant/data/airwrite_identity_eval/../raw_airwrite/lowercase/y/airwrite_lowercase_y_20260805_215415_467186_bc9b0b.png,y,y,0.9848371148109436,"[{""label"": ""y"", ""probability"": 0.9848371148109436}, {""label"": ""t"", ""probability"": 0.005028348416090012}, {""label"": ""u"", ""probability"": 0.004937201272696257}]",lowercase
C:/Code/airwrite-vocab-assistant/data/airwrite_identity_eval/../raw_airwrite/lowercase/y/airwrite_lowercase_y_20260805_215425_421950_159ee6.png,y,y,0.937730073928833,"[{""label"": ""y"", ""probability"": 0.937730073928833}, {""label"": ""t"", ""probability"": 0.028518954291939735}, {""label"": ""j"", ""probability"": 0.017865009605884552}]",lowercase
C:/Code/airwrite-vocab-assistant/data/airwrite_identity_eval/../raw_airwrite/lowercase/y/airwrite_lowercase_y_20260805_215428_915743_738363.png,y,y,0.8848215937614441,"[{""label"": ""y"", ""probability"": 0.8848215937614441}, {""label"": ""f"", ""probability"": 0.015511523932218552}, {""label"": ""v"", ""probability"": 0.015492793172597885}]",lowercase
C:/Code/airwrite-vocab-assistant/data/airwrite_identity_eval/../raw_airwrite/lowercase/y/airwrite_lowercase_y_20260805_215434_262784_4d0a81.png,y,y,0.864081859588623,"[{""label"": ""y"", ""probability"": 0.864081859588623}, {""label"": ""j"", ""probability"": 0.05932150036096573}, {""label"": ""g"", ""probability"": 0.02127096988260746}]",lowercase
C:/Code/airwrite-vocab-assistant/data/airwrite_identity_eval/../raw_airwrite/lowercase/y/airwrite_lowercase_y_20260805_215440_765794_b08c71.png,y,y,0.9637566208839417,"[{""label"": ""y"", ""probability"": 0.9637566208839417}, {""label"": ""j"", ""probability"": 0.014966645278036594}, {""label"": ""t"", ""probability"": 0.00896114856004715}]",lowercase
C:/Code/airwrite-vocab-assistant/data/airwrite_identity_eval/../raw_airwrite/lowercase/y/airwrite_lowercase_y_20260805_215443_560722_50ba32.png,y,y,0.9353892207145691,"[{""label"": ""y"", ""probability"": 0.9353892207145691}, {""label"": ""j"", ""probability"": 0.03406008705496788}, {""label"": ""g"", ""probability"": 0.010396766476333141}]",lowercase
C:/Code/airwrite-vocab-assistant/data/airwrite_identity_eval/../raw_airwrite/lowercase/y/airwrite_lowercase_y_20260805_215450_437404_47de47.png,y,y,0.9673131108283997,"[{""label"": ""y"", ""probability"": 0.9673131108283997}, {""label"": ""j"", ""probability"": 0.0163264200091362}, {""label"": ""t"", ""probability"": 0.007283270359039307}]",lowercase
C:/Code/airwrite-vocab-assistant/data/airwrite_identity_eval/../raw_airwrite/lowercase/y/airwrite_lowercase_y_20260805_215501_524061_069a89.png,y,i,0.48513102531433105,"[{""label"": ""i"", ""probability"": 0.48513102531433105}, {""label"": ""j"", ""probability"": 0.29367154836654663}, {""label"": ""t"", ""probability"": 0.08762971311807632}]",lowercase
C:/Code/airwrite-vocab-assistant/data/airwrite_identity_eval/../raw_airwrite/lowercase/y/airwrite_lowercase_y_20260805_215508_694487_d24960.png,y,j,0.5317521691322327,"[{""label"": ""j"", ""probability"": 0.5317521691322327}, {""label"": ""y"", ""probability"": 0.20050489902496338}, {""label"": ""i"", ""probability"": 0.1098281592130661}]",lowercase
C:/Code/airwrite-vocab-assistant/data/airwrite_identity_eval/../raw_airwrite/lowercase/z/airwrite_lowercase_z_20260805_215519_448897_d6c507.png,z,z,0.8286336660385132,"[{""label"": ""z"", ""probability"": 0.8286336660385132}, {""label"": ""l"", ""probability"": 0.08041605353355408}, {""label"": ""i"", ""probability"": 0.027695827186107635}]",lowercase
C:/Code/airwrite-vocab-assistant/data/airwrite_identity_eval/../raw_airwrite/lowercase/z/airwrite_lowercase_z_20260805_215523_959771_f537fe.png,z,z,0.6690682172775269,"[{""label"": ""z"", ""probability"": 0.6690682172775269}, {""label"": ""i"", ""probability"": 0.28382813930511475}, {""label"": ""c"", ""probability"": 0.012553046457469463}]",lowercase
C:/Code/airwrite-vocab-assistant/data/airwrite_identity_eval/../raw_airwrite/lowercase/z/airwrite_lowercase_z_20260805_215525_961589_b594fc.png,z,z,0.9995958209037781,"[{""label"": ""z"", ""probability"": 0.9995958209037781}, {""label"": ""a"", ""probability"": 0.00012714634067378938}, {""label"": ""g"", ""probability"": 4.699263081420213e-05}]",lowercase
C:/Code/airwrite-vocab-assistant/data/airwrite_identity_eval/../raw_airwrite/lowercase/z/airwrite_lowercase_z_20260805_215532_607914_de9dd5.png,z,z,0.7630622982978821,"[{""label"": ""z"", ""probability"": 0.7630622982978821}, {""label"": ""i"", ""probability"": 0.22725507616996765}, {""label"": ""j"", ""probability"": 0.003230823902413249}]",lowercase
C:/Code/airwrite-vocab-assistant/data/airwrite_identity_eval/../raw_airwrite/lowercase/z/airwrite_lowercase_z_20260805_215534_906415_4eea4d.png,z,z,0.9954909682273865,"[{""label"": ""z"", ""probability"": 0.9954909682273865}, {""label"": ""t"", ""probability"": 0.002776378532871604}, {""label"": ""c"", ""probability"": 0.0011690232204273343}]",lowercase
C:/Code/airwrite-vocab-assistant/data/airwrite_identity_eval/../raw_airwrite/lowercase/z/airwrite_lowercase_z_20260805_215537_788944_2e6e03.png,z,z,0.9967378973960876,"[{""label"": ""z"", ""probability"": 0.9967378973960876}, {""label"": ""c"", ""probability"": 0.0013813498662784696}, {""label"": ""a"", ""probability"": 0.0007696740212850273}]",lowercase
C:/Code/airwrite-vocab-assistant/data/airwrite_identity_eval/../raw_airwrite/lowercase/z/airwrite_lowercase_z_20260805_215544_645249_5bcada.png,z,c,0.40698346495628357,"[{""label"": ""c"", ""probability"": 0.40698346495628357}, {""label"": ""n"", ""probability"": 0.18382343649864197}, {""label"": ""v"", ""probability"": 0.1231502816081047}]",lowercase
C:/Code/airwrite-vocab-assistant/data/airwrite_identity_eval/../raw_airwrite/lowercase/z/airwrite_lowercase_z_20260805_215547_468215_4bc044.png,z,z,0.6330047249794006,"[{""label"": ""z"", ""probability"": 0.6330047249794006}, {""label"": ""c"", ""probability"": 0.09003183245658875}, {""label"": ""i"", ""probability"": 0.08810614794492722}]",lowercase
C:/Code/airwrite-vocab-assistant/data/airwrite_identity_eval/../raw_airwrite/lowercase/z/airwrite_lowercase_z_20260805_215550_083998_0805ab.png,z,z,0.987079381942749,"[{""label"": ""z"", ""probability"": 0.987079381942749}, {""label"": ""t"", ""probability"": 0.008309964090585709}, {""label"": ""c"", ""probability"": 0.002288290997967124}]",lowercase
C:/Code/airwrite-vocab-assistant/data/airwrite_identity_eval/../raw_airwrite/lowercase/z/airwrite_lowercase_z_20260805_215552_550576_b8201a.png,z,z,0.9995951056480408,"[{""label"": ""z"", ""probability"": 0.9995951056480408}, {""label"": ""b"", ""probability"": 0.00022527959663420916}, {""label"": ""i"", ""probability"": 7.546547567471862e-05}]",lowercase
