image_path,true_label,predicted_label,confidence,top_3,source,session_id
dataset_sample:44,a,u,0.9706766605377197,"[{""label"": ""u"", ""probability"": 0.9706766605377197}, {""label"": ""a"", ""probability"": 0.02505590207874775}, {""label"": ""q"", ""probability"": 0.001192634692415595}]",dataset,
dataset_sample:63,a,d,0.6735813021659851,"[{""label"": ""d"", ""probability"": 0.6735813021659851}, {""label"": ""a"", ""probability"": 0.3174920976161957}, {""label"": ""q"", ""probability"": 0.004453269764780998}]",dataset,
dataset_sample:90,a,q,0.7337068319320679,"[{""label"": ""q"", ""probability"": 0.7337068319320679}, {""label"": ""a"", ""probability"": 0.24051609635353088}, {""label"": ""d"", ""probability"": 0.02202407456934452}]",dataset,
dataset_sample:119,a,d,0.8819754719734192,"[{""label"": ""d"", ""probability"": 0.8819754719734192}, {""label"": ""a"", ""probability"": 0.040002595633268356}, {""label"": ""i"", ""probability"": 0.036092277616262436}]",dataset,
dataset_sample:125,a,c,0.3638535141944885,"[{""label"": ""c"", ""probability"": 0.3638535141944885}, {""label"": ""a"", ""probability"": 0.3326808512210846}, {""label"": ""e"", ""probability"": 0.0986793264746666}]",dataset,
dataset_sample:203,a,n,0.8336804509162903,"[{""label"": ""n"", ""probability"": 0.8336804509162903}, {""label"": ""a"", ""probability"": 0.057350825518369675}, {""label"": ""z"", ""probability"": 0.026185503229498863}]",dataset,
dataset_sample:207,a,c,0.982218325138092,"[{""label"": ""c"", ""probability"": 0.982218325138092}, {""label"": ""a"", ""probability"": 0.011984488926827908}, {""label"": ""g"", ""probability"": 0.0036430859472602606}]",dataset,
dataset_sample:209,a,g,0.8411776423454285,"[{""label"": ""g"", ""probability"": 0.8411776423454285}, {""label"": ""a"", ""probability"": 0.11748646944761276}, {""label"": ""c"", ""probability"": 0.029922757297754288}]",dataset,
dataset_sample:219,a,g,0.4983770549297333,"[{""label"": ""g"", ""probability"": 0.4983770549297333}, {""label"": ""a"", ""probability"": 0.3344302475452423}, {""label"": ""q"", ""probability"": 0.16597872972488403}]",dataset,
dataset_sample:225,a,g,0.5160761475563049,"[{""label"": ""g"", ""probability"": 0.5160761475563049}, {""label"": ""q"", ""probability"": 0.26727208495140076}, {""label"": ""a"", ""probability"": 0.21605713665485382}]",dataset,
dataset_sample:255,a,g,0.7720015048980713,"[{""label"": ""g"", ""probability"": 0.7720015048980713}, {""label"": ""a"", ""probability"": 0.16988301277160645}, {""label"": ""y"", ""probability"": 0.04571687430143356}]",dataset,
dataset_sample:289,a,g,0.759802520275116,"[{""label"": ""g"", ""probability"": 0.759802520275116}, {""label"": ""a"", ""probability"": 0.22664429247379303}, {""label"": ""c"", ""probability"": 0.010070585645735264}]",dataset,
dataset_sample:299,a,h,0.9305732846260071,"[{""label"": ""h"", ""probability"": 0.9305732846260071}, {""label"": ""a"", ""probability"": 0.05252775922417641}, {""label"": ""l"", ""probability"": 0.014848113991320133}]",dataset,
dataset_sample:350,a,h,0.4529251158237457,"[{""label"": ""h"", ""probability"": 0.4529251158237457}, {""label"": ""t"", ""probability"": 0.33830541372299194}, {""label"": ""a"", ""probability"": 0.09821377694606781}]",dataset,
dataset_sample:354,a,q,0.5836018919944763,"[{""label"": ""q"", ""probability"": 0.5836018919944763}, {""label"": ""a"", ""probability"": 0.27547112107276917}, {""label"": ""g"", ""probability"": 0.14046260714530945}]",dataset,
dataset_sample:360,a,m,0.647301971912384,"[{""label"": ""m"", ""probability"": 0.647301971912384}, {""label"": ""n"", ""probability"": 0.11776278167963028}, {""label"": ""a"", ""probability"": 0.0912712961435318}]",dataset,
dataset_sample:396,a,d,0.9981732368469238,"[{""label"": ""d"", ""probability"": 0.9981732368469238}, {""label"": ""l"", ""probability"": 0.001486236578784883}, {""label"": ""x"", ""probability"": 0.00011949770123464987}]",dataset,
dataset_sample:413,a,u,0.37063777446746826,"[{""label"": ""u"", ""probability"": 0.37063777446746826}, {""label"": ""a"", ""probability"": 0.36114776134490967}, {""label"": ""w"", ""probability"": 0.24343755841255188}]",dataset,
dataset_sample:512,a,g,0.43658214807510376,"[{""label"": ""g"", ""probability"": 0.43658214807510376}, {""label"": ""a"", ""probability"": 0.3808943033218384}, {""label"": ""q"", ""probability"": 0.16252785921096802}]",dataset,
dataset_sample:517,a,g,0.6069228649139404,"[{""label"": ""g"", ""probability"": 0.6069228649139404}, {""label"": ""b"", ""probability"": 0.25064921379089355}, {""label"": ""q"", ""probability"": 0.07288096100091934}]",dataset,
dataset_sample:550,a,q,0.6738484501838684,"[{""label"": ""q"", ""probability"": 0.6738484501838684}, {""label"": ""a"", ""probability"": 0.23419952392578125}, {""label"": ""e"", ""probability"": 0.07489065825939178}]",dataset,
dataset_sample:648,a,q,0.34181421995162964,"[{""label"": ""q"", ""probability"": 0.34181421995162964}, {""label"": ""u"", ""probability"": 0.25687769055366516}, {""label"": ""a"", ""probability"": 0.1456541121006012}]",dataset,
dataset_sample:651,a,d,0.9891486763954163,"[{""label"": ""d"", ""probability"": 0.9891486763954163}, {""label"": ""j"", ""probability"": 0.00585962925106287}, {""label"": ""l"", ""probability"": 0.002906900830566883}]",dataset,
dataset_sample:663,a,f,0.5952281951904297,"[{""label"": ""f"", ""probability"": 0.5952281951904297}, {""label"": ""a"", ""probability"": 0.35885879397392273}, {""label"": ""p"", ""probability"": 0.026762105524539948}]",dataset,
dataset_sample:674,a,h,0.7396854162216187,"[{""label"": ""h"", ""probability"": 0.7396854162216187}, {""label"": ""a"", ""probability"": 0.13822317123413086}, {""label"": ""x"", ""probability"": 0.03476061299443245}]",dataset,
dataset_sample:702,a,r,0.5550227165222168,"[{""label"": ""r"", ""probability"": 0.5550227165222168}, {""label"": ""h"", ""probability"": 0.20409931242465973}, {""label"": ""a"", ""probability"": 0.08875541388988495}]",dataset,
dataset_sample:716,a,z,0.6076387166976929,"[{""label"": ""z"", ""probability"": 0.6076387166976929}, {""label"": ""a"", ""probability"": 0.38587862253189087}, {""label"": ""g"", ""probability"": 0.0033408065792173147}]",dataset,
dataset_sample:773,a,g,0.512617290019989,"[{""label"": ""g"", ""probability"": 0.512617290019989}, {""label"": ""a"", ""probability"": 0.4028814435005188}, {""label"": ""c"", ""probability"": 0.04697541892528534}]",dataset,
dataset_sample:829,b,h,0.9549165964126587,"[{""label"": ""h"", ""probability"": 0.9549165964126587}, {""label"": ""b"", ""probability"": 0.04431040585041046}, {""label"": ""l"", ""probability"": 0.0003947836230508983}]",dataset,
dataset_sample:830,b,d,0.841074526309967,"[{""label"": ""d"", ""probability"": 0.841074526309967}, {""label"": ""b"", ""probability"": 0.11127883940935135}, {""label"": ""o"", ""probability"": 0.03960166499018669}]",dataset,
dataset_sample:852,b,l,0.7840096950531006,"[{""label"": ""l"", ""probability"": 0.7840096950531006}, {""label"": ""h"", ""probability"": 0.15232720971107483}, {""label"": ""f"", ""probability"": 0.01489125657826662}]",dataset,
dataset_sample:858,b,w,0.777462899684906,"[{""label"": ""w"", ""probability"": 0.777462899684906}, {""label"": ""b"", ""probability"": 0.16117563843727112}, {""label"": ""k"", ""probability"": 0.033646561205387115}]",dataset,
dataset_sample:881,b,h,0.6438266038894653,"[{""label"": ""h"", ""probability"": 0.6438266038894653}, {""label"": ""l"", ""probability"": 0.32292643189430237}, {""label"": ""i"", ""probability"": 0.006744378712028265}]",dataset,
dataset_sample:906,b,l,0.25618046522140503,"[{""label"": ""l"", ""probability"": 0.25618046522140503}, {""label"": ""h"", ""probability"": 0.2374795377254486}, {""label"": ""f"", ""probability"": 0.15648509562015533}]",dataset,
dataset_sample:909,b,w,0.39488932490348816,"[{""label"": ""w"", ""probability"": 0.39488932490348816}, {""label"": ""b"", ""probability"": 0.2551543712615967}, {""label"": ""p"", ""probability"": 0.24593234062194824}]",dataset,
dataset_sample:911,b,l,0.5406799912452698,"[{""label"": ""l"", ""probability"": 0.5406799912452698}, {""label"": ""b"", ""probability"": 0.17778266966342926}, {""label"": ""h"", ""probability"": 0.16800858080387115}]",dataset,
dataset_sample:1000,b,g,0.49460187554359436,"[{""label"": ""g"", ""probability"": 0.49460187554359436}, {""label"": ""b"", ""probability"": 0.14602242410182953}, {""label"": ""u"", ""probability"": 0.13040776550769806}]",dataset,
dataset_sample:1064,b,n,0.9855404496192932,"[{""label"": ""n"", ""probability"": 0.9855404496192932}, {""label"": ""w"", ""probability"": 0.01303594559431076}, {""label"": ""m"", ""probability"": 0.0005531691713258624}]",dataset,
dataset_sample:1070,b,r,0.9986758828163147,"[{""label"": ""r"", ""probability"": 0.9986758828163147}, {""label"": ""i"", ""probability"": 0.0007729760254733264}, {""label"": ""c"", ""probability"": 0.0002716383314691484}]",dataset,
dataset_sample:1082,b,h,0.788080096244812,"[{""label"": ""h"", ""probability"": 0.788080096244812}, {""label"": ""b"", ""probability"": 0.1942652314901352}, {""label"": ""l"", ""probability"": 0.004615491256117821}]",dataset,
dataset_sample:1100,b,g,0.631559431552887,"[{""label"": ""g"", ""probability"": 0.631559431552887}, {""label"": ""b"", ""probability"": 0.14806681871414185}, {""label"": ""s"", ""probability"": 0.10568244010210037}]",dataset,
dataset_sample:1111,b,h,0.9393813610076904,"[{""label"": ""h"", ""probability"": 0.9393813610076904}, {""label"": ""b"", ""probability"": 0.055008500814437866}, {""label"": ""l"", ""probability"": 0.003639394184574485}]",dataset,
dataset_sample:1179,b,p,0.8745449185371399,"[{""label"": ""p"", ""probability"": 0.8745449185371399}, {""label"": ""b"", ""probability"": 0.11171091347932816}, {""label"": ""r"", ""probability"": 0.01056523434817791}]",dataset,
dataset_sample:1271,b,g,0.8627027869224548,"[{""label"": ""g"", ""probability"": 0.8627027869224548}, {""label"": ""b"", ""probability"": 0.1271631270647049}, {""label"": ""q"", ""probability"": 0.008501965552568436}]",dataset,
dataset_sample:1302,b,f,0.8258135318756104,"[{""label"": ""f"", ""probability"": 0.8258135318756104}, {""label"": ""l"", ""probability"": 0.0413740910589695}, {""label"": ""b"", ""probability"": 0.03074846789240837}]",dataset,
dataset_sample:1367,b,p,0.529128909111023,"[{""label"": ""p"", ""probability"": 0.529128909111023}, {""label"": ""b"", ""probability"": 0.4158993065357208}, {""label"": ""r"", ""probability"": 0.03194320946931839}]",dataset,
dataset_sample:1409,b,z,0.9999977350234985,"[{""label"": ""z"", ""probability"": 0.9999977350234985}, {""label"": ""b"", ""probability"": 1.3731923900195397e-06}, {""label"": ""t"", ""probability"": 4.163349558439222e-07}]",dataset,
dataset_sample:1415,b,h,0.9696342945098877,"[{""label"": ""h"", ""probability"": 0.9696342945098877}, {""label"": ""b"", ""probability"": 0.022825954481959343}, {""label"": ""a"", ""probability"": 0.0032525479327887297}]",dataset,
dataset_sample:1419,b,l,0.4988834857940674,"[{""label"": ""l"", ""probability"": 0.4988834857940674}, {""label"": ""b"", ""probability"": 0.26548337936401367}, {""label"": ""f"", ""probability"": 0.08621705323457718}]",dataset,
dataset_sample:1440,b,q,0.9510617256164551,"[{""label"": ""q"", ""probability"": 0.9510617256164551}, {""label"": ""b"", ""probability"": 0.04845014214515686}, {""label"": ""g"", ""probability"": 0.0004598053346853703}]",dataset,
dataset_sample:1468,b,h,0.9173780083656311,"[{""label"": ""h"", ""probability"": 0.9173780083656311}, {""label"": ""b"", ""probability"": 0.07911676168441772}, {""label"": ""l"", ""probability"": 0.0028881158214062452}]",dataset,
dataset_sample:1570,b,z,0.6226215958595276,"[{""label"": ""z"", ""probability"": 0.6226215958595276}, {""label"": ""s"", ""probability"": 0.36151015758514404}, {""label"": ""j"", ""probability"": 0.007800993975251913}]",dataset,
dataset_sample:1581,b,w,0.781714916229248,"[{""label"": ""w"", ""probability"": 0.781714916229248}, {""label"": ""u"", ""probability"": 0.1381170004606247}, {""label"": ""b"", ""probability"": 0.07290706783533096}]",dataset,
dataset_sample:1592,b,e,0.9937224984169006,"[{""label"": ""e"", ""probability"": 0.9937224984169006}, {""label"": ""c"", ""probability"": 0.005788369569927454}, {""label"": ""r"", ""probability"": 0.00020432098244782537}]",dataset,
dataset_sample:1666,c,l,0.9630860686302185,"[{""label"": ""l"", ""probability"": 0.9630860686302185}, {""label"": ""c"", ""probability"": 0.033368632197380066}, {""label"": ""i"", ""probability"": 0.001773380790837109}]",dataset,
dataset_sample:1677,c,u,0.7325780391693115,"[{""label"": ""u"", ""probability"": 0.7325780391693115}, {""label"": ""c"", ""probability"": 0.12147170305252075}, {""label"": ""o"", ""probability"": 0.09732335805892944}]",dataset,
dataset_sample:1702,c,l,0.8842918276786804,"[{""label"": ""l"", ""probability"": 0.8842918276786804}, {""label"": ""c"", ""probability"": 0.1125686839222908}, {""label"": ""t"", ""probability"": 0.0011971491621807218}]",dataset,
dataset_sample:1752,c,e,0.8043071031570435,"[{""label"": ""e"", ""probability"": 0.8043071031570435}, {""label"": ""c"", ""probability"": 0.17060241103172302}, {""label"": ""l"", ""probability"": 0.021089976653456688}]",dataset,
dataset_sample:1862,c,r,0.5133847594261169,"[{""label"": ""r"", ""probability"": 0.5133847594261169}, {""label"": ""c"", ""probability"": 0.4062145948410034}, {""label"": ""f"", ""probability"": 0.03382060304284096}]",dataset,
dataset_sample:1938,c,r,0.3423699736595154,"[{""label"": ""r"", ""probability"": 0.3423699736595154}, {""label"": ""c"", ""probability"": 0.3331765830516815}, {""label"": ""f"", ""probability"": 0.3213803172111511}]",dataset,
dataset_sample:1949,c,l,0.651276707649231,"[{""label"": ""l"", ""probability"": 0.651276707649231}, {""label"": ""c"", ""probability"": 0.341351181268692}, {""label"": ""u"", ""probability"": 0.0023023816756904125}]",dataset,
dataset_sample:2021,c,l,0.5102685689926147,"[{""label"": ""l"", ""probability"": 0.5102685689926147}, {""label"": ""c"", ""probability"": 0.4895787537097931}, {""label"": ""i"", ""probability"": 5.35018443770241e-05}]",dataset,
dataset_sample:2089,c,g,0.9484343528747559,"[{""label"": ""g"", ""probability"": 0.9484343528747559}, {""label"": ""c"", ""probability"": 0.036219775676727295}, {""label"": ""q"", ""probability"": 0.004882073029875755}]",dataset,
dataset_sample:2171,c,l,0.75663822889328,"[{""label"": ""l"", ""probability"": 0.75663822889328}, {""label"": ""c"", ""probability"": 0.242069274187088}, {""label"": ""r"", ""probability"": 0.0006481402087956667}]",dataset,
dataset_sample:2273,c,e,0.7145046591758728,"[{""label"": ""e"", ""probability"": 0.7145046591758728}, {""label"": ""c"", ""probability"": 0.15894919633865356}, {""label"": ""t"", ""probability"": 0.07526960223913193}]",dataset,
dataset_sample:2276,c,u,0.7255955934524536,"[{""label"": ""u"", ""probability"": 0.7255955934524536}, {""label"": ""c"", ""probability"": 0.1695849895477295}, {""label"": ""v"", ""probability"": 0.0765070766210556}]",dataset,
dataset_sample:2281,c,r,0.5150187611579895,"[{""label"": ""r"", ""probability"": 0.5150187611579895}, {""label"": ""c"", ""probability"": 0.24703317880630493}, {""label"": ""n"", ""probability"": 0.12965817749500275}]",dataset,
dataset_sample:2345,c,e,0.9332058429718018,"[{""label"": ""e"", ""probability"": 0.9332058429718018}, {""label"": ""c"", ""probability"": 0.06331741809844971}, {""label"": ""f"", ""probability"": 0.0009701934759505093}]",dataset,
dataset_sample:2402,d,o,0.747488260269165,"[{""label"": ""o"", ""probability"": 0.747488260269165}, {""label"": ""b"", ""probability"": 0.1502910852432251}, {""label"": ""d"", ""probability"": 0.08546709269285202}]",dataset,
dataset_sample:2414,d,o,0.6857477426528931,"[{""label"": ""o"", ""probability"": 0.6857477426528931}, {""label"": ""d"", ""probability"": 0.31011438369750977}, {""label"": ""q"", ""probability"": 0.0019241342088207603}]",dataset,
dataset_sample:2426,d,o,0.38036543130874634,"[{""label"": ""o"", ""probability"": 0.38036543130874634}, {""label"": ""d"", ""probability"": 0.2613222002983093}, {""label"": ""p"", ""probability"": 0.25923362374305725}]",dataset,
dataset_sample:2447,d,j,0.8565307855606079,"[{""label"": ""j"", ""probability"": 0.8565307855606079}, {""label"": ""d"", ""probability"": 0.07794073224067688}, {""label"": ""i"", ""probability"": 0.030555693432688713}]",dataset,
dataset_sample:2561,d,o,0.6594512462615967,"[{""label"": ""o"", ""probability"": 0.6594512462615967}, {""label"": ""d"", ""probability"": 0.31272026896476746}, {""label"": ""b"", ""probability"": 0.02183179184794426}]",dataset,
dataset_sample:2626,d,h,0.6935054659843445,"[{""label"": ""h"", ""probability"": 0.6935054659843445}, {""label"": ""a"", ""probability"": 0.20869721472263336}, {""label"": ""d"", ""probability"": 0.03562646359205246}]",dataset,
dataset_sample:2639,d,o,0.9833594560623169,"[{""label"": ""o"", ""probability"": 0.9833594560623169}, {""label"": ""d"", ""probability"": 0.013521617278456688}, {""label"": ""q"", ""probability"": 0.0028714770451188087}]",dataset,
dataset_sample:2668,d,o,0.6458805799484253,"[{""label"": ""o"", ""probability"": 0.6458805799484253}, {""label"": ""d"", ""probability"": 0.35305270552635193}, {""label"": ""a"", ""probability"": 0.0002733543224167079}]",dataset,
dataset_sample:2702,d,b,0.4197070002555847,"[{""label"": ""b"", ""probability"": 0.4197070002555847}, {""label"": ""d"", ""probability"": 0.2629454433917999}, {""label"": ""z"", ""probability"": 0.09177412837743759}]",dataset,
dataset_sample:2706,d,o,0.49270153045654297,"[{""label"": ""o"", ""probability"": 0.49270153045654297}, {""label"": ""d"", ""probability"": 0.49232858419418335}, {""label"": ""q"", ""probability"": 0.005395110696554184}]",dataset,
dataset_sample:2741,d,o,0.9271659255027771,"[{""label"": ""o"", ""probability"": 0.9271659255027771}, {""label"": ""d"", ""probability"": 0.05829055979847908}, {""label"": ""q"", ""probability"": 0.008248278871178627}]",dataset,
dataset_sample:2771,d,p,0.7047381401062012,"[{""label"": ""p"", ""probability"": 0.7047381401062012}, {""label"": ""r"", ""probability"": 0.0957065001130104}, {""label"": ""d"", ""probability"": 0.09218647330999374}]",dataset,
dataset_sample:2795,d,o,0.7030196785926819,"[{""label"": ""o"", ""probability"": 0.7030196785926819}, {""label"": ""d"", ""probability"": 0.2852915823459625}, {""label"": ""b"", ""probability"": 0.006469007581472397}]",dataset,
dataset_sample:2846,d,q,0.9724647402763367,"[{""label"": ""q"", ""probability"": 0.9724647402763367}, {""label"": ""g"", ""probability"": 0.02417079359292984}, {""label"": ""d"", ""probability"": 0.002737593837082386}]",dataset,
dataset_sample:2864,d,j,0.8822529315948486,"[{""label"": ""j"", ""probability"": 0.8822529315948486}, {""label"": ""d"", ""probability"": 0.10199065506458282}, {""label"": ""i"", ""probability"": 0.007260007318109274}]",dataset,
dataset_sample:2878,d,a,0.7585768699645996,"[{""label"": ""a"", ""probability"": 0.7585768699645996}, {""label"": ""d"", ""probability"": 0.23740629851818085}, {""label"": ""j"", ""probability"": 0.0010805462952703238}]",dataset,
dataset_sample:2920,d,o,0.9050594568252563,"[{""label"": ""o"", ""probability"": 0.9050594568252563}, {""label"": ""d"", ""probability"": 0.0914439857006073}, {""label"": ""q"", ""probability"": 0.003341465722769499}]",dataset,
dataset_sample:2921,d,n,0.9578791260719299,"[{""label"": ""n"", ""probability"": 0.9578791260719299}, {""label"": ""w"", ""probability"": 0.040084391832351685}, {""label"": ""v"", ""probability"": 0.0010453186696395278}]",dataset,
dataset_sample:2981,d,a,0.785967230796814,"[{""label"": ""a"", ""probability"": 0.785967230796814}, {""label"": ""d"", ""probability"": 0.21298542618751526}, {""label"": ""g"", ""probability"": 0.0007795551209710538}]",dataset,
dataset_sample:3183,d,g,0.49617743492126465,"[{""label"": ""g"", ""probability"": 0.49617743492126465}, {""label"": ""b"", ""probability"": 0.17376475036144257}, {""label"": ""s"", ""probability"": 0.14784874022006989}]",dataset,
dataset_sample:3204,e,c,0.8725212812423706,"[{""label"": ""c"", ""probability"": 0.8725212812423706}, {""label"": ""e"", ""probability"": 0.12551292777061462}, {""label"": ""g"", ""probability"": 0.0005273473216220737}]",dataset,
dataset_sample:3315,e,g,0.6105542182922363,"[{""label"": ""g"", ""probability"": 0.6105542182922363}, {""label"": ""e"", ""probability"": 0.3632233440876007}, {""label"": ""a"", ""probability"": 0.0138322152197361}]",dataset,
dataset_sample:3320,e,c,0.6321403980255127,"[{""label"": ""c"", ""probability"": 0.6321403980255127}, {""label"": ""e"", ""probability"": 0.3669997453689575}, {""label"": ""r"", ""probability"": 0.000380965560907498}]",dataset,
dataset_sample:3359,e,c,0.5301816463470459,"[{""label"": ""c"", ""probability"": 0.5301816463470459}, {""label"": ""e"", ""probability"": 0.46824362874031067}, {""label"": ""r"", ""probability"": 0.0005546616739593446}]",dataset,
dataset_sample:3429,e,c,0.5654078722000122,"[{""label"": ""c"", ""probability"": 0.5654078722000122}, {""label"": ""e"", ""probability"": 0.3126782774925232}, {""label"": ""a"", ""probability"": 0.08421884477138519}]",dataset,
dataset_sample:3500,e,i,0.7906989455223083,"[{""label"": ""i"", ""probability"": 0.7906989455223083}, {""label"": ""l"", ""probability"": 0.13892190158367157}, {""label"": ""a"", ""probability"": 0.044899869710206985}]",dataset,
dataset_sample:3511,e,l,0.8558829426765442,"[{""label"": ""l"", ""probability"": 0.8558829426765442}, {""label"": ""i"", ""probability"": 0.14326481521129608}, {""label"": ""j"", ""probability"": 0.00038097379729151726}]",dataset,
dataset_sample:3578,e,c,0.6413782835006714,"[{""label"": ""c"", ""probability"": 0.6413782835006714}, {""label"": ""e"", ""probability"": 0.3388129472732544}, {""label"": ""g"", ""probability"": 0.018006695434451103}]",dataset,
dataset_sample:3584,e,o,0.5660775899887085,"[{""label"": ""o"", ""probability"": 0.5660775899887085}, {""label"": ""e"", ""probability"": 0.38057753443717957}, {""label"": ""c"", ""probability"": 0.020856818184256554}]",dataset,
dataset_sample:3587,e,c,0.7754877805709839,"[{""label"": ""c"", ""probability"": 0.7754877805709839}, {""label"": ""e"", ""probability"": 0.22135917842388153}, {""label"": ""a"", ""probability"": 0.000983058474957943}]",dataset,
dataset_sample:3656,e,l,0.7451268434524536,"[{""label"": ""l"", ""probability"": 0.7451268434524536}, {""label"": ""d"", ""probability"": 0.0856708288192749}, {""label"": ""b"", ""probability"": 0.059005070477724075}]",dataset,
dataset_sample:3677,e,c,0.6395492553710938,"[{""label"": ""c"", ""probability"": 0.6395492553710938}, {""label"": ""e"", ""probability"": 0.25099146366119385}, {""label"": ""l"", ""probability"": 0.08914585411548615}]",dataset,
dataset_sample:3711,e,t,0.8337591290473938,"[{""label"": ""t"", ""probability"": 0.8337591290473938}, {""label"": ""e"", ""probability"": 0.08089619874954224}, {""label"": ""z"", ""probability"": 0.023856213316321373}]",dataset,
dataset_sample:3731,e,c,0.9857365489006042,"[{""label"": ""c"", ""probability"": 0.9857365489006042}, {""label"": ""e"", ""probability"": 0.007090922445058823}, {""label"": ""g"", ""probability"": 0.004701709840446711}]",dataset,
dataset_sample:3733,e,c,0.9350425601005554,"[{""label"": ""c"", ""probability"": 0.9350425601005554}, {""label"": ""e"", ""probability"": 0.06429401785135269}, {""label"": ""l"", ""probability"": 0.0003696873609442264}]",dataset,
dataset_sample:3757,e,g,0.8749539852142334,"[{""label"": ""g"", ""probability"": 0.8749539852142334}, {""label"": ""c"", ""probability"": 0.10496198385953903}, {""label"": ""e"", ""probability"": 0.020023953169584274}]",dataset,
dataset_sample:3770,e,a,0.4658368229866028,"[{""label"": ""a"", ""probability"": 0.4658368229866028}, {""label"": ""e"", ""probability"": 0.35929813981056213}, {""label"": ""c"", ""probability"": 0.08748730272054672}]",dataset,
dataset_sample:3783,e,c,0.7017408013343811,"[{""label"": ""c"", ""probability"": 0.7017408013343811}, {""label"": ""e"", ""probability"": 0.2971256673336029}, {""label"": ""g"", ""probability"": 0.0008028829470276833}]",dataset,
dataset_sample:3796,e,c,0.9391486048698425,"[{""label"": ""c"", ""probability"": 0.9391486048698425}, {""label"": ""e"", ""probability"": 0.06055054813623428}, {""label"": ""g"", ""probability"": 0.00015564584464300424}]",dataset,
dataset_sample:3799,e,p,0.9851582646369934,"[{""label"": ""p"", ""probability"": 0.9851582646369934}, {""label"": ""f"", ""probability"": 0.010733669623732567}, {""label"": ""r"", ""probability"": 0.001695910468697548}]",dataset,
dataset_sample:3823,e,c,0.6674644947052002,"[{""label"": ""c"", ""probability"": 0.6674644947052002}, {""label"": ""e"", ""probability"": 0.3299243748188019}, {""label"": ""l"", ""probability"": 0.0008180936565622687}]",dataset,
dataset_sample:3824,e,c,0.733850359916687,"[{""label"": ""c"", ""probability"": 0.733850359916687}, {""label"": ""e"", ""probability"": 0.26550307869911194}, {""label"": ""r"", ""probability"": 0.00018622155766934156}]",dataset,
dataset_sample:3867,e,f,0.8898730278015137,"[{""label"": ""f"", ""probability"": 0.8898730278015137}, {""label"": ""e"", ""probability"": 0.10951602458953857}, {""label"": ""t"", ""probability"": 0.00047906601685099304}]",dataset,
dataset_sample:3869,e,c,0.8266609311103821,"[{""label"": ""c"", ""probability"": 0.8266609311103821}, {""label"": ""e"", ""probability"": 0.1719515323638916}, {""label"": ""g"", ""probability"": 0.0011780844070017338}]",dataset,
dataset_sample:3878,e,l,0.46793416142463684,"[{""label"": ""l"", ""probability"": 0.46793416142463684}, {""label"": ""e"", ""probability"": 0.25100159645080566}, {""label"": ""c"", ""probability"": 0.25056374073028564}]",dataset,
dataset_sample:3892,e,a,0.6961732506752014,"[{""label"": ""a"", ""probability"": 0.6961732506752014}, {""label"": ""q"", ""probability"": 0.22658641636371613}, {""label"": ""e"", ""probability"": 0.06225478649139404}]",dataset,
dataset_sample:3903,e,c,0.9274757504463196,"[{""label"": ""c"", ""probability"": 0.9274757504463196}, {""label"": ""e"", ""probability"": 0.06372395902872086}, {""label"": ""g"", ""probability"": 0.005872009787708521}]",dataset,
dataset_sample:3927,e,c,0.7176524996757507,"[{""label"": ""c"", ""probability"": 0.7176524996757507}, {""label"": ""e"", ""probability"": 0.2625817656517029}, {""label"": ""l"", ""probability"": 0.016476834192872047}]",dataset,
dataset_sample:4166,f,j,0.7978399991989136,"[{""label"": ""j"", ""probability"": 0.7978399991989136}, {""label"": ""g"", ""probability"": 0.19147109985351562}, {""label"": ""i"", ""probability"": 0.0052092717960476875}]",dataset,
dataset_sample:4183,f,p,0.8815203905105591,"[{""label"": ""p"", ""probability"": 0.8815203905105591}, {""label"": ""f"", ""probability"": 0.10805187374353409}, {""label"": ""r"", ""probability"": 0.005028028506785631}]",dataset,
dataset_sample:4206,f,y,0.45489081740379333,"[{""label"": ""y"", ""probability"": 0.45489081740379333}, {""label"": ""t"", ""probability"": 0.44463157653808594}, {""label"": ""f"", ""probability"": 0.09424517303705215}]",dataset,
dataset_sample:4208,f,d,0.4656110107898712,"[{""label"": ""d"", ""probability"": 0.4656110107898712}, {""label"": ""g"", ""probability"": 0.2691030204296112}, {""label"": ""j"", ""probability"": 0.21404673159122467}]",dataset,
dataset_sample:4247,f,t,0.9623050093650818,"[{""label"": ""t"", ""probability"": 0.9623050093650818}, {""label"": ""f"", ""probability"": 0.03587862104177475}, {""label"": ""l"", ""probability"": 0.0012242908123880625}]",dataset,
dataset_sample:4248,f,r,0.5958156585693359,"[{""label"": ""r"", ""probability"": 0.5958156585693359}, {""label"": ""f"", ""probability"": 0.35210177302360535}, {""label"": ""p"", ""probability"": 0.041540857404470444}]",dataset,
dataset_sample:4265,f,e,0.9993230104446411,"[{""label"": ""e"", ""probability"": 0.9993230104446411}, {""label"": ""c"", ""probability"": 0.00044886881369166076}, {""label"": ""r"", ""probability"": 8.953799260780215e-05}]",dataset,
dataset_sample:4378,f,t,0.6496982574462891,"[{""label"": ""t"", ""probability"": 0.6496982574462891}, {""label"": ""f"", ""probability"": 0.3494844138622284}, {""label"": ""h"", ""probability"": 0.0005130399949848652}]",dataset,
dataset_sample:4384,f,t,0.6462516188621521,"[{""label"": ""t"", ""probability"": 0.6462516188621521}, {""label"": ""p"", ""probability"": 0.28994864225387573}, {""label"": ""f"", ""probability"": 0.05631982162594795}]",dataset,
dataset_sample:4594,f,e,0.8544204831123352,"[{""label"": ""e"", ""probability"": 0.8544204831123352}, {""label"": ""f"", ""probability"": 0.13347238302230835}, {""label"": ""k"", ""probability"": 0.006272921804338694}]",dataset,
dataset_sample:4613,f,y,0.6042754054069519,"[{""label"": ""y"", ""probability"": 0.6042754054069519}, {""label"": ""f"", ""probability"": 0.23024104535579681}, {""label"": ""t"", ""probability"": 0.16053789854049683}]",dataset,
dataset_sample:4640,f,d,0.7528254389762878,"[{""label"": ""d"", ""probability"": 0.7528254389762878}, {""label"": ""a"", ""probability"": 0.1783638596534729}, {""label"": ""j"", ""probability"": 0.02260499633848667}]",dataset,
dataset_sample:4699,f,r,0.9823916554450989,"[{""label"": ""r"", ""probability"": 0.9823916554450989}, {""label"": ""c"", ""probability"": 0.01092422567307949}, {""label"": ""i"", ""probability"": 0.0037651502061635256}]",dataset,
dataset_sample:4742,f,t,0.6841760277748108,"[{""label"": ""t"", ""probability"": 0.6841760277748108}, {""label"": ""f"", ""probability"": 0.3002912104129791}, {""label"": ""h"", ""probability"": 0.010879270732402802}]",dataset,
dataset_sample:4746,f,t,0.9954962730407715,"[{""label"": ""t"", ""probability"": 0.9954962730407715}, {""label"": ""f"", ""probability"": 0.003946864977478981}, {""label"": ""y"", ""probability"": 0.00034410165972076356}]",dataset,
dataset_sample:4748,f,t,0.682643473148346,"[{""label"": ""t"", ""probability"": 0.682643473148346}, {""label"": ""f"", ""probability"": 0.15394529700279236}, {""label"": ""h"", ""probability"": 0.12201183289289474}]",dataset,
dataset_sample:4803,g,q,0.7629407644271851,"[{""label"": ""q"", ""probability"": 0.7629407644271851}, {""label"": ""g"", ""probability"": 0.2115260511636734}, {""label"": ""e"", ""probability"": 0.008977285586297512}]",dataset,
dataset_sample:4806,g,q,0.7965391874313354,"[{""label"": ""q"", ""probability"": 0.7965391874313354}, {""label"": ""g"", ""probability"": 0.20307525992393494}, {""label"": ""a"", ""probability"": 0.0001870558044174686}]",dataset,
dataset_sample:4810,g,q,0.8338323831558228,"[{""label"": ""q"", ""probability"": 0.8338323831558228}, {""label"": ""g"", ""probability"": 0.16562466323375702}, {""label"": ""a"", ""probability"": 0.0002826231939252466}]",dataset,
dataset_sample:4811,g,q,0.5592696666717529,"[{""label"": ""q"", ""probability"": 0.5592696666717529}, {""label"": ""g"", ""probability"": 0.4405174255371094}, {""label"": ""y"", ""probability"": 0.00018751177412923425}]",dataset,
dataset_sample:4819,g,q,0.705312967300415,"[{""label"": ""q"", ""probability"": 0.705312967300415}, {""label"": ""g"", ""probability"": 0.2946266829967499}, {""label"": ""y"", ""probability"": 4.514096872298978e-05}]",dataset,
dataset_sample:4821,g,q,0.5920372009277344,"[{""label"": ""q"", ""probability"": 0.5920372009277344}, {""label"": ""g"", ""probability"": 0.3963690996170044}, {""label"": ""y"", ""probability"": 0.010580374859273434}]",dataset,
dataset_sample:4836,g,c,0.7816250324249268,"[{""label"": ""c"", ""probability"": 0.7816250324249268}, {""label"": ""g"", ""probability"": 0.19233475625514984}, {""label"": ""f"", ""probability"": 0.00940573588013649}]",dataset,
dataset_sample:4837,g,q,0.5368984937667847,"[{""label"": ""q"", ""probability"": 0.5368984937667847}, {""label"": ""g"", ""probability"": 0.4513310492038727}, {""label"": ""a"", ""probability"": 0.011363120749592781}]",dataset,
dataset_sample:4838,g,q,0.6942362785339355,"[{""label"": ""q"", ""probability"": 0.6942362785339355}, {""label"": ""o"", ""probability"": 0.06497380882501602}, {""label"": ""d"", ""probability"": 0.06441519409418106}]",dataset,
dataset_sample:4845,g,s,0.8190039396286011,"[{""label"": ""s"", ""probability"": 0.8190039396286011}, {""label"": ""g"", ""probability"": 0.16925875842571259}, {""label"": ""q"", ""probability"": 0.005321329925209284}]",dataset,
dataset_sample:4848,g,b,0.5503866672515869,"[{""label"": ""b"", ""probability"": 0.5503866672515869}, {""label"": ""l"", ""probability"": 0.3810963034629822}, {""label"": ""g"", ""probability"": 0.04122576490044594}]",dataset,
dataset_sample:4849,g,a,0.4438702464103699,"[{""label"": ""a"", ""probability"": 0.4438702464103699}, {""label"": ""q"", ""probability"": 0.28455281257629395}, {""label"": ""g"", ""probability"": 0.2713320255279541}]",dataset,
dataset_sample:4861,g,q,0.863781750202179,"[{""label"": ""q"", ""probability"": 0.863781750202179}, {""label"": ""g"", ""probability"": 0.13556025922298431}, {""label"": ""y"", ""probability"": 0.000516642932780087}]",dataset,
dataset_sample:4866,g,q,0.5478751063346863,"[{""label"": ""q"", ""probability"": 0.5478751063346863}, {""label"": ""g"", ""probability"": 0.44153591990470886}, {""label"": ""a"", ""probability"": 0.009228500537574291}]",dataset,
dataset_sample:4871,g,q,0.6886957883834839,"[{""label"": ""q"", ""probability"": 0.6886957883834839}, {""label"": ""g"", ""probability"": 0.3103444576263428}, {""label"": ""y"", ""probability"": 0.0006808961625210941}]",dataset,
dataset_sample:4872,g,q,0.5315591096878052,"[{""label"": ""q"", ""probability"": 0.5315591096878052}, {""label"": ""g"", ""probability"": 0.4658343493938446}, {""label"": ""y"", ""probability"": 0.0015023520682007074}]",dataset,
dataset_sample:4880,g,q,0.5049733519554138,"[{""label"": ""q"", ""probability"": 0.5049733519554138}, {""label"": ""g"", ""probability"": 0.4949839115142822}, {""label"": ""a"", ""probability"": 3.585139711503871e-05}]",dataset,
dataset_sample:4881,g,q,0.7791659235954285,"[{""label"": ""q"", ""probability"": 0.7791659235954285}, {""label"": ""g"", ""probability"": 0.22076007723808289}, {""label"": ""y"", ""probability"": 4.226404780638404e-05}]",dataset,
dataset_sample:4888,g,q,0.6055670380592346,"[{""label"": ""q"", ""probability"": 0.6055670380592346}, {""label"": ""g"", ""probability"": 0.3940000534057617}, {""label"": ""a"", ""probability"": 0.00015168909158091992}]",dataset,
dataset_sample:4904,g,q,0.8998540639877319,"[{""label"": ""q"", ""probability"": 0.8998540639877319}, {""label"": ""g"", ""probability"": 0.09535219520330429}, {""label"": ""p"", ""probability"": 0.002803386887535453}]",dataset,
dataset_sample:4913,g,q,0.9961696267127991,"[{""label"": ""q"", ""probability"": 0.9961696267127991}, {""label"": ""g"", ""probability"": 0.0030102794989943504}, {""label"": ""y"", ""probability"": 0.0008160129655152559}]",dataset,
dataset_sample:4914,g,q,0.6609486937522888,"[{""label"": ""q"", ""probability"": 0.6609486937522888}, {""label"": ""g"", ""probability"": 0.30953943729400635}, {""label"": ""y"", ""probability"": 0.028511928394436836}]",dataset,
dataset_sample:4917,g,q,0.8894129991531372,"[{""label"": ""q"", ""probability"": 0.8894129991531372}, {""label"": ""g"", ""probability"": 0.11055520176887512}, {""label"": ""a"", ""probability"": 2.6710671590990387e-05}]",dataset,
dataset_sample:4920,g,s,0.8841734528541565,"[{""label"": ""s"", ""probability"": 0.8841734528541565}, {""label"": ""g"", ""probability"": 0.09844819456338882}, {""label"": ""b"", ""probability"": 0.006443430203944445}]",dataset,
dataset_sample:4922,g,q,0.8664210438728333,"[{""label"": ""q"", ""probability"": 0.8664210438728333}, {""label"": ""g"", ""probability"": 0.13339382410049438}, {""label"": ""a"", ""probability"": 0.00015994402929209173}]",dataset,
dataset_sample:4926,g,q,0.6904996633529663,"[{""label"": ""q"", ""probability"": 0.6904996633529663}, {""label"": ""g"", ""probability"": 0.3082788288593292}, {""label"": ""a"", ""probability"": 0.0009123004856519401}]",dataset,
dataset_sample:4941,g,q,0.549543559551239,"[{""label"": ""q"", ""probability"": 0.549543559551239}, {""label"": ""g"", ""probability"": 0.4310973882675171}, {""label"": ""a"", ""probability"": 0.019214842468500137}]",dataset,
dataset_sample:4942,g,q,0.8384542465209961,"[{""label"": ""q"", ""probability"": 0.8384542465209961}, {""label"": ""g"", ""probability"": 0.1283038854598999}, {""label"": ""a"", ""probability"": 0.017360040917992592}]",dataset,
dataset_sample:4946,g,q,0.738974392414093,"[{""label"": ""q"", ""probability"": 0.738974392414093}, {""label"": ""g"", ""probability"": 0.26087480783462524}, {""label"": ""y"", ""probability"": 0.00010704161104513332}]",dataset,
dataset_sample:4947,g,q,0.8116511106491089,"[{""label"": ""q"", ""probability"": 0.8116511106491089}, {""label"": ""g"", ""probability"": 0.18809975683689117}, {""label"": ""a"", ""probability"": 0.0001390433608321473}]",dataset,
dataset_sample:4964,g,q,0.5190725922584534,"[{""label"": ""q"", ""probability"": 0.5190725922584534}, {""label"": ""g"", ""probability"": 0.4809136688709259}, {""label"": ""y"", ""probability"": 1.2181290912849363e-05}]",dataset,
dataset_sample:4973,g,q,0.6978369951248169,"[{""label"": ""q"", ""probability"": 0.6978369951248169}, {""label"": ""g"", ""probability"": 0.30211368203163147}, {""label"": ""y"", ""probability"": 4.614267891156487e-05}]",dataset,
dataset_sample:4975,g,q,0.8353953957557678,"[{""label"": ""q"", ""probability"": 0.8353953957557678}, {""label"": ""g"", ""probability"": 0.16371048986911774}, {""label"": ""a"", ""probability"": 0.00028400038718245924}]",dataset,
dataset_sample:4985,g,y,0.8767704367637634,"[{""label"": ""y"", ""probability"": 0.8767704367637634}, {""label"": ""g"", ""probability"": 0.10619412362575531}, {""label"": ""q"", ""probability"": 0.012927530333399773}]",dataset,
dataset_sample:4987,g,q,0.6279786229133606,"[{""label"": ""q"", ""probability"": 0.6279786229133606}, {""label"": ""g"", ""probability"": 0.3719092607498169}, {""label"": ""y"", ""probability"": 7.370892853941768e-05}]",dataset,
dataset_sample:5000,g,e,0.669121503829956,"[{""label"": ""e"", ""probability"": 0.669121503829956}, {""label"": ""c"", ""probability"": 0.16461226344108582}, {""label"": ""g"", ""probability"": 0.1571224331855774}]",dataset,
dataset_sample:5005,g,q,0.6386937499046326,"[{""label"": ""q"", ""probability"": 0.6386937499046326}, {""label"": ""g"", ""probability"": 0.3297257423400879}, {""label"": ""y"", ""probability"": 0.010232463479042053}]",dataset,
dataset_sample:5007,g,e,0.39630770683288574,"[{""label"": ""e"", ""probability"": 0.39630770683288574}, {""label"": ""r"", ""probability"": 0.23779061436653137}, {""label"": ""g"", ""probability"": 0.227853924036026}]",dataset,
dataset_sample:5009,g,p,0.6177898645401001,"[{""label"": ""p"", ""probability"": 0.6177898645401001}, {""label"": ""y"", ""probability"": 0.342579185962677}, {""label"": ""k"", ""probability"": 0.021115850657224655}]",dataset,
dataset_sample:5011,g,q,0.9351383447647095,"[{""label"": ""q"", ""probability"": 0.9351383447647095}, {""label"": ""g"", ""probability"": 0.0646871030330658}, {""label"": ""a"", ""probability"": 0.00011820645886473358}]",dataset,
dataset_sample:5015,g,q,0.521527111530304,"[{""label"": ""q"", ""probability"": 0.521527111530304}, {""label"": ""g"", ""probability"": 0.4775971472263336}, {""label"": ""y"", ""probability"": 0.0003163903602398932}]",dataset,
dataset_sample:5017,g,q,0.5759352445602417,"[{""label"": ""q"", ""probability"": 0.5759352445602417}, {""label"": ""g"", ""probability"": 0.4117429256439209}, {""label"": ""y"", ""probability"": 0.009376950562000275}]",dataset,
dataset_sample:5026,g,q,0.7021803855895996,"[{""label"": ""q"", ""probability"": 0.7021803855895996}, {""label"": ""g"", ""probability"": 0.2977917790412903}, {""label"": ""y"", ""probability"": 1.4517476301989518e-05}]",dataset,
dataset_sample:5027,g,q,0.6496009826660156,"[{""label"": ""q"", ""probability"": 0.6496009826660156}, {""label"": ""g"", ""probability"": 0.3426187336444855}, {""label"": ""a"", ""probability"": 0.004019354470074177}]",dataset,
dataset_sample:5029,g,q,0.9997746348381042,"[{""label"": ""q"", ""probability"": 0.9997746348381042}, {""label"": ""a"", ""probability"": 0.00020310460240580142}, {""label"": ""g"", ""probability"": 2.1220917915343307e-05}]",dataset,
dataset_sample:5039,g,c,0.9247995615005493,"[{""label"": ""c"", ""probability"": 0.9247995615005493}, {""label"": ""g"", ""probability"": 0.07074908167123795}, {""label"": ""e"", ""probability"": 0.00227717193774879}]",dataset,
dataset_sample:5041,g,q,0.67839115858078,"[{""label"": ""q"", ""probability"": 0.67839115858078}, {""label"": ""g"", ""probability"": 0.32035180926322937}, {""label"": ""a"", ""probability"": 0.001173980999737978}]",dataset,
dataset_sample:5052,g,q,0.7978955507278442,"[{""label"": ""q"", ""probability"": 0.7978955507278442}, {""label"": ""g"", ""probability"": 0.20149385929107666}, {""label"": ""y"", ""probability"": 0.0005705098155885935}]",dataset,
dataset_sample:5060,g,q,0.8829225897789001,"[{""label"": ""q"", ""probability"": 0.8829225897789001}, {""label"": ""g"", ""probability"": 0.11647644639015198}, {""label"": ""a"", ""probability"": 0.0005175510887056589}]",dataset,
dataset_sample:5061,g,q,0.6686237454414368,"[{""label"": ""q"", ""probability"": 0.6686237454414368}, {""label"": ""g"", ""probability"": 0.22660069167613983}, {""label"": ""z"", ""probability"": 0.04548311606049538}]",dataset,
dataset_sample:5062,g,q,0.8856570720672607,"[{""label"": ""q"", ""probability"": 0.8856570720672607}, {""label"": ""g"", ""probability"": 0.11421497911214828}, {""label"": ""a"", ""probability"": 9.728105214890093e-05}]",dataset,
dataset_sample:5068,g,q,0.7380742430686951,"[{""label"": ""q"", ""probability"": 0.7380742430686951}, {""label"": ""g"", ""probability"": 0.26110491156578064}, {""label"": ""y"", ""probability"": 0.0005850938032381237}]",dataset,
dataset_sample:5071,g,q,0.5103853344917297,"[{""label"": ""q"", ""probability"": 0.5103853344917297}, {""label"": ""g"", ""probability"": 0.48959437012672424}, {""label"": ""a"", ""probability"": 1.5656241885153577e-05}]",dataset,
dataset_sample:5072,g,q,0.8349796533584595,"[{""label"": ""q"", ""probability"": 0.8349796533584595}, {""label"": ""g"", ""probability"": 0.16344405710697174}, {""label"": ""a"", ""probability"": 0.0014156014658510685}]",dataset,
dataset_sample:5075,g,q,0.6429606080055237,"[{""label"": ""q"", ""probability"": 0.6429606080055237}, {""label"": ""g"", ""probability"": 0.35689690709114075}, {""label"": ""y"", ""probability"": 9.747741569299251e-05}]",dataset,
dataset_sample:5077,g,c,0.7087871432304382,"[{""label"": ""c"", ""probability"": 0.7087871432304382}, {""label"": ""g"", ""probability"": 0.2762737572193146}, {""label"": ""a"", ""probability"": 0.005319260526448488}]",dataset,
dataset_sample:5081,g,q,0.6130550503730774,"[{""label"": ""q"", ""probability"": 0.6130550503730774}, {""label"": ""g"", ""probability"": 0.3831424117088318}, {""label"": ""a"", ""probability"": 0.0031230298336595297}]",dataset,
dataset_sample:5085,g,q,0.6207117438316345,"[{""label"": ""q"", ""probability"": 0.6207117438316345}, {""label"": ""g"", ""probability"": 0.37895864248275757}, {""label"": ""y"", ""probability"": 0.00022303192235995084}]",dataset,
dataset_sample:5092,g,a,0.6798360347747803,"[{""label"": ""a"", ""probability"": 0.6798360347747803}, {""label"": ""q"", ""probability"": 0.1883884221315384}, {""label"": ""g"", ""probability"": 0.13128280639648438}]",dataset,
dataset_sample:5105,g,f,0.47178494930267334,"[{""label"": ""f"", ""probability"": 0.47178494930267334}, {""label"": ""g"", ""probability"": 0.4066518545150757}, {""label"": ""b"", ""probability"": 0.05980873480439186}]",dataset,
dataset_sample:5116,g,q,0.7663728594779968,"[{""label"": ""q"", ""probability"": 0.7663728594779968}, {""label"": ""g"", ""probability"": 0.23181253671646118}, {""label"": ""y"", ""probability"": 0.0013161245733499527}]",dataset,
dataset_sample:5121,g,q,0.62912917137146,"[{""label"": ""q"", ""probability"": 0.62912917137146}, {""label"": ""g"", ""probability"": 0.36939966678619385}, {""label"": ""a"", ""probability"": 0.0013416012516245246}]",dataset,
dataset_sample:5132,g,q,0.6549334526062012,"[{""label"": ""q"", ""probability"": 0.6549334526062012}, {""label"": ""g"", ""probability"": 0.34263017773628235}, {""label"": ""a"", ""probability"": 0.0022105698008090258}]",dataset,
dataset_sample:5133,g,q,0.6488810181617737,"[{""label"": ""q"", ""probability"": 0.6488810181617737}, {""label"": ""g"", ""probability"": 0.35099872946739197}, {""label"": ""a"", ""probability"": 8.954026998253539e-05}]",dataset,
dataset_sample:5136,g,q,0.7734913229942322,"[{""label"": ""q"", ""probability"": 0.7734913229942322}, {""label"": ""g"", ""probability"": 0.22629553079605103}, {""label"": ""y"", ""probability"": 0.00019066146342083812}]",dataset,
dataset_sample:5147,g,q,0.6132212281227112,"[{""label"": ""q"", ""probability"": 0.6132212281227112}, {""label"": ""g"", ""probability"": 0.38638991117477417}, {""label"": ""y"", ""probability"": 0.0003279304364696145}]",dataset,
dataset_sample:5148,g,h,0.7552549839019775,"[{""label"": ""h"", ""probability"": 0.7552549839019775}, {""label"": ""l"", ""probability"": 0.1251809298992157}, {""label"": ""k"", ""probability"": 0.04841931536793709}]",dataset,
dataset_sample:5158,g,q,0.8244119882583618,"[{""label"": ""q"", ""probability"": 0.8244119882583618}, {""label"": ""g"", ""probability"": 0.17554165422916412}, {""label"": ""a"", ""probability"": 3.114775972790085e-05}]",dataset,
dataset_sample:5159,g,q,0.5294264554977417,"[{""label"": ""q"", ""probability"": 0.5294264554977417}, {""label"": ""g"", ""probability"": 0.4555003046989441}, {""label"": ""y"", ""probability"": 0.014050320722162724}]",dataset,
dataset_sample:5160,g,c,0.9369478821754456,"[{""label"": ""c"", ""probability"": 0.9369478821754456}, {""label"": ""g"", ""probability"": 0.062077004462480545}, {""label"": ""e"", ""probability"": 0.00021665597159881145}]",dataset,
dataset_sample:5167,g,a,0.38268211483955383,"[{""label"": ""a"", ""probability"": 0.38268211483955383}, {""label"": ""q"", ""probability"": 0.33896899223327637}, {""label"": ""g"", ""probability"": 0.27537181973457336}]",dataset,
dataset_sample:5169,g,q,0.999945878982544,"[{""label"": ""q"", ""probability"": 0.999945878982544}, {""label"": ""g"", ""probability"": 5.096615859656595e-05}, {""label"": ""a"", ""probability"": 2.9082341370667564e-06}]",dataset,
dataset_sample:5171,g,d,0.8830865621566772,"[{""label"": ""d"", ""probability"": 0.8830865621566772}, {""label"": ""h"", ""probability"": 0.04617755860090256}, {""label"": ""a"", ""probability"": 0.032000258564949036}]",dataset,
dataset_sample:5175,g,q,0.727322518825531,"[{""label"": ""q"", ""probability"": 0.727322518825531}, {""label"": ""g"", ""probability"": 0.253043532371521}, {""label"": ""f"", ""probability"": 0.010374915786087513}]",dataset,
dataset_sample:5176,g,c,0.4303777813911438,"[{""label"": ""c"", ""probability"": 0.4303777813911438}, {""label"": ""g"", ""probability"": 0.3451725244522095}, {""label"": ""f"", ""probability"": 0.12929807603359222}]",dataset,
dataset_sample:5189,g,q,0.8870382308959961,"[{""label"": ""q"", ""probability"": 0.8870382308959961}, {""label"": ""g"", ""probability"": 0.11291049420833588}, {""label"": ""a"", ""probability"": 2.9920938686700538e-05}]",dataset,
dataset_sample:5192,g,q,0.7200772762298584,"[{""label"": ""q"", ""probability"": 0.7200772762298584}, {""label"": ""g"", ""probability"": 0.2786048650741577}, {""label"": ""a"", ""probability"": 0.0008961347630247474}]",dataset,
dataset_sample:5200,g,q,0.4359707236289978,"[{""label"": ""q"", ""probability"": 0.4359707236289978}, {""label"": ""g"", ""probability"": 0.42343997955322266}, {""label"": ""a"", ""probability"": 0.13970914483070374}]",dataset,
dataset_sample:5212,g,q,0.7731850147247314,"[{""label"": ""q"", ""probability"": 0.7731850147247314}, {""label"": ""g"", ""probability"": 0.2267158031463623}, {""label"": ""a"", ""probability"": 8.185407205019146e-05}]",dataset,
dataset_sample:5219,g,q,0.7468750476837158,"[{""label"": ""q"", ""probability"": 0.7468750476837158}, {""label"": ""g"", ""probability"": 0.25300493836402893}, {""label"": ""a"", ""probability"": 0.0001176075529656373}]",dataset,
dataset_sample:5221,g,q,0.49577030539512634,"[{""label"": ""q"", ""probability"": 0.49577030539512634}, {""label"": ""g"", ""probability"": 0.49431243538856506}, {""label"": ""a"", ""probability"": 0.00977142434567213}]",dataset,
dataset_sample:5232,g,q,0.7005546689033508,"[{""label"": ""q"", ""probability"": 0.7005546689033508}, {""label"": ""g"", ""probability"": 0.28419312834739685}, {""label"": ""a"", ""probability"": 0.013989941217005253}]",dataset,
dataset_sample:5233,g,b,0.7838998436927795,"[{""label"": ""b"", ""probability"": 0.7838998436927795}, {""label"": ""v"", ""probability"": 0.06549544632434845}, {""label"": ""d"", ""probability"": 0.05278157815337181}]",dataset,
dataset_sample:5242,g,q,0.8464451432228088,"[{""label"": ""q"", ""probability"": 0.8464451432228088}, {""label"": ""g"", ""probability"": 0.15347012877464294}, {""label"": ""a"", ""probability"": 8.119341509882361e-05}]",dataset,
dataset_sample:5243,g,q,0.680302619934082,"[{""label"": ""q"", ""probability"": 0.680302619934082}, {""label"": ""g"", ""probability"": 0.2869011461734772}, {""label"": ""a"", ""probability"": 0.03226088732481003}]",dataset,
dataset_sample:5247,g,a,0.964250385761261,"[{""label"": ""a"", ""probability"": 0.964250385761261}, {""label"": ""g"", ""probability"": 0.027436090633273125}, {""label"": ""q"", ""probability"": 0.006444668862968683}]",dataset,
dataset_sample:5252,g,q,0.8175330758094788,"[{""label"": ""q"", ""probability"": 0.8175330758094788}, {""label"": ""g"", ""probability"": 0.1823708713054657}, {""label"": ""y"", ""probability"": 8.115035598166287e-05}]",dataset,
dataset_sample:5254,g,q,0.560644268989563,"[{""label"": ""q"", ""probability"": 0.560644268989563}, {""label"": ""g"", ""probability"": 0.4388251304626465}, {""label"": ""a"", ""probability"": 0.00045985422912053764}]",dataset,
dataset_sample:5257,g,q,0.7510315179824829,"[{""label"": ""q"", ""probability"": 0.7510315179824829}, {""label"": ""g"", ""probability"": 0.24872006475925446}, {""label"": ""y"", ""probability"": 0.00019165863341186196}]",dataset,
dataset_sample:5269,g,q,0.6288076043128967,"[{""label"": ""q"", ""probability"": 0.6288076043128967}, {""label"": ""g"", ""probability"": 0.36988186836242676}, {""label"": ""a"", ""probability"": 0.0011969655752182007}]",dataset,
dataset_sample:5271,g,q,0.776915967464447,"[{""label"": ""q"", ""probability"": 0.776915967464447}, {""label"": ""g"", ""probability"": 0.22196373343467712}, {""label"": ""y"", ""probability"": 0.0006142245256341994}]",dataset,
dataset_sample:5273,g,q,0.6715830564498901,"[{""label"": ""q"", ""probability"": 0.6715830564498901}, {""label"": ""g"", ""probability"": 0.32802215218544006}, {""label"": ""a"", ""probability"": 0.00019781396258622408}]",dataset,
dataset_sample:5279,g,q,0.859714925289154,"[{""label"": ""q"", ""probability"": 0.859714925289154}, {""label"": ""g"", ""probability"": 0.1398748755455017}, {""label"": ""y"", ""probability"": 0.0003755332436412573}]",dataset,
dataset_sample:5280,g,b,0.7186313271522522,"[{""label"": ""b"", ""probability"": 0.7186313271522522}, {""label"": ""g"", ""probability"": 0.2766900360584259}, {""label"": ""l"", ""probability"": 0.002244808478280902}]",dataset,
dataset_sample:5288,g,j,0.538153886795044,"[{""label"": ""j"", ""probability"": 0.538153886795044}, {""label"": ""g"", ""probability"": 0.41653501987457275}, {""label"": ""y"", ""probability"": 0.039579980075359344}]",dataset,
dataset_sample:5290,g,q,0.8493316769599915,"[{""label"": ""q"", ""probability"": 0.8493316769599915}, {""label"": ""g"", ""probability"": 0.1503506898880005}, {""label"": ""y"", ""probability"": 0.00016757291450630873}]",dataset,
dataset_sample:5293,g,a,0.46702268719673157,"[{""label"": ""a"", ""probability"": 0.46702268719673157}, {""label"": ""g"", ""probability"": 0.30203142762184143}, {""label"": ""q"", ""probability"": 0.22601096332073212}]",dataset,
dataset_sample:5320,g,q,0.858677089214325,"[{""label"": ""q"", ""probability"": 0.858677089214325}, {""label"": ""g"", ""probability"": 0.13025547564029694}, {""label"": ""a"", ""probability"": 0.004523098468780518}]",dataset,
dataset_sample:5323,g,q,0.7674950361251831,"[{""label"": ""q"", ""probability"": 0.7674950361251831}, {""label"": ""g"", ""probability"": 0.2302921861410141}, {""label"": ""a"", ""probability"": 0.0015010586939752102}]",dataset,
dataset_sample:5327,g,q,0.7030521035194397,"[{""label"": ""q"", ""probability"": 0.7030521035194397}, {""label"": ""g"", ""probability"": 0.2968965470790863}, {""label"": ""y"", ""probability"": 4.7084591642487794e-05}]",dataset,
dataset_sample:5333,g,n,0.9982175230979919,"[{""label"": ""n"", ""probability"": 0.9982175230979919}, {""label"": ""r"", ""probability"": 0.0010532578453421593}, {""label"": ""a"", ""probability"": 0.00031400227453559637}]",dataset,
dataset_sample:5335,g,q,0.6763278841972351,"[{""label"": ""q"", ""probability"": 0.6763278841972351}, {""label"": ""g"", ""probability"": 0.3227787911891937}, {""label"": ""a"", ""probability"": 0.0008200203301385045}]",dataset,
dataset_sample:5336,g,q,0.8632113933563232,"[{""label"": ""q"", ""probability"": 0.8632113933563232}, {""label"": ""g"", ""probability"": 0.1364213228225708}, {""label"": ""y"", ""probability"": 0.00016540584329050034}]",dataset,
dataset_sample:5340,g,q,0.7820460200309753,"[{""label"": ""q"", ""probability"": 0.7820460200309753}, {""label"": ""g"", ""probability"": 0.21785105764865875}, {""label"": ""a"", ""probability"": 5.6435274018440396e-05}]",dataset,
dataset_sample:5341,g,a,0.5964998602867126,"[{""label"": ""a"", ""probability"": 0.5964998602867126}, {""label"": ""g"", ""probability"": 0.3556530475616455}, {""label"": ""q"", ""probability"": 0.04629363864660263}]",dataset,
dataset_sample:5349,g,q,0.7598426342010498,"[{""label"": ""q"", ""probability"": 0.7598426342010498}, {""label"": ""g"", ""probability"": 0.24012546241283417}, {""label"": ""y"", ""probability"": 2.750345811364241e-05}]",dataset,
dataset_sample:5352,g,y,0.3960823118686676,"[{""label"": ""y"", ""probability"": 0.3960823118686676}, {""label"": ""j"", ""probability"": 0.261764794588089}, {""label"": ""g"", ""probability"": 0.2360561192035675}]",dataset,
dataset_sample:5354,g,q,0.519180953502655,"[{""label"": ""q"", ""probability"": 0.519180953502655}, {""label"": ""g"", ""probability"": 0.385020911693573}, {""label"": ""e"", ""probability"": 0.03528137877583504}]",dataset,
dataset_sample:5362,g,q,0.6674411296844482,"[{""label"": ""q"", ""probability"": 0.6674411296844482}, {""label"": ""g"", ""probability"": 0.3321290910243988}, {""label"": ""a"", ""probability"": 0.00042044452857226133}]",dataset,
dataset_sample:5371,g,q,0.8516421318054199,"[{""label"": ""q"", ""probability"": 0.8516421318054199}, {""label"": ""g"", ""probability"": 0.14468419551849365}, {""label"": ""y"", ""probability"": 0.0027189122047275305}]",dataset,
dataset_sample:5372,g,q,0.5802310705184937,"[{""label"": ""q"", ""probability"": 0.5802310705184937}, {""label"": ""g"", ""probability"": 0.3674919307231903}, {""label"": ""a"", ""probability"": 0.02727619558572769}]",dataset,
dataset_sample:5373,g,q,0.7309051156044006,"[{""label"": ""q"", ""probability"": 0.7309051156044006}, {""label"": ""g"", ""probability"": 0.2690471112728119}, {""label"": ""y"", ""probability"": 3.592732173274271e-05}]",dataset,
dataset_sample:5382,g,q,0.8774246573448181,"[{""label"": ""q"", ""probability"": 0.8774246573448181}, {""label"": ""g"", ""probability"": 0.12130927294492722}, {""label"": ""y"", ""probability"": 0.0009526374051347375}]",dataset,
dataset_sample:5384,g,q,0.5917684435844421,"[{""label"": ""q"", ""probability"": 0.5917684435844421}, {""label"": ""g"", ""probability"": 0.4076111614704132}, {""label"": ""a"", ""probability"": 0.0004195484216324985}]",dataset,
dataset_sample:5388,g,a,0.3931424915790558,"[{""label"": ""a"", ""probability"": 0.3931424915790558}, {""label"": ""g"", ""probability"": 0.35311561822891235}, {""label"": ""q"", ""probability"": 0.248020201921463}]",dataset,
dataset_sample:5391,g,q,0.8283047080039978,"[{""label"": ""q"", ""probability"": 0.8283047080039978}, {""label"": ""g"", ""probability"": 0.1709500551223755}, {""label"": ""a"", ""probability"": 0.0006450372166000307}]",dataset,
dataset_sample:5402,g,q,0.8694990873336792,"[{""label"": ""q"", ""probability"": 0.8694990873336792}, {""label"": ""g"", ""probability"": 0.13048388063907623}, {""label"": ""y"", ""probability"": 9.002731530927122e-06}]",dataset,
dataset_sample:5408,g,q,0.9507932066917419,"[{""label"": ""q"", ""probability"": 0.9507932066917419}, {""label"": ""g"", ""probability"": 0.04919164627790451}, {""label"": ""y"", ""probability"": 1.0168841981794685e-05}]",dataset,
dataset_sample:5420,g,q,0.704060435295105,"[{""label"": ""q"", ""probability"": 0.704060435295105}, {""label"": ""g"", ""probability"": 0.28861090540885925}, {""label"": ""y"", ""probability"": 0.0037883322220295668}]",dataset,
dataset_sample:5424,g,q,0.7785326838493347,"[{""label"": ""q"", ""probability"": 0.7785326838493347}, {""label"": ""g"", ""probability"": 0.22116073966026306}, {""label"": ""y"", ""probability"": 0.00019025099754799157}]",dataset,
dataset_sample:5429,g,q,0.8694172501564026,"[{""label"": ""q"", ""probability"": 0.8694172501564026}, {""label"": ""g"", ""probability"": 0.12841030955314636}, {""label"": ""a"", ""probability"": 0.0012754828203469515}]",dataset,
dataset_sample:5430,g,q,0.9179917573928833,"[{""label"": ""q"", ""probability"": 0.9179917573928833}, {""label"": ""g"", ""probability"": 0.08171213418245316}, {""label"": ""a"", ""probability"": 0.00027348988805897534}]",dataset,
dataset_sample:5441,g,q,0.5558966398239136,"[{""label"": ""q"", ""probability"": 0.5558966398239136}, {""label"": ""a"", ""probability"": 0.2507714033126831}, {""label"": ""g"", ""probability"": 0.17988821864128113}]",dataset,
dataset_sample:5447,g,q,0.7984393835067749,"[{""label"": ""q"", ""probability"": 0.7984393835067749}, {""label"": ""g"", ""probability"": 0.2003428339958191}, {""label"": ""a"", ""probability"": 0.0010087238624691963}]",dataset,
dataset_sample:5451,g,q,0.5243877172470093,"[{""label"": ""q"", ""probability"": 0.5243877172470093}, {""label"": ""g"", ""probability"": 0.46816229820251465}, {""label"": ""a"", ""probability"": 0.005436139181256294}]",dataset,
dataset_sample:5460,g,q,0.9699713587760925,"[{""label"": ""q"", ""probability"": 0.9699713587760925}, {""label"": ""g"", ""probability"": 0.029989635571837425}, {""label"": ""a"", ""probability"": 3.411142824916169e-05}]",dataset,
dataset_sample:5462,g,q,0.5112267732620239,"[{""label"": ""q"", ""probability"": 0.5112267732620239}, {""label"": ""o"", ""probability"": 0.17840857803821564}, {""label"": ""g"", ""probability"": 0.17571569979190826}]",dataset,
dataset_sample:5468,g,q,0.7244905233383179,"[{""label"": ""q"", ""probability"": 0.7244905233383179}, {""label"": ""g"", ""probability"": 0.27540236711502075}, {""label"": ""y"", ""probability"": 9.300174860982224e-05}]",dataset,
dataset_sample:5472,g,q,0.8006625771522522,"[{""label"": ""q"", ""probability"": 0.8006625771522522}, {""label"": ""g"", ""probability"": 0.1992105096578598}, {""label"": ""y"", ""probability"": 4.011814235127531e-05}]",dataset,
dataset_sample:5484,g,q,0.770087718963623,"[{""label"": ""q"", ""probability"": 0.770087718963623}, {""label"": ""g"", ""probability"": 0.22840401530265808}, {""label"": ""y"", ""probability"": 0.0012264869874343276}]",dataset,
dataset_sample:5488,g,q,0.8773722648620605,"[{""label"": ""q"", ""probability"": 0.8773722648620605}, {""label"": ""g"", ""probability"": 0.1226169615983963}, {""label"": ""a"", ""probability"": 7.809096132405102e-06}]",dataset,
dataset_sample:5497,g,b,0.5614815950393677,"[{""label"": ""b"", ""probability"": 0.5614815950393677}, {""label"": ""a"", ""probability"": 0.4095999300479889}, {""label"": ""q"", ""probability"": 0.015166002325713634}]",dataset,
dataset_sample:5501,g,q,0.7582336664199829,"[{""label"": ""q"", ""probability"": 0.7582336664199829}, {""label"": ""g"", ""probability"": 0.2395922839641571}, {""label"": ""y"", ""probability"": 0.0007893872680142522}]",dataset,
dataset_sample:5505,g,q,0.6188472509384155,"[{""label"": ""q"", ""probability"": 0.6188472509384155}, {""label"": ""g"", ""probability"": 0.3723609745502472}, {""label"": ""y"", ""probability"": 0.0075217909179627895}]",dataset,
dataset_sample:5515,g,q,0.7223737835884094,"[{""label"": ""q"", ""probability"": 0.7223737835884094}, {""label"": ""g"", ""probability"": 0.27757716178894043}, {""label"": ""y"", ""probability"": 3.1839310395298526e-05}]",dataset,
dataset_sample:5518,g,q,0.6132285594940186,"[{""label"": ""q"", ""probability"": 0.6132285594940186}, {""label"": ""g"", ""probability"": 0.3865202069282532}, {""label"": ""y"", ""probability"": 0.0001468273694626987}]",dataset,
dataset_sample:5521,g,q,0.5110029578208923,"[{""label"": ""q"", ""probability"": 0.5110029578208923}, {""label"": ""g"", ""probability"": 0.48063215613365173}, {""label"": ""a"", ""probability"": 0.008138608187437057}]",dataset,
dataset_sample:5527,g,q,0.7365948557853699,"[{""label"": ""q"", ""probability"": 0.7365948557853699}, {""label"": ""g"", ""probability"": 0.2583658695220947}, {""label"": ""y"", ""probability"": 0.0021651997230947018}]",dataset,
dataset_sample:5528,g,q,0.6021461486816406,"[{""label"": ""q"", ""probability"": 0.6021461486816406}, {""label"": ""g"", ""probability"": 0.3975599706172943}, {""label"": ""a"", ""probability"": 0.0001218720935867168}]",dataset,
dataset_sample:5532,g,q,0.44262567162513733,"[{""label"": ""q"", ""probability"": 0.44262567162513733}, {""label"": ""g"", ""probability"": 0.33749333024024963}, {""label"": ""a"", ""probability"": 0.2194911241531372}]",dataset,
dataset_sample:5537,g,q,0.8187198042869568,"[{""label"": ""q"", ""probability"": 0.8187198042869568}, {""label"": ""g"", ""probability"": 0.18123039603233337}, {""label"": ""y"", ""probability"": 4.560556772048585e-05}]",dataset,
dataset_sample:5542,g,q,0.5993924736976624,"[{""label"": ""q"", ""probability"": 0.5993924736976624}, {""label"": ""g"", ""probability"": 0.39016830921173096}, {""label"": ""y"", ""probability"": 0.007776408456265926}]",dataset,
dataset_sample:5556,g,q,0.5411922931671143,"[{""label"": ""q"", ""probability"": 0.5411922931671143}, {""label"": ""g"", ""probability"": 0.420494943857193}, {""label"": ""a"", ""probability"": 0.03623194992542267}]",dataset,
dataset_sample:5562,g,q,0.6887547969818115,"[{""label"": ""q"", ""probability"": 0.6887547969818115}, {""label"": ""g"", ""probability"": 0.20237194001674652}, {""label"": ""a"", ""probability"": 0.057025473564863205}]",dataset,
dataset_sample:5575,g,q,0.7484917044639587,"[{""label"": ""q"", ""probability"": 0.7484917044639587}, {""label"": ""g"", ""probability"": 0.25128090381622314}, {""label"": ""a"", ""probability"": 0.00011879627709276974}]",dataset,
dataset_sample:5576,g,d,0.8717675805091858,"[{""label"": ""d"", ""probability"": 0.8717675805091858}, {""label"": ""g"", ""probability"": 0.0731474906206131}, {""label"": ""j"", ""probability"": 0.05316837504506111}]",dataset,
dataset_sample:5577,g,q,0.7578113675117493,"[{""label"": ""q"", ""probability"": 0.7578113675117493}, {""label"": ""g"", ""probability"": 0.24197442829608917}, {""label"": ""y"", ""probability"": 0.00012810874613933265}]",dataset,
dataset_sample:5584,g,q,0.9017641544342041,"[{""label"": ""q"", ""probability"": 0.9017641544342041}, {""label"": ""g"", ""probability"": 0.09817561507225037}, {""label"": ""a"", ""probability"": 4.46036210632883e-05}]",dataset,
dataset_sample:5589,g,q,0.978557288646698,"[{""label"": ""q"", ""probability"": 0.978557288646698}, {""label"": ""g"", ""probability"": 0.021396884694695473}, {""label"": ""a"", ""probability"": 3.919714436051436e-05}]",dataset,
dataset_sample:5590,g,q,0.8361776471138,"[{""label"": ""q"", ""probability"": 0.8361776471138}, {""label"": ""g"", ""probability"": 0.15914404392242432}, {""label"": ""a"", ""probability"": 0.0036462857387959957}]",dataset,
dataset_sample:5595,g,q,0.7645457983016968,"[{""label"": ""q"", ""probability"": 0.7645457983016968}, {""label"": ""g"", ""probability"": 0.23534567654132843}, {""label"": ""a"", ""probability"": 7.606590952491388e-05}]",dataset,
dataset_sample:5597,g,q,0.9251619577407837,"[{""label"": ""q"", ""probability"": 0.9251619577407837}, {""label"": ""g"", ""probability"": 0.060603801161050797}, {""label"": ""z"", ""probability"": 0.00695461081340909}]",dataset,
dataset_sample:5602,h,l,0.8571547865867615,"[{""label"": ""l"", ""probability"": 0.8571547865867615}, {""label"": ""h"", ""probability"": 0.14061421155929565}, {""label"": ""i"", ""probability"": 0.0006933457334525883}]",dataset,
dataset_sample:5618,h,j,0.493236243724823,"[{""label"": ""j"", ""probability"": 0.493236243724823}, {""label"": ""h"", ""probability"": 0.329004168510437}, {""label"": ""a"", ""probability"": 0.06654422730207443}]",dataset,
dataset_sample:5702,h,l,0.7290748357772827,"[{""label"": ""l"", ""probability"": 0.7290748357772827}, {""label"": ""h"", ""probability"": 0.21712051331996918}, {""label"": ""c"", ""probability"": 0.02717074193060398}]",dataset,
dataset_sample:5717,h,k,0.9974679946899414,"[{""label"": ""k"", ""probability"": 0.9974679946899414}, {""label"": ""h"", ""probability"": 0.002448625862598419}, {""label"": ""r"", ""probability"": 7.78253233875148e-05}]",dataset,
dataset_sample:5761,h,n,0.6278395056724548,"[{""label"": ""n"", ""probability"": 0.6278395056724548}, {""label"": ""h"", ""probability"": 0.36779892444610596}, {""label"": ""r"", ""probability"": 0.0037203668616712093}]",dataset,
dataset_sample:5772,h,n,0.7533531188964844,"[{""label"": ""n"", ""probability"": 0.7533531188964844}, {""label"": ""h"", ""probability"": 0.24282339215278625}, {""label"": ""m"", ""probability"": 0.0022499433252960443}]",dataset,
dataset_sample:5806,h,n,0.9813814163208008,"[{""label"": ""n"", ""probability"": 0.9813814163208008}, {""label"": ""h"", ""probability"": 0.015100649558007717}, {""label"": ""r"", ""probability"": 0.0030937569681555033}]",dataset,
dataset_sample:5831,h,x,0.9792739748954773,"[{""label"": ""x"", ""probability"": 0.9792739748954773}, {""label"": ""k"", ""probability"": 0.012283244170248508}, {""label"": ""h"", ""probability"": 0.0040347035974264145}]",dataset,
dataset_sample:5855,h,l,0.8762567043304443,"[{""label"": ""l"", ""probability"": 0.8762567043304443}, {""label"": ""h"", ""probability"": 0.12249019742012024}, {""label"": ""i"", ""probability"": 0.0005258943419903517}]",dataset,
dataset_sample:5892,h,l,0.5884445905685425,"[{""label"": ""l"", ""probability"": 0.5884445905685425}, {""label"": ""h"", ""probability"": 0.3927724063396454}, {""label"": ""i"", ""probability"": 0.014966567978262901}]",dataset,
dataset_sample:5897,h,l,0.9041785597801208,"[{""label"": ""l"", ""probability"": 0.9041785597801208}, {""label"": ""h"", ""probability"": 0.09536430984735489}, {""label"": ""b"", ""probability"": 0.0002594701654743403}]",dataset,
dataset_sample:5932,h,d,0.6658232808113098,"[{""label"": ""d"", ""probability"": 0.6658232808113098}, {""label"": ""h"", ""probability"": 0.33087170124053955}, {""label"": ""a"", ""probability"": 0.0012377409730106592}]",dataset,
dataset_sample:5954,h,n,0.7085800766944885,"[{""label"": ""n"", ""probability"": 0.7085800766944885}, {""label"": ""h"", ""probability"": 0.08739583939313889}, {""label"": ""y"", ""probability"": 0.07466701418161392}]",dataset,
dataset_sample:5967,h,t,0.3847177028656006,"[{""label"": ""t"", ""probability"": 0.3847177028656006}, {""label"": ""f"", ""probability"": 0.3415640890598297}, {""label"": ""z"", ""probability"": 0.07275339961051941}]",dataset,
dataset_sample:5982,h,d,0.8344311118125916,"[{""label"": ""d"", ""probability"": 0.8344311118125916}, {""label"": ""h"", ""probability"": 0.10804415494203568}, {""label"": ""j"", ""probability"": 0.03320564702153206}]",dataset,
dataset_sample:5996,h,l,0.867641270160675,"[{""label"": ""l"", ""probability"": 0.867641270160675}, {""label"": ""h"", ""probability"": 0.07647152990102768}, {""label"": ""z"", ""probability"": 0.03823109716176987}]",dataset,
dataset_sample:6024,h,t,0.3547293543815613,"[{""label"": ""t"", ""probability"": 0.3547293543815613}, {""label"": ""h"", ""probability"": 0.29339155554771423}, {""label"": ""k"", ""probability"": 0.19254891574382782}]",dataset,
dataset_sample:6039,h,n,0.7152228951454163,"[{""label"": ""n"", ""probability"": 0.7152228951454163}, {""label"": ""h"", ""probability"": 0.2764180600643158}, {""label"": ""w"", ""probability"": 0.0026839561760425568}]",dataset,
dataset_sample:6224,h,b,0.7656729817390442,"[{""label"": ""b"", ""probability"": 0.7656729817390442}, {""label"": ""h"", ""probability"": 0.20320291817188263}, {""label"": ""l"", ""probability"": 0.02815215103328228}]",dataset,
dataset_sample:6249,h,n,0.49259400367736816,"[{""label"": ""n"", ""probability"": 0.49259400367736816}, {""label"": ""h"", ""probability"": 0.48152726888656616}, {""label"": ""r"", ""probability"": 0.009988085366785526}]",dataset,
dataset_sample:6283,h,a,0.9995511174201965,"[{""label"": ""a"", ""probability"": 0.9995511174201965}, {""label"": ""h"", ""probability"": 0.00021601628395728767}, {""label"": ""f"", ""probability"": 0.00020452965691220015}]",dataset,
dataset_sample:6312,h,b,0.5035423040390015,"[{""label"": ""b"", ""probability"": 0.5035423040390015}, {""label"": ""h"", ""probability"": 0.48572248220443726}, {""label"": ""l"", ""probability"": 0.010387472808361053}]",dataset,
dataset_sample:6399,h,e,0.39623716473579407,"[{""label"": ""e"", ""probability"": 0.39623716473579407}, {""label"": ""r"", ""probability"": 0.2088175117969513}, {""label"": ""b"", ""probability"": 0.13333912193775177}]",dataset,
dataset_sample:6400,i,l,0.6117492318153381,"[{""label"": ""l"", ""probability"": 0.6117492318153381}, {""label"": ""i"", ""probability"": 0.38708624243736267}, {""label"": ""j"", ""probability"": 0.0004961788654327393}]",dataset,
dataset_sample:6404,i,l,0.6873617768287659,"[{""label"": ""l"", ""probability"": 0.6873617768287659}, {""label"": ""i"", ""probability"": 0.3104031980037689}, {""label"": ""j"", ""probability"": 0.0010988896246999502}]",dataset,
dataset_sample:6405,i,l,0.6387831568717957,"[{""label"": ""l"", ""probability"": 0.6387831568717957}, {""label"": ""i"", ""probability"": 0.36100953817367554}, {""label"": ""j"", ""probability"": 0.00013136935012880713}]",dataset,
dataset_sample:6406,i,l,0.891368567943573,"[{""label"": ""l"", ""probability"": 0.891368567943573}, {""label"": ""i"", ""probability"": 0.09941871464252472}, {""label"": ""c"", ""probability"": 0.00782020390033722}]",dataset,
dataset_sample:6413,i,l,0.7980501055717468,"[{""label"": ""l"", ""probability"": 0.7980501055717468}, {""label"": ""i"", ""probability"": 0.19954268634319305}, {""label"": ""h"", ""probability"": 0.0010226956801488996}]",dataset,
dataset_sample:6415,i,l,0.6542762517929077,"[{""label"": ""l"", ""probability"": 0.6542762517929077}, {""label"": ""i"", ""probability"": 0.3451906144618988}, {""label"": ""j"", ""probability"": 0.00014583046140614897}]",dataset,
dataset_sample:6416,i,l,0.6280052661895752,"[{""label"": ""l"", ""probability"": 0.6280052661895752}, {""label"": ""i"", ""probability"": 0.37158697843551636}, {""label"": ""h"", ""probability"": 0.00012689271534327418}]",dataset,
dataset_sample:6417,i,j,0.7116552591323853,"[{""label"": ""j"", ""probability"": 0.7116552591323853}, {""label"": ""i"", ""probability"": 0.2863275408744812}, {""label"": ""l"", ""probability"": 0.0014169031055644155}]",dataset,
dataset_sample:6423,i,l,0.5429439544677734,"[{""label"": ""l"", ""probability"": 0.5429439544677734}, {""label"": ""i"", ""probability"": 0.4569714069366455}, {""label"": ""j"", ""probability"": 4.725278267869726e-05}]",dataset,
dataset_sample:6425,i,l,0.6730301976203918,"[{""label"": ""l"", ""probability"": 0.6730301976203918}, {""label"": ""i"", ""probability"": 0.3245156705379486}, {""label"": ""j"", ""probability"": 0.0005852410686202347}]",dataset,
dataset_sample:6428,i,g,0.8866820335388184,"[{""label"": ""g"", ""probability"": 0.8866820335388184}, {""label"": ""j"", ""probability"": 0.04964016377925873}, {""label"": ""s"", ""probability"": 0.01657678186893463}]",dataset,
dataset_sample:6432,i,l,0.6619850397109985,"[{""label"": ""l"", ""probability"": 0.6619850397109985}, {""label"": ""i"", ""probability"": 0.33790791034698486}, {""label"": ""j"", ""probability"": 6.642184598604217e-05}]",dataset,
dataset_sample:6436,i,l,0.852927029132843,"[{""label"": ""l"", ""probability"": 0.852927029132843}, {""label"": ""i"", ""probability"": 0.14109115302562714}, {""label"": ""h"", ""probability"": 0.0015904060564935207}]",dataset,
dataset_sample:6439,i,l,0.5361197590827942,"[{""label"": ""l"", ""probability"": 0.5361197590827942}, {""label"": ""i"", ""probability"": 0.46222689747810364}, {""label"": ""h"", ""probability"": 0.00042465986916795373}]",dataset,
dataset_sample:6443,i,l,0.6404164433479309,"[{""label"": ""l"", ""probability"": 0.6404164433479309}, {""label"": ""i"", ""probability"": 0.35944080352783203}, {""label"": ""j"", ""probability"": 8.879420056473464e-05}]",dataset,
dataset_sample:6450,i,j,0.6080354452133179,"[{""label"": ""j"", ""probability"": 0.6080354452133179}, {""label"": ""i"", ""probability"": 0.38956931233406067}, {""label"": ""g"", ""probability"": 0.001767519279383123}]",dataset,
dataset_sample:6452,i,l,0.8389549255371094,"[{""label"": ""l"", ""probability"": 0.8389549255371094}, {""label"": ""i"", ""probability"": 0.15820176899433136}, {""label"": ""h"", ""probability"": 0.0016499579651281238}]",dataset,
dataset_sample:6456,i,l,0.6779712438583374,"[{""label"": ""l"", ""probability"": 0.6779712438583374}, {""label"": ""i"", ""probability"": 0.3219034969806671}, {""label"": ""j"", ""probability"": 9.451871301280335e-05}]",dataset,
dataset_sample:6467,i,l,0.7676608562469482,"[{""label"": ""l"", ""probability"": 0.7676608562469482}, {""label"": ""i"", ""probability"": 0.22888030111789703}, {""label"": ""j"", ""probability"": 0.002674116287380457}]",dataset,
dataset_sample:6474,i,l,0.7637621164321899,"[{""label"": ""l"", ""probability"": 0.7637621164321899}, {""label"": ""i"", ""probability"": 0.23101617395877838}, {""label"": ""j"", ""probability"": 0.002773904474452138}]",dataset,
dataset_sample:6481,i,l,0.8978785276412964,"[{""label"": ""l"", ""probability"": 0.8978785276412964}, {""label"": ""i"", ""probability"": 0.09807674586772919}, {""label"": ""t"", ""probability"": 0.0014110570773482323}]",dataset,
dataset_sample:6482,i,l,0.5320960283279419,"[{""label"": ""l"", ""probability"": 0.5320960283279419}, {""label"": ""i"", ""probability"": 0.4675690829753876}, {""label"": ""j"", ""probability"": 0.0002411099849268794}]",dataset,
dataset_sample:6484,i,l,0.5057535171508789,"[{""label"": ""l"", ""probability"": 0.5057535171508789}, {""label"": ""i"", ""probability"": 0.49394071102142334}, {""label"": ""j"", ""probability"": 0.0002518463006708771}]",dataset,
dataset_sample:6485,i,l,0.7023257613182068,"[{""label"": ""l"", ""probability"": 0.7023257613182068}, {""label"": ""i"", ""probability"": 0.2959662079811096}, {""label"": ""h"", ""probability"": 0.0008484467980451882}]",dataset,
dataset_sample:6487,i,l,0.7372656464576721,"[{""label"": ""l"", ""probability"": 0.7372656464576721}, {""label"": ""i"", ""probability"": 0.262482225894928}, {""label"": ""h"", ""probability"": 8.148373308358714e-05}]",dataset,
dataset_sample:6488,i,l,0.8633097410202026,"[{""label"": ""l"", ""probability"": 0.8633097410202026}, {""label"": ""i"", ""probability"": 0.1344182938337326}, {""label"": ""j"", ""probability"": 0.0011308720568194985}]",dataset,
dataset_sample:6489,i,l,0.846229612827301,"[{""label"": ""l"", ""probability"": 0.846229612827301}, {""label"": ""i"", ""probability"": 0.1527097523212433}, {""label"": ""h"", ""probability"": 0.0005062163691036403}]",dataset,
dataset_sample:6490,i,l,0.674105167388916,"[{""label"": ""l"", ""probability"": 0.674105167388916}, {""label"": ""i"", ""probability"": 0.32409965991973877}, {""label"": ""j"", ""probability"": 0.0011631367960944772}]",dataset,
dataset_sample:6491,i,l,0.9195394515991211,"[{""label"": ""l"", ""probability"": 0.9195394515991211}, {""label"": ""i"", ""probability"": 0.0587330162525177}, {""label"": ""h"", ""probability"": 0.009580107405781746}]",dataset,
dataset_sample:6496,i,l,0.6284263134002686,"[{""label"": ""l"", ""probability"": 0.6284263134002686}, {""label"": ""i"", ""probability"": 0.3714900016784668}, {""label"": ""h"", ""probability"": 4.9733524065231904e-05}]",dataset,
dataset_sample:6498,i,l,0.7478123903274536,"[{""label"": ""l"", ""probability"": 0.7478123903274536}, {""label"": ""i"", ""probability"": 0.2500305473804474}, {""label"": ""j"", ""probability"": 0.0005934215732850134}]",dataset,
dataset_sample:6500,i,l,0.9066721796989441,"[{""label"": ""l"", ""probability"": 0.9066721796989441}, {""label"": ""i"", ""probability"": 0.08692792057991028}, {""label"": ""h"", ""probability"": 0.0025022178888320923}]",dataset,
dataset_sample:6501,i,l,0.7994899153709412,"[{""label"": ""l"", ""probability"": 0.7994899153709412}, {""label"": ""i"", ""probability"": 0.20025435090065002}, {""label"": ""j"", ""probability"": 0.0001471091527491808}]",dataset,
dataset_sample:6512,i,l,0.8410428762435913,"[{""label"": ""l"", ""probability"": 0.8410428762435913}, {""label"": ""i"", ""probability"": 0.15830573439598083}, {""label"": ""j"", ""probability"": 0.0005546911270357668}]",dataset,
dataset_sample:6514,i,f,0.3386220335960388,"[{""label"": ""f"", ""probability"": 0.3386220335960388}, {""label"": ""t"", ""probability"": 0.2440301924943924}, {""label"": ""l"", ""probability"": 0.14864066243171692}]",dataset,
dataset_sample:6516,i,l,0.6297289729118347,"[{""label"": ""l"", ""probability"": 0.6297289729118347}, {""label"": ""i"", ""probability"": 0.35174843668937683}, {""label"": ""j"", ""probability"": 0.01645396463572979}]",dataset,
dataset_sample:6517,i,l,0.6654559969902039,"[{""label"": ""l"", ""probability"": 0.6654559969902039}, {""label"": ""i"", ""probability"": 0.3296697437763214}, {""label"": ""j"", ""probability"": 0.003392256097868085}]",dataset,
dataset_sample:6520,i,l,0.5922995209693909,"[{""label"": ""l"", ""probability"": 0.5922995209693909}, {""label"": ""i"", ""probability"": 0.40638795495033264}, {""label"": ""j"", ""probability"": 0.0008440637611784041}]",dataset,
dataset_sample:6523,i,l,0.6470161080360413,"[{""label"": ""l"", ""probability"": 0.6470161080360413}, {""label"": ""i"", ""probability"": 0.3528572618961334}, {""label"": ""j"", ""probability"": 4.869627082371153e-05}]",dataset,
dataset_sample:6528,i,l,0.6628958582878113,"[{""label"": ""l"", ""probability"": 0.6628958582878113}, {""label"": ""i"", ""probability"": 0.33695945143699646}, {""label"": ""j"", ""probability"": 7.204667053883895e-05}]",dataset,
dataset_sample:6530,i,l,0.7106682062149048,"[{""label"": ""l"", ""probability"": 0.7106682062149048}, {""label"": ""i"", ""probability"": 0.28801462054252625}, {""label"": ""j"", ""probability"": 0.0005836568307131529}]",dataset,
dataset_sample:6536,i,l,0.5132551789283752,"[{""label"": ""l"", ""probability"": 0.5132551789283752}, {""label"": ""i"", ""probability"": 0.48647066950798035}, {""label"": ""j"", ""probability"": 6.669772847089916e-05}]",dataset,
dataset_sample:6540,i,l,0.7637352347373962,"[{""label"": ""l"", ""probability"": 0.7637352347373962}, {""label"": ""i"", ""probability"": 0.23469114303588867}, {""label"": ""j"", ""probability"": 0.001070357975549996}]",dataset,
dataset_sample:6541,i,l,0.8438947796821594,"[{""label"": ""l"", ""probability"": 0.8438947796821594}, {""label"": ""i"", ""probability"": 0.15451499819755554}, {""label"": ""j"", ""probability"": 0.0009757630759850144}]",dataset,
dataset_sample:6546,i,l,0.7178412675857544,"[{""label"": ""l"", ""probability"": 0.7178412675857544}, {""label"": ""i"", ""probability"": 0.2817288935184479}, {""label"": ""j"", ""probability"": 0.00016807997599244118}]",dataset,
dataset_sample:6547,i,l,0.6259716749191284,"[{""label"": ""l"", ""probability"": 0.6259716749191284}, {""label"": ""i"", ""probability"": 0.3737376630306244}, {""label"": ""h"", ""probability"": 0.00012620023335330188}]",dataset,
dataset_sample:6550,i,l,0.7976924777030945,"[{""label"": ""l"", ""probability"": 0.7976924777030945}, {""label"": ""i"", ""probability"": 0.20213650166988373}, {""label"": ""j"", ""probability"": 8.296791929751635e-05}]",dataset,
dataset_sample:6551,i,l,0.7507317662239075,"[{""label"": ""l"", ""probability"": 0.7507317662239075}, {""label"": ""i"", ""probability"": 0.24595989286899567}, {""label"": ""h"", ""probability"": 0.0010695218807086349}]",dataset,
dataset_sample:6552,i,l,0.7567222118377686,"[{""label"": ""l"", ""probability"": 0.7567222118377686}, {""label"": ""i"", ""probability"": 0.24302202463150024}, {""label"": ""h"", ""probability"": 0.00017676474817562848}]",dataset,
dataset_sample:6557,i,l,0.819772481918335,"[{""label"": ""l"", ""probability"": 0.819772481918335}, {""label"": ""i"", ""probability"": 0.1800665259361267}, {""label"": ""j"", ""probability"": 3.810805719695054e-05}]",dataset,
dataset_sample:6562,i,l,0.6282635927200317,"[{""label"": ""l"", ""probability"": 0.6282635927200317}, {""label"": ""i"", ""probability"": 0.3712896704673767}, {""label"": ""h"", ""probability"": 0.000168127691722475}]",dataset,
dataset_sample:6563,i,l,0.5622418522834778,"[{""label"": ""l"", ""probability"": 0.5622418522834778}, {""label"": ""i"", ""probability"": 0.4347304403781891}, {""label"": ""j"", ""probability"": 0.0006377842510119081}]",dataset,
dataset_sample:6566,i,l,0.5045302510261536,"[{""label"": ""l"", ""probability"": 0.5045302510261536}, {""label"": ""i"", ""probability"": 0.494989812374115}, {""label"": ""h"", ""probability"": 0.00011375174653949216}]",dataset,
dataset_sample:6571,i,l,0.8468753695487976,"[{""label"": ""l"", ""probability"": 0.8468753695487976}, {""label"": ""i"", ""probability"": 0.15125946700572968}, {""label"": ""h"", ""probability"": 0.0006160300690680742}]",dataset,
dataset_sample:6577,i,l,0.6718378663063049,"[{""label"": ""l"", ""probability"": 0.6718378663063049}, {""label"": ""i"", ""probability"": 0.32766348123550415}, {""label"": ""j"", ""probability"": 0.00019841284665744752}]",dataset,
dataset_sample:6579,i,l,0.5062708854675293,"[{""label"": ""l"", ""probability"": 0.5062708854675293}, {""label"": ""i"", ""probability"": 0.49359795451164246}, {""label"": ""j"", ""probability"": 0.00010092517186421901}]",dataset,
dataset_sample:6581,i,l,0.5184865593910217,"[{""label"": ""l"", ""probability"": 0.5184865593910217}, {""label"": ""i"", ""probability"": 0.47941648960113525}, {""label"": ""j"", ""probability"": 0.0008318449254147708}]",dataset,
dataset_sample:6587,i,l,0.8053426742553711,"[{""label"": ""l"", ""probability"": 0.8053426742553711}, {""label"": ""i"", ""probability"": 0.19455190002918243}, {""label"": ""j"", ""probability"": 6.68550273985602e-05}]",dataset,
dataset_sample:6588,i,l,0.5142204761505127,"[{""label"": ""l"", ""probability"": 0.5142204761505127}, {""label"": ""i"", ""probability"": 0.48433467745780945}, {""label"": ""h"", ""probability"": 0.0009082573815248907}]",dataset,
dataset_sample:6596,i,l,0.5678338408470154,"[{""label"": ""l"", ""probability"": 0.5678338408470154}, {""label"": ""i"", ""probability"": 0.43170395493507385}, {""label"": ""j"", ""probability"": 0.00021944701438769698}]",dataset,
dataset_sample:6597,i,l,0.6729195713996887,"[{""label"": ""l"", ""probability"": 0.6729195713996887}, {""label"": ""i"", ""probability"": 0.32662233710289}, {""label"": ""h"", ""probability"": 0.00017172198568005115}]",dataset,
dataset_sample:6599,i,l,0.8517703413963318,"[{""label"": ""l"", ""probability"": 0.8517703413963318}, {""label"": ""i"", ""probability"": 0.1462959498167038}, {""label"": ""t"", ""probability"": 0.0005727151874452829}]",dataset,
dataset_sample:6600,i,l,0.6775102019309998,"[{""label"": ""l"", ""probability"": 0.6775102019309998}, {""label"": ""i"", ""probability"": 0.32236868143081665}, {""label"": ""h"", ""probability"": 5.678024172084406e-05}]",dataset,
dataset_sample:6602,i,l,0.6961681842803955,"[{""label"": ""l"", ""probability"": 0.6961681842803955}, {""label"": ""i"", ""probability"": 0.30334874987602234}, {""label"": ""j"", ""probability"": 0.0004240020352881402}]",dataset,
dataset_sample:6608,i,l,0.8875284194946289,"[{""label"": ""l"", ""probability"": 0.8875284194946289}, {""label"": ""i"", ""probability"": 0.11096020042896271}, {""label"": ""j"", ""probability"": 0.0014415234327316284}]",dataset,
dataset_sample:6612,i,l,0.6415815353393555,"[{""label"": ""l"", ""probability"": 0.6415815353393555}, {""label"": ""b"", ""probability"": 0.23388348519802094}, {""label"": ""h"", ""probability"": 0.087733693420887}]",dataset,
dataset_sample:6613,i,l,0.9607725739479065,"[{""label"": ""l"", ""probability"": 0.9607725739479065}, {""label"": ""i"", ""probability"": 0.0358414500951767}, {""label"": ""h"", ""probability"": 0.0018724679248407483}]",dataset,
dataset_sample:6617,i,l,0.6871781945228577,"[{""label"": ""l"", ""probability"": 0.6871781945228577}, {""label"": ""i"", ""probability"": 0.31195226311683655}, {""label"": ""h"", ""probability"": 0.00034453620901331306}]",dataset,
dataset_sample:6619,i,l,0.8184841275215149,"[{""label"": ""l"", ""probability"": 0.8184841275215149}, {""label"": ""i"", ""probability"": 0.17981946468353271}, {""label"": ""j"", ""probability"": 0.0011718861060217023}]",dataset,
dataset_sample:6620,i,l,0.8242927193641663,"[{""label"": ""l"", ""probability"": 0.8242927193641663}, {""label"": ""i"", ""probability"": 0.1752990335226059}, {""label"": ""j"", ""probability"": 0.0003625061654020101}]",dataset,
dataset_sample:6624,i,l,0.6937934160232544,"[{""label"": ""l"", ""probability"": 0.6937934160232544}, {""label"": ""i"", ""probability"": 0.30595532059669495}, {""label"": ""j"", ""probability"": 7.913159060990438e-05}]",dataset,
dataset_sample:6631,i,l,0.6919125914573669,"[{""label"": ""l"", ""probability"": 0.6919125914573669}, {""label"": ""i"", ""probability"": 0.3066863715648651}, {""label"": ""j"", ""probability"": 0.0008411473245359957}]",dataset,
dataset_sample:6633,i,l,0.49488455057144165,"[{""label"": ""l"", ""probability"": 0.49488455057144165}, {""label"": ""i"", ""probability"": 0.49281933903694153}, {""label"": ""h"", ""probability"": 0.003925176803022623}]",dataset,
dataset_sample:6638,i,l,0.6983910202980042,"[{""label"": ""l"", ""probability"": 0.6983910202980042}, {""label"": ""i"", ""probability"": 0.2750163972377777}, {""label"": ""j"", ""probability"": 0.009537910111248493}]",dataset,
dataset_sample:6639,i,l,0.5013226866722107,"[{""label"": ""l"", ""probability"": 0.5013226866722107}, {""label"": ""i"", ""probability"": 0.49765101075172424}, {""label"": ""j"", ""probability"": 0.0006893354002386332}]",dataset,
dataset_sample:6641,i,l,0.6159524917602539,"[{""label"": ""l"", ""probability"": 0.6159524917602539}, {""label"": ""i"", ""probability"": 0.383484423160553}, {""label"": ""j"", ""probability"": 0.0003833659866359085}]",dataset,
dataset_sample:6645,i,l,0.6185388565063477,"[{""label"": ""l"", ""probability"": 0.6185388565063477}, {""label"": ""i"", ""probability"": 0.38082021474838257}, {""label"": ""j"", ""probability"": 0.0004263895971234888}]",dataset,
dataset_sample:6649,i,l,0.5404289364814758,"[{""label"": ""l"", ""probability"": 0.5404289364814758}, {""label"": ""i"", ""probability"": 0.459075927734375}, {""label"": ""h"", ""probability"": 0.00019308898481540382}]",dataset,
dataset_sample:6652,i,j,0.6277014017105103,"[{""label"": ""j"", ""probability"": 0.6277014017105103}, {""label"": ""i"", ""probability"": 0.36939582228660583}, {""label"": ""l"", ""probability"": 0.002539329929277301}]",dataset,
dataset_sample:6653,i,l,0.5745083689689636,"[{""label"": ""l"", ""probability"": 0.5745083689689636}, {""label"": ""i"", ""probability"": 0.4233667552471161}, {""label"": ""j"", ""probability"": 0.0014805501559749246}]",dataset,
dataset_sample:6655,i,l,0.5961570739746094,"[{""label"": ""l"", ""probability"": 0.5961570739746094}, {""label"": ""i"", ""probability"": 0.4000116288661957}, {""label"": ""c"", ""probability"": 0.003258548676967621}]",dataset,
dataset_sample:6656,i,l,0.593437910079956,"[{""label"": ""l"", ""probability"": 0.593437910079956}, {""label"": ""i"", ""probability"": 0.405178427696228}, {""label"": ""j"", ""probability"": 0.0011083136778324842}]",dataset,
dataset_sample:6660,i,e,0.24261531233787537,"[{""label"": ""e"", ""probability"": 0.24261531233787537}, {""label"": ""b"", ""probability"": 0.20599877834320068}, {""label"": ""g"", ""probability"": 0.18532690405845642}]",dataset,
dataset_sample:6661,i,l,0.7175655364990234,"[{""label"": ""l"", ""probability"": 0.7175655364990234}, {""label"": ""i"", ""probability"": 0.28191789984703064}, {""label"": ""j"", ""probability"": 0.00013705423043575138}]",dataset,
dataset_sample:6665,i,l,0.808659553527832,"[{""label"": ""l"", ""probability"": 0.808659553527832}, {""label"": ""i"", ""probability"": 0.19095808267593384}, {""label"": ""h"", ""probability"": 0.00019710100605152547}]",dataset,
dataset_sample:6675,i,l,0.6264424324035645,"[{""label"": ""l"", ""probability"": 0.6264424324035645}, {""label"": ""i"", ""probability"": 0.3629150688648224}, {""label"": ""j"", ""probability"": 0.006943885702639818}]",dataset,
dataset_sample:6676,i,l,0.5468339920043945,"[{""label"": ""l"", ""probability"": 0.5468339920043945}, {""label"": ""i"", ""probability"": 0.4528711140155792}, {""label"": ""h"", ""probability"": 0.00013483459770213813}]",dataset,
dataset_sample:6690,i,l,0.6812212467193604,"[{""label"": ""l"", ""probability"": 0.6812212467193604}, {""label"": ""i"", ""probability"": 0.31864893436431885}, {""label"": ""h"", ""probability"": 6.0449052398325875e-05}]",dataset,
dataset_sample:6696,i,l,0.5076553821563721,"[{""label"": ""l"", ""probability"": 0.5076553821563721}, {""label"": ""i"", ""probability"": 0.4918907880783081}, {""label"": ""h"", ""probability"": 0.00013962537923362106}]",dataset,
dataset_sample:6697,i,l,0.722014844417572,"[{""label"": ""l"", ""probability"": 0.722014844417572}, {""label"": ""i"", ""probability"": 0.27762570977211}, {""label"": ""j"", ""probability"": 0.0001610621839063242}]",dataset,
dataset_sample:6700,i,l,0.5033136010169983,"[{""label"": ""l"", ""probability"": 0.5033136010169983}, {""label"": ""i"", ""probability"": 0.49649810791015625}, {""label"": ""h"", ""probability"": 7.698107947362587e-05}]",dataset,
dataset_sample:6706,i,l,0.8147071599960327,"[{""label"": ""l"", ""probability"": 0.8147071599960327}, {""label"": ""i"", ""probability"": 0.1847379207611084}, {""label"": ""j"", ""probability"": 0.00027047444018535316}]",dataset,
dataset_sample:6708,i,l,0.7922162413597107,"[{""label"": ""l"", ""probability"": 0.7922162413597107}, {""label"": ""i"", ""probability"": 0.20621946454048157}, {""label"": ""j"", ""probability"": 0.0013838602462783456}]",dataset,
dataset_sample:6711,i,l,0.5940160751342773,"[{""label"": ""l"", ""probability"": 0.5940160751342773}, {""label"": ""i"", ""probability"": 0.4057602286338806}, {""label"": ""j"", ""probability"": 8.181355224223807e-05}]",dataset,
dataset_sample:6713,i,l,0.6079369187355042,"[{""label"": ""l"", ""probability"": 0.6079369187355042}, {""label"": ""i"", ""probability"": 0.39185306429862976}, {""label"": ""j"", ""probability"": 0.0001515408221166581}]",dataset,
dataset_sample:6717,i,l,0.8955026865005493,"[{""label"": ""l"", ""probability"": 0.8955026865005493}, {""label"": ""i"", ""probability"": 0.10382649302482605}, {""label"": ""h"", ""probability"": 0.0004375827556941658}]",dataset,
dataset_sample:6720,i,l,0.7333818674087524,"[{""label"": ""l"", ""probability"": 0.7333818674087524}, {""label"": ""i"", ""probability"": 0.26537734270095825}, {""label"": ""j"", ""probability"": 0.00047865850501693785}]",dataset,
dataset_sample:6730,i,l,0.6197233200073242,"[{""label"": ""l"", ""probability"": 0.6197233200073242}, {""label"": ""i"", ""probability"": 0.37968626618385315}, {""label"": ""h"", ""probability"": 0.00021676041069440544}]",dataset,
dataset_sample:6733,i,l,0.7294573783874512,"[{""label"": ""l"", ""probability"": 0.7294573783874512}, {""label"": ""i"", ""probability"": 0.2694140076637268}, {""label"": ""j"", ""probability"": 0.0008613812387920916}]",dataset,
dataset_sample:6736,i,l,0.5185891389846802,"[{""label"": ""l"", ""probability"": 0.5185891389846802}, {""label"": ""i"", ""probability"": 0.4739569425582886}, {""label"": ""j"", ""probability"": 0.00727024395018816}]",dataset,
dataset_sample:6740,i,j,0.5062811374664307,"[{""label"": ""j"", ""probability"": 0.5062811374664307}, {""label"": ""i"", ""probability"": 0.49333781003952026}, {""label"": ""l"", ""probability"": 0.00019345831242389977}]",dataset,
dataset_sample:6748,i,l,0.8182441592216492,"[{""label"": ""l"", ""probability"": 0.8182441592216492}, {""label"": ""i"", ""probability"": 0.18116120994091034}, {""label"": ""h"", ""probability"": 0.00021020187705289572}]",dataset,
dataset_sample:6752,i,l,0.5096464157104492,"[{""label"": ""l"", ""probability"": 0.5096464157104492}, {""label"": ""i"", ""probability"": 0.48490938544273376}, {""label"": ""p"", ""probability"": 0.0013041859492659569}]",dataset,
dataset_sample:6755,i,l,0.5997642874717712,"[{""label"": ""l"", ""probability"": 0.5997642874717712}, {""label"": ""i"", ""probability"": 0.397416889667511}, {""label"": ""j"", ""probability"": 0.0024374406784772873}]",dataset,
dataset_sample:6757,i,l,0.5969771146774292,"[{""label"": ""l"", ""probability"": 0.5969771146774292}, {""label"": ""i"", ""probability"": 0.40140336751937866}, {""label"": ""r"", ""probability"": 0.0005453916965052485}]",dataset,
dataset_sample:6762,i,l,0.7009618878364563,"[{""label"": ""l"", ""probability"": 0.7009618878364563}, {""label"": ""i"", ""probability"": 0.2982897162437439}, {""label"": ""j"", ""probability"": 0.00044806551886722445}]",dataset,
dataset_sample:6767,i,l,0.6443124413490295,"[{""label"": ""l"", ""probability"": 0.6443124413490295}, {""label"": ""i"", ""probability"": 0.35460084676742554}, {""label"": ""j"", ""probability"": 0.0008255914435721934}]",dataset,
dataset_sample:6770,i,l,0.7449101209640503,"[{""label"": ""l"", ""probability"": 0.7449101209640503}, {""label"": ""i"", ""probability"": 0.25501957535743713}, {""label"": ""j"", ""probability"": 4.0182581869885325e-05}]",dataset,
dataset_sample:6775,i,l,0.5428497195243835,"[{""label"": ""l"", ""probability"": 0.5428497195243835}, {""label"": ""i"", ""probability"": 0.4487316906452179}, {""label"": ""j"", ""probability"": 0.007737603038549423}]",dataset,
dataset_sample:6778,i,l,0.7329990267753601,"[{""label"": ""l"", ""probability"": 0.7329990267753601}, {""label"": ""i"", ""probability"": 0.2665264308452606}, {""label"": ""h"", ""probability"": 0.00023503506963606924}]",dataset,
dataset_sample:6780,i,l,0.7570162415504456,"[{""label"": ""l"", ""probability"": 0.7570162415504456}, {""label"": ""i"", ""probability"": 0.2422792762517929}, {""label"": ""h"", ""probability"": 0.00030517001869156957}]",dataset,
dataset_sample:6784,i,l,0.7737556099891663,"[{""label"": ""l"", ""probability"": 0.7737556099891663}, {""label"": ""i"", ""probability"": 0.2258782535791397}, {""label"": ""h"", ""probability"": 0.00014675404236186296}]",dataset,
dataset_sample:6793,i,l,0.7018905282020569,"[{""label"": ""l"", ""probability"": 0.7018905282020569}, {""label"": ""i"", ""probability"": 0.297972172498703}, {""label"": ""j"", ""probability"": 5.396263804868795e-05}]",dataset,
dataset_sample:6799,i,l,0.6673470735549927,"[{""label"": ""l"", ""probability"": 0.6673470735549927}, {""label"": ""i"", ""probability"": 0.3299423158168793}, {""label"": ""h"", ""probability"": 0.0013200435787439346}]",dataset,
dataset_sample:6800,i,l,0.5125550627708435,"[{""label"": ""l"", ""probability"": 0.5125550627708435}, {""label"": ""i"", ""probability"": 0.4871557950973511}, {""label"": ""j"", ""probability"": 0.00011357971379766241}]",dataset,
dataset_sample:6801,i,l,0.7519577145576477,"[{""label"": ""l"", ""probability"": 0.7519577145576477}, {""label"": ""i"", ""probability"": 0.24719102680683136}, {""label"": ""j"", ""probability"": 0.0003517939185258001}]",dataset,
dataset_sample:6807,i,l,0.7823770642280579,"[{""label"": ""l"", ""probability"": 0.7823770642280579}, {""label"": ""i"", ""probability"": 0.2127111554145813}, {""label"": ""j"", ""probability"": 0.003305004443973303}]",dataset,
dataset_sample:6812,i,l,0.7095006704330444,"[{""label"": ""l"", ""probability"": 0.7095006704330444}, {""label"": ""i"", ""probability"": 0.2889127731323242}, {""label"": ""j"", ""probability"": 0.0006946372450329363}]",dataset,
dataset_sample:6817,i,v,0.6721793413162231,"[{""label"": ""v"", ""probability"": 0.6721793413162231}, {""label"": ""u"", ""probability"": 0.32650226354599}, {""label"": ""j"", ""probability"": 0.000601542298682034}]",dataset,
dataset_sample:6818,i,l,0.7079458832740784,"[{""label"": ""l"", ""probability"": 0.7079458832740784}, {""label"": ""i"", ""probability"": 0.29151651263237}, {""label"": ""j"", ""probability"": 0.00015275202167686075}]",dataset,
dataset_sample:6820,i,l,0.5384491682052612,"[{""label"": ""l"", ""probability"": 0.5384491682052612}, {""label"": ""i"", ""probability"": 0.4610268473625183}, {""label"": ""j"", ""probability"": 0.00019032736599911004}]",dataset,
dataset_sample:6824,i,l,0.921774685382843,"[{""label"": ""l"", ""probability"": 0.921774685382843}, {""label"": ""i"", ""probability"": 0.07718223333358765}, {""label"": ""h"", ""probability"": 0.0004901501233689487}]",dataset,
dataset_sample:6828,i,l,0.5613003969192505,"[{""label"": ""l"", ""probability"": 0.5613003969192505}, {""label"": ""i"", ""probability"": 0.4379143714904785}, {""label"": ""j"", ""probability"": 0.0006447610794566572}]",dataset,
dataset_sample:6831,i,l,0.5472899079322815,"[{""label"": ""l"", ""probability"": 0.5472899079322815}, {""label"": ""i"", ""probability"": 0.45227089524269104}, {""label"": ""h"", ""probability"": 0.00016894956934265792}]",dataset,
dataset_sample:6832,i,l,0.5936083197593689,"[{""label"": ""l"", ""probability"": 0.5936083197593689}, {""label"": ""i"", ""probability"": 0.40490224957466125}, {""label"": ""h"", ""probability"": 0.0005500347469933331}]",dataset,
dataset_sample:6833,i,l,0.6034226417541504,"[{""label"": ""l"", ""probability"": 0.6034226417541504}, {""label"": ""i"", ""probability"": 0.3964652121067047}, {""label"": ""j"", ""probability"": 6.606135866604745e-05}]",dataset,
dataset_sample:6834,i,l,0.6302326917648315,"[{""label"": ""l"", ""probability"": 0.6302326917648315}, {""label"": ""i"", ""probability"": 0.3695198595523834}, {""label"": ""h"", ""probability"": 0.00014151580398902297}]",dataset,
dataset_sample:6835,i,l,0.6862527132034302,"[{""label"": ""l"", ""probability"": 0.6862527132034302}, {""label"": ""i"", ""probability"": 0.3135271370410919}, {""label"": ""h"", ""probability"": 7.813452248228714e-05}]",dataset,
dataset_sample:6840,i,l,0.7673894762992859,"[{""label"": ""l"", ""probability"": 0.7673894762992859}, {""label"": ""i"", ""probability"": 0.23192133009433746}, {""label"": ""j"", ""probability"": 0.0005694303545169532}]",dataset,
dataset_sample:6868,i,l,0.5536065697669983,"[{""label"": ""l"", ""probability"": 0.5536065697669983}, {""label"": ""i"", ""probability"": 0.4077483117580414}, {""label"": ""c"", ""probability"": 0.027853481471538544}]",dataset,
dataset_sample:6870,i,j,0.8865521550178528,"[{""label"": ""j"", ""probability"": 0.8865521550178528}, {""label"": ""i"", ""probability"": 0.09712603688240051}, {""label"": ""t"", ""probability"": 0.015397909097373486}]",dataset,
dataset_sample:6872,i,l,0.7404438257217407,"[{""label"": ""l"", ""probability"": 0.7404438257217407}, {""label"": ""i"", ""probability"": 0.2592858076095581}, {""label"": ""j"", ""probability"": 0.00019535610044840723}]",dataset,
dataset_sample:6873,i,l,0.8910948038101196,"[{""label"": ""l"", ""probability"": 0.8910948038101196}, {""label"": ""i"", ""probability"": 0.10823044180870056}, {""label"": ""h"", ""probability"": 0.0002814924519043416}]",dataset,
dataset_sample:6879,i,l,0.8164093494415283,"[{""label"": ""l"", ""probability"": 0.8164093494415283}, {""label"": ""i"", ""probability"": 0.1828741580247879}, {""label"": ""h"", ""probability"": 0.00030448229517787695}]",dataset,
dataset_sample:6880,i,l,0.8349130749702454,"[{""label"": ""l"", ""probability"": 0.8349130749702454}, {""label"": ""i"", ""probability"": 0.16444207727909088}, {""label"": ""j"", ""probability"": 0.00023353179858531803}]",dataset,
dataset_sample:6881,i,l,0.8173772692680359,"[{""label"": ""l"", ""probability"": 0.8173772692680359}, {""label"": ""i"", ""probability"": 0.1822933405637741}, {""label"": ""j"", ""probability"": 0.00013641877740155905}]",dataset,
dataset_sample:6882,i,l,0.7225077748298645,"[{""label"": ""l"", ""probability"": 0.7225077748298645}, {""label"": ""i"", ""probability"": 0.27734270691871643}, {""label"": ""h"", ""probability"": 7.060535426717252e-05}]",dataset,
dataset_sample:6887,i,l,0.7019816637039185,"[{""label"": ""l"", ""probability"": 0.7019816637039185}, {""label"": ""i"", ""probability"": 0.2938428521156311}, {""label"": ""h"", ""probability"": 0.0037058608140796423}]",dataset,
dataset_sample:6888,i,l,0.5098969340324402,"[{""label"": ""l"", ""probability"": 0.5098969340324402}, {""label"": ""i"", ""probability"": 0.4898653030395508}, {""label"": ""j"", ""probability"": 0.00014566532627213746}]",dataset,
dataset_sample:6893,i,j,0.5747631788253784,"[{""label"": ""j"", ""probability"": 0.5747631788253784}, {""label"": ""i"", ""probability"": 0.4248940646648407}, {""label"": ""l"", ""probability"": 0.00028065225342288613}]",dataset,
dataset_sample:6901,i,l,0.9043882489204407,"[{""label"": ""l"", ""probability"": 0.9043882489204407}, {""label"": ""i"", ""probability"": 0.09299445897340775}, {""label"": ""j"", ""probability"": 0.0010655286023393273}]",dataset,
dataset_sample:6902,i,l,0.555675745010376,"[{""label"": ""l"", ""probability"": 0.555675745010376}, {""label"": ""i"", ""probability"": 0.44387757778167725}, {""label"": ""h"", ""probability"": 0.00014230750093702227}]",dataset,
dataset_sample:6907,i,l,0.9076969027519226,"[{""label"": ""l"", ""probability"": 0.9076969027519226}, {""label"": ""i"", ""probability"": 0.09143489599227905}, {""label"": ""h"", ""probability"": 0.0002129324566340074}]",dataset,
dataset_sample:6908,i,l,0.7512120008468628,"[{""label"": ""l"", ""probability"": 0.7512120008468628}, {""label"": ""i"", ""probability"": 0.24782657623291016}, {""label"": ""j"", ""probability"": 0.0005761628854088485}]",dataset,
dataset_sample:6909,i,l,0.645297646522522,"[{""label"": ""l"", ""probability"": 0.645297646522522}, {""label"": ""i"", ""probability"": 0.352550745010376}, {""label"": ""j"", ""probability"": 0.0015841758577153087}]",dataset,
dataset_sample:6911,i,l,0.5307350754737854,"[{""label"": ""l"", ""probability"": 0.5307350754737854}, {""label"": ""i"", ""probability"": 0.4690854847431183}, {""label"": ""j"", ""probability"": 5.866196806891821e-05}]",dataset,
dataset_sample:6913,i,l,0.653575599193573,"[{""label"": ""l"", ""probability"": 0.653575599193573}, {""label"": ""i"", ""probability"": 0.3457261323928833}, {""label"": ""h"", ""probability"": 0.000347442168276757}]",dataset,
dataset_sample:6914,i,l,0.745444655418396,"[{""label"": ""l"", ""probability"": 0.745444655418396}, {""label"": ""i"", ""probability"": 0.25222915410995483}, {""label"": ""j"", ""probability"": 0.00135458551812917}]",dataset,
dataset_sample:6918,i,l,0.5930423140525818,"[{""label"": ""l"", ""probability"": 0.5930423140525818}, {""label"": ""i"", ""probability"": 0.40163397789001465}, {""label"": ""h"", ""probability"": 0.0016564666293561459}]",dataset,
dataset_sample:6919,i,l,0.49220889806747437,"[{""label"": ""l"", ""probability"": 0.49220889806747437}, {""label"": ""i"", ""probability"": 0.235564723610878}, {""label"": ""t"", ""probability"": 0.10903836786746979}]",dataset,
dataset_sample:6923,i,l,0.6129878163337708,"[{""label"": ""l"", ""probability"": 0.6129878163337708}, {""label"": ""i"", ""probability"": 0.38494163751602173}, {""label"": ""h"", ""probability"": 0.0014313666615635157}]",dataset,
dataset_sample:6927,i,l,0.6764534711837769,"[{""label"": ""l"", ""probability"": 0.6764534711837769}, {""label"": ""i"", ""probability"": 0.32346245646476746}, {""label"": ""j"", ""probability"": 4.560568049782887e-05}]",dataset,
dataset_sample:6929,i,l,0.7447142004966736,"[{""label"": ""l"", ""probability"": 0.7447142004966736}, {""label"": ""i"", ""probability"": 0.23085878789424896}, {""label"": ""t"", ""probability"": 0.006233954802155495}]",dataset,
dataset_sample:6933,i,l,0.7141004800796509,"[{""label"": ""l"", ""probability"": 0.7141004800796509}, {""label"": ""i"", ""probability"": 0.27585455775260925}, {""label"": ""j"", ""probability"": 0.009194891899824142}]",dataset,
dataset_sample:6934,i,l,0.5988625288009644,"[{""label"": ""l"", ""probability"": 0.5988625288009644}, {""label"": ""i"", ""probability"": 0.39855316281318665}, {""label"": ""j"", ""probability"": 0.0022750510834157467}]",dataset,
dataset_sample:6935,i,l,0.8837383389472961,"[{""label"": ""l"", ""probability"": 0.8837383389472961}, {""label"": ""i"", ""probability"": 0.11339733749628067}, {""label"": ""j"", ""probability"": 0.0014966476010158658}]",dataset,
dataset_sample:6940,i,l,0.5184730887413025,"[{""label"": ""l"", ""probability"": 0.5184730887413025}, {""label"": ""i"", ""probability"": 0.4796951115131378}, {""label"": ""t"", ""probability"": 0.0004773797409143299}]",dataset,
dataset_sample:6943,i,j,0.5151160359382629,"[{""label"": ""j"", ""probability"": 0.5151160359382629}, {""label"": ""i"", ""probability"": 0.48416751623153687}, {""label"": ""t"", ""probability"": 0.00017606199253350496}]",dataset,
dataset_sample:6947,i,l,0.6139581799507141,"[{""label"": ""l"", ""probability"": 0.6139581799507141}, {""label"": ""i"", ""probability"": 0.3854517340660095}, {""label"": ""h"", ""probability"": 0.00017698669398669153}]",dataset,
dataset_sample:6958,i,l,0.5383789539337158,"[{""label"": ""l"", ""probability"": 0.5383789539337158}, {""label"": ""i"", ""probability"": 0.4614087641239166}, {""label"": ""j"", ""probability"": 0.00011298565368633717}]",dataset,
dataset_sample:6959,i,l,0.904364824295044,"[{""label"": ""l"", ""probability"": 0.904364824295044}, {""label"": ""i"", ""probability"": 0.09513167291879654}, {""label"": ""j"", ""probability"": 0.0002145267353625968}]",dataset,
dataset_sample:6962,i,l,0.5694149732589722,"[{""label"": ""l"", ""probability"": 0.5694149732589722}, {""label"": ""i"", ""probability"": 0.43045365810394287}, {""label"": ""h"", ""probability"": 6.211022264324129e-05}]",dataset,
dataset_sample:6963,i,l,0.7597848773002625,"[{""label"": ""l"", ""probability"": 0.7597848773002625}, {""label"": ""i"", ""probability"": 0.24001002311706543}, {""label"": ""h"", ""probability"": 8.671761315781623e-05}]",dataset,
dataset_sample:6964,i,l,0.7131412625312805,"[{""label"": ""l"", ""probability"": 0.7131412625312805}, {""label"": ""i"", ""probability"": 0.28661996126174927}, {""label"": ""j"", ""probability"": 0.0001717280101729557}]",dataset,
dataset_sample:6965,i,l,0.5913273096084595,"[{""label"": ""l"", ""probability"": 0.5913273096084595}, {""label"": ""i"", ""probability"": 0.4084957242012024}, {""label"": ""j"", ""probability"": 0.00012239901116117835}]",dataset,
dataset_sample:6966,i,l,0.8067583441734314,"[{""label"": ""l"", ""probability"": 0.8067583441734314}, {""label"": ""i"", ""probability"": 0.19283844530582428}, {""label"": ""h"", ""probability"": 0.00017815845785662532}]",dataset,
dataset_sample:6972,i,l,0.6308113932609558,"[{""label"": ""l"", ""probability"": 0.6308113932609558}, {""label"": ""i"", ""probability"": 0.3687460422515869}, {""label"": ""j"", ""probability"": 0.0001930012076627463}]",dataset,
dataset_sample:6976,i,l,0.7895944714546204,"[{""label"": ""l"", ""probability"": 0.7895944714546204}, {""label"": ""i"", ""probability"": 0.20939186215400696}, {""label"": ""j"", ""probability"": 0.0006035853875800967}]",dataset,
dataset_sample:6977,i,r,0.38775089383125305,"[{""label"": ""r"", ""probability"": 0.38775089383125305}, {""label"": ""i"", ""probability"": 0.20222574472427368}, {""label"": ""l"", ""probability"": 0.18743906915187836}]",dataset,
dataset_sample:6983,i,l,0.8034731149673462,"[{""label"": ""l"", ""probability"": 0.8034731149673462}, {""label"": ""i"", ""probability"": 0.195514515042305}, {""label"": ""h"", ""probability"": 0.00031039086752571166}]",dataset,
dataset_sample:6986,i,l,0.5285269618034363,"[{""label"": ""l"", ""probability"": 0.5285269618034363}, {""label"": ""i"", ""probability"": 0.4710778594017029}, {""label"": ""j"", ""probability"": 0.00023856063489802182}]",dataset,
dataset_sample:6989,i,l,0.7641667127609253,"[{""label"": ""l"", ""probability"": 0.7641667127609253}, {""label"": ""i"", ""probability"": 0.2355850487947464}, {""label"": ""j"", ""probability"": 0.00014983545406721532}]",dataset,
dataset_sample:7001,i,l,0.557170033454895,"[{""label"": ""l"", ""probability"": 0.557170033454895}, {""label"": ""i"", ""probability"": 0.44249632954597473}, {""label"": ""h"", ""probability"": 0.0001522814854979515}]",dataset,
dataset_sample:7003,i,l,0.7249221801757812,"[{""label"": ""l"", ""probability"": 0.7249221801757812}, {""label"": ""c"", ""probability"": 0.23142887651920319}, {""label"": ""i"", ""probability"": 0.03950700908899307}]",dataset,
dataset_sample:7005,i,l,0.7031071782112122,"[{""label"": ""l"", ""probability"": 0.7031071782112122}, {""label"": ""i"", ""probability"": 0.296782910823822}, {""label"": ""j"", ""probability"": 6.126237713033333e-05}]",dataset,
dataset_sample:7008,i,l,0.6357716917991638,"[{""label"": ""l"", ""probability"": 0.6357716917991638}, {""label"": ""i"", ""probability"": 0.3634929060935974}, {""label"": ""h"", ""probability"": 0.0003929008380509913}]",dataset,
dataset_sample:7009,i,l,0.5760332345962524,"[{""label"": ""l"", ""probability"": 0.5760332345962524}, {""label"": ""i"", ""probability"": 0.423637330532074}, {""label"": ""j"", ""probability"": 0.00021833031496498734}]",dataset,
dataset_sample:7018,i,l,0.5663591623306274,"[{""label"": ""l"", ""probability"": 0.5663591623306274}, {""label"": ""i"", ""probability"": 0.4332655966281891}, {""label"": ""j"", ""probability"": 0.00027040927670896053}]",dataset,
dataset_sample:7022,i,l,0.8141592144966125,"[{""label"": ""l"", ""probability"": 0.8141592144966125}, {""label"": ""i"", ""probability"": 0.18562693893909454}, {""label"": ""h"", ""probability"": 9.447366028325632e-05}]",dataset,
dataset_sample:7025,i,l,0.8051363229751587,"[{""label"": ""l"", ""probability"": 0.8051363229751587}, {""label"": ""i"", ""probability"": 0.19472995400428772}, {""label"": ""j"", ""probability"": 9.855943062575534e-05}]",dataset,
dataset_sample:7028,i,l,0.8001736998558044,"[{""label"": ""l"", ""probability"": 0.8001736998558044}, {""label"": ""i"", ""probability"": 0.19896236062049866}, {""label"": ""h"", ""probability"": 0.00042657594894990325}]",dataset,
dataset_sample:7035,i,l,0.7804533243179321,"[{""label"": ""l"", ""probability"": 0.7804533243179321}, {""label"": ""i"", ""probability"": 0.1970609575510025}, {""label"": ""j"", ""probability"": 0.021938016638159752}]",dataset,
dataset_sample:7036,i,l,0.8887621164321899,"[{""label"": ""l"", ""probability"": 0.8887621164321899}, {""label"": ""i"", ""probability"": 0.11006862670183182}, {""label"": ""b"", ""probability"": 0.0003685987612698227}]",dataset,
dataset_sample:7037,i,l,0.8082852363586426,"[{""label"": ""l"", ""probability"": 0.8082852363586426}, {""label"": ""i"", ""probability"": 0.18454454839229584}, {""label"": ""j"", ""probability"": 0.0042295800521969795}]",dataset,
dataset_sample:7039,i,l,0.5214021801948547,"[{""label"": ""l"", ""probability"": 0.5214021801948547}, {""label"": ""i"", ""probability"": 0.47815054655075073}, {""label"": ""j"", ""probability"": 0.0002540232671890408}]",dataset,
dataset_sample:7042,i,l,0.6650425791740417,"[{""label"": ""l"", ""probability"": 0.6650425791740417}, {""label"": ""i"", ""probability"": 0.33467817306518555}, {""label"": ""j"", ""probability"": 0.00021915484103374183}]",dataset,
dataset_sample:7044,i,l,0.5262573957443237,"[{""label"": ""l"", ""probability"": 0.5262573957443237}, {""label"": ""i"", ""probability"": 0.47316232323646545}, {""label"": ""j"", ""probability"": 0.0003832055954262614}]",dataset,
dataset_sample:7045,i,l,0.8681464195251465,"[{""label"": ""l"", ""probability"": 0.8681464195251465}, {""label"": ""i"", ""probability"": 0.13136400282382965}, {""label"": ""j"", ""probability"": 0.0003909521037712693}]",dataset,
dataset_sample:7056,i,l,0.5135461688041687,"[{""label"": ""l"", ""probability"": 0.5135461688041687}, {""label"": ""i"", ""probability"": 0.3823213577270508}, {""label"": ""r"", ""probability"": 0.06488990038633347}]",dataset,
dataset_sample:7063,i,l,0.8652843236923218,"[{""label"": ""l"", ""probability"": 0.8652843236923218}, {""label"": ""i"", ""probability"": 0.13432501256465912}, {""label"": ""j"", ""probability"": 0.00025807967176660895}]",dataset,
dataset_sample:7064,i,l,0.8165311217308044,"[{""label"": ""l"", ""probability"": 0.8165311217308044}, {""label"": ""i"", ""probability"": 0.1808638572692871}, {""label"": ""j"", ""probability"": 0.002049957402050495}]",dataset,
dataset_sample:7065,i,l,0.6918213367462158,"[{""label"": ""l"", ""probability"": 0.6918213367462158}, {""label"": ""i"", ""probability"": 0.3079942464828491}, {""label"": ""j"", ""probability"": 0.0001051391227520071}]",dataset,
dataset_sample:7067,i,l,0.5896788835525513,"[{""label"": ""l"", ""probability"": 0.5896788835525513}, {""label"": ""i"", ""probability"": 0.40830713510513306}, {""label"": ""p"", ""probability"": 0.00035682955058291554}]",dataset,
dataset_sample:7070,i,l,0.8803092837333679,"[{""label"": ""l"", ""probability"": 0.8803092837333679}, {""label"": ""i"", ""probability"": 0.11856253445148468}, {""label"": ""h"", ""probability"": 0.0004233212093822658}]",dataset,
dataset_sample:7072,i,l,0.7020328640937805,"[{""label"": ""l"", ""probability"": 0.7020328640937805}, {""label"": ""i"", ""probability"": 0.2937435209751129}, {""label"": ""j"", ""probability"": 0.0021155558060854673}]",dataset,
dataset_sample:7073,i,l,0.649761974811554,"[{""label"": ""l"", ""probability"": 0.649761974811554}, {""label"": ""i"", ""probability"": 0.3394281566143036}, {""label"": ""t"", ""probability"": 0.004379815421998501}]",dataset,
dataset_sample:7074,i,l,0.8262636065483093,"[{""label"": ""l"", ""probability"": 0.8262636065483093}, {""label"": ""i"", ""probability"": 0.17314660549163818}, {""label"": ""j"", ""probability"": 0.0003429244097787887}]",dataset,
dataset_sample:7080,i,l,0.689089298248291,"[{""label"": ""l"", ""probability"": 0.689089298248291}, {""label"": ""i"", ""probability"": 0.30972057580947876}, {""label"": ""j"", ""probability"": 0.00038514076732099056}]",dataset,
dataset_sample:7084,i,l,0.7576091289520264,"[{""label"": ""l"", ""probability"": 0.7576091289520264}, {""label"": ""i"", ""probability"": 0.24230512976646423}, {""label"": ""h"", ""probability"": 4.125275518163107e-05}]",dataset,
dataset_sample:7085,i,l,0.71056067943573,"[{""label"": ""l"", ""probability"": 0.71056067943573}, {""label"": ""i"", ""probability"": 0.28689703345298767}, {""label"": ""j"", ""probability"": 0.002247782424092293}]",dataset,
dataset_sample:7090,i,e,0.9912334084510803,"[{""label"": ""e"", ""probability"": 0.9912334084510803}, {""label"": ""c"", ""probability"": 0.006543571595102549}, {""label"": ""a"", ""probability"": 0.0008382127853110433}]",dataset,
dataset_sample:7092,i,l,0.8020079135894775,"[{""label"": ""l"", ""probability"": 0.8020079135894775}, {""label"": ""i"", ""probability"": 0.19785279035568237}, {""label"": ""j"", ""probability"": 9.87670719041489e-05}]",dataset,
dataset_sample:7094,i,l,0.8397694230079651,"[{""label"": ""l"", ""probability"": 0.8397694230079651}, {""label"": ""i"", ""probability"": 0.15999142825603485}, {""label"": ""j"", ""probability"": 0.0001546044513816014}]",dataset,
dataset_sample:7095,i,l,0.5810704231262207,"[{""label"": ""l"", ""probability"": 0.5810704231262207}, {""label"": ""i"", ""probability"": 0.3701122999191284}, {""label"": ""h"", ""probability"": 0.03255750238895416}]",dataset,
dataset_sample:7096,i,l,0.64374840259552,"[{""label"": ""l"", ""probability"": 0.64374840259552}, {""label"": ""i"", ""probability"": 0.35576239228248596}, {""label"": ""h"", ""probability"": 0.00016482958744745702}]",dataset,
dataset_sample:7097,i,l,0.6358210444450378,"[{""label"": ""l"", ""probability"": 0.6358210444450378}, {""label"": ""i"", ""probability"": 0.3633831739425659}, {""label"": ""h"", ""probability"": 0.00024701995425857604}]",dataset,
dataset_sample:7108,i,l,0.5419237613677979,"[{""label"": ""l"", ""probability"": 0.5419237613677979}, {""label"": ""i"", ""probability"": 0.4577219784259796}, {""label"": ""j"", ""probability"": 0.00018502380407880992}]",dataset,
dataset_sample:7109,i,l,0.9396796822547913,"[{""label"": ""l"", ""probability"": 0.9396796822547913}, {""label"": ""i"", ""probability"": 0.0592009499669075}, {""label"": ""h"", ""probability"": 0.0008428316214121878}]",dataset,
dataset_sample:7110,i,l,0.5952351093292236,"[{""label"": ""l"", ""probability"": 0.5952351093292236}, {""label"": ""i"", ""probability"": 0.4040677845478058}, {""label"": ""j"", ""probability"": 0.0005095411906950176}]",dataset,
dataset_sample:7112,i,l,0.5189970135688782,"[{""label"": ""l"", ""probability"": 0.5189970135688782}, {""label"": ""i"", ""probability"": 0.4805527925491333}, {""label"": ""j"", ""probability"": 0.0002922127896454185}]",dataset,
dataset_sample:7113,i,z,0.86403888463974,"[{""label"": ""z"", ""probability"": 0.86403888463974}, {""label"": ""i"", ""probability"": 0.11930480599403381}, {""label"": ""j"", ""probability"": 0.00989398080855608}]",dataset,
dataset_sample:7114,i,l,0.570441484451294,"[{""label"": ""l"", ""probability"": 0.570441484451294}, {""label"": ""i"", ""probability"": 0.4293455183506012}, {""label"": ""h"", ""probability"": 0.00010336525156162679}]",dataset,
dataset_sample:7115,i,l,0.8290811777114868,"[{""label"": ""l"", ""probability"": 0.8290811777114868}, {""label"": ""i"", ""probability"": 0.16576148569583893}, {""label"": ""j"", ""probability"": 0.0028332325164228678}]",dataset,
dataset_sample:7116,i,l,0.5386537313461304,"[{""label"": ""l"", ""probability"": 0.5386537313461304}, {""label"": ""i"", ""probability"": 0.4610638916492462}, {""label"": ""j"", ""probability"": 0.00024478608975186944}]",dataset,
dataset_sample:7118,i,l,0.7876793742179871,"[{""label"": ""l"", ""probability"": 0.7876793742179871}, {""label"": ""i"", ""probability"": 0.21224458515644073}, {""label"": ""j"", ""probability"": 4.5007269363850355e-05}]",dataset,
dataset_sample:7122,i,l,0.6836000084877014,"[{""label"": ""l"", ""probability"": 0.6836000084877014}, {""label"": ""i"", ""probability"": 0.3160477578639984}, {""label"": ""h"", ""probability"": 0.00018263593665324152}]",dataset,
dataset_sample:7129,i,c,0.9918754696846008,"[{""label"": ""c"", ""probability"": 0.9918754696846008}, {""label"": ""l"", ""probability"": 0.005054648965597153}, {""label"": ""g"", ""probability"": 0.0010660060215741396}]",dataset,
dataset_sample:7131,i,l,0.8359162211418152,"[{""label"": ""l"", ""probability"": 0.8359162211418152}, {""label"": ""i"", ""probability"": 0.1635855734348297}, {""label"": ""j"", ""probability"": 0.00029947145958431065}]",dataset,
dataset_sample:7132,i,l,0.5539132356643677,"[{""label"": ""l"", ""probability"": 0.5539132356643677}, {""label"": ""i"", ""probability"": 0.4457153081893921}, {""label"": ""j"", ""probability"": 0.00022718971013091505}]",dataset,
dataset_sample:7133,i,l,0.9999843835830688,"[{""label"": ""l"", ""probability"": 0.9999843835830688}, {""label"": ""i"", ""probability"": 1.180769413622329e-05}, {""label"": ""h"", ""probability"": 1.7219582559846458e-06}]",dataset,
dataset_sample:7134,i,l,0.8091568350791931,"[{""label"": ""l"", ""probability"": 0.8091568350791931}, {""label"": ""i"", ""probability"": 0.19004879891872406}, {""label"": ""h"", ""probability"": 0.0005299004260450602}]",dataset,
dataset_sample:7135,i,l,0.6554577946662903,"[{""label"": ""l"", ""probability"": 0.6554577946662903}, {""label"": ""i"", ""probability"": 0.34397104382514954}, {""label"": ""h"", ""probability"": 0.00018920878937933594}]",dataset,
dataset_sample:7137,i,l,0.5226322412490845,"[{""label"": ""l"", ""probability"": 0.5226322412490845}, {""label"": ""i"", ""probability"": 0.47689899802207947}, {""label"": ""j"", ""probability"": 0.00021118725999258459}]",dataset,
dataset_sample:7138,i,l,0.550399661064148,"[{""label"": ""l"", ""probability"": 0.550399661064148}, {""label"": ""i"", ""probability"": 0.44902434945106506}, {""label"": ""h"", ""probability"": 8.785645331954584e-05}]",dataset,
dataset_sample:7139,i,l,0.5168730020523071,"[{""label"": ""l"", ""probability"": 0.5168730020523071}, {""label"": ""i"", ""probability"": 0.4823567271232605}, {""label"": ""h"", ""probability"": 0.00027511033113114536}]",dataset,
dataset_sample:7143,i,c,0.3777664601802826,"[{""label"": ""c"", ""probability"": 0.3777664601802826}, {""label"": ""i"", ""probability"": 0.2447921335697174}, {""label"": ""l"", ""probability"": 0.13074836134910583}]",dataset,
dataset_sample:7146,i,l,0.7240708470344543,"[{""label"": ""l"", ""probability"": 0.7240708470344543}, {""label"": ""i"", ""probability"": 0.27549901604652405}, {""label"": ""j"", ""probability"": 0.00019470554252620786}]",dataset,
dataset_sample:7147,i,j,0.6096956133842468,"[{""label"": ""j"", ""probability"": 0.6096956133842468}, {""label"": ""i"", ""probability"": 0.38909244537353516}, {""label"": ""l"", ""probability"": 0.0009779412066563964}]",dataset,
dataset_sample:7158,i,l,0.5259929299354553,"[{""label"": ""l"", ""probability"": 0.5259929299354553}, {""label"": ""i"", ""probability"": 0.47098508477211}, {""label"": ""h"", ""probability"": 0.0012217973126098514}]",dataset,
dataset_sample:7162,i,l,0.8090190291404724,"[{""label"": ""l"", ""probability"": 0.8090190291404724}, {""label"": ""i"", ""probability"": 0.1888202279806137}, {""label"": ""j"", ""probability"": 0.0020709314849227667}]",dataset,
dataset_sample:7165,i,l,0.6195443272590637,"[{""label"": ""l"", ""probability"": 0.6195443272590637}, {""label"": ""i"", ""probability"": 0.3803226947784424}, {""label"": ""h"", ""probability"": 4.8612779210088775e-05}]",dataset,
dataset_sample:7172,i,l,0.639047384262085,"[{""label"": ""l"", ""probability"": 0.639047384262085}, {""label"": ""i"", ""probability"": 0.35358181595802307}, {""label"": ""h"", ""probability"": 0.0027926561888307333}]",dataset,
dataset_sample:7175,i,l,0.5085471272468567,"[{""label"": ""l"", ""probability"": 0.5085471272468567}, {""label"": ""i"", ""probability"": 0.4892604351043701}, {""label"": ""j"", ""probability"": 0.0016848620725795627}]",dataset,
dataset_sample:7178,i,l,0.6560645699501038,"[{""label"": ""l"", ""probability"": 0.6560645699501038}, {""label"": ""i"", ""probability"": 0.3410916328430176}, {""label"": ""j"", ""probability"": 0.0018973196856677532}]",dataset,
dataset_sample:7180,i,l,0.7000439763069153,"[{""label"": ""l"", ""probability"": 0.7000439763069153}, {""label"": ""i"", ""probability"": 0.299550861120224}, {""label"": ""j"", ""probability"": 0.0002782352385111153}]",dataset,
dataset_sample:7184,i,l,0.5395627617835999,"[{""label"": ""l"", ""probability"": 0.5395627617835999}, {""label"": ""i"", ""probability"": 0.46009209752082825}, {""label"": ""j"", ""probability"": 0.00022556696785613894}]",dataset,
dataset_sample:7187,i,l,0.6509609222412109,"[{""label"": ""l"", ""probability"": 0.6509609222412109}, {""label"": ""i"", ""probability"": 0.3483106791973114}, {""label"": ""j"", ""probability"": 0.00040881961467675865}]",dataset,
dataset_sample:7194,i,l,0.688035249710083,"[{""label"": ""l"", ""probability"": 0.688035249710083}, {""label"": ""i"", ""probability"": 0.3067595064640045}, {""label"": ""h"", ""probability"": 0.0023539396934211254}]",dataset,
dataset_sample:7200,j,i,0.9688690900802612,"[{""label"": ""i"", ""probability"": 0.9688690900802612}, {""label"": ""j"", ""probability"": 0.026399141177535057}, {""label"": ""l"", ""probability"": 0.004692381713539362}]",dataset,
dataset_sample:7211,j,u,0.8301699161529541,"[{""label"": ""u"", ""probability"": 0.8301699161529541}, {""label"": ""v"", ""probability"": 0.0605647899210453}, {""label"": ""j"", ""probability"": 0.046113863587379456}]",dataset,
dataset_sample:7216,j,i,0.41031548380851746,"[{""label"": ""i"", ""probability"": 0.41031548380851746}, {""label"": ""j"", ""probability"": 0.32962825894355774}, {""label"": ""l"", ""probability"": 0.2494775354862213}]",dataset,
dataset_sample:7234,j,i,0.8331976532936096,"[{""label"": ""i"", ""probability"": 0.8331976532936096}, {""label"": ""j"", ""probability"": 0.09969858825206757}, {""label"": ""t"", ""probability"": 0.06275776028633118}]",dataset,
dataset_sample:7237,j,f,0.9904250502586365,"[{""label"": ""f"", ""probability"": 0.9904250502586365}, {""label"": ""j"", ""probability"": 0.008297575637698174}, {""label"": ""i"", ""probability"": 0.0004810420796275139}]",dataset,
dataset_sample:7251,j,i,0.6709559559822083,"[{""label"": ""i"", ""probability"": 0.6709559559822083}, {""label"": ""l"", ""probability"": 0.2690090239048004}, {""label"": ""j"", ""probability"": 0.05741124227643013}]",dataset,
dataset_sample:7272,j,i,0.6740703582763672,"[{""label"": ""i"", ""probability"": 0.6740703582763672}, {""label"": ""j"", ""probability"": 0.32027867436408997}, {""label"": ""l"", ""probability"": 0.003981728572398424}]",dataset,
dataset_sample:7293,j,o,0.5513225197792053,"[{""label"": ""o"", ""probability"": 0.5513225197792053}, {""label"": ""g"", ""probability"": 0.28097429871559143}, {""label"": ""j"", ""probability"": 0.14344489574432373}]",dataset,
dataset_sample:7315,j,i,0.5797523260116577,"[{""label"": ""i"", ""probability"": 0.5797523260116577}, {""label"": ""j"", ""probability"": 0.4190652072429657}, {""label"": ""l"", ""probability"": 0.00037151010474190116}]",dataset,
dataset_sample:7327,j,t,0.5384638905525208,"[{""label"": ""t"", ""probability"": 0.5384638905525208}, {""label"": ""i"", ""probability"": 0.2586028277873993}, {""label"": ""z"", ""probability"": 0.08444821089506149}]",dataset,
dataset_sample:7343,j,i,0.7477462887763977,"[{""label"": ""i"", ""probability"": 0.7477462887763977}, {""label"": ""j"", ""probability"": 0.2111378163099289}, {""label"": ""l"", ""probability"": 0.03726789727807045}]",dataset,
dataset_sample:7360,j,d,0.7714870572090149,"[{""label"": ""d"", ""probability"": 0.7714870572090149}, {""label"": ""j"", ""probability"": 0.18579916656017303}, {""label"": ""l"", ""probability"": 0.01429502759128809}]",dataset,
dataset_sample:7366,j,i,0.5208560824394226,"[{""label"": ""i"", ""probability"": 0.5208560824394226}, {""label"": ""j"", ""probability"": 0.23882925510406494}, {""label"": ""l"", ""probability"": 0.23031550645828247}]",dataset,
dataset_sample:7376,j,s,0.8434871435165405,"[{""label"": ""s"", ""probability"": 0.8434871435165405}, {""label"": ""j"", ""probability"": 0.1388767510652542}, {""label"": ""i"", ""probability"": 0.011626585386693478}]",dataset,
dataset_sample:7384,j,i,0.7511138319969177,"[{""label"": ""i"", ""probability"": 0.7511138319969177}, {""label"": ""j"", ""probability"": 0.2459021955728531}, {""label"": ""l"", ""probability"": 0.0018199372570961714}]",dataset,
dataset_sample:7397,j,i,0.5167900323867798,"[{""label"": ""i"", ""probability"": 0.5167900323867798}, {""label"": ""j"", ""probability"": 0.4812721610069275}, {""label"": ""z"", ""probability"": 0.001677851309068501}]",dataset,
dataset_sample:7435,j,y,0.9688174724578857,"[{""label"": ""y"", ""probability"": 0.9688174724578857}, {""label"": ""g"", ""probability"": 0.021412692964076996}, {""label"": ""j"", ""probability"": 0.009735168889164925}]",dataset,
dataset_sample:7458,j,i,0.8371177315711975,"[{""label"": ""i"", ""probability"": 0.8371177315711975}, {""label"": ""l"", ""probability"": 0.08941009640693665}, {""label"": ""j"", ""probability"": 0.06240518391132355}]",dataset,
dataset_sample:7470,j,i,0.9888592958450317,"[{""label"": ""i"", ""probability"": 0.9888592958450317}, {""label"": ""t"", ""probability"": 0.007674109190702438}, {""label"": ""f"", ""probability"": 0.003181117819622159}]",dataset,
dataset_sample:7477,j,i,0.9991656541824341,"[{""label"": ""i"", ""probability"": 0.9991656541824341}, {""label"": ""f"", ""probability"": 0.0005812450544908643}, {""label"": ""t"", ""probability"": 0.00014294323045760393}]",dataset,
dataset_sample:7512,j,i,0.5164968967437744,"[{""label"": ""i"", ""probability"": 0.5164968967437744}, {""label"": ""j"", ""probability"": 0.3015580177307129}, {""label"": ""l"", ""probability"": 0.12943309545516968}]",dataset,
dataset_sample:7560,j,i,0.7388445734977722,"[{""label"": ""i"", ""probability"": 0.7388445734977722}, {""label"": ""l"", ""probability"": 0.17115405201911926}, {""label"": ""j"", ""probability"": 0.08844751119613647}]",dataset,
dataset_sample:7564,j,s,0.6924993395805359,"[{""label"": ""s"", ""probability"": 0.6924993395805359}, {""label"": ""j"", ""probability"": 0.18121987581253052}, {""label"": ""i"", ""probability"": 0.047710638493299484}]",dataset,
dataset_sample:7570,j,i,0.7223581671714783,"[{""label"": ""i"", ""probability"": 0.7223581671714783}, {""label"": ""j"", ""probability"": 0.2770477831363678}, {""label"": ""l"", ""probability"": 0.0005310113192535937}]",dataset,
dataset_sample:7575,j,i,0.5971512198448181,"[{""label"": ""i"", ""probability"": 0.5971512198448181}, {""label"": ""j"", ""probability"": 0.3591754138469696}, {""label"": ""l"", ""probability"": 0.040925536304712296}]",dataset,
dataset_sample:7577,j,i,0.8081164360046387,"[{""label"": ""i"", ""probability"": 0.8081164360046387}, {""label"": ""j"", ""probability"": 0.1723320633172989}, {""label"": ""l"", ""probability"": 0.01847735419869423}]",dataset,
dataset_sample:7605,j,d,0.7037970423698425,"[{""label"": ""d"", ""probability"": 0.7037970423698425}, {""label"": ""j"", ""probability"": 0.2788481116294861}, {""label"": ""l"", ""probability"": 0.005884232930839062}]",dataset,
dataset_sample:7606,j,i,0.9948627352714539,"[{""label"": ""i"", ""probability"": 0.9948627352714539}, {""label"": ""t"", ""probability"": 0.003167541231960058}, {""label"": ""j"", ""probability"": 0.0017599515849724412}]",dataset,
dataset_sample:7619,j,l,0.7418713569641113,"[{""label"": ""l"", ""probability"": 0.7418713569641113}, {""label"": ""i"", ""probability"": 0.25537386536598206}, {""label"": ""j"", ""probability"": 0.0009530128445476294}]",dataset,
dataset_sample:7620,j,u,0.7562770843505859,"[{""label"": ""u"", ""probability"": 0.7562770843505859}, {""label"": ""j"", ""probability"": 0.17914026975631714}, {""label"": ""v"", ""probability"": 0.053211528807878494}]",dataset,
dataset_sample:7626,j,i,0.46826428174972534,"[{""label"": ""i"", ""probability"": 0.46826428174972534}, {""label"": ""l"", ""probability"": 0.35985735058784485}, {""label"": ""j"", ""probability"": 0.17105598747730255}]",dataset,
dataset_sample:7670,j,q,0.3279725909233093,"[{""label"": ""q"", ""probability"": 0.3279725909233093}, {""label"": ""i"", ""probability"": 0.2186679095029831}, {""label"": ""g"", ""probability"": 0.20745669305324554}]",dataset,
dataset_sample:7692,j,i,0.4675270617008209,"[{""label"": ""i"", ""probability"": 0.4675270617008209}, {""label"": ""j"", ""probability"": 0.360777348279953}, {""label"": ""l"", ""probability"": 0.15538178384304047}]",dataset,
dataset_sample:7745,j,i,0.7149306535720825,"[{""label"": ""i"", ""probability"": 0.7149306535720825}, {""label"": ""j"", ""probability"": 0.2573857307434082}, {""label"": ""l"", ""probability"": 0.026776691898703575}]",dataset,
dataset_sample:7810,j,i,0.502246618270874,"[{""label"": ""i"", ""probability"": 0.502246618270874}, {""label"": ""j"", ""probability"": 0.43583741784095764}, {""label"": ""l"", ""probability"": 0.05567377060651779}]",dataset,
dataset_sample:7818,j,v,0.5646923780441284,"[{""label"": ""v"", ""probability"": 0.5646923780441284}, {""label"": ""u"", ""probability"": 0.3679693341255188}, {""label"": ""y"", ""probability"": 0.041561104357242584}]",dataset,
dataset_sample:7857,j,f,0.5011844635009766,"[{""label"": ""f"", ""probability"": 0.5011844635009766}, {""label"": ""q"", ""probability"": 0.1946564018726349}, {""label"": ""g"", ""probability"": 0.1923537701368332}]",dataset,
dataset_sample:7882,j,f,0.46030402183532715,"[{""label"": ""f"", ""probability"": 0.46030402183532715}, {""label"": ""t"", ""probability"": 0.21108199656009674}, {""label"": ""h"", ""probability"": 0.08979233354330063}]",dataset,
dataset_sample:7919,j,t,0.4703083634376526,"[{""label"": ""t"", ""probability"": 0.4703083634376526}, {""label"": ""y"", ""probability"": 0.303225576877594}, {""label"": ""x"", ""probability"": 0.08794956654310226}]",dataset,
dataset_sample:7956,j,i,0.510165810585022,"[{""label"": ""i"", ""probability"": 0.510165810585022}, {""label"": ""l"", ""probability"": 0.33533310890197754}, {""label"": ""j"", ""probability"": 0.10178328305482864}]",dataset,
dataset_sample:7961,j,d,0.6462799906730652,"[{""label"": ""d"", ""probability"": 0.6462799906730652}, {""label"": ""l"", ""probability"": 0.15403349697589874}, {""label"": ""i"", ""probability"": 0.10299922525882721}]",dataset,
dataset_sample:7972,j,i,0.8592351675033569,"[{""label"": ""i"", ""probability"": 0.8592351675033569}, {""label"": ""j"", ""probability"": 0.13880683481693268}, {""label"": ""l"", ""probability"": 0.0017547218594700098}]",dataset,
dataset_sample:8015,k,h,0.5842729806900024,"[{""label"": ""h"", ""probability"": 0.5842729806900024}, {""label"": ""k"", ""probability"": 0.4141983687877655}, {""label"": ""r"", ""probability"": 0.000551955949049443}]",dataset,
dataset_sample:8028,k,r,0.9053469300270081,"[{""label"": ""r"", ""probability"": 0.9053469300270081}, {""label"": ""k"", ""probability"": 0.09450949728488922}, {""label"": ""b"", ""probability"": 0.00012479601718951017}]",dataset,
dataset_sample:8050,k,b,0.5426821708679199,"[{""label"": ""b"", ""probability"": 0.5426821708679199}, {""label"": ""k"", ""probability"": 0.33640098571777344}, {""label"": ""e"", ""probability"": 0.07688546180725098}]",dataset,
dataset_sample:8075,k,x,0.985923171043396,"[{""label"": ""x"", ""probability"": 0.985923171043396}, {""label"": ""k"", ""probability"": 0.011094963178038597}, {""label"": ""y"", ""probability"": 0.0009184167138300836}]",dataset,
dataset_sample:8138,k,f,0.6638668179512024,"[{""label"": ""f"", ""probability"": 0.6638668179512024}, {""label"": ""g"", ""probability"": 0.18958212435245514}, {""label"": ""e"", ""probability"": 0.07825495302677155}]",dataset,
dataset_sample:8158,k,h,0.8335144519805908,"[{""label"": ""h"", ""probability"": 0.8335144519805908}, {""label"": ""k"", ""probability"": 0.14976219832897186}, {""label"": ""y"", ""probability"": 0.007877483032643795}]",dataset,
dataset_sample:8160,k,h,0.7586488127708435,"[{""label"": ""h"", ""probability"": 0.7586488127708435}, {""label"": ""k"", ""probability"": 0.20855775475502014}, {""label"": ""y"", ""probability"": 0.013590503484010696}]",dataset,
dataset_sample:8183,k,l,0.6552735567092896,"[{""label"": ""l"", ""probability"": 0.6552735567092896}, {""label"": ""t"", ""probability"": 0.30032584071159363}, {""label"": ""k"", ""probability"": 0.02595965564250946}]",dataset,
dataset_sample:8205,k,t,0.42277950048446655,"[{""label"": ""t"", ""probability"": 0.42277950048446655}, {""label"": ""f"", ""probability"": 0.31795477867126465}, {""label"": ""k"", ""probability"": 0.15277592837810516}]",dataset,
dataset_sample:8218,k,r,0.9037095308303833,"[{""label"": ""r"", ""probability"": 0.9037095308303833}, {""label"": ""k"", ""probability"": 0.09626723825931549}, {""label"": ""h"", ""probability"": 9.228188901033718e-06}]",dataset,
dataset_sample:8244,k,h,0.7137571573257446,"[{""label"": ""h"", ""probability"": 0.7137571573257446}, {""label"": ""k"", ""probability"": 0.28435587882995605}, {""label"": ""l"", ""probability"": 0.0010550995357334614}]",dataset,
dataset_sample:8249,k,l,0.8334574103355408,"[{""label"": ""l"", ""probability"": 0.8334574103355408}, {""label"": ""k"", ""probability"": 0.1551019698381424}, {""label"": ""z"", ""probability"": 0.004954742733389139}]",dataset,
dataset_sample:8349,k,h,0.5700842142105103,"[{""label"": ""h"", ""probability"": 0.5700842142105103}, {""label"": ""k"", ""probability"": 0.42977628111839294}, {""label"": ""r"", ""probability"": 8.34593374747783e-05}]",dataset,
dataset_sample:8355,k,r,0.6907532811164856,"[{""label"": ""r"", ""probability"": 0.6907532811164856}, {""label"": ""k"", ""probability"": 0.30258458852767944}, {""label"": ""f"", ""probability"": 0.003239967627450824}]",dataset,
dataset_sample:8381,k,l,0.7265868782997131,"[{""label"": ""l"", ""probability"": 0.7265868782997131}, {""label"": ""k"", ""probability"": 0.22276641428470612}, {""label"": ""h"", ""probability"": 0.04595128446817398}]",dataset,
dataset_sample:8428,k,h,0.9953358769416809,"[{""label"": ""h"", ""probability"": 0.9953358769416809}, {""label"": ""k"", ""probability"": 0.0028310720808804035}, {""label"": ""l"", ""probability"": 0.0007532797171734273}]",dataset,
dataset_sample:8435,k,i,0.3885393738746643,"[{""label"": ""i"", ""probability"": 0.3885393738746643}, {""label"": ""f"", ""probability"": 0.20236413180828094}, {""label"": ""z"", ""probability"": 0.1998593956232071}]",dataset,
dataset_sample:8487,k,e,0.4128584861755371,"[{""label"": ""e"", ""probability"": 0.4128584861755371}, {""label"": ""k"", ""probability"": 0.22797593474388123}, {""label"": ""r"", ""probability"": 0.11614236235618591}]",dataset,
dataset_sample:8488,k,r,0.4601098597049713,"[{""label"": ""r"", ""probability"": 0.4601098597049713}, {""label"": ""l"", ""probability"": 0.23016904294490814}, {""label"": ""e"", ""probability"": 0.10904664546251297}]",dataset,
dataset_sample:8497,k,b,0.3922426998615265,"[{""label"": ""b"", ""probability"": 0.3922426998615265}, {""label"": ""k"", ""probability"": 0.36706462502479553}, {""label"": ""l"", ""probability"": 0.2037649005651474}]",dataset,
dataset_sample:8517,k,l,0.6877239346504211,"[{""label"": ""l"", ""probability"": 0.6877239346504211}, {""label"": ""i"", ""probability"": 0.3118816018104553}, {""label"": ""j"", ""probability"": 0.00018185863154940307}]",dataset,
dataset_sample:8518,k,h,0.670281171798706,"[{""label"": ""h"", ""probability"": 0.670281171798706}, {""label"": ""k"", ""probability"": 0.3156929016113281}, {""label"": ""u"", ""probability"": 0.006814972031861544}]",dataset,
dataset_sample:8575,k,h,0.6489948630332947,"[{""label"": ""h"", ""probability"": 0.6489948630332947}, {""label"": ""k"", ""probability"": 0.3294758200645447}, {""label"": ""t"", ""probability"": 0.006500552874058485}]",dataset,
dataset_sample:8576,k,h,0.834398627281189,"[{""label"": ""h"", ""probability"": 0.834398627281189}, {""label"": ""k"", ""probability"": 0.10283782333135605}, {""label"": ""l"", ""probability"": 0.03702777624130249}]",dataset,
dataset_sample:8614,k,h,0.4020666778087616,"[{""label"": ""h"", ""probability"": 0.4020666778087616}, {""label"": ""k"", ""probability"": 0.36935359239578247}, {""label"": ""f"", ""probability"": 0.10949664562940598}]",dataset,
dataset_sample:8675,k,h,0.8615769743919373,"[{""label"": ""h"", ""probability"": 0.8615769743919373}, {""label"": ""k"", ""probability"": 0.13671909272670746}, {""label"": ""b"", ""probability"": 0.00047438073670491576}]",dataset,
dataset_sample:8724,k,h,0.38755956292152405,"[{""label"": ""h"", ""probability"": 0.38755956292152405}, {""label"": ""t"", ""probability"": 0.38051536679267883}, {""label"": ""r"", ""probability"": 0.06618892401456833}]",dataset,
dataset_sample:8754,k,q,0.6161795258522034,"[{""label"": ""q"", ""probability"": 0.6161795258522034}, {""label"": ""b"", ""probability"": 0.11654313653707504}, {""label"": ""k"", ""probability"": 0.11191180348396301}]",dataset,
dataset_sample:8791,k,h,0.5424222350120544,"[{""label"": ""h"", ""probability"": 0.5424222350120544}, {""label"": ""k"", ""probability"": 0.2485756278038025}, {""label"": ""r"", ""probability"": 0.17420196533203125}]",dataset,
dataset_sample:8803,l,i,0.6091921925544739,"[{""label"": ""i"", ""probability"": 0.6091921925544739}, {""label"": ""l"", ""probability"": 0.3907544016838074}, {""label"": ""j"", ""probability"": 3.514735362841748e-05}]",dataset,
dataset_sample:8807,l,i,0.5956808924674988,"[{""label"": ""i"", ""probability"": 0.5956808924674988}, {""label"": ""l"", ""probability"": 0.4041517972946167}, {""label"": ""j"", ""probability"": 8.918569074012339e-05}]",dataset,
dataset_sample:8809,l,i,0.7991217374801636,"[{""label"": ""i"", ""probability"": 0.7991217374801636}, {""label"": ""l"", ""probability"": 0.20083318650722504}, {""label"": ""j"", ""probability"": 1.7588978153071366e-05}]",dataset,
dataset_sample:8810,l,i,0.7383931279182434,"[{""label"": ""i"", ""probability"": 0.7383931279182434}, {""label"": ""l"", ""probability"": 0.26109540462493896}, {""label"": ""r"", ""probability"": 0.0002547162875998765}]",dataset,
dataset_sample:8811,l,i,0.8123578429222107,"[{""label"": ""i"", ""probability"": 0.8123578429222107}, {""label"": ""l"", ""probability"": 0.18728409707546234}, {""label"": ""j"", ""probability"": 0.00015578203601762652}]",dataset,
dataset_sample:8815,l,i,0.7995482683181763,"[{""label"": ""i"", ""probability"": 0.7995482683181763}, {""label"": ""l"", ""probability"": 0.200211301445961}, {""label"": ""j"", ""probability"": 0.00011551987699931487}]",dataset,
dataset_sample:8816,l,i,0.8359548449516296,"[{""label"": ""i"", ""probability"": 0.8359548449516296}, {""label"": ""l"", ""probability"": 0.16392140090465546}, {""label"": ""j"", ""probability"": 9.127605881076306e-05}]",dataset,
dataset_sample:8817,l,i,0.5766125321388245,"[{""label"": ""i"", ""probability"": 0.5766125321388245}, {""label"": ""l"", ""probability"": 0.42295894026756287}, {""label"": ""j"", ""probability"": 0.00023444092948921025}]",dataset,
dataset_sample:8827,l,i,0.6731558442115784,"[{""label"": ""i"", ""probability"": 0.6731558442115784}, {""label"": ""l"", ""probability"": 0.3267900049686432}, {""label"": ""h"", ""probability"": 2.531974678277038e-05}]",dataset,
dataset_sample:8832,l,i,0.6719340085983276,"[{""label"": ""i"", ""probability"": 0.6719340085983276}, {""label"": ""l"", ""probability"": 0.32406434416770935}, {""label"": ""j"", ""probability"": 0.001299087656661868}]",dataset,
dataset_sample:8839,l,i,0.6484712958335876,"[{""label"": ""i"", ""probability"": 0.6484712958335876}, {""label"": ""l"", ""probability"": 0.35054266452789307}, {""label"": ""j"", ""probability"": 0.000752983323764056}]",dataset,
dataset_sample:8861,l,i,0.6892683506011963,"[{""label"": ""i"", ""probability"": 0.6892683506011963}, {""label"": ""l"", ""probability"": 0.3096106946468353}, {""label"": ""c"", ""probability"": 0.00045379551011137664}]",dataset,
dataset_sample:8865,l,i,0.6289495229721069,"[{""label"": ""i"", ""probability"": 0.6289495229721069}, {""label"": ""l"", ""probability"": 0.37034448981285095}, {""label"": ""c"", ""probability"": 0.00014902921975590289}]",dataset,
dataset_sample:8868,l,i,0.7220612168312073,"[{""label"": ""i"", ""probability"": 0.7220612168312073}, {""label"": ""l"", ""probability"": 0.27603793144226074}, {""label"": ""h"", ""probability"": 0.0005992974038235843}]",dataset,
dataset_sample:8869,l,h,0.9565554857254028,"[{""label"": ""h"", ""probability"": 0.9565554857254028}, {""label"": ""l"", ""probability"": 0.041051384061574936}, {""label"": ""b"", ""probability"": 0.002136534545570612}]",dataset,
dataset_sample:8870,l,i,0.8735015988349915,"[{""label"": ""i"", ""probability"": 0.8735015988349915}, {""label"": ""l"", ""probability"": 0.11529679596424103}, {""label"": ""r"", ""probability"": 0.008761601522564888}]",dataset,
dataset_sample:8880,l,i,0.9019660353660583,"[{""label"": ""i"", ""probability"": 0.9019660353660583}, {""label"": ""l"", ""probability"": 0.09781317412853241}, {""label"": ""r"", ""probability"": 7.160872337408364e-05}]",dataset,
dataset_sample:8881,l,i,0.7426650524139404,"[{""label"": ""i"", ""probability"": 0.7426650524139404}, {""label"": ""l"", ""probability"": 0.25722163915634155}, {""label"": ""j"", ""probability"": 4.123217877349816e-05}]",dataset,
dataset_sample:8893,l,i,0.5630191564559937,"[{""label"": ""i"", ""probability"": 0.5630191564559937}, {""label"": ""l"", ""probability"": 0.43074578046798706}, {""label"": ""r"", ""probability"": 0.0013000133913010359}]",dataset,
dataset_sample:8895,l,i,0.5339304208755493,"[{""label"": ""i"", ""probability"": 0.5339304208755493}, {""label"": ""l"", ""probability"": 0.46519121527671814}, {""label"": ""j"", ""probability"": 0.0007532843737863004}]",dataset,
dataset_sample:8898,l,i,0.6529019474983215,"[{""label"": ""i"", ""probability"": 0.6529019474983215}, {""label"": ""l"", ""probability"": 0.3277381956577301}, {""label"": ""c"", ""probability"": 0.011579292826354504}]",dataset,
dataset_sample:8899,l,i,0.506037712097168,"[{""label"": ""i"", ""probability"": 0.506037712097168}, {""label"": ""l"", ""probability"": 0.493761271238327}, {""label"": ""j"", ""probability"": 0.00011000435915775597}]",dataset,
dataset_sample:8905,l,i,0.5213372111320496,"[{""label"": ""i"", ""probability"": 0.5213372111320496}, {""label"": ""l"", ""probability"": 0.47481057047843933}, {""label"": ""t"", ""probability"": 0.0011678299633786082}]",dataset,
dataset_sample:8909,l,i,0.8389642238616943,"[{""label"": ""i"", ""probability"": 0.8389642238616943}, {""label"": ""l"", ""probability"": 0.160793736577034}, {""label"": ""j"", ""probability"": 0.00021247350377961993}]",dataset,
dataset_sample:8911,l,i,0.7198567390441895,"[{""label"": ""i"", ""probability"": 0.7198567390441895}, {""label"": ""l"", ""probability"": 0.27987855672836304}, {""label"": ""j"", ""probability"": 9.495440463069826e-05}]",dataset,
dataset_sample:8912,l,i,0.5184537172317505,"[{""label"": ""i"", ""probability"": 0.5184537172317505}, {""label"": ""l"", ""probability"": 0.4812612533569336}, {""label"": ""j"", ""probability"": 0.00017738032329361886}]",dataset,
dataset_sample:8913,l,i,0.5466242432594299,"[{""label"": ""i"", ""probability"": 0.5466242432594299}, {""label"": ""l"", ""probability"": 0.4512166380882263}, {""label"": ""t"", ""probability"": 0.0006102640763856471}]",dataset,
dataset_sample:8922,l,i,0.8455629944801331,"[{""label"": ""i"", ""probability"": 0.8455629944801331}, {""label"": ""l"", ""probability"": 0.15430483222007751}, {""label"": ""j"", ""probability"": 0.00010229302279185504}]",dataset,
dataset_sample:8928,l,i,0.785231351852417,"[{""label"": ""i"", ""probability"": 0.785231351852417}, {""label"": ""l"", ""probability"": 0.20624549686908722}, {""label"": ""j"", ""probability"": 0.007606336381286383}]",dataset,
dataset_sample:8931,l,i,0.7571497559547424,"[{""label"": ""i"", ""probability"": 0.7571497559547424}, {""label"": ""l"", ""probability"": 0.2406768798828125}, {""label"": ""r"", ""probability"": 0.001445081434212625}]",dataset,
dataset_sample:8936,l,i,0.8674028515815735,"[{""label"": ""i"", ""probability"": 0.8674028515815735}, {""label"": ""l"", ""probability"": 0.13161230087280273}, {""label"": ""r"", ""probability"": 0.000713156710844487}]",dataset,
dataset_sample:8947,l,i,0.8203848600387573,"[{""label"": ""i"", ""probability"": 0.8203848600387573}, {""label"": ""l"", ""probability"": 0.17870213091373444}, {""label"": ""j"", ""probability"": 0.0003829423803836107}]",dataset,
dataset_sample:8951,l,c,0.43707939982414246,"[{""label"": ""c"", ""probability"": 0.43707939982414246}, {""label"": ""e"", ""probability"": 0.22042541205883026}, {""label"": ""a"", ""probability"": 0.12388713657855988}]",dataset,
dataset_sample:8954,l,i,0.7571492791175842,"[{""label"": ""i"", ""probability"": 0.7571492791175842}, {""label"": ""l"", ""probability"": 0.24228154122829437}, {""label"": ""j"", ""probability"": 0.00024434877559542656}]",dataset,
dataset_sample:8958,l,i,0.5112018585205078,"[{""label"": ""i"", ""probability"": 0.5112018585205078}, {""label"": ""l"", ""probability"": 0.4880267381668091}, {""label"": ""j"", ""probability"": 0.00032920873491093516}]",dataset,
dataset_sample:8962,l,i,0.7467973828315735,"[{""label"": ""i"", ""probability"": 0.7467973828315735}, {""label"": ""l"", ""probability"": 0.2531512975692749}, {""label"": ""j"", ""probability"": 3.3757944038370624e-05}]",dataset,
dataset_sample:8965,l,i,0.7855277061462402,"[{""label"": ""i"", ""probability"": 0.7855277061462402}, {""label"": ""l"", ""probability"": 0.21428139507770538}, {""label"": ""r"", ""probability"": 4.5172164391260594e-05}]",dataset,
dataset_sample:8966,l,i,0.5811882019042969,"[{""label"": ""i"", ""probability"": 0.5811882019042969}, {""label"": ""l"", ""probability"": 0.41683125495910645}, {""label"": ""j"", ""probability"": 0.0011258034501224756}]",dataset,
dataset_sample:8967,l,i,0.5456406474113464,"[{""label"": ""i"", ""probability"": 0.5456406474113464}, {""label"": ""l"", ""probability"": 0.4542458653450012}, {""label"": ""j"", ""probability"": 6.988919631112367e-05}]",dataset,
dataset_sample:8982,l,i,0.7831405997276306,"[{""label"": ""i"", ""probability"": 0.7831405997276306}, {""label"": ""l"", ""probability"": 0.21676069498062134}, {""label"": ""j"", ""probability"": 7.261456630658358e-05}]",dataset,
dataset_sample:8985,l,i,0.6920658946037292,"[{""label"": ""i"", ""probability"": 0.6920658946037292}, {""label"": ""l"", ""probability"": 0.3077144920825958}, {""label"": ""j"", ""probability"": 7.116861524991691e-05}]",dataset,
dataset_sample:8989,l,i,0.5949102640151978,"[{""label"": ""i"", ""probability"": 0.5949102640151978}, {""label"": ""l"", ""probability"": 0.40480759739875793}, {""label"": ""j"", ""probability"": 0.0002251158148283139}]",dataset,
dataset_sample:8991,l,i,0.5485515594482422,"[{""label"": ""i"", ""probability"": 0.5485515594482422}, {""label"": ""l"", ""probability"": 0.45131438970565796}, {""label"": ""j"", ""probability"": 4.487680416787043e-05}]",dataset,
dataset_sample:8995,l,i,0.5051946640014648,"[{""label"": ""i"", ""probability"": 0.5051946640014648}, {""label"": ""l"", ""probability"": 0.4922640919685364}, {""label"": ""j"", ""probability"": 0.000770137703511864}]",dataset,
dataset_sample:8999,l,i,0.603711724281311,"[{""label"": ""i"", ""probability"": 0.603711724281311}, {""label"": ""l"", ""probability"": 0.3960813283920288}, {""label"": ""j"", ""probability"": 9.883376333164051e-05}]",dataset,
dataset_sample:9001,l,i,0.6979685425758362,"[{""label"": ""i"", ""probability"": 0.6979685425758362}, {""label"": ""l"", ""probability"": 0.301929235458374}, {""label"": ""j"", ""probability"": 6.611018761759624e-05}]",dataset,
dataset_sample:9003,l,i,0.7707182168960571,"[{""label"": ""i"", ""probability"": 0.7707182168960571}, {""label"": ""l"", ""probability"": 0.22911930084228516}, {""label"": ""j"", ""probability"": 9.352168854093179e-05}]",dataset,
dataset_sample:9009,l,i,0.7418707609176636,"[{""label"": ""i"", ""probability"": 0.7418707609176636}, {""label"": ""l"", ""probability"": 0.2573868930339813}, {""label"": ""r"", ""probability"": 0.0002271869743708521}]",dataset,
dataset_sample:9015,l,i,0.7910628914833069,"[{""label"": ""i"", ""probability"": 0.7910628914833069}, {""label"": ""l"", ""probability"": 0.20884178578853607}, {""label"": ""j"", ""probability"": 5.58304091100581e-05}]",dataset,
dataset_sample:9018,l,i,0.5478900671005249,"[{""label"": ""i"", ""probability"": 0.5478900671005249}, {""label"": ""l"", ""probability"": 0.4476418197154999}, {""label"": ""v"", ""probability"": 0.0019999658688902855}]",dataset,
dataset_sample:9020,l,c,0.6221242547035217,"[{""label"": ""c"", ""probability"": 0.6221242547035217}, {""label"": ""l"", ""probability"": 0.37140724062919617}, {""label"": ""i"", ""probability"": 0.002683026948943734}]",dataset,
dataset_sample:9027,l,i,0.6379587054252625,"[{""label"": ""i"", ""probability"": 0.6379587054252625}, {""label"": ""l"", ""probability"": 0.3617730140686035}, {""label"": ""j"", ""probability"": 0.00016776166739873588}]",dataset,
dataset_sample:9032,l,y,0.6283606290817261,"[{""label"": ""y"", ""probability"": 0.6283606290817261}, {""label"": ""j"", ""probability"": 0.12710505723953247}, {""label"": ""d"", ""probability"": 0.078878253698349}]",dataset,
dataset_sample:9044,l,i,0.59159916639328,"[{""label"": ""i"", ""probability"": 0.59159916639328}, {""label"": ""l"", ""probability"": 0.40826162695884705}, {""label"": ""h"", ""probability"": 5.729820622946136e-05}]",dataset,
dataset_sample:9045,l,i,0.6226963400840759,"[{""label"": ""i"", ""probability"": 0.6226963400840759}, {""label"": ""l"", ""probability"": 0.37704309821128845}, {""label"": ""j"", ""probability"": 8.267522935057059e-05}]",dataset,
dataset_sample:9055,l,i,0.5686281323432922,"[{""label"": ""i"", ""probability"": 0.5686281323432922}, {""label"": ""l"", ""probability"": 0.43004313111305237}, {""label"": ""j"", ""probability"": 0.001276770024560392}]",dataset,
dataset_sample:9060,l,i,0.6493467688560486,"[{""label"": ""i"", ""probability"": 0.6493467688560486}, {""label"": ""l"", ""probability"": 0.3503992259502411}, {""label"": ""r"", ""probability"": 6.945688801351935e-05}]",dataset,
dataset_sample:9064,l,i,0.5093798041343689,"[{""label"": ""i"", ""probability"": 0.5093798041343689}, {""label"": ""l"", ""probability"": 0.4904678761959076}, {""label"": ""j"", ""probability"": 0.00011831682058982551}]",dataset,
dataset_sample:9071,l,i,0.7300049066543579,"[{""label"": ""i"", ""probability"": 0.7300049066543579}, {""label"": ""l"", ""probability"": 0.2698507010936737}, {""label"": ""j"", ""probability"": 6.205547106219456e-05}]",dataset,
dataset_sample:9077,l,j,0.843890368938446,"[{""label"": ""j"", ""probability"": 0.843890368938446}, {""label"": ""l"", ""probability"": 0.11003730446100235}, {""label"": ""i"", ""probability"": 0.03872289881110191}]",dataset,
dataset_sample:9095,l,i,0.4677317440509796,"[{""label"": ""i"", ""probability"": 0.4677317440509796}, {""label"": ""l"", ""probability"": 0.40837031602859497}, {""label"": ""j"", ""probability"": 0.1137625128030777}]",dataset,
dataset_sample:9098,l,i,0.6158979535102844,"[{""label"": ""i"", ""probability"": 0.6158979535102844}, {""label"": ""l"", ""probability"": 0.3839278221130371}, {""label"": ""j"", ""probability"": 7.067933620419353e-05}]",dataset,
dataset_sample:9103,l,i,0.7782741189002991,"[{""label"": ""i"", ""probability"": 0.7782741189002991}, {""label"": ""l"", ""probability"": 0.2215481549501419}, {""label"": ""j"", ""probability"": 0.00014027101860847324}]",dataset,
dataset_sample:9113,l,i,0.8128538131713867,"[{""label"": ""i"", ""probability"": 0.8128538131713867}, {""label"": ""l"", ""probability"": 0.18698543310165405}, {""label"": ""j"", ""probability"": 7.607031147927046e-05}]",dataset,
dataset_sample:9114,l,i,0.6187092661857605,"[{""label"": ""i"", ""probability"": 0.6187092661857605}, {""label"": ""l"", ""probability"": 0.3802812397480011}, {""label"": ""h"", ""probability"": 0.00017146517348010093}]",dataset,
dataset_sample:9126,l,f,0.5544248819351196,"[{""label"": ""f"", ""probability"": 0.5544248819351196}, {""label"": ""l"", ""probability"": 0.21391752362251282}, {""label"": ""i"", ""probability"": 0.06249992176890373}]",dataset,
dataset_sample:9127,l,i,0.5051045417785645,"[{""label"": ""i"", ""probability"": 0.5051045417785645}, {""label"": ""l"", ""probability"": 0.49475565552711487}, {""label"": ""j"", ""probability"": 8.17842228570953e-05}]",dataset,
dataset_sample:9133,l,i,0.565987765789032,"[{""label"": ""i"", ""probability"": 0.565987765789032}, {""label"": ""l"", ""probability"": 0.4325879216194153}, {""label"": ""j"", ""probability"": 0.0010298937559127808}]",dataset,
dataset_sample:9140,l,i,0.320623517036438,"[{""label"": ""i"", ""probability"": 0.320623517036438}, {""label"": ""t"", ""probability"": 0.29264599084854126}, {""label"": ""l"", ""probability"": 0.19140855967998505}]",dataset,
dataset_sample:9144,l,i,0.7243863344192505,"[{""label"": ""i"", ""probability"": 0.7243863344192505}, {""label"": ""l"", ""probability"": 0.2755272090435028}, {""label"": ""j"", ""probability"": 5.4527226893696934e-05}]",dataset,
dataset_sample:9147,l,i,0.5469173789024353,"[{""label"": ""i"", ""probability"": 0.5469173789024353}, {""label"": ""l"", ""probability"": 0.44220486283302307}, {""label"": ""r"", ""probability"": 0.0025813376996666193}]",dataset,
dataset_sample:9148,l,i,0.6673906445503235,"[{""label"": ""i"", ""probability"": 0.6673906445503235}, {""label"": ""l"", ""probability"": 0.33255085349082947}, {""label"": ""j"", ""probability"": 2.849738666554913e-05}]",dataset,
dataset_sample:9149,l,i,0.5570183992385864,"[{""label"": ""i"", ""probability"": 0.5570183992385864}, {""label"": ""l"", ""probability"": 0.44211021065711975}, {""label"": ""j"", ""probability"": 0.000439913448644802}]",dataset,
dataset_sample:9157,l,i,0.7247745990753174,"[{""label"": ""i"", ""probability"": 0.7247745990753174}, {""label"": ""l"", ""probability"": 0.275072306394577}, {""label"": ""j"", ""probability"": 7.875144365243614e-05}]",dataset,
dataset_sample:9159,l,i,0.6842530369758606,"[{""label"": ""i"", ""probability"": 0.6842530369758606}, {""label"": ""l"", ""probability"": 0.31521597504615784}, {""label"": ""r"", ""probability"": 0.00029955481295473874}]",dataset,
dataset_sample:9168,l,i,0.6686327457427979,"[{""label"": ""i"", ""probability"": 0.6686327457427979}, {""label"": ""l"", ""probability"": 0.32784464955329895}, {""label"": ""j"", ""probability"": 0.0033234055154025555}]",dataset,
dataset_sample:9177,l,i,0.5752862095832825,"[{""label"": ""i"", ""probability"": 0.5752862095832825}, {""label"": ""l"", ""probability"": 0.4244622588157654}, {""label"": ""j"", ""probability"": 0.00017595362442079931}]",dataset,
dataset_sample:9178,l,i,0.5987262725830078,"[{""label"": ""i"", ""probability"": 0.5987262725830078}, {""label"": ""l"", ""probability"": 0.4008442163467407}, {""label"": ""j"", ""probability"": 0.0002902043052017689}]",dataset,
dataset_sample:9181,l,i,0.7798450589179993,"[{""label"": ""i"", ""probability"": 0.7798450589179993}, {""label"": ""l"", ""probability"": 0.21982622146606445}, {""label"": ""j"", ""probability"": 0.0002676742151379585}]",dataset,
dataset_sample:9185,l,i,0.6841389536857605,"[{""label"": ""i"", ""probability"": 0.6841389536857605}, {""label"": ""l"", ""probability"": 0.22939889132976532}, {""label"": ""t"", ""probability"": 0.042517200112342834}]",dataset,
dataset_sample:9186,l,i,0.7687562704086304,"[{""label"": ""i"", ""probability"": 0.7687562704086304}, {""label"": ""l"", ""probability"": 0.23041856288909912}, {""label"": ""c"", ""probability"": 0.00018841418204829097}]",dataset,
dataset_sample:9193,l,i,0.7123513221740723,"[{""label"": ""i"", ""probability"": 0.7123513221740723}, {""label"": ""l"", ""probability"": 0.27634114027023315}, {""label"": ""h"", ""probability"": 0.006706017069518566}]",dataset,
dataset_sample:9195,l,i,0.6123802065849304,"[{""label"": ""i"", ""probability"": 0.6123802065849304}, {""label"": ""l"", ""probability"": 0.38689911365509033}, {""label"": ""j"", ""probability"": 0.0003517124569043517}]",dataset,
dataset_sample:9196,l,i,0.685016393661499,"[{""label"": ""i"", ""probability"": 0.685016393661499}, {""label"": ""l"", ""probability"": 0.31476572155952454}, {""label"": ""r"", ""probability"": 6.316332292044535e-05}]",dataset,
dataset_sample:9200,l,i,0.8222157955169678,"[{""label"": ""i"", ""probability"": 0.8222157955169678}, {""label"": ""l"", ""probability"": 0.177181676030159}, {""label"": ""j"", ""probability"": 0.00041555025381967425}]",dataset,
dataset_sample:9208,l,i,0.5951467752456665,"[{""label"": ""i"", ""probability"": 0.5951467752456665}, {""label"": ""l"", ""probability"": 0.40430402755737305}, {""label"": ""h"", ""probability"": 0.00023797435278538615}]",dataset,
dataset_sample:9221,l,i,0.7883269786834717,"[{""label"": ""i"", ""probability"": 0.7883269786834717}, {""label"": ""l"", ""probability"": 0.20524583756923676}, {""label"": ""r"", ""probability"": 0.005944121163338423}]",dataset,
dataset_sample:9225,l,y,0.2567006051540375,"[{""label"": ""y"", ""probability"": 0.2567006051540375}, {""label"": ""q"", ""probability"": 0.23094479739665985}, {""label"": ""l"", ""probability"": 0.15152394771575928}]",dataset,
dataset_sample:9240,l,i,0.7392414808273315,"[{""label"": ""i"", ""probability"": 0.7392414808273315}, {""label"": ""l"", ""probability"": 0.26042088866233826}, {""label"": ""r"", ""probability"": 0.0001422702189302072}]",dataset,
dataset_sample:9244,l,i,0.8859404921531677,"[{""label"": ""i"", ""probability"": 0.8859404921531677}, {""label"": ""l"", ""probability"": 0.11399658024311066}, {""label"": ""j"", ""probability"": 2.7897272957488894e-05}]",dataset,
dataset_sample:9252,l,i,0.6130537986755371,"[{""label"": ""i"", ""probability"": 0.6130537986755371}, {""label"": ""l"", ""probability"": 0.3762141466140747}, {""label"": ""r"", ""probability"": 0.007048417814075947}]",dataset,
dataset_sample:9260,l,i,0.654396116733551,"[{""label"": ""i"", ""probability"": 0.654396116733551}, {""label"": ""l"", ""probability"": 0.3452724516391754}, {""label"": ""j"", ""probability"": 8.465606515528634e-05}]",dataset,
dataset_sample:9266,l,i,0.6550279855728149,"[{""label"": ""i"", ""probability"": 0.6550279855728149}, {""label"": ""l"", ""probability"": 0.3447875678539276}, {""label"": ""j"", ""probability"": 9.28689114516601e-05}]",dataset,
dataset_sample:9273,l,i,0.5218748450279236,"[{""label"": ""i"", ""probability"": 0.5218748450279236}, {""label"": ""l"", ""probability"": 0.47562286257743835}, {""label"": ""j"", ""probability"": 0.0015806803712621331}]",dataset,
dataset_sample:9276,l,i,0.572089672088623,"[{""label"": ""i"", ""probability"": 0.572089672088623}, {""label"": ""l"", ""probability"": 0.4275895953178406}, {""label"": ""r"", ""probability"": 0.00012476865958888084}]",dataset,
dataset_sample:9280,l,i,0.6808153390884399,"[{""label"": ""i"", ""probability"": 0.6808153390884399}, {""label"": ""l"", ""probability"": 0.3189374804496765}, {""label"": ""j"", ""probability"": 9.028088243212551e-05}]",dataset,
dataset_sample:9296,l,i,0.831428587436676,"[{""label"": ""i"", ""probability"": 0.831428587436676}, {""label"": ""l"", ""probability"": 0.16840073466300964}, {""label"": ""r"", ""probability"": 4.412021007738076e-05}]",dataset,
dataset_sample:9297,l,i,0.7365338802337646,"[{""label"": ""i"", ""probability"": 0.7365338802337646}, {""label"": ""l"", ""probability"": 0.26338234543800354}, {""label"": ""j"", ""probability"": 5.886957296752371e-05}]",dataset,
dataset_sample:9305,l,i,0.9055638909339905,"[{""label"": ""i"", ""probability"": 0.9055638909339905}, {""label"": ""l"", ""probability"": 0.09416782110929489}, {""label"": ""r"", ""probability"": 0.0001062117371475324}]",dataset,
dataset_sample:9316,l,i,0.45975011587142944,"[{""label"": ""i"", ""probability"": 0.45975011587142944}, {""label"": ""l"", ""probability"": 0.45180124044418335}, {""label"": ""q"", ""probability"": 0.020119808614253998}]",dataset,
dataset_sample:9322,l,i,0.6097726225852966,"[{""label"": ""i"", ""probability"": 0.6097726225852966}, {""label"": ""l"", ""probability"": 0.38980793952941895}, {""label"": ""j"", ""probability"": 0.00029052403988316655}]",dataset,
dataset_sample:9332,l,i,0.672897458076477,"[{""label"": ""i"", ""probability"": 0.672897458076477}, {""label"": ""l"", ""probability"": 0.327035516500473}, {""label"": ""j"", ""probability"": 3.773971548071131e-05}]",dataset,
dataset_sample:9337,l,i,0.854970395565033,"[{""label"": ""i"", ""probability"": 0.854970395565033}, {""label"": ""l"", ""probability"": 0.14389289915561676}, {""label"": ""r"", ""probability"": 0.00046071127871982753}]",dataset,
dataset_sample:9339,l,i,0.6988230347633362,"[{""label"": ""i"", ""probability"": 0.6988230347633362}, {""label"": ""l"", ""probability"": 0.3008413314819336}, {""label"": ""j"", ""probability"": 0.0002105546445818618}]",dataset,
dataset_sample:9341,l,r,0.8443064093589783,"[{""label"": ""r"", ""probability"": 0.8443064093589783}, {""label"": ""i"", ""probability"": 0.10373379290103912}, {""label"": ""l"", ""probability"": 0.04789816960692406}]",dataset,
dataset_sample:9354,l,f,0.3708480894565582,"[{""label"": ""f"", ""probability"": 0.3708480894565582}, {""label"": ""l"", ""probability"": 0.24685950577259064}, {""label"": ""i"", ""probability"": 0.16054344177246094}]",dataset,
dataset_sample:9356,l,i,0.6087540984153748,"[{""label"": ""i"", ""probability"": 0.6087540984153748}, {""label"": ""l"", ""probability"": 0.3842226564884186}, {""label"": ""r"", ""probability"": 0.0016597966896370053}]",dataset,
dataset_sample:9359,l,i,0.5445609092712402,"[{""label"": ""i"", ""probability"": 0.5445609092712402}, {""label"": ""l"", ""probability"": 0.4552662968635559}, {""label"": ""h"", ""probability"": 5.9449081163620576e-05}]",dataset,
dataset_sample:9364,l,i,0.7215362787246704,"[{""label"": ""i"", ""probability"": 0.7215362787246704}, {""label"": ""l"", ""probability"": 0.278209924697876}, {""label"": ""j"", ""probability"": 0.0001636624801903963}]",dataset,
dataset_sample:9365,l,i,0.6781620383262634,"[{""label"": ""i"", ""probability"": 0.6781620383262634}, {""label"": ""l"", ""probability"": 0.32153382897377014}, {""label"": ""r"", ""probability"": 9.421013237442821e-05}]",dataset,
dataset_sample:9368,l,i,0.7544098496437073,"[{""label"": ""i"", ""probability"": 0.7544098496437073}, {""label"": ""l"", ""probability"": 0.24521060287952423}, {""label"": ""j"", ""probability"": 0.00018982525216415524}]",dataset,
dataset_sample:9387,l,i,0.7840257287025452,"[{""label"": ""i"", ""probability"": 0.7840257287025452}, {""label"": ""l"", ""probability"": 0.21547220647335052}, {""label"": ""r"", ""probability"": 0.00027277960907667875}]",dataset,
dataset_sample:9399,l,i,0.5862160921096802,"[{""label"": ""i"", ""probability"": 0.5862160921096802}, {""label"": ""l"", ""probability"": 0.41359344124794006}, {""label"": ""h"", ""probability"": 9.428383782505989e-05}]",dataset,
dataset_sample:9400,l,h,0.7708723545074463,"[{""label"": ""h"", ""probability"": 0.7708723545074463}, {""label"": ""l"", ""probability"": 0.22359557449817657}, {""label"": ""k"", ""probability"": 0.004567921161651611}]",dataset,
dataset_sample:9404,l,i,0.7815895676612854,"[{""label"": ""i"", ""probability"": 0.7815895676612854}, {""label"": ""l"", ""probability"": 0.21833500266075134}, {""label"": ""j"", ""probability"": 4.7240078856702894e-05}]",dataset,
dataset_sample:9415,l,i,0.7356823086738586,"[{""label"": ""i"", ""probability"": 0.7356823086738586}, {""label"": ""l"", ""probability"": 0.2633526921272278}, {""label"": ""j"", ""probability"": 0.00035426675458438694}]",dataset,
dataset_sample:9418,l,c,0.8571349382400513,"[{""label"": ""c"", ""probability"": 0.8571349382400513}, {""label"": ""l"", ""probability"": 0.14223411679267883}, {""label"": ""u"", ""probability"": 0.00017757095338311046}]",dataset,
dataset_sample:9423,l,i,0.7020329833030701,"[{""label"": ""i"", ""probability"": 0.7020329833030701}, {""label"": ""l"", ""probability"": 0.2948436439037323}, {""label"": ""r"", ""probability"": 0.0011118700494989753}]",dataset,
dataset_sample:9429,l,i,0.6356387138366699,"[{""label"": ""i"", ""probability"": 0.6356387138366699}, {""label"": ""l"", ""probability"": 0.3635967969894409}, {""label"": ""r"", ""probability"": 0.00029604756855405867}]",dataset,
dataset_sample:9430,l,i,0.822516143321991,"[{""label"": ""i"", ""probability"": 0.822516143321991}, {""label"": ""l"", ""probability"": 0.17713621258735657}, {""label"": ""j"", ""probability"": 0.00024864732404239476}]",dataset,
dataset_sample:9433,l,i,0.5201666951179504,"[{""label"": ""i"", ""probability"": 0.5201666951179504}, {""label"": ""l"", ""probability"": 0.4349721074104309}, {""label"": ""t"", ""probability"": 0.015367375686764717}]",dataset,
dataset_sample:9457,l,i,0.8277310729026794,"[{""label"": ""i"", ""probability"": 0.8277310729026794}, {""label"": ""l"", ""probability"": 0.1717485636472702}, {""label"": ""r"", ""probability"": 0.00028247799491509795}]",dataset,
dataset_sample:9471,l,i,0.66874760389328,"[{""label"": ""i"", ""probability"": 0.66874760389328}, {""label"": ""l"", ""probability"": 0.33011549711227417}, {""label"": ""j"", ""probability"": 0.0010244339937344193}]",dataset,
dataset_sample:9481,l,h,0.6685239672660828,"[{""label"": ""h"", ""probability"": 0.6685239672660828}, {""label"": ""l"", ""probability"": 0.3302740156650543}, {""label"": ""k"", ""probability"": 0.0010849898681044579}]",dataset,
dataset_sample:9482,l,i,0.5473745465278625,"[{""label"": ""i"", ""probability"": 0.5473745465278625}, {""label"": ""l"", ""probability"": 0.4094165563583374}, {""label"": ""y"", ""probability"": 0.017468178644776344}]",dataset,
dataset_sample:9485,l,i,0.6296878457069397,"[{""label"": ""i"", ""probability"": 0.6296878457069397}, {""label"": ""l"", ""probability"": 0.37016308307647705}, {""label"": ""h"", ""probability"": 6.0391597799025476e-05}]",dataset,
dataset_sample:9486,l,i,0.5123018026351929,"[{""label"": ""i"", ""probability"": 0.5123018026351929}, {""label"": ""l"", ""probability"": 0.487476110458374}, {""label"": ""j"", ""probability"": 0.00015073001850396395}]",dataset,
dataset_sample:9487,l,i,0.7400045990943909,"[{""label"": ""i"", ""probability"": 0.7400045990943909}, {""label"": ""l"", ""probability"": 0.25981447100639343}, {""label"": ""j"", ""probability"": 0.00014886246935930103}]",dataset,
dataset_sample:9488,l,c,0.6527547836303711,"[{""label"": ""c"", ""probability"": 0.6527547836303711}, {""label"": ""l"", ""probability"": 0.3461820185184479}, {""label"": ""e"", ""probability"": 0.0006662918603979051}]",dataset,
dataset_sample:9500,l,i,0.7421889305114746,"[{""label"": ""i"", ""probability"": 0.7421889305114746}, {""label"": ""l"", ""probability"": 0.2573387026786804}, {""label"": ""j"", ""probability"": 0.00016374679398722947}]",dataset,
dataset_sample:9504,l,i,0.837039589881897,"[{""label"": ""i"", ""probability"": 0.837039589881897}, {""label"": ""l"", ""probability"": 0.16286170482635498}, {""label"": ""j"", ""probability"": 3.3901382266776636e-05}]",dataset,
dataset_sample:9505,l,i,0.7951439619064331,"[{""label"": ""i"", ""probability"": 0.7951439619064331}, {""label"": ""l"", ""probability"": 0.20412476360797882}, {""label"": ""h"", ""probability"": 0.00013492009020410478}]",dataset,
dataset_sample:9511,l,i,0.8479462265968323,"[{""label"": ""i"", ""probability"": 0.8479462265968323}, {""label"": ""j"", ""probability"": 0.10306020826101303}, {""label"": ""l"", ""probability"": 0.0467943400144577}]",dataset,
dataset_sample:9512,l,i,0.7512525916099548,"[{""label"": ""i"", ""probability"": 0.7512525916099548}, {""label"": ""l"", ""probability"": 0.24715007841587067}, {""label"": ""h"", ""probability"": 0.00037600260111503303}]",dataset,
dataset_sample:9518,l,i,0.5287110805511475,"[{""label"": ""i"", ""probability"": 0.5287110805511475}, {""label"": ""l"", ""probability"": 0.47118085622787476}, {""label"": ""j"", ""probability"": 4.5792836317559704e-05}]",dataset,
dataset_sample:9528,l,i,0.5465911626815796,"[{""label"": ""i"", ""probability"": 0.5465911626815796}, {""label"": ""l"", ""probability"": 0.45325276255607605}, {""label"": ""j"", ""probability"": 6.947618385311216e-05}]",dataset,
dataset_sample:9536,l,h,0.991465151309967,"[{""label"": ""h"", ""probability"": 0.991465151309967}, {""label"": ""l"", ""probability"": 0.008295700885355473}, {""label"": ""k"", ""probability"": 0.0001921068615047261}]",dataset,
dataset_sample:9542,l,i,0.7878015637397766,"[{""label"": ""i"", ""probability"": 0.7878015637397766}, {""label"": ""l"", ""probability"": 0.21203450858592987}, {""label"": ""h"", ""probability"": 6.520760507555678e-05}]",dataset,
dataset_sample:9546,l,i,0.8184319734573364,"[{""label"": ""i"", ""probability"": 0.8184319734573364}, {""label"": ""l"", ""probability"": 0.18148693442344666}, {""label"": ""j"", ""probability"": 5.169297583051957e-05}]",dataset,
dataset_sample:9547,l,i,0.5259017944335938,"[{""label"": ""i"", ""probability"": 0.5259017944335938}, {""label"": ""l"", ""probability"": 0.4739125370979309}, {""label"": ""h"", ""probability"": 7.431086123688146e-05}]",dataset,
dataset_sample:9548,l,i,0.5499449372291565,"[{""label"": ""i"", ""probability"": 0.5499449372291565}, {""label"": ""l"", ""probability"": 0.449934720993042}, {""label"": ""h"", ""probability"": 5.129380224389024e-05}]",dataset,
dataset_sample:9552,l,i,0.7353326082229614,"[{""label"": ""i"", ""probability"": 0.7353326082229614}, {""label"": ""l"", ""probability"": 0.2644675374031067}, {""label"": ""j"", ""probability"": 0.00011861833627335727}]",dataset,
dataset_sample:9562,l,i,0.7761002779006958,"[{""label"": ""i"", ""probability"": 0.7761002779006958}, {""label"": ""l"", ""probability"": 0.22266942262649536}, {""label"": ""r"", ""probability"": 0.0009763523121364415}]",dataset,
dataset_sample:9563,l,i,0.7343122363090515,"[{""label"": ""i"", ""probability"": 0.7343122363090515}, {""label"": ""l"", ""probability"": 0.26554617285728455}, {""label"": ""j"", ""probability"": 6.839791603852063e-05}]",dataset,
dataset_sample:9566,l,i,0.5047801733016968,"[{""label"": ""i"", ""probability"": 0.5047801733016968}, {""label"": ""l"", ""probability"": 0.4948301613330841}, {""label"": ""j"", ""probability"": 0.00013778137508779764}]",dataset,
dataset_sample:9567,l,i,0.9144627451896667,"[{""label"": ""i"", ""probability"": 0.9144627451896667}, {""label"": ""l"", ""probability"": 0.08542381972074509}, {""label"": ""j"", ""probability"": 8.557857654523104e-05}]",dataset,
dataset_sample:9579,l,i,0.5427309274673462,"[{""label"": ""i"", ""probability"": 0.5427309274673462}, {""label"": ""l"", ""probability"": 0.4570886492729187}, {""label"": ""h"", ""probability"": 7.58357418817468e-05}]",dataset,
dataset_sample:9584,l,i,0.5357937216758728,"[{""label"": ""i"", ""probability"": 0.5357937216758728}, {""label"": ""l"", ""probability"": 0.46349671483039856}, {""label"": ""j"", ""probability"": 0.0004985746927559376}]",dataset,
dataset_sample:9586,l,i,0.5187605023384094,"[{""label"": ""i"", ""probability"": 0.5187605023384094}, {""label"": ""l"", ""probability"": 0.48017027974128723}, {""label"": ""j"", ""probability"": 0.0009732178295962512}]",dataset,
dataset_sample:9594,l,i,0.8098496198654175,"[{""label"": ""i"", ""probability"": 0.8098496198654175}, {""label"": ""l"", ""probability"": 0.1899796426296234}, {""label"": ""j"", ""probability"": 0.00011870528396684676}]",dataset,
dataset_sample:9595,l,i,0.4780545234680176,"[{""label"": ""i"", ""probability"": 0.4780545234680176}, {""label"": ""l"", ""probability"": 0.4502948820590973}, {""label"": ""f"", ""probability"": 0.027003010734915733}]",dataset,
dataset_sample:9898,m,h,0.4572817087173462,"[{""label"": ""h"", ""probability"": 0.4572817087173462}, {""label"": ""m"", ""probability"": 0.1751915067434311}, {""label"": ""k"", ""probability"": 0.1204417422413826}]",dataset,
dataset_sample:9913,m,h,0.5972334742546082,"[{""label"": ""h"", ""probability"": 0.5972334742546082}, {""label"": ""m"", ""probability"": 0.3306799829006195}, {""label"": ""u"", ""probability"": 0.06288381665945053}]",dataset,
dataset_sample:9989,m,n,0.7667392492294312,"[{""label"": ""n"", ""probability"": 0.7667392492294312}, {""label"": ""m"", ""probability"": 0.15091592073440552}, {""label"": ""a"", ""probability"": 0.05665624141693115}]",dataset,
dataset_sample:10043,m,w,0.6684654951095581,"[{""label"": ""w"", ""probability"": 0.6684654951095581}, {""label"": ""u"", ""probability"": 0.18867811560630798}, {""label"": ""m"", ""probability"": 0.11539437621831894}]",dataset,
dataset_sample:10123,m,n,0.9983389377593994,"[{""label"": ""n"", ""probability"": 0.9983389377593994}, {""label"": ""h"", ""probability"": 0.0015072807436808944}, {""label"": ""r"", ""probability"": 5.119113848195411e-05}]",dataset,
dataset_sample:10139,m,h,0.7316552400588989,"[{""label"": ""h"", ""probability"": 0.7316552400588989}, {""label"": ""m"", ""probability"": 0.19183211028575897}, {""label"": ""n"", ""probability"": 0.07502491027116776}]",dataset,
dataset_sample:10166,m,y,0.27030208706855774,"[{""label"": ""y"", ""probability"": 0.27030208706855774}, {""label"": ""n"", ""probability"": 0.23919951915740967}, {""label"": ""m"", ""probability"": 0.1830132156610489}]",dataset,
dataset_sample:10277,m,h,0.9621168971061707,"[{""label"": ""h"", ""probability"": 0.9621168971061707}, {""label"": ""m"", ""probability"": 0.018122252076864243}, {""label"": ""n"", ""probability"": 0.017883947119116783}]",dataset,
dataset_sample:10315,m,w,0.6796973347663879,"[{""label"": ""w"", ""probability"": 0.6796973347663879}, {""label"": ""m"", ""probability"": 0.2562883198261261}, {""label"": ""n"", ""probability"": 0.05515631288290024}]",dataset,
dataset_sample:10358,m,n,0.9515498876571655,"[{""label"": ""n"", ""probability"": 0.9515498876571655}, {""label"": ""m"", ""probability"": 0.03105057217180729}, {""label"": ""h"", ""probability"": 0.01738976500928402}]",dataset,
dataset_sample:10404,n,m,0.6291412115097046,"[{""label"": ""m"", ""probability"": 0.6291412115097046}, {""label"": ""n"", ""probability"": 0.3578021824359894}, {""label"": ""h"", ""probability"": 0.009324637241661549}]",dataset,
dataset_sample:10417,n,h,0.9397926330566406,"[{""label"": ""h"", ""probability"": 0.9397926330566406}, {""label"": ""n"", ""probability"": 0.048185084015131}, {""label"": ""m"", ""probability"": 0.004035118501633406}]",dataset,
dataset_sample:10505,n,h,0.625785768032074,"[{""label"": ""h"", ""probability"": 0.625785768032074}, {""label"": ""n"", ""probability"": 0.37300366163253784}, {""label"": ""r"", ""probability"": 0.0008140424033626914}]",dataset,
dataset_sample:10508,n,h,0.9220443367958069,"[{""label"": ""h"", ""probability"": 0.9220443367958069}, {""label"": ""n"", ""probability"": 0.07145481556653976}, {""label"": ""r"", ""probability"": 0.0033914209343492985}]",dataset,
dataset_sample:10512,n,h,0.7859348654747009,"[{""label"": ""h"", ""probability"": 0.7859348654747009}, {""label"": ""n"", ""probability"": 0.1682005524635315}, {""label"": ""u"", ""probability"": 0.023643452674150467}]",dataset,
dataset_sample:10556,n,m,0.7637923955917358,"[{""label"": ""m"", ""probability"": 0.7637923955917358}, {""label"": ""n"", ""probability"": 0.2111743986606598}, {""label"": ""h"", ""probability"": 0.01860390417277813}]",dataset,
dataset_sample:10571,n,u,0.6813843250274658,"[{""label"": ""u"", ""probability"": 0.6813843250274658}, {""label"": ""v"", ""probability"": 0.18310819566249847}, {""label"": ""w"", ""probability"": 0.07212665677070618}]",dataset,
dataset_sample:10631,n,h,0.5647907853126526,"[{""label"": ""h"", ""probability"": 0.5647907853126526}, {""label"": ""n"", ""probability"": 0.31069135665893555}, {""label"": ""r"", ""probability"": 0.0903153195977211}]",dataset,
dataset_sample:10634,n,w,0.900177001953125,"[{""label"": ""w"", ""probability"": 0.900177001953125}, {""label"": ""n"", ""probability"": 0.09691251814365387}, {""label"": ""v"", ""probability"": 0.0019242684356868267}]",dataset,
dataset_sample:10640,n,r,0.5443985462188721,"[{""label"": ""r"", ""probability"": 0.5443985462188721}, {""label"": ""n"", ""probability"": 0.44830095767974854}, {""label"": ""c"", ""probability"": 0.0031732115894556046}]",dataset,
dataset_sample:10662,n,h,0.9325900077819824,"[{""label"": ""h"", ""probability"": 0.9325900077819824}, {""label"": ""n"", ""probability"": 0.061814915388822556}, {""label"": ""l"", ""probability"": 0.0034395898692309856}]",dataset,
dataset_sample:10666,n,w,0.6008779406547546,"[{""label"": ""w"", ""probability"": 0.6008779406547546}, {""label"": ""n"", ""probability"": 0.36463654041290283}, {""label"": ""h"", ""probability"": 0.02506539411842823}]",dataset,
dataset_sample:10671,n,h,0.8673475384712219,"[{""label"": ""h"", ""probability"": 0.8673475384712219}, {""label"": ""n"", ""probability"": 0.13218073546886444}, {""label"": ""r"", ""probability"": 0.00027536420384421945}]",dataset,
dataset_sample:10685,n,r,0.6792491674423218,"[{""label"": ""r"", ""probability"": 0.6792491674423218}, {""label"": ""n"", ""probability"": 0.3160165250301361}, {""label"": ""a"", ""probability"": 0.003236570628359914}]",dataset,
dataset_sample:10697,n,w,0.5912216305732727,"[{""label"": ""w"", ""probability"": 0.5912216305732727}, {""label"": ""n"", ""probability"": 0.36739543080329895}, {""label"": ""v"", ""probability"": 0.025191258639097214}]",dataset,
dataset_sample:10708,n,j,0.6343626976013184,"[{""label"": ""j"", ""probability"": 0.6343626976013184}, {""label"": ""d"", ""probability"": 0.2212560623884201}, {""label"": ""n"", ""probability"": 0.1013924777507782}]",dataset,
dataset_sample:10716,n,h,0.6599653959274292,"[{""label"": ""h"", ""probability"": 0.6599653959274292}, {""label"": ""n"", ""probability"": 0.29260310530662537}, {""label"": ""l"", ""probability"": 0.01039900816977024}]",dataset,
dataset_sample:10803,n,h,0.4040364623069763,"[{""label"": ""h"", ""probability"": 0.4040364623069763}, {""label"": ""n"", ""probability"": 0.26340383291244507}, {""label"": ""x"", ""probability"": 0.16967244446277618}]",dataset,
dataset_sample:10805,n,w,0.9935994148254395,"[{""label"": ""w"", ""probability"": 0.9935994148254395}, {""label"": ""n"", ""probability"": 0.0059088291600346565}, {""label"": ""m"", ""probability"": 0.00034737290116027}]",dataset,
dataset_sample:10859,n,a,0.6899347305297852,"[{""label"": ""a"", ""probability"": 0.6899347305297852}, {""label"": ""n"", ""probability"": 0.26094892621040344}, {""label"": ""r"", ""probability"": 0.024740859866142273}]",dataset,
dataset_sample:10878,n,h,0.8152725696563721,"[{""label"": ""h"", ""probability"": 0.8152725696563721}, {""label"": ""n"", ""probability"": 0.18395741283893585}, {""label"": ""r"", ""probability"": 0.00035663944436237216}]",dataset,
dataset_sample:10900,n,m,0.9081365466117859,"[{""label"": ""m"", ""probability"": 0.9081365466117859}, {""label"": ""n"", ""probability"": 0.08051929622888565}, {""label"": ""h"", ""probability"": 0.010989191010594368}]",dataset,
dataset_sample:10923,n,m,0.9882649183273315,"[{""label"": ""m"", ""probability"": 0.9882649183273315}, {""label"": ""w"", ""probability"": 0.00708397151902318}, {""label"": ""n"", ""probability"": 0.004625626839697361}]",dataset,
dataset_sample:10934,n,h,0.46573731303215027,"[{""label"": ""h"", ""probability"": 0.46573731303215027}, {""label"": ""i"", ""probability"": 0.1955796778202057}, {""label"": ""l"", ""probability"": 0.1388234794139862}]",dataset,
dataset_sample:10948,n,h,0.7699272632598877,"[{""label"": ""h"", ""probability"": 0.7699272632598877}, {""label"": ""n"", ""probability"": 0.2236267328262329}, {""label"": ""r"", ""probability"": 0.002125747734680772}]",dataset,
dataset_sample:10963,n,h,0.8617717027664185,"[{""label"": ""h"", ""probability"": 0.8617717027664185}, {""label"": ""n"", ""probability"": 0.133340984582901}, {""label"": ""v"", ""probability"": 0.0014167565386742353}]",dataset,
dataset_sample:10970,n,y,0.3819967210292816,"[{""label"": ""y"", ""probability"": 0.3819967210292816}, {""label"": ""m"", ""probability"": 0.28808483481407166}, {""label"": ""n"", ""probability"": 0.2849564254283905}]",dataset,
dataset_sample:11012,n,h,0.8153893351554871,"[{""label"": ""h"", ""probability"": 0.8153893351554871}, {""label"": ""n"", ""probability"": 0.11185947060585022}, {""label"": ""w"", ""probability"": 0.019209178164601326}]",dataset,
dataset_sample:11014,n,h,0.868520975112915,"[{""label"": ""h"", ""probability"": 0.868520975112915}, {""label"": ""n"", ""probability"": 0.09938844293355942}, {""label"": ""x"", ""probability"": 0.011188103817403316}]",dataset,
dataset_sample:11051,n,h,0.9887102246284485,"[{""label"": ""h"", ""probability"": 0.9887102246284485}, {""label"": ""n"", ""probability"": 0.009280585683882236}, {""label"": ""l"", ""probability"": 0.0007410827092826366}]",dataset,
dataset_sample:11053,n,r,0.591717541217804,"[{""label"": ""r"", ""probability"": 0.591717541217804}, {""label"": ""n"", ""probability"": 0.4050699770450592}, {""label"": ""v"", ""probability"": 0.0012608800316229463}]",dataset,
dataset_sample:11059,n,w,0.5153900980949402,"[{""label"": ""w"", ""probability"": 0.5153900980949402}, {""label"": ""n"", ""probability"": 0.4757409989833832}, {""label"": ""m"", ""probability"": 0.003725207643583417}]",dataset,
dataset_sample:11066,n,h,0.7482482194900513,"[{""label"": ""h"", ""probability"": 0.7482482194900513}, {""label"": ""n"", ""probability"": 0.250024676322937}, {""label"": ""r"", ""probability"": 0.0016184862470254302}]",dataset,
dataset_sample:11074,n,h,0.5796152353286743,"[{""label"": ""h"", ""probability"": 0.5796152353286743}, {""label"": ""n"", ""probability"": 0.36152637004852295}, {""label"": ""w"", ""probability"": 0.029694639146327972}]",dataset,
dataset_sample:11075,n,h,0.45261597633361816,"[{""label"": ""h"", ""probability"": 0.45261597633361816}, {""label"": ""r"", ""probability"": 0.3309794068336487}, {""label"": ""n"", ""probability"": 0.21269676089286804}]",dataset,
dataset_sample:11112,n,r,0.9428829550743103,"[{""label"": ""r"", ""probability"": 0.9428829550743103}, {""label"": ""n"", ""probability"": 0.035686030983924866}, {""label"": ""c"", ""probability"": 0.016102703288197517}]",dataset,
dataset_sample:11152,n,m,0.5718725919723511,"[{""label"": ""m"", ""probability"": 0.5718725919723511}, {""label"": ""n"", ""probability"": 0.38575807213783264}, {""label"": ""a"", ""probability"": 0.028387973085045815}]",dataset,
dataset_sample:11200,o,a,0.8660147190093994,"[{""label"": ""a"", ""probability"": 0.8660147190093994}, {""label"": ""o"", ""probability"": 0.07536794245243073}, {""label"": ""d"", ""probability"": 0.03987019881606102}]",dataset,
dataset_sample:11213,o,j,0.37850162386894226,"[{""label"": ""j"", ""probability"": 0.37850162386894226}, {""label"": ""n"", ""probability"": 0.2124582827091217}, {""label"": ""h"", ""probability"": 0.08578398823738098}]",dataset,
dataset_sample:11222,o,d,0.6086925268173218,"[{""label"": ""d"", ""probability"": 0.6086925268173218}, {""label"": ""o"", ""probability"": 0.369718462228775}, {""label"": ""a"", ""probability"": 0.009410268627107143}]",dataset,
dataset_sample:11231,o,q,0.8754420876502991,"[{""label"": ""q"", ""probability"": 0.8754420876502991}, {""label"": ""o"", ""probability"": 0.09317974001169205}, {""label"": ""g"", ""probability"": 0.020613161846995354}]",dataset,
dataset_sample:11237,o,c,0.48443135619163513,"[{""label"": ""c"", ""probability"": 0.48443135619163513}, {""label"": ""o"", ""probability"": 0.3324427902698517}, {""label"": ""a"", ""probability"": 0.12394288182258606}]",dataset,
dataset_sample:11247,o,u,0.9806061387062073,"[{""label"": ""u"", ""probability"": 0.9806061387062073}, {""label"": ""o"", ""probability"": 0.016177022829651833}, {""label"": ""d"", ""probability"": 0.0010350756347179413}]",dataset,
dataset_sample:11248,o,d,0.8459442257881165,"[{""label"": ""d"", ""probability"": 0.8459442257881165}, {""label"": ""o"", ""probability"": 0.10095975548028946}, {""label"": ""v"", ""probability"": 0.029532503336668015}]",dataset,
dataset_sample:11273,o,a,0.741382360458374,"[{""label"": ""a"", ""probability"": 0.741382360458374}, {""label"": ""o"", ""probability"": 0.06875455379486084}, {""label"": ""e"", ""probability"": 0.06325102597475052}]",dataset,
dataset_sample:11281,o,d,0.5109898447990417,"[{""label"": ""d"", ""probability"": 0.5109898447990417}, {""label"": ""o"", ""probability"": 0.4870157539844513}, {""label"": ""q"", ""probability"": 0.0005221356404945254}]",dataset,
dataset_sample:11299,o,d,0.9741929769515991,"[{""label"": ""d"", ""probability"": 0.9741929769515991}, {""label"": ""o"", ""probability"": 0.02519475482404232}, {""label"": ""l"", ""probability"": 0.00017092956113629043}]",dataset,
dataset_sample:11324,o,c,0.9960474371910095,"[{""label"": ""c"", ""probability"": 0.9960474371910095}, {""label"": ""e"", ""probability"": 0.001590482541359961}, {""label"": ""o"", ""probability"": 0.0011739031178876758}]",dataset,
dataset_sample:11339,o,d,0.4335232079029083,"[{""label"": ""d"", ""probability"": 0.4335232079029083}, {""label"": ""o"", ""probability"": 0.3867311179637909}, {""label"": ""u"", ""probability"": 0.07886578887701035}]",dataset,
dataset_sample:11351,o,c,0.7413117289543152,"[{""label"": ""c"", ""probability"": 0.7413117289543152}, {""label"": ""a"", ""probability"": 0.21773046255111694}, {""label"": ""e"", ""probability"": 0.013726511038839817}]",dataset,
dataset_sample:11373,o,d,0.6327947974205017,"[{""label"": ""d"", ""probability"": 0.6327947974205017}, {""label"": ""o"", ""probability"": 0.214278906583786}, {""label"": ""b"", ""probability"": 0.09147366881370544}]",dataset,
dataset_sample:11384,o,v,0.43515196442604065,"[{""label"": ""v"", ""probability"": 0.43515196442604065}, {""label"": ""o"", ""probability"": 0.25111284852027893}, {""label"": ""u"", ""probability"": 0.09340269863605499}]",dataset,
dataset_sample:11417,o,a,0.33352774381637573,"[{""label"": ""a"", ""probability"": 0.33352774381637573}, {""label"": ""n"", ""probability"": 0.30692827701568604}, {""label"": ""o"", ""probability"": 0.14961212873458862}]",dataset,
dataset_sample:11434,o,d,0.34668728709220886,"[{""label"": ""d"", ""probability"": 0.34668728709220886}, {""label"": ""b"", ""probability"": 0.3303489685058594}, {""label"": ""o"", ""probability"": 0.12259794026613235}]",dataset,
dataset_sample:11491,o,d,0.6386624574661255,"[{""label"": ""d"", ""probability"": 0.6386624574661255}, {""label"": ""o"", ""probability"": 0.3599770665168762}, {""label"": ""a"", ""probability"": 0.0008522977586835623}]",dataset,
dataset_sample:11503,o,d,0.5863004922866821,"[{""label"": ""d"", ""probability"": 0.5863004922866821}, {""label"": ""o"", ""probability"": 0.40649181604385376}, {""label"": ""b"", ""probability"": 0.0027960771694779396}]",dataset,
dataset_sample:11521,o,d,0.6017484664916992,"[{""label"": ""d"", ""probability"": 0.6017484664916992}, {""label"": ""o"", ""probability"": 0.35708439350128174}, {""label"": ""a"", ""probability"": 0.0239022895693779}]",dataset,
dataset_sample:11547,o,c,0.7131223082542419,"[{""label"": ""c"", ""probability"": 0.7131223082542419}, {""label"": ""o"", ""probability"": 0.23435954749584198}, {""label"": ""a"", ""probability"": 0.016834791749715805}]",dataset,
dataset_sample:11581,o,d,0.7160698771476746,"[{""label"": ""d"", ""probability"": 0.7160698771476746}, {""label"": ""o"", ""probability"": 0.28324002027511597}, {""label"": ""b"", ""probability"": 0.000440845760749653}]",dataset,
dataset_sample:11583,o,a,0.9755328297615051,"[{""label"": ""a"", ""probability"": 0.9755328297615051}, {""label"": ""o"", ""probability"": 0.009076391346752644}, {""label"": ""q"", ""probability"": 0.00785051379352808}]",dataset,
dataset_sample:11608,o,d,0.5074790120124817,"[{""label"": ""d"", ""probability"": 0.5074790120124817}, {""label"": ""o"", ""probability"": 0.3887076675891876}, {""label"": ""a"", ""probability"": 0.06282295286655426}]",dataset,
dataset_sample:11646,o,u,0.6350269317626953,"[{""label"": ""u"", ""probability"": 0.6350269317626953}, {""label"": ""o"", ""probability"": 0.25894737243652344}, {""label"": ""v"", ""probability"": 0.076999731361866}]",dataset,
dataset_sample:11660,o,a,0.5172353386878967,"[{""label"": ""a"", ""probability"": 0.5172353386878967}, {""label"": ""o"", ""probability"": 0.3081303834915161}, {""label"": ""d"", ""probability"": 0.1557818502187729}]",dataset,
dataset_sample:11662,o,d,0.927058756351471,"[{""label"": ""d"", ""probability"": 0.927058756351471}, {""label"": ""o"", ""probability"": 0.07237744331359863}, {""label"": ""b"", ""probability"": 0.00016813573893159628}]",dataset,
dataset_sample:11684,o,d,0.9472805857658386,"[{""label"": ""d"", ""probability"": 0.9472805857658386}, {""label"": ""o"", ""probability"": 0.049893878400325775}, {""label"": ""a"", ""probability"": 0.002108405577018857}]",dataset,
dataset_sample:11697,o,d,0.955866813659668,"[{""label"": ""d"", ""probability"": 0.955866813659668}, {""label"": ""o"", ""probability"": 0.03354606404900551}, {""label"": ""b"", ""probability"": 0.0055747986771166325}]",dataset,
dataset_sample:11772,o,d,0.8840457201004028,"[{""label"": ""d"", ""probability"": 0.8840457201004028}, {""label"": ""o"", ""probability"": 0.11126116663217545}, {""label"": ""b"", ""probability"": 0.0024386432487517595}]",dataset,
dataset_sample:11777,o,c,0.7454023361206055,"[{""label"": ""c"", ""probability"": 0.7454023361206055}, {""label"": ""o"", ""probability"": 0.23702238500118256}, {""label"": ""g"", ""probability"": 0.005420641973614693}]",dataset,
dataset_sample:11792,o,d,0.6003178358078003,"[{""label"": ""d"", ""probability"": 0.6003178358078003}, {""label"": ""o"", ""probability"": 0.36587175726890564}, {""label"": ""l"", ""probability"": 0.01611693575978279}]",dataset,
dataset_sample:11808,o,g,0.5419865846633911,"[{""label"": ""g"", ""probability"": 0.5419865846633911}, {""label"": ""o"", ""probability"": 0.4204269051551819}, {""label"": ""c"", ""probability"": 0.030861545354127884}]",dataset,
dataset_sample:11822,o,d,0.421509325504303,"[{""label"": ""d"", ""probability"": 0.421509325504303}, {""label"": ""o"", ""probability"": 0.3714280426502228}, {""label"": ""a"", ""probability"": 0.06778860092163086}]",dataset,
dataset_sample:11825,o,b,0.6961316466331482,"[{""label"": ""b"", ""probability"": 0.6961316466331482}, {""label"": ""o"", ""probability"": 0.0662689357995987}, {""label"": ""c"", ""probability"": 0.058417707681655884}]",dataset,
dataset_sample:11853,o,a,0.8256276249885559,"[{""label"": ""a"", ""probability"": 0.8256276249885559}, {""label"": ""o"", ""probability"": 0.10248619318008423}, {""label"": ""g"", ""probability"": 0.024932892993092537}]",dataset,
dataset_sample:11863,o,g,0.32175418734550476,"[{""label"": ""g"", ""probability"": 0.32175418734550476}, {""label"": ""j"", ""probability"": 0.2770480811595917}, {""label"": ""u"", ""probability"": 0.17386560142040253}]",dataset,
dataset_sample:11864,o,d,0.960811197757721,"[{""label"": ""d"", ""probability"": 0.960811197757721}, {""label"": ""o"", ""probability"": 0.034265413880348206}, {""label"": ""a"", ""probability"": 0.002263876609504223}]",dataset,
dataset_sample:11873,o,u,0.6664929986000061,"[{""label"": ""u"", ""probability"": 0.6664929986000061}, {""label"": ""o"", ""probability"": 0.29822805523872375}, {""label"": ""v"", ""probability"": 0.011253909207880497}]",dataset,
dataset_sample:11878,o,u,0.8048506379127502,"[{""label"": ""u"", ""probability"": 0.8048506379127502}, {""label"": ""o"", ""probability"": 0.16736538708209991}, {""label"": ""c"", ""probability"": 0.018524169921875}]",dataset,
dataset_sample:11946,o,a,0.9888002872467041,"[{""label"": ""a"", ""probability"": 0.9888002872467041}, {""label"": ""d"", ""probability"": 0.004531404469162226}, {""label"": ""g"", ""probability"": 0.002717012772336602}]",dataset,
dataset_sample:11990,o,g,0.6933812499046326,"[{""label"": ""g"", ""probability"": 0.6933812499046326}, {""label"": ""o"", ""probability"": 0.2805666923522949}, {""label"": ""c"", ""probability"": 0.009462477639317513}]",dataset,
dataset_sample:12102,p,d,0.9266954064369202,"[{""label"": ""d"", ""probability"": 0.9266954064369202}, {""label"": ""p"", ""probability"": 0.04816695675253868}, {""label"": ""b"", ""probability"": 0.017522219568490982}]",dataset,
dataset_sample:12115,p,d,0.6353523135185242,"[{""label"": ""d"", ""probability"": 0.6353523135185242}, {""label"": ""p"", ""probability"": 0.32750874757766724}, {""label"": ""o"", ""probability"": 0.018698276951909065}]",dataset,
dataset_sample:12121,p,r,0.6962501406669617,"[{""label"": ""r"", ""probability"": 0.6962501406669617}, {""label"": ""p"", ""probability"": 0.27291953563690186}, {""label"": ""n"", ""probability"": 0.027644794434309006}]",dataset,
dataset_sample:12184,p,d,0.9031052589416504,"[{""label"": ""d"", ""probability"": 0.9031052589416504}, {""label"": ""p"", ""probability"": 0.09391461312770844}, {""label"": ""n"", ""probability"": 0.0026590346824377775}]",dataset,
dataset_sample:12277,p,f,0.6323763132095337,"[{""label"": ""f"", ""probability"": 0.6323763132095337}, {""label"": ""p"", ""probability"": 0.19817520678043365}, {""label"": ""a"", ""probability"": 0.13685210049152374}]",dataset,
dataset_sample:12283,p,f,0.8285239934921265,"[{""label"": ""f"", ""probability"": 0.8285239934921265}, {""label"": ""p"", ""probability"": 0.16764703392982483}, {""label"": ""t"", ""probability"": 0.0028090120758861303}]",dataset,
dataset_sample:12463,p,d,0.9990898370742798,"[{""label"": ""d"", ""probability"": 0.9990898370742798}, {""label"": ""p"", ""probability"": 0.0008224669727496803}, {""label"": ""b"", ""probability"": 6.643209053436294e-05}]",dataset,
dataset_sample:12465,p,d,0.9935595989227295,"[{""label"": ""d"", ""probability"": 0.9935595989227295}, {""label"": ""o"", ""probability"": 0.0059430873952806}, {""label"": ""p"", ""probability"": 0.0002820721419993788}]",dataset,
dataset_sample:12492,p,e,0.997318685054779,"[{""label"": ""e"", ""probability"": 0.997318685054779}, {""label"": ""r"", ""probability"": 0.001845772610977292}, {""label"": ""p"", ""probability"": 0.0005712028359994292}]",dataset,
dataset_sample:12586,p,d,0.6454084515571594,"[{""label"": ""d"", ""probability"": 0.6454084515571594}, {""label"": ""p"", ""probability"": 0.3541487455368042}, {""label"": ""b"", ""probability"": 0.0003593598958104849}]",dataset,
dataset_sample:12614,p,d,0.9987457990646362,"[{""label"": ""d"", ""probability"": 0.9987457990646362}, {""label"": ""j"", ""probability"": 0.0005403654649853706}, {""label"": ""p"", ""probability"": 0.0003042528696823865}]",dataset,
dataset_sample:12727,p,b,0.5395339131355286,"[{""label"": ""b"", ""probability"": 0.5395339131355286}, {""label"": ""p"", ""probability"": 0.31136244535446167}, {""label"": ""r"", ""probability"": 0.12984538078308105}]",dataset,
dataset_sample:12808,q,a,0.944059431552887,"[{""label"": ""a"", ""probability"": 0.944059431552887}, {""label"": ""q"", ""probability"": 0.03561774268746376}, {""label"": ""g"", ""probability"": 0.019513826817274094}]",dataset,
dataset_sample:12811,q,g,0.5516436100006104,"[{""label"": ""g"", ""probability"": 0.5516436100006104}, {""label"": ""q"", ""probability"": 0.4265612065792084}, {""label"": ""f"", ""probability"": 0.012151109986007214}]",dataset,
dataset_sample:12820,q,a,0.35976868867874146,"[{""label"": ""a"", ""probability"": 0.35976868867874146}, {""label"": ""q"", ""probability"": 0.3445796072483063}, {""label"": ""g"", ""probability"": 0.29364094138145447}]",dataset,
dataset_sample:12822,q,g,0.5546634793281555,"[{""label"": ""g"", ""probability"": 0.5546634793281555}, {""label"": ""q"", ""probability"": 0.41984230279922485}, {""label"": ""a"", ""probability"": 0.02506875805556774}]",dataset,
dataset_sample:12835,q,g,0.6126921772956848,"[{""label"": ""g"", ""probability"": 0.6126921772956848}, {""label"": ""q"", ""probability"": 0.3871105909347534}, {""label"": ""y"", ""probability"": 0.00019661009719129652}]",dataset,
dataset_sample:12843,q,g,0.5476155877113342,"[{""label"": ""g"", ""probability"": 0.5476155877113342}, {""label"": ""q"", ""probability"": 0.4522671699523926}, {""label"": ""y"", ""probability"": 7.047083636280149e-05}]",dataset,
dataset_sample:12856,q,a,0.8711208701133728,"[{""label"": ""a"", ""probability"": 0.8711208701133728}, {""label"": ""g"", ""probability"": 0.07214050740003586}, {""label"": ""q"", ""probability"": 0.051757149398326874}]",dataset,
dataset_sample:12869,q,a,0.733044445514679,"[{""label"": ""a"", ""probability"": 0.733044445514679}, {""label"": ""q"", ""probability"": 0.19868460297584534}, {""label"": ""g"", ""probability"": 0.06141641363501549}]",dataset,
dataset_sample:12875,q,g,0.7609973549842834,"[{""label"": ""g"", ""probability"": 0.7609973549842834}, {""label"": ""q"", ""probability"": 0.2206578105688095}, {""label"": ""y"", ""probability"": 0.00791179295629263}]",dataset,
dataset_sample:12882,q,a,0.5719170570373535,"[{""label"": ""a"", ""probability"": 0.5719170570373535}, {""label"": ""q"", ""probability"": 0.3622227609157562}, {""label"": ""g"", ""probability"": 0.0435994528234005}]",dataset,
dataset_sample:12889,q,g,0.7248941659927368,"[{""label"": ""g"", ""probability"": 0.7248941659927368}, {""label"": ""q"", ""probability"": 0.2722465693950653}, {""label"": ""a"", ""probability"": 0.001410690718330443}]",dataset,
dataset_sample:12899,q,a,0.9440793991088867,"[{""label"": ""a"", ""probability"": 0.9440793991088867}, {""label"": ""q"", ""probability"": 0.051827941089868546}, {""label"": ""g"", ""probability"": 0.0032996400259435177}]",dataset,
dataset_sample:12904,q,a,0.7508419156074524,"[{""label"": ""a"", ""probability"": 0.7508419156074524}, {""label"": ""q"", ""probability"": 0.23809073865413666}, {""label"": ""d"", ""probability"": 0.006435856223106384}]",dataset,
dataset_sample:12907,q,g,0.6682230830192566,"[{""label"": ""g"", ""probability"": 0.6682230830192566}, {""label"": ""q"", ""probability"": 0.32060715556144714}, {""label"": ""a"", ""probability"": 0.010699636302888393}]",dataset,
dataset_sample:12920,q,g,0.5062645673751831,"[{""label"": ""g"", ""probability"": 0.5062645673751831}, {""label"": ""q"", ""probability"": 0.4933677613735199}, {""label"": ""a"", ""probability"": 0.0002066026790998876}]",dataset,
dataset_sample:12932,q,z,0.5514204502105713,"[{""label"": ""z"", ""probability"": 0.5514204502105713}, {""label"": ""q"", ""probability"": 0.32988736033439636}, {""label"": ""f"", ""probability"": 0.054809004068374634}]",dataset,
dataset_sample:12950,q,g,0.6760313510894775,"[{""label"": ""g"", ""probability"": 0.6760313510894775}, {""label"": ""q"", ""probability"": 0.3238694369792938}, {""label"": ""y"", ""probability"": 7.852786802686751e-05}]",dataset,
dataset_sample:12956,q,e,0.9361467361450195,"[{""label"": ""e"", ""probability"": 0.9361467361450195}, {""label"": ""c"", ""probability"": 0.04504142329096794}, {""label"": ""q"", ""probability"": 0.0110111553221941}]",dataset,
dataset_sample:12972,q,a,0.4927656054496765,"[{""label"": ""a"", ""probability"": 0.4927656054496765}, {""label"": ""q"", ""probability"": 0.48562684655189514}, {""label"": ""g"", ""probability"": 0.021567631512880325}]",dataset,
dataset_sample:12978,q,g,0.4852370321750641,"[{""label"": ""g"", ""probability"": 0.4852370321750641}, {""label"": ""q"", ""probability"": 0.4569931924343109}, {""label"": ""y"", ""probability"": 0.057061098515987396}]",dataset,
dataset_sample:12989,q,a,0.8671992421150208,"[{""label"": ""a"", ""probability"": 0.8671992421150208}, {""label"": ""q"", ""probability"": 0.0933077409863472}, {""label"": ""g"", ""probability"": 0.019832070916891098}]",dataset,
dataset_sample:12992,q,a,0.6074394583702087,"[{""label"": ""a"", ""probability"": 0.6074394583702087}, {""label"": ""q"", ""probability"": 0.37596395611763}, {""label"": ""u"", ""probability"": 0.0072949971072375774}]",dataset,
dataset_sample:12998,q,g,0.5852493643760681,"[{""label"": ""g"", ""probability"": 0.5852493643760681}, {""label"": ""q"", ""probability"": 0.4096662402153015}, {""label"": ""a"", ""probability"": 0.004857118707150221}]",dataset,
dataset_sample:12999,q,g,0.47046124935150146,"[{""label"": ""g"", ""probability"": 0.47046124935150146}, {""label"": ""q"", ""probability"": 0.38131389021873474}, {""label"": ""a"", ""probability"": 0.14821843802928925}]",dataset,
dataset_sample:13004,q,g,0.6912409067153931,"[{""label"": ""g"", ""probability"": 0.6912409067153931}, {""label"": ""q"", ""probability"": 0.2666078209877014}, {""label"": ""y"", ""probability"": 0.025805242359638214}]",dataset,
dataset_sample:13025,q,g,0.5497189164161682,"[{""label"": ""g"", ""probability"": 0.5497189164161682}, {""label"": ""q"", ""probability"": 0.43521878123283386}, {""label"": ""y"", ""probability"": 0.012541132979094982}]",dataset,
dataset_sample:13035,q,g,0.6815503239631653,"[{""label"": ""g"", ""probability"": 0.6815503239631653}, {""label"": ""q"", ""probability"": 0.31387510895729065}, {""label"": ""a"", ""probability"": 0.003871736116707325}]",dataset,
dataset_sample:13048,q,a,0.6883926391601562,"[{""label"": ""a"", ""probability"": 0.6883926391601562}, {""label"": ""q"", ""probability"": 0.20430389046669006}, {""label"": ""z"", ""probability"": 0.06814958900213242}]",dataset,
dataset_sample:13050,q,w,0.335744172334671,"[{""label"": ""w"", ""probability"": 0.335744172334671}, {""label"": ""a"", ""probability"": 0.1883627474308014}, {""label"": ""q"", ""probability"": 0.15624508261680603}]",dataset,
dataset_sample:13061,q,a,0.8279322385787964,"[{""label"": ""a"", ""probability"": 0.8279322385787964}, {""label"": ""g"", ""probability"": 0.11868943274021149}, {""label"": ""q"", ""probability"": 0.04263034462928772}]",dataset,
dataset_sample:13071,q,g,0.5824733972549438,"[{""label"": ""g"", ""probability"": 0.5824733972549438}, {""label"": ""q"", ""probability"": 0.41643697023391724}, {""label"": ""a"", ""probability"": 0.0007943628588691354}]",dataset,
dataset_sample:13080,q,a,0.5104814767837524,"[{""label"": ""a"", ""probability"": 0.5104814767837524}, {""label"": ""q"", ""probability"": 0.43992045521736145}, {""label"": ""g"", ""probability"": 0.04033077880740166}]",dataset,
dataset_sample:13089,q,g,0.86589115858078,"[{""label"": ""g"", ""probability"": 0.86589115858078}, {""label"": ""q"", ""probability"": 0.1124231144785881}, {""label"": ""a"", ""probability"": 0.014881212264299393}]",dataset,
dataset_sample:13126,q,g,0.5224807858467102,"[{""label"": ""g"", ""probability"": 0.5224807858467102}, {""label"": ""q"", ""probability"": 0.47726282477378845}, {""label"": ""y"", ""probability"": 0.0001326595083810389}]",dataset,
dataset_sample:13131,q,a,0.5039476156234741,"[{""label"": ""a"", ""probability"": 0.5039476156234741}, {""label"": ""q"", ""probability"": 0.44473811984062195}, {""label"": ""g"", ""probability"": 0.05119956284761429}]",dataset,
dataset_sample:13141,q,a,0.7576653361320496,"[{""label"": ""a"", ""probability"": 0.7576653361320496}, {""label"": ""g"", ""probability"": 0.2132219523191452}, {""label"": ""q"", ""probability"": 0.019773470237851143}]",dataset,
dataset_sample:13160,q,g,0.5571694374084473,"[{""label"": ""g"", ""probability"": 0.5571694374084473}, {""label"": ""q"", ""probability"": 0.4380072057247162}, {""label"": ""a"", ""probability"": 0.0031758490949869156}]",dataset,
dataset_sample:13185,q,d,0.8638111352920532,"[{""label"": ""d"", ""probability"": 0.8638111352920532}, {""label"": ""q"", ""probability"": 0.10164112597703934}, {""label"": ""g"", ""probability"": 0.025952549651265144}]",dataset,
dataset_sample:13205,q,a,0.7903041243553162,"[{""label"": ""a"", ""probability"": 0.7903041243553162}, {""label"": ""g"", ""probability"": 0.1787075400352478}, {""label"": ""q"", ""probability"": 0.029892561957240105}]",dataset,
dataset_sample:13222,q,g,0.6661997437477112,"[{""label"": ""g"", ""probability"": 0.6661997437477112}, {""label"": ""q"", ""probability"": 0.3334938585758209}, {""label"": ""a"", ""probability"": 0.00025895939324982464}]",dataset,
dataset_sample:13226,q,g,0.7318580150604248,"[{""label"": ""g"", ""probability"": 0.7318580150604248}, {""label"": ""q"", ""probability"": 0.2664378583431244}, {""label"": ""y"", ""probability"": 0.0008955775410868227}]",dataset,
dataset_sample:13240,q,a,0.45756202936172485,"[{""label"": ""a"", ""probability"": 0.45756202936172485}, {""label"": ""q"", ""probability"": 0.4210985600948334}, {""label"": ""g"", ""probability"": 0.12079741060733795}]",dataset,
dataset_sample:13243,q,g,0.801989734172821,"[{""label"": ""g"", ""probability"": 0.801989734172821}, {""label"": ""q"", ""probability"": 0.19189834594726562}, {""label"": ""a"", ""probability"": 0.005831725895404816}]",dataset,
dataset_sample:13250,q,g,0.6498323082923889,"[{""label"": ""g"", ""probability"": 0.6498323082923889}, {""label"": ""q"", ""probability"": 0.2945646345615387}, {""label"": ""a"", ""probability"": 0.05486172065138817}]",dataset,
dataset_sample:13261,q,u,0.980076253414154,"[{""label"": ""u"", ""probability"": 0.980076253414154}, {""label"": ""v"", ""probability"": 0.01151837408542633}, {""label"": ""j"", ""probability"": 0.006620550528168678}]",dataset,
dataset_sample:13263,q,g,0.5791985988616943,"[{""label"": ""g"", ""probability"": 0.5791985988616943}, {""label"": ""q"", ""probability"": 0.41325297951698303}, {""label"": ""a"", ""probability"": 0.006444257218390703}]",dataset,
dataset_sample:13274,q,g,0.6649177074432373,"[{""label"": ""g"", ""probability"": 0.6649177074432373}, {""label"": ""q"", ""probability"": 0.13256388902664185}, {""label"": ""a"", ""probability"": 0.09730357676744461}]",dataset,
dataset_sample:13278,q,g,0.9859865307807922,"[{""label"": ""g"", ""probability"": 0.9859865307807922}, {""label"": ""q"", ""probability"": 0.013702081516385078}, {""label"": ""a"", ""probability"": 0.00014647030911874026}]",dataset,
dataset_sample:13281,q,a,0.9980942606925964,"[{""label"": ""a"", ""probability"": 0.9980942606925964}, {""label"": ""q"", ""probability"": 0.0015024084132164717}, {""label"": ""d"", ""probability"": 0.0002957714896183461}]",dataset,
dataset_sample:13286,q,g,0.56386399269104,"[{""label"": ""g"", ""probability"": 0.56386399269104}, {""label"": ""q"", ""probability"": 0.261310875415802}, {""label"": ""f"", ""probability"": 0.06135166808962822}]",dataset,
dataset_sample:13319,q,g,0.7736340165138245,"[{""label"": ""g"", ""probability"": 0.7736340165138245}, {""label"": ""q"", ""probability"": 0.21711599826812744}, {""label"": ""a"", ""probability"": 0.008168733678758144}]",dataset,
dataset_sample:13320,q,y,0.8998451232910156,"[{""label"": ""y"", ""probability"": 0.8998451232910156}, {""label"": ""q"", ""probability"": 0.04728284850716591}, {""label"": ""u"", ""probability"": 0.035687923431396484}]",dataset,
dataset_sample:13339,q,n,0.7948397397994995,"[{""label"": ""n"", ""probability"": 0.7948397397994995}, {""label"": ""r"", ""probability"": 0.0999293103814125}, {""label"": ""p"", ""probability"": 0.06483302265405655}]",dataset,
dataset_sample:13360,q,g,0.7111006379127502,"[{""label"": ""g"", ""probability"": 0.7111006379127502}, {""label"": ""q"", ""probability"": 0.28118929266929626}, {""label"": ""a"", ""probability"": 0.007530303671956062}]",dataset,
dataset_sample:13369,q,g,0.9464584589004517,"[{""label"": ""g"", ""probability"": 0.9464584589004517}, {""label"": ""q"", ""probability"": 0.05341656506061554}, {""label"": ""y"", ""probability"": 9.428628254681826e-05}]",dataset,
dataset_sample:13379,q,g,0.47860345244407654,"[{""label"": ""g"", ""probability"": 0.47860345244407654}, {""label"": ""q"", ""probability"": 0.3557662069797516}, {""label"": ""f"", ""probability"": 0.12132368236780167}]",dataset,
dataset_sample:13413,q,g,0.9438956379890442,"[{""label"": ""g"", ""probability"": 0.9438956379890442}, {""label"": ""a"", ""probability"": 0.024550270289182663}, {""label"": ""q"", ""probability"": 0.013183060102164745}]",dataset,
dataset_sample:13511,q,l,0.7461798191070557,"[{""label"": ""l"", ""probability"": 0.7461798191070557}, {""label"": ""i"", ""probability"": 0.22006137669086456}, {""label"": ""p"", ""probability"": 0.007974994368851185}]",dataset,
dataset_sample:13513,q,a,0.8088027834892273,"[{""label"": ""a"", ""probability"": 0.8088027834892273}, {""label"": ""q"", ""probability"": 0.1825353503227234}, {""label"": ""g"", ""probability"": 0.007994858548045158}]",dataset,
dataset_sample:13518,q,g,0.528883695602417,"[{""label"": ""g"", ""probability"": 0.528883695602417}, {""label"": ""q"", ""probability"": 0.4324630796909332}, {""label"": ""f"", ""probability"": 0.03302169218659401}]",dataset,
dataset_sample:13521,q,g,0.5825716853141785,"[{""label"": ""g"", ""probability"": 0.5825716853141785}, {""label"": ""f"", ""probability"": 0.17719770967960358}, {""label"": ""s"", ""probability"": 0.12875856459140778}]",dataset,
dataset_sample:13552,q,f,0.7771514654159546,"[{""label"": ""f"", ""probability"": 0.7771514654159546}, {""label"": ""g"", ""probability"": 0.1313275843858719}, {""label"": ""q"", ""probability"": 0.05933965742588043}]",dataset,
dataset_sample:13606,r,n,0.9289369583129883,"[{""label"": ""n"", ""probability"": 0.9289369583129883}, {""label"": ""h"", ""probability"": 0.03692242130637169}, {""label"": ""r"", ""probability"": 0.03142641857266426}]",dataset,
dataset_sample:13654,r,n,0.5518991947174072,"[{""label"": ""n"", ""probability"": 0.5518991947174072}, {""label"": ""r"", ""probability"": 0.4384802579879761}, {""label"": ""c"", ""probability"": 0.0048350198194384575}]",dataset,
dataset_sample:13677,r,y,0.46297261118888855,"[{""label"": ""y"", ""probability"": 0.46297261118888855}, {""label"": ""r"", ""probability"": 0.2766454219818115}, {""label"": ""v"", ""probability"": 0.24435386061668396}]",dataset,
dataset_sample:13686,r,y,0.9188608527183533,"[{""label"": ""y"", ""probability"": 0.9188608527183533}, {""label"": ""r"", ""probability"": 0.06480646133422852}, {""label"": ""v"", ""probability"": 0.005550492089241743}]",dataset,
dataset_sample:13753,r,v,0.6400565505027771,"[{""label"": ""v"", ""probability"": 0.6400565505027771}, {""label"": ""r"", ""probability"": 0.3596474528312683}, {""label"": ""y"", ""probability"": 0.00011573491792660207}]",dataset,
dataset_sample:13758,r,t,0.5577095746994019,"[{""label"": ""t"", ""probability"": 0.5577095746994019}, {""label"": ""r"", ""probability"": 0.4360061585903168}, {""label"": ""f"", ""probability"": 0.0028006848879158497}]",dataset,
dataset_sample:13803,r,b,0.6128054857254028,"[{""label"": ""b"", ""probability"": 0.6128054857254028}, {""label"": ""r"", ""probability"": 0.3725726902484894}, {""label"": ""q"", ""probability"": 0.010759023949503899}]",dataset,
dataset_sample:13816,r,y,0.3394046723842621,"[{""label"": ""y"", ""probability"": 0.3394046723842621}, {""label"": ""v"", ""probability"": 0.3027315139770508}, {""label"": ""r"", ""probability"": 0.28644028306007385}]",dataset,
dataset_sample:13817,r,f,0.467244416475296,"[{""label"": ""f"", ""probability"": 0.467244416475296}, {""label"": ""e"", ""probability"": 0.4039097726345062}, {""label"": ""r"", ""probability"": 0.11985886096954346}]",dataset,
dataset_sample:13845,r,v,0.954201877117157,"[{""label"": ""v"", ""probability"": 0.954201877117157}, {""label"": ""r"", ""probability"": 0.03494153544306755}, {""label"": ""y"", ""probability"": 0.007888996042311192}]",dataset,
dataset_sample:13875,r,t,0.6805465221405029,"[{""label"": ""t"", ""probability"": 0.6805465221405029}, {""label"": ""r"", ""probability"": 0.3184449076652527}, {""label"": ""n"", ""probability"": 0.0005068299360573292}]",dataset,
dataset_sample:13880,r,v,0.4970661699771881,"[{""label"": ""v"", ""probability"": 0.4970661699771881}, {""label"": ""r"", ""probability"": 0.2883937358856201}, {""label"": ""y"", ""probability"": 0.2006738781929016}]",dataset,
dataset_sample:13901,r,a,0.6025683283805847,"[{""label"": ""a"", ""probability"": 0.6025683283805847}, {""label"": ""r"", ""probability"": 0.393370658159256}, {""label"": ""p"", ""probability"": 0.0020767233800143003}]",dataset,
dataset_sample:13907,r,y,0.6913961172103882,"[{""label"": ""y"", ""probability"": 0.6913961172103882}, {""label"": ""r"", ""probability"": 0.21015101671218872}, {""label"": ""v"", ""probability"": 0.09266646206378937}]",dataset,
dataset_sample:14014,r,e,0.446427583694458,"[{""label"": ""e"", ""probability"": 0.446427583694458}, {""label"": ""z"", ""probability"": 0.181496262550354}, {""label"": ""k"", ""probability"": 0.18048077821731567}]",dataset,
dataset_sample:14026,r,t,0.6424021124839783,"[{""label"": ""t"", ""probability"": 0.6424021124839783}, {""label"": ""r"", ""probability"": 0.3137579560279846}, {""label"": ""i"", ""probability"": 0.021523991599678993}]",dataset,
dataset_sample:14053,r,v,0.8358404636383057,"[{""label"": ""v"", ""probability"": 0.8358404636383057}, {""label"": ""r"", ""probability"": 0.15938860177993774}, {""label"": ""y"", ""probability"": 0.0033709127455949783}]",dataset,
dataset_sample:14077,r,y,0.5945334434509277,"[{""label"": ""y"", ""probability"": 0.5945334434509277}, {""label"": ""r"", ""probability"": 0.3543018400669098}, {""label"": ""v"", ""probability"": 0.01762566715478897}]",dataset,
dataset_sample:14141,r,n,0.5300693511962891,"[{""label"": ""n"", ""probability"": 0.5300693511962891}, {""label"": ""r"", ""probability"": 0.21022309362888336}, {""label"": ""h"", ""probability"": 0.0947880744934082}]",dataset,
dataset_sample:14151,r,l,0.5179130434989929,"[{""label"": ""l"", ""probability"": 0.5179130434989929}, {""label"": ""i"", ""probability"": 0.47746044397354126}, {""label"": ""r"", ""probability"": 0.0023272789549082518}]",dataset,
dataset_sample:14222,r,v,0.9752240180969238,"[{""label"": ""v"", ""probability"": 0.9752240180969238}, {""label"": ""r"", ""probability"": 0.01835636980831623}, {""label"": ""l"", ""probability"": 0.0017346078529953957}]",dataset,
dataset_sample:14224,r,x,0.47220635414123535,"[{""label"": ""x"", ""probability"": 0.47220635414123535}, {""label"": ""r"", ""probability"": 0.34870943427085876}, {""label"": ""k"", ""probability"": 0.15063154697418213}]",dataset,
dataset_sample:14228,r,y,0.5004509687423706,"[{""label"": ""y"", ""probability"": 0.5004509687423706}, {""label"": ""r"", ""probability"": 0.46580442786216736}, {""label"": ""t"", ""probability"": 0.021303758025169373}]",dataset,
dataset_sample:14235,r,v,0.8822442889213562,"[{""label"": ""v"", ""probability"": 0.8822442889213562}, {""label"": ""r"", ""probability"": 0.08909165114164352}, {""label"": ""y"", ""probability"": 0.019855400547385216}]",dataset,
dataset_sample:14237,r,c,0.4762910306453705,"[{""label"": ""c"", ""probability"": 0.4762910306453705}, {""label"": ""a"", ""probability"": 0.27268463373184204}, {""label"": ""n"", ""probability"": 0.07062061131000519}]",dataset,
dataset_sample:14243,r,f,0.34442538022994995,"[{""label"": ""f"", ""probability"": 0.34442538022994995}, {""label"": ""r"", ""probability"": 0.23361392319202423}, {""label"": ""t"", ""probability"": 0.22732675075531006}]",dataset,
dataset_sample:14271,r,v,0.7283594012260437,"[{""label"": ""v"", ""probability"": 0.7283594012260437}, {""label"": ""r"", ""probability"": 0.2283410280942917}, {""label"": ""y"", ""probability"": 0.03825048357248306}]",dataset,
dataset_sample:14299,r,y,0.6069523096084595,"[{""label"": ""y"", ""probability"": 0.6069523096084595}, {""label"": ""v"", ""probability"": 0.21192021667957306}, {""label"": ""r"", ""probability"": 0.16590532660484314}]",dataset,
dataset_sample:14325,r,c,0.3374794125556946,"[{""label"": ""c"", ""probability"": 0.3374794125556946}, {""label"": ""r"", ""probability"": 0.22383181750774384}, {""label"": ""l"", ""probability"": 0.19763165712356567}]",dataset,
dataset_sample:14368,r,c,0.6940218806266785,"[{""label"": ""c"", ""probability"": 0.6940218806266785}, {""label"": ""l"", ""probability"": 0.3040049374103546}, {""label"": ""e"", ""probability"": 0.0008662479231134057}]",dataset,
dataset_sample:14371,r,l,0.5291927456855774,"[{""label"": ""l"", ""probability"": 0.5291927456855774}, {""label"": ""r"", ""probability"": 0.3422200679779053}, {""label"": ""b"", ""probability"": 0.0814899429678917}]",dataset,
dataset_sample:14385,r,p,0.620206892490387,"[{""label"": ""p"", ""probability"": 0.620206892490387}, {""label"": ""y"", ""probability"": 0.24352876842021942}, {""label"": ""v"", ""probability"": 0.04174494743347168}]",dataset,
dataset_sample:14468,s,q,0.3349049389362335,"[{""label"": ""q"", ""probability"": 0.3349049389362335}, {""label"": ""a"", ""probability"": 0.3202001452445984}, {""label"": ""p"", ""probability"": 0.12677428126335144}]",dataset,
dataset_sample:14573,s,j,0.8728123307228088,"[{""label"": ""j"", ""probability"": 0.8728123307228088}, {""label"": ""s"", ""probability"": 0.1027417927980423}, {""label"": ""z"", ""probability"": 0.008718065917491913}]",dataset,
dataset_sample:14606,s,j,0.8926066160202026,"[{""label"": ""j"", ""probability"": 0.8926066160202026}, {""label"": ""s"", ""probability"": 0.10628865659236908}, {""label"": ""i"", ""probability"": 0.0004724642203655094}]",dataset,
dataset_sample:14684,s,g,0.9029969573020935,"[{""label"": ""g"", ""probability"": 0.9029969573020935}, {""label"": ""s"", ""probability"": 0.05168917402625084}, {""label"": ""q"", ""probability"": 0.03636731952428818}]",dataset,
dataset_sample:14727,s,g,0.5341081619262695,"[{""label"": ""g"", ""probability"": 0.5341081619262695}, {""label"": ""s"", ""probability"": 0.4527427554130554}, {""label"": ""c"", ""probability"": 0.006470846477895975}]",dataset,
dataset_sample:14793,s,b,0.6861850619316101,"[{""label"": ""b"", ""probability"": 0.6861850619316101}, {""label"": ""h"", ""probability"": 0.21548756957054138}, {""label"": ""l"", ""probability"": 0.07653244584798813}]",dataset,
dataset_sample:14836,s,j,0.9103354215621948,"[{""label"": ""j"", ""probability"": 0.9103354215621948}, {""label"": ""g"", ""probability"": 0.03668086230754852}, {""label"": ""d"", ""probability"": 0.031455207616090775}]",dataset,
dataset_sample:14841,s,e,0.6886774897575378,"[{""label"": ""e"", ""probability"": 0.6886774897575378}, {""label"": ""f"", ""probability"": 0.1666124314069748}, {""label"": ""c"", ""probability"": 0.09272021055221558}]",dataset,
dataset_sample:14877,s,j,0.6765475869178772,"[{""label"": ""j"", ""probability"": 0.6765475869178772}, {""label"": ""s"", ""probability"": 0.3170512616634369}, {""label"": ""i"", ""probability"": 0.005646559409797192}]",dataset,
dataset_sample:14888,s,j,0.9366441965103149,"[{""label"": ""j"", ""probability"": 0.9366441965103149}, {""label"": ""i"", ""probability"": 0.037403080612421036}, {""label"": ""s"", ""probability"": 0.010249003767967224}]",dataset,
dataset_sample:14936,s,g,0.6493168473243713,"[{""label"": ""g"", ""probability"": 0.6493168473243713}, {""label"": ""s"", ""probability"": 0.2616332471370697}, {""label"": ""b"", ""probability"": 0.07218849658966064}]",dataset,
dataset_sample:14949,s,z,0.3825157880783081,"[{""label"": ""z"", ""probability"": 0.3825157880783081}, {""label"": ""h"", ""probability"": 0.1550007313489914}, {""label"": ""l"", ""probability"": 0.12458686530590057}]",dataset,
dataset_sample:14955,s,j,0.8037638664245605,"[{""label"": ""j"", ""probability"": 0.8037638664245605}, {""label"": ""s"", ""probability"": 0.19019442796707153}, {""label"": ""i"", ""probability"": 0.0027000235859304667}]",dataset,
dataset_sample:14974,s,c,0.403976172208786,"[{""label"": ""c"", ""probability"": 0.403976172208786}, {""label"": ""s"", ""probability"": 0.33472496271133423}, {""label"": ""e"", ""probability"": 0.07575289160013199}]",dataset,
dataset_sample:15056,s,q,0.17879296839237213,"[{""label"": ""q"", ""probability"": 0.17879296839237213}, {""label"": ""d"", ""probability"": 0.17766073346138}, {""label"": ""e"", ""probability"": 0.13899770379066467}]",dataset,
dataset_sample:15068,s,g,0.9484182000160217,"[{""label"": ""g"", ""probability"": 0.9484182000160217}, {""label"": ""s"", ""probability"": 0.04179854318499565}, {""label"": ""q"", ""probability"": 0.008654485456645489}]",dataset,
dataset_sample:15106,s,j,0.7949572205543518,"[{""label"": ""j"", ""probability"": 0.7949572205543518}, {""label"": ""s"", ""probability"": 0.2015787810087204}, {""label"": ""i"", ""probability"": 0.0017108827596530318}]",dataset,
dataset_sample:15108,s,b,0.7293781638145447,"[{""label"": ""b"", ""probability"": 0.7293781638145447}, {""label"": ""s"", ""probability"": 0.22200153768062592}, {""label"": ""z"", ""probability"": 0.028836477547883987}]",dataset,
dataset_sample:15115,s,g,0.6794325113296509,"[{""label"": ""g"", ""probability"": 0.6794325113296509}, {""label"": ""s"", ""probability"": 0.31870579719543457}, {""label"": ""j"", ""probability"": 0.0018052521627396345}]",dataset,
dataset_sample:15133,s,a,0.7497709393501282,"[{""label"": ""a"", ""probability"": 0.7497709393501282}, {""label"": ""n"", ""probability"": 0.18587805330753326}, {""label"": ""r"", ""probability"": 0.022120963782072067}]",dataset,
dataset_sample:15136,s,j,0.46994540095329285,"[{""label"": ""j"", ""probability"": 0.46994540095329285}, {""label"": ""s"", ""probability"": 0.22842587530612946}, {""label"": ""z"", ""probability"": 0.1935744434595108}]",dataset,
dataset_sample:15154,s,j,0.7444018125534058,"[{""label"": ""j"", ""probability"": 0.7444018125534058}, {""label"": ""s"", ""probability"": 0.2408168464899063}, {""label"": ""i"", ""probability"": 0.008305019699037075}]",dataset,
dataset_sample:15188,s,n,0.9872252345085144,"[{""label"": ""n"", ""probability"": 0.9872252345085144}, {""label"": ""r"", ""probability"": 0.006882228422909975}, {""label"": ""m"", ""probability"": 0.0031461152248084545}]",dataset,
dataset_sample:15228,t,f,0.5190865993499756,"[{""label"": ""f"", ""probability"": 0.5190865993499756}, {""label"": ""t"", ""probability"": 0.46288827061653137}, {""label"": ""k"", ""probability"": 0.00712477695196867}]",dataset,
dataset_sample:15243,t,f,0.6163316369056702,"[{""label"": ""f"", ""probability"": 0.6163316369056702}, {""label"": ""t"", ""probability"": 0.36692938208580017}, {""label"": ""h"", ""probability"": 0.008201890625059605}]",dataset,
dataset_sample:15312,t,f,0.6626228094100952,"[{""label"": ""f"", ""probability"": 0.6626228094100952}, {""label"": ""t"", ""probability"": 0.3224990665912628}, {""label"": ""h"", ""probability"": 0.010665797628462315}]",dataset,
dataset_sample:15334,t,x,0.6055655479431152,"[{""label"": ""x"", ""probability"": 0.6055655479431152}, {""label"": ""y"", ""probability"": 0.19021044671535492}, {""label"": ""k"", ""probability"": 0.09853381663560867}]",dataset,
dataset_sample:15341,t,a,0.865780770778656,"[{""label"": ""a"", ""probability"": 0.865780770778656}, {""label"": ""g"", ""probability"": 0.10112383216619492}, {""label"": ""q"", ""probability"": 0.027866782620549202}]",dataset,
dataset_sample:15365,t,f,0.559712827205658,"[{""label"": ""f"", ""probability"": 0.559712827205658}, {""label"": ""t"", ""probability"": 0.43845322728157043}, {""label"": ""i"", ""probability"": 0.0009702891111373901}]",dataset,
dataset_sample:15377,t,o,0.9951541423797607,"[{""label"": ""o"", ""probability"": 0.9951541423797607}, {""label"": ""d"", ""probability"": 0.0044920556247234344}, {""label"": ""q"", ""probability"": 0.00022062711650505662}]",dataset,
dataset_sample:15543,t,r,0.9853851199150085,"[{""label"": ""r"", ""probability"": 0.9853851199150085}, {""label"": ""t"", ""probability"": 0.012216518633067608}, {""label"": ""i"", ""probability"": 0.0012590077240020037}]",dataset,
dataset_sample:15661,t,f,0.6306919455528259,"[{""label"": ""f"", ""probability"": 0.6306919455528259}, {""label"": ""t"", ""probability"": 0.3618893325328827}, {""label"": ""j"", ""probability"": 0.003427641000598669}]",dataset,
dataset_sample:15704,t,e,0.5429694056510925,"[{""label"": ""e"", ""probability"": 0.5429694056510925}, {""label"": ""t"", ""probability"": 0.36052972078323364}, {""label"": ""l"", ""probability"": 0.08051243424415588}]",dataset,
dataset_sample:15938,t,z,0.4308977425098419,"[{""label"": ""z"", ""probability"": 0.4308977425098419}, {""label"": ""j"", ""probability"": 0.3956882357597351}, {""label"": ""f"", ""probability"": 0.05658218637108803}]",dataset,
dataset_sample:15992,t,f,0.9474143981933594,"[{""label"": ""f"", ""probability"": 0.9474143981933594}, {""label"": ""t"", ""probability"": 0.05166506767272949}, {""label"": ""e"", ""probability"": 0.0006680934457108378}]",dataset,
dataset_sample:16016,u,v,0.7991804480552673,"[{""label"": ""v"", ""probability"": 0.7991804480552673}, {""label"": ""u"", ""probability"": 0.20004238188266754}, {""label"": ""y"", ""probability"": 0.0005317255854606628}]",dataset,
dataset_sample:16030,u,y,0.7985967397689819,"[{""label"": ""y"", ""probability"": 0.7985967397689819}, {""label"": ""u"", ""probability"": 0.09847214072942734}, {""label"": ""g"", ""probability"": 0.07712351530790329}]",dataset,
dataset_sample:16034,u,v,0.5093012452125549,"[{""label"": ""v"", ""probability"": 0.5093012452125549}, {""label"": ""u"", ""probability"": 0.4803566634654999}, {""label"": ""y"", ""probability"": 0.007096834946423769}]",dataset,
dataset_sample:16059,u,h,0.4614141881465912,"[{""label"": ""h"", ""probability"": 0.4614141881465912}, {""label"": ""a"", ""probability"": 0.2668999433517456}, {""label"": ""u"", ""probability"": 0.207856684923172}]",dataset,
dataset_sample:16083,u,n,0.47766971588134766,"[{""label"": ""n"", ""probability"": 0.47766971588134766}, {""label"": ""u"", ""probability"": 0.26589682698249817}, {""label"": ""h"", ""probability"": 0.2137373834848404}]",dataset,
dataset_sample:16091,u,v,0.8673587441444397,"[{""label"": ""v"", ""probability"": 0.8673587441444397}, {""label"": ""u"", ""probability"": 0.13202352821826935}, {""label"": ""y"", ""probability"": 0.00026780046755447984}]",dataset,
dataset_sample:16112,u,n,0.8375467658042908,"[{""label"": ""n"", ""probability"": 0.8375467658042908}, {""label"": ""m"", ""probability"": 0.07785326987504959}, {""label"": ""h"", ""probability"": 0.06772201508283615}]",dataset,
dataset_sample:16141,u,e,0.28028619289398193,"[{""label"": ""e"", ""probability"": 0.28028619289398193}, {""label"": ""t"", ""probability"": 0.19353458285331726}, {""label"": ""w"", ""probability"": 0.13025271892547607}]",dataset,
dataset_sample:16149,u,v,0.6429145932197571,"[{""label"": ""v"", ""probability"": 0.6429145932197571}, {""label"": ""u"", ""probability"": 0.3067101538181305}, {""label"": ""y"", ""probability"": 0.03436998277902603}]",dataset,
dataset_sample:16150,u,h,0.5685871243476868,"[{""label"": ""h"", ""probability"": 0.5685871243476868}, {""label"": ""u"", ""probability"": 0.1519632488489151}, {""label"": ""l"", ""probability"": 0.14004899561405182}]",dataset,
dataset_sample:16201,u,v,0.8031083345413208,"[{""label"": ""v"", ""probability"": 0.8031083345413208}, {""label"": ""u"", ""probability"": 0.1962738037109375}, {""label"": ""y"", ""probability"": 0.0004589639138430357}]",dataset,
dataset_sample:16215,u,v,0.7201870083808899,"[{""label"": ""v"", ""probability"": 0.7201870083808899}, {""label"": ""u"", ""probability"": 0.2792007327079773}, {""label"": ""l"", ""probability"": 0.00019848071679007262}]",dataset,
dataset_sample:16234,u,v,0.9428939819335938,"[{""label"": ""v"", ""probability"": 0.9428939819335938}, {""label"": ""u"", ""probability"": 0.056741487234830856}, {""label"": ""y"", ""probability"": 0.0001245809835381806}]",dataset,
dataset_sample:16235,u,h,0.9000601172447205,"[{""label"": ""h"", ""probability"": 0.9000601172447205}, {""label"": ""u"", ""probability"": 0.06835182756185532}, {""label"": ""n"", ""probability"": 0.011179400607943535}]",dataset,
dataset_sample:16271,u,v,0.8282391428947449,"[{""label"": ""v"", ""probability"": 0.8282391428947449}, {""label"": ""u"", ""probability"": 0.168913796544075}, {""label"": ""l"", ""probability"": 0.0013725209282711148}]",dataset,
dataset_sample:16273,u,c,0.4367513954639435,"[{""label"": ""c"", ""probability"": 0.4367513954639435}, {""label"": ""u"", ""probability"": 0.3634769022464752}, {""label"": ""l"", ""probability"": 0.1856311857700348}]",dataset,
dataset_sample:16314,u,v,0.8446878790855408,"[{""label"": ""v"", ""probability"": 0.8446878790855408}, {""label"": ""u"", ""probability"": 0.1542958915233612}, {""label"": ""j"", ""probability"": 0.0006108435918577015}]",dataset,
dataset_sample:16325,u,n,0.675263524055481,"[{""label"": ""n"", ""probability"": 0.675263524055481}, {""label"": ""x"", ""probability"": 0.22458124160766602}, {""label"": ""h"", ""probability"": 0.029075119644403458}]",dataset,
dataset_sample:16337,u,v,0.7070741653442383,"[{""label"": ""v"", ""probability"": 0.7070741653442383}, {""label"": ""u"", ""probability"": 0.29037392139434814}, {""label"": ""y"", ""probability"": 0.0010976220946758986}]",dataset,
dataset_sample:16338,u,v,0.5486952066421509,"[{""label"": ""v"", ""probability"": 0.5486952066421509}, {""label"": ""u"", ""probability"": 0.45042306184768677}, {""label"": ""l"", ""probability"": 0.0005710026016458869}]",dataset,
dataset_sample:16344,u,d,0.3523696959018707,"[{""label"": ""d"", ""probability"": 0.3523696959018707}, {""label"": ""u"", ""probability"": 0.27012190222740173}, {""label"": ""o"", ""probability"": 0.18697421252727509}]",dataset,
dataset_sample:16345,u,v,0.9780125021934509,"[{""label"": ""v"", ""probability"": 0.9780125021934509}, {""label"": ""u"", ""probability"": 0.021743694320321083}, {""label"": ""j"", ""probability"": 0.00010934223973890767}]",dataset,
dataset_sample:16352,u,v,0.8105020523071289,"[{""label"": ""v"", ""probability"": 0.8105020523071289}, {""label"": ""u"", ""probability"": 0.1863313913345337}, {""label"": ""w"", ""probability"": 0.001595588051714003}]",dataset,
dataset_sample:16365,u,v,0.5635559558868408,"[{""label"": ""v"", ""probability"": 0.5635559558868408}, {""label"": ""u"", ""probability"": 0.4350927174091339}, {""label"": ""l"", ""probability"": 0.0006332622142508626}]",dataset,
dataset_sample:16387,u,s,0.9990578293800354,"[{""label"": ""s"", ""probability"": 0.9990578293800354}, {""label"": ""g"", ""probability"": 0.0007607403094880283}, {""label"": ""j"", ""probability"": 0.00011238600563956425}]",dataset,
dataset_sample:16406,u,v,0.5794153809547424,"[{""label"": ""v"", ""probability"": 0.5794153809547424}, {""label"": ""u"", ""probability"": 0.4076946973800659}, {""label"": ""l"", ""probability"": 0.0062926653772592545}]",dataset,
dataset_sample:16432,u,v,0.6512457728385925,"[{""label"": ""v"", ""probability"": 0.6512457728385925}, {""label"": ""u"", ""probability"": 0.34602096676826477}, {""label"": ""y"", ""probability"": 0.002056671539321542}]",dataset,
dataset_sample:16439,u,v,0.978402316570282,"[{""label"": ""v"", ""probability"": 0.978402316570282}, {""label"": ""u"", ""probability"": 0.0209343321621418}, {""label"": ""y"", ""probability"": 0.0004213404026813805}]",dataset,
dataset_sample:16454,u,v,0.6638986468315125,"[{""label"": ""v"", ""probability"": 0.6638986468315125}, {""label"": ""u"", ""probability"": 0.33573076128959656}, {""label"": ""w"", ""probability"": 0.00014956305676605552}]",dataset,
dataset_sample:16474,u,v,0.8019110560417175,"[{""label"": ""v"", ""probability"": 0.8019110560417175}, {""label"": ""u"", ""probability"": 0.17808233201503754}, {""label"": ""j"", ""probability"": 0.018031375482678413}]",dataset,
dataset_sample:16479,u,j,0.8163594007492065,"[{""label"": ""j"", ""probability"": 0.8163594007492065}, {""label"": ""v"", ""probability"": 0.06778188794851303}, {""label"": ""i"", ""probability"": 0.05842417851090431}]",dataset,
dataset_sample:16525,u,v,0.8949328064918518,"[{""label"": ""v"", ""probability"": 0.8949328064918518}, {""label"": ""u"", ""probability"": 0.10308322310447693}, {""label"": ""n"", ""probability"": 0.0009811188792809844}]",dataset,
dataset_sample:16532,u,v,0.8758867383003235,"[{""label"": ""v"", ""probability"": 0.8758867383003235}, {""label"": ""u"", ""probability"": 0.1208326518535614}, {""label"": ""w"", ""probability"": 0.0011019333032891154}]",dataset,
dataset_sample:16553,u,v,0.8602469563484192,"[{""label"": ""v"", ""probability"": 0.8602469563484192}, {""label"": ""u"", ""probability"": 0.13895975053310394}, {""label"": ""y"", ""probability"": 0.000486665841890499}]",dataset,
dataset_sample:16559,u,v,0.8165720701217651,"[{""label"": ""v"", ""probability"": 0.8165720701217651}, {""label"": ""u"", ""probability"": 0.17693167924880981}, {""label"": ""d"", ""probability"": 0.001775976037606597}]",dataset,
dataset_sample:16574,u,v,0.5820890665054321,"[{""label"": ""v"", ""probability"": 0.5820890665054321}, {""label"": ""u"", ""probability"": 0.4177475869655609}, {""label"": ""j"", ""probability"": 7.250393537105992e-05}]",dataset,
dataset_sample:16575,u,v,0.8599462509155273,"[{""label"": ""v"", ""probability"": 0.8599462509155273}, {""label"": ""u"", ""probability"": 0.1397121697664261}, {""label"": ""y"", ""probability"": 0.000187553305295296}]",dataset,
dataset_sample:16579,u,v,0.5471131801605225,"[{""label"": ""v"", ""probability"": 0.5471131801605225}, {""label"": ""u"", ""probability"": 0.4518849849700928}, {""label"": ""j"", ""probability"": 0.00047368835657835007}]",dataset,
dataset_sample:16598,u,v,0.961144208908081,"[{""label"": ""v"", ""probability"": 0.961144208908081}, {""label"": ""u"", ""probability"": 0.02797580510377884}, {""label"": ""w"", ""probability"": 0.005295771639794111}]",dataset,
dataset_sample:16600,u,c,0.4961365759372711,"[{""label"": ""c"", ""probability"": 0.4961365759372711}, {""label"": ""u"", ""probability"": 0.4572359323501587}, {""label"": ""o"", ""probability"": 0.04113774001598358}]",dataset,
dataset_sample:16610,u,c,0.8198648691177368,"[{""label"": ""c"", ""probability"": 0.8198648691177368}, {""label"": ""u"", ""probability"": 0.14327968657016754}, {""label"": ""v"", ""probability"": 0.021174481138586998}]",dataset,
dataset_sample:16633,u,v,0.8124622702598572,"[{""label"": ""v"", ""probability"": 0.8124622702598572}, {""label"": ""u"", ""probability"": 0.18687254190444946}, {""label"": ""l"", ""probability"": 0.0003702571848407388}]",dataset,
dataset_sample:16642,u,a,0.444068044424057,"[{""label"": ""a"", ""probability"": 0.444068044424057}, {""label"": ""u"", ""probability"": 0.3432978093624115}, {""label"": ""q"", ""probability"": 0.10186930000782013}]",dataset,
dataset_sample:16668,u,v,0.9450383186340332,"[{""label"": ""v"", ""probability"": 0.9450383186340332}, {""label"": ""u"", ""probability"": 0.05447494238615036}, {""label"": ""y"", ""probability"": 0.00039661568007431924}]",dataset,
dataset_sample:16673,u,v,0.8271192908287048,"[{""label"": ""v"", ""probability"": 0.8271192908287048}, {""label"": ""u"", ""probability"": 0.1726580113172531}, {""label"": ""y"", ""probability"": 0.00011915263894479722}]",dataset,
dataset_sample:16697,u,v,0.7184649705886841,"[{""label"": ""v"", ""probability"": 0.7184649705886841}, {""label"": ""u"", ""probability"": 0.2799220085144043}, {""label"": ""j"", ""probability"": 0.0010686955647543073}]",dataset,
dataset_sample:16699,u,j,0.6673177480697632,"[{""label"": ""j"", ""probability"": 0.6673177480697632}, {""label"": ""u"", ""probability"": 0.26667720079421997}, {""label"": ""v"", ""probability"": 0.05486204847693443}]",dataset,
dataset_sample:16734,u,v,0.5649871826171875,"[{""label"": ""v"", ""probability"": 0.5649871826171875}, {""label"": ""u"", ""probability"": 0.43136051297187805}, {""label"": ""y"", ""probability"": 0.00323764537461102}]",dataset,
dataset_sample:16754,u,v,0.7619786262512207,"[{""label"": ""v"", ""probability"": 0.7619786262512207}, {""label"": ""u"", ""probability"": 0.23299704492092133}, {""label"": ""y"", ""probability"": 0.00370466778986156}]",dataset,
dataset_sample:16757,u,y,0.9382686614990234,"[{""label"": ""y"", ""probability"": 0.9382686614990234}, {""label"": ""u"", ""probability"": 0.05511605739593506}, {""label"": ""g"", ""probability"": 0.002667382126674056}]",dataset,
dataset_sample:16766,u,y,0.6317159533500671,"[{""label"": ""y"", ""probability"": 0.6317159533500671}, {""label"": ""u"", ""probability"": 0.34881341457366943}, {""label"": ""h"", ""probability"": 0.008468142710626125}]",dataset,
dataset_sample:16792,u,v,0.8483207821846008,"[{""label"": ""v"", ""probability"": 0.8483207821846008}, {""label"": ""u"", ""probability"": 0.1506301611661911}, {""label"": ""y"", ""probability"": 0.0008014148916117847}]",dataset,
dataset_sample:16796,u,v,0.6709650754928589,"[{""label"": ""v"", ""probability"": 0.6709650754928589}, {""label"": ""u"", ""probability"": 0.14424234628677368}, {""label"": ""l"", ""probability"": 0.08553339540958405}]",dataset,
dataset_sample:16800,v,u,0.7475939393043518,"[{""label"": ""u"", ""probability"": 0.7475939393043518}, {""label"": ""v"", ""probability"": 0.24899975955486298}, {""label"": ""j"", ""probability"": 0.002882900647819042}]",dataset,
dataset_sample:16827,v,y,0.980156421661377,"[{""label"": ""y"", ""probability"": 0.980156421661377}, {""label"": ""v"", ""probability"": 0.019276617094874382}, {""label"": ""j"", ""probability"": 0.0003103384224232286}]",dataset,
dataset_sample:16836,v,y,0.6862908601760864,"[{""label"": ""y"", ""probability"": 0.6862908601760864}, {""label"": ""v"", ""probability"": 0.3078029155731201}, {""label"": ""l"", ""probability"": 0.0010920404456555843}]",dataset,
dataset_sample:16885,v,j,0.8615630865097046,"[{""label"": ""j"", ""probability"": 0.8615630865097046}, {""label"": ""v"", ""probability"": 0.12399938702583313}, {""label"": ""i"", ""probability"": 0.007634695619344711}]",dataset,
dataset_sample:16903,v,r,0.9385801553726196,"[{""label"": ""r"", ""probability"": 0.9385801553726196}, {""label"": ""v"", ""probability"": 0.05950281396508217}, {""label"": ""y"", ""probability"": 0.001543529680930078}]",dataset,
dataset_sample:16918,v,u,0.884955108165741,"[{""label"": ""u"", ""probability"": 0.884955108165741}, {""label"": ""v"", ""probability"": 0.11488152295351028}, {""label"": ""y"", ""probability"": 7.432068377966061e-05}]",dataset,
dataset_sample:16930,v,j,0.3880550265312195,"[{""label"": ""j"", ""probability"": 0.3880550265312195}, {""label"": ""v"", ""probability"": 0.3334886133670807}, {""label"": ""u"", ""probability"": 0.2750731408596039}]",dataset,
dataset_sample:16949,v,y,0.9949157238006592,"[{""label"": ""y"", ""probability"": 0.9949157238006592}, {""label"": ""v"", ""probability"": 0.00483471155166626}, {""label"": ""j"", ""probability"": 6.716352800140157e-05}]",dataset,
dataset_sample:16984,v,y,0.7463386654853821,"[{""label"": ""y"", ""probability"": 0.7463386654853821}, {""label"": ""v"", ""probability"": 0.25124430656433105}, {""label"": ""w"", ""probability"": 0.0009116384899243712}]",dataset,
dataset_sample:16998,v,l,0.6584834456443787,"[{""label"": ""l"", ""probability"": 0.6584834456443787}, {""label"": ""i"", ""probability"": 0.34093794226646423}, {""label"": ""j"", ""probability"": 0.00023649955983273685}]",dataset,
dataset_sample:17047,v,u,0.5931645631790161,"[{""label"": ""u"", ""probability"": 0.5931645631790161}, {""label"": ""v"", ""probability"": 0.3676080107688904}, {""label"": ""j"", ""probability"": 0.037365272641181946}]",dataset,
dataset_sample:17062,v,u,0.570833683013916,"[{""label"": ""u"", ""probability"": 0.570833683013916}, {""label"": ""v"", ""probability"": 0.42166435718536377}, {""label"": ""j"", ""probability"": 0.006794185843318701}]",dataset,
dataset_sample:17066,v,y,0.8280845284461975,"[{""label"": ""y"", ""probability"": 0.8280845284461975}, {""label"": ""v"", ""probability"": 0.1612738072872162}, {""label"": ""u"", ""probability"": 0.005982692819088697}]",dataset,
dataset_sample:17108,v,u,0.8306463956832886,"[{""label"": ""u"", ""probability"": 0.8306463956832886}, {""label"": ""v"", ""probability"": 0.16811230778694153}, {""label"": ""j"", ""probability"": 0.0006129210814833641}]",dataset,
dataset_sample:17161,v,u,0.5907980799674988,"[{""label"": ""u"", ""probability"": 0.5907980799674988}, {""label"": ""v"", ""probability"": 0.4076489508152008}, {""label"": ""y"", ""probability"": 0.0005922176060266793}]",dataset,
dataset_sample:17164,v,u,0.9688254594802856,"[{""label"": ""u"", ""probability"": 0.9688254594802856}, {""label"": ""v"", ""probability"": 0.017131617292761803}, {""label"": ""y"", ""probability"": 0.006294972728937864}]",dataset,
dataset_sample:17166,v,u,0.9406651258468628,"[{""label"": ""u"", ""probability"": 0.9406651258468628}, {""label"": ""v"", ""probability"": 0.058220505714416504}, {""label"": ""j"", ""probability"": 0.0009469508077017963}]",dataset,
dataset_sample:17227,v,r,0.519891083240509,"[{""label"": ""r"", ""probability"": 0.519891083240509}, {""label"": ""v"", ""probability"": 0.4726935923099518}, {""label"": ""p"", ""probability"": 0.004129639361053705}]",dataset,
dataset_sample:17252,v,u,0.989147424697876,"[{""label"": ""u"", ""probability"": 0.989147424697876}, {""label"": ""y"", ""probability"": 0.009350435808300972}, {""label"": ""h"", ""probability"": 0.0007832339615561068}]",dataset,
dataset_sample:17253,v,y,0.6995647549629211,"[{""label"": ""y"", ""probability"": 0.6995647549629211}, {""label"": ""v"", ""probability"": 0.1676606386899948}, {""label"": ""r"", ""probability"": 0.06633507460355759}]",dataset,
dataset_sample:17265,v,r,0.3049386739730835,"[{""label"": ""r"", ""probability"": 0.3049386739730835}, {""label"": ""n"", ""probability"": 0.2531101703643799}, {""label"": ""v"", ""probability"": 0.1162886768579483}]",dataset,
dataset_sample:17273,v,u,0.8545335531234741,"[{""label"": ""u"", ""probability"": 0.8545335531234741}, {""label"": ""v"", ""probability"": 0.07221636921167374}, {""label"": ""j"", ""probability"": 0.061255697160959244}]",dataset,
dataset_sample:17284,v,d,0.4564533233642578,"[{""label"": ""d"", ""probability"": 0.4564533233642578}, {""label"": ""v"", ""probability"": 0.3848910629749298}, {""label"": ""u"", ""probability"": 0.14974017441272736}]",dataset,
dataset_sample:17293,v,y,0.8167147636413574,"[{""label"": ""y"", ""probability"": 0.8167147636413574}, {""label"": ""v"", ""probability"": 0.1825150102376938}, {""label"": ""l"", ""probability"": 0.000565418042242527}]",dataset,
dataset_sample:17307,v,y,0.5728759765625,"[{""label"": ""y"", ""probability"": 0.5728759765625}, {""label"": ""v"", ""probability"": 0.4072488844394684}, {""label"": ""x"", ""probability"": 0.013483710587024689}]",dataset,
dataset_sample:17328,v,u,0.6739165186882019,"[{""label"": ""u"", ""probability"": 0.6739165186882019}, {""label"": ""v"", ""probability"": 0.27895060181617737}, {""label"": ""j"", ""probability"": 0.04381503164768219}]",dataset,
dataset_sample:17329,v,u,0.766818106174469,"[{""label"": ""u"", ""probability"": 0.766818106174469}, {""label"": ""v"", ""probability"": 0.2321164906024933}, {""label"": ""y"", ""probability"": 0.0007608788437210023}]",dataset,
dataset_sample:17333,v,n,0.4431246221065521,"[{""label"": ""n"", ""probability"": 0.4431246221065521}, {""label"": ""z"", ""probability"": 0.23513853549957275}, {""label"": ""v"", ""probability"": 0.20635369420051575}]",dataset,
dataset_sample:17379,v,t,0.4032710790634155,"[{""label"": ""t"", ""probability"": 0.4032710790634155}, {""label"": ""v"", ""probability"": 0.36521416902542114}, {""label"": ""l"", ""probability"": 0.05859419330954552}]",dataset,
dataset_sample:17381,v,u,0.6495524644851685,"[{""label"": ""u"", ""probability"": 0.6495524644851685}, {""label"": ""v"", ""probability"": 0.3416787385940552}, {""label"": ""l"", ""probability"": 0.0031732693314552307}]",dataset,
dataset_sample:17393,v,i,0.49790263175964355,"[{""label"": ""i"", ""probability"": 0.49790263175964355}, {""label"": ""j"", ""probability"": 0.12702670693397522}, {""label"": ""t"", ""probability"": 0.11567241698503494}]",dataset,
dataset_sample:17402,v,y,0.7989729046821594,"[{""label"": ""y"", ""probability"": 0.7989729046821594}, {""label"": ""v"", ""probability"": 0.16160984337329865}, {""label"": ""j"", ""probability"": 0.019217854365706444}]",dataset,
dataset_sample:17411,v,r,0.8272562026977539,"[{""label"": ""r"", ""probability"": 0.8272562026977539}, {""label"": ""v"", ""probability"": 0.1721154898405075}, {""label"": ""y"", ""probability"": 0.0005674978601746261}]",dataset,
dataset_sample:17429,v,u,0.6534206867218018,"[{""label"": ""u"", ""probability"": 0.6534206867218018}, {""label"": ""v"", ""probability"": 0.34609803557395935}, {""label"": ""j"", ""probability"": 0.0002454821951687336}]",dataset,
dataset_sample:17454,v,u,0.9432916641235352,"[{""label"": ""u"", ""probability"": 0.9432916641235352}, {""label"": ""v"", ""probability"": 0.05016188696026802}, {""label"": ""j"", ""probability"": 0.005082297138869762}]",dataset,
dataset_sample:17513,v,u,0.5242615342140198,"[{""label"": ""u"", ""probability"": 0.5242615342140198}, {""label"": ""v"", ""probability"": 0.47490763664245605}, {""label"": ""y"", ""probability"": 0.0004222216084599495}]",dataset,
dataset_sample:17536,v,y,0.7358466982841492,"[{""label"": ""y"", ""probability"": 0.7358466982841492}, {""label"": ""v"", ""probability"": 0.26046761870384216}, {""label"": ""j"", ""probability"": 0.0010332801612094045}]",dataset,
dataset_sample:17537,v,q,0.7412148118019104,"[{""label"": ""q"", ""probability"": 0.7412148118019104}, {""label"": ""g"", ""probability"": 0.2475651651620865}, {""label"": ""y"", ""probability"": 0.009494349360466003}]",dataset,
dataset_sample:17549,v,u,0.5352353453636169,"[{""label"": ""u"", ""probability"": 0.5352353453636169}, {""label"": ""v"", ""probability"": 0.4641117751598358}, {""label"": ""j"", ""probability"": 0.00030792379402555525}]",dataset,
dataset_sample:17552,v,u,0.9616277813911438,"[{""label"": ""u"", ""probability"": 0.9616277813911438}, {""label"": ""v"", ""probability"": 0.026149285957217216}, {""label"": ""j"", ""probability"": 0.01202482357621193}]",dataset,
dataset_sample:17569,v,u,0.5456182360649109,"[{""label"": ""u"", ""probability"": 0.5456182360649109}, {""label"": ""v"", ""probability"": 0.45363476872444153}, {""label"": ""l"", ""probability"": 0.0003354033688083291}]",dataset,
dataset_sample:17640,w,h,0.9985942244529724,"[{""label"": ""h"", ""probability"": 0.9985942244529724}, {""label"": ""t"", ""probability"": 0.0010279795387759805}, {""label"": ""k"", ""probability"": 0.0002522693248465657}]",dataset,
dataset_sample:17663,w,n,0.9901658892631531,"[{""label"": ""n"", ""probability"": 0.9901658892631531}, {""label"": ""u"", ""probability"": 0.006717672571539879}, {""label"": ""w"", ""probability"": 0.001270202687010169}]",dataset,
dataset_sample:17689,w,u,0.5759322643280029,"[{""label"": ""u"", ""probability"": 0.5759322643280029}, {""label"": ""w"", ""probability"": 0.36456578969955444}, {""label"": ""n"", ""probability"": 0.028593095019459724}]",dataset,
dataset_sample:17776,w,m,0.9942821264266968,"[{""label"": ""m"", ""probability"": 0.9942821264266968}, {""label"": ""n"", ""probability"": 0.00446668453514576}, {""label"": ""h"", ""probability"": 0.0005541261052712798}]",dataset,
dataset_sample:17800,w,n,0.8873976469039917,"[{""label"": ""n"", ""probability"": 0.8873976469039917}, {""label"": ""w"", ""probability"": 0.10113534331321716}, {""label"": ""u"", ""probability"": 0.004190070554614067}]",dataset,
dataset_sample:17837,w,n,0.5250558257102966,"[{""label"": ""n"", ""probability"": 0.5250558257102966}, {""label"": ""w"", ""probability"": 0.4172496795654297}, {""label"": ""u"", ""probability"": 0.04054000973701477}]",dataset,
dataset_sample:17839,w,l,0.5767979621887207,"[{""label"": ""l"", ""probability"": 0.5767979621887207}, {""label"": ""u"", ""probability"": 0.27502843737602234}, {""label"": ""v"", ""probability"": 0.09458629041910172}]",dataset,
dataset_sample:17859,w,m,0.42496806383132935,"[{""label"": ""m"", ""probability"": 0.42496806383132935}, {""label"": ""w"", ""probability"": 0.3430737257003784}, {""label"": ""n"", ""probability"": 0.12726758420467377}]",dataset,
dataset_sample:17974,w,s,0.2410964071750641,"[{""label"": ""s"", ""probability"": 0.2410964071750641}, {""label"": ""c"", ""probability"": 0.15103274583816528}, {""label"": ""u"", ""probability"": 0.12452304363250732}]",dataset,
dataset_sample:18072,w,u,0.5485455989837646,"[{""label"": ""u"", ""probability"": 0.5485455989837646}, {""label"": ""w"", ""probability"": 0.35161301493644714}, {""label"": ""m"", ""probability"": 0.09464942663908005}]",dataset,
dataset_sample:18133,w,h,0.7001606822013855,"[{""label"": ""h"", ""probability"": 0.7001606822013855}, {""label"": ""w"", ""probability"": 0.25206708908081055}, {""label"": ""y"", ""probability"": 0.02290927805006504}]",dataset,
dataset_sample:18151,w,u,0.9773542284965515,"[{""label"": ""u"", ""probability"": 0.9773542284965515}, {""label"": ""w"", ""probability"": 0.021199023351073265}, {""label"": ""y"", ""probability"": 0.0006970847607590258}]",dataset,
dataset_sample:18157,w,u,0.6007383465766907,"[{""label"": ""u"", ""probability"": 0.6007383465766907}, {""label"": ""w"", ""probability"": 0.39838552474975586}, {""label"": ""n"", ""probability"": 0.0006146120140329003}]",dataset,
dataset_sample:18199,w,a,0.5394986271858215,"[{""label"": ""a"", ""probability"": 0.5394986271858215}, {""label"": ""u"", ""probability"": 0.2838098108768463}, {""label"": ""w"", ""probability"": 0.13978156447410583}]",dataset,
dataset_sample:18323,w,u,0.8212549090385437,"[{""label"": ""u"", ""probability"": 0.8212549090385437}, {""label"": ""w"", ""probability"": 0.1455523669719696}, {""label"": ""v"", ""probability"": 0.023304840549826622}]",dataset,
dataset_sample:18346,w,m,0.4356643855571747,"[{""label"": ""m"", ""probability"": 0.4356643855571747}, {""label"": ""g"", ""probability"": 0.21185846626758575}, {""label"": ""q"", ""probability"": 0.17518486082553864}]",dataset,
dataset_sample:18407,x,y,0.5995968580245972,"[{""label"": ""y"", ""probability"": 0.5995968580245972}, {""label"": ""x"", ""probability"": 0.23357021808624268}, {""label"": ""v"", ""probability"": 0.11766591668128967}]",dataset,
dataset_sample:18451,x,t,0.9130250811576843,"[{""label"": ""t"", ""probability"": 0.9130250811576843}, {""label"": ""f"", ""probability"": 0.019378386437892914}, {""label"": ""x"", ""probability"": 0.018181215971708298}]",dataset,
dataset_sample:18463,x,k,0.523853063583374,"[{""label"": ""k"", ""probability"": 0.523853063583374}, {""label"": ""x"", ""probability"": 0.452636182308197}, {""label"": ""y"", ""probability"": 0.011116406880319118}]",dataset,
dataset_sample:18480,x,t,0.47472986578941345,"[{""label"": ""t"", ""probability"": 0.47472986578941345}, {""label"": ""x"", ""probability"": 0.26664620637893677}, {""label"": ""y"", ""probability"": 0.23506061732769012}]",dataset,
dataset_sample:18497,x,k,0.9652013182640076,"[{""label"": ""k"", ""probability"": 0.9652013182640076}, {""label"": ""x"", ""probability"": 0.02574322000145912}, {""label"": ""r"", ""probability"": 0.0046924687922000885}]",dataset,
dataset_sample:18549,x,r,0.6377052068710327,"[{""label"": ""r"", ""probability"": 0.6377052068710327}, {""label"": ""x"", ""probability"": 0.3035341203212738}, {""label"": ""n"", ""probability"": 0.028193529695272446}]",dataset,
dataset_sample:18553,x,y,0.8485386371612549,"[{""label"": ""y"", ""probability"": 0.8485386371612549}, {""label"": ""x"", ""probability"": 0.12246416509151459}, {""label"": ""t"", ""probability"": 0.027577081695199013}]",dataset,
dataset_sample:18569,x,f,0.8139688968658447,"[{""label"": ""f"", ""probability"": 0.8139688968658447}, {""label"": ""t"", ""probability"": 0.16517944633960724}, {""label"": ""x"", ""probability"": 0.009965215809643269}]",dataset,
dataset_sample:18582,x,k,0.7178374528884888,"[{""label"": ""k"", ""probability"": 0.7178374528884888}, {""label"": ""x"", ""probability"": 0.2372584193944931}, {""label"": ""h"", ""probability"": 0.029692551121115685}]",dataset,
dataset_sample:18595,x,z,0.7371886968612671,"[{""label"": ""z"", ""probability"": 0.7371886968612671}, {""label"": ""x"", ""probability"": 0.23114733397960663}, {""label"": ""j"", ""probability"": 0.014128596521914005}]",dataset,
dataset_sample:18612,x,y,0.8456924557685852,"[{""label"": ""y"", ""probability"": 0.8456924557685852}, {""label"": ""v"", ""probability"": 0.14206726849079132}, {""label"": ""x"", ""probability"": 0.00539536215364933}]",dataset,
dataset_sample:18685,x,y,0.8352170586585999,"[{""label"": ""y"", ""probability"": 0.8352170586585999}, {""label"": ""v"", ""probability"": 0.0744243711233139}, {""label"": ""x"", ""probability"": 0.04337848722934723}]",dataset,
dataset_sample:18714,x,y,0.597484290599823,"[{""label"": ""y"", ""probability"": 0.597484290599823}, {""label"": ""x"", ""probability"": 0.3928474485874176}, {""label"": ""q"", ""probability"": 0.002839093329384923}]",dataset,
dataset_sample:18716,x,z,0.46521762013435364,"[{""label"": ""z"", ""probability"": 0.46521762013435364}, {""label"": ""x"", ""probability"": 0.3498091697692871}, {""label"": ""l"", ""probability"": 0.04112391918897629}]",dataset,
dataset_sample:18743,x,k,0.8722138404846191,"[{""label"": ""k"", ""probability"": 0.8722138404846191}, {""label"": ""x"", ""probability"": 0.09212033450603485}, {""label"": ""l"", ""probability"": 0.029257716611027718}]",dataset,
dataset_sample:18815,x,y,0.5534141063690186,"[{""label"": ""y"", ""probability"": 0.5534141063690186}, {""label"": ""x"", ""probability"": 0.4204326868057251}, {""label"": ""v"", ""probability"": 0.011919124983251095}]",dataset,
dataset_sample:18828,x,k,0.5618329644203186,"[{""label"": ""k"", ""probability"": 0.5618329644203186}, {""label"": ""x"", ""probability"": 0.41722530126571655}, {""label"": ""h"", ""probability"": 0.018570367246866226}]",dataset,
dataset_sample:18833,x,y,0.8131547570228577,"[{""label"": ""y"", ""probability"": 0.8131547570228577}, {""label"": ""x"", ""probability"": 0.11283907294273376}, {""label"": ""j"", ""probability"": 0.03638944402337074}]",dataset,
dataset_sample:18866,x,y,0.9918587803840637,"[{""label"": ""y"", ""probability"": 0.9918587803840637}, {""label"": ""v"", ""probability"": 0.005157481878995895}, {""label"": ""x"", ""probability"": 0.0025922616478055716}]",dataset,
dataset_sample:18886,x,t,0.577175498008728,"[{""label"": ""t"", ""probability"": 0.577175498008728}, {""label"": ""k"", ""probability"": 0.17873340845108032}, {""label"": ""y"", ""probability"": 0.07548967003822327}]",dataset,
dataset_sample:18889,x,f,0.5225313901901245,"[{""label"": ""f"", ""probability"": 0.5225313901901245}, {""label"": ""x"", ""probability"": 0.2351493239402771}, {""label"": ""a"", ""probability"": 0.08511998504400253}]",dataset,
dataset_sample:18918,x,k,0.6091201901435852,"[{""label"": ""k"", ""probability"": 0.6091201901435852}, {""label"": ""h"", ""probability"": 0.23561327159404755}, {""label"": ""t"", ""probability"": 0.08139429986476898}]",dataset,
dataset_sample:18977,x,j,0.2360561341047287,"[{""label"": ""j"", ""probability"": 0.2360561341047287}, {""label"": ""v"", ""probability"": 0.12473218888044357}, {""label"": ""t"", ""probability"": 0.1139322966337204}]",dataset,
dataset_sample:18989,x,n,0.5932071208953857,"[{""label"": ""n"", ""probability"": 0.5932071208953857}, {""label"": ""x"", ""probability"": 0.3670344948768616}, {""label"": ""r"", ""probability"": 0.018223164603114128}]",dataset,
dataset_sample:19004,x,k,0.9610549211502075,"[{""label"": ""k"", ""probability"": 0.9610549211502075}, {""label"": ""x"", ""probability"": 0.03641610965132713}, {""label"": ""h"", ""probability"": 0.002331190975382924}]",dataset,
dataset_sample:19018,x,k,0.8754799365997314,"[{""label"": ""k"", ""probability"": 0.8754799365997314}, {""label"": ""l"", ""probability"": 0.09397748857736588}, {""label"": ""x"", ""probability"": 0.01202373020350933}]",dataset,
dataset_sample:19062,x,m,0.23850607872009277,"[{""label"": ""m"", ""probability"": 0.23850607872009277}, {""label"": ""h"", ""probability"": 0.21799549460411072}, {""label"": ""k"", ""probability"": 0.1376951038837433}]",dataset,
dataset_sample:19085,x,p,0.6111892461776733,"[{""label"": ""p"", ""probability"": 0.6111892461776733}, {""label"": ""m"", ""probability"": 0.15528318285942078}, {""label"": ""n"", ""probability"": 0.1351989507675171}]",dataset,
dataset_sample:19099,x,l,0.6206116080284119,"[{""label"": ""l"", ""probability"": 0.6206116080284119}, {""label"": ""x"", ""probability"": 0.13097022473812103}, {""label"": ""k"", ""probability"": 0.09587451070547104}]",dataset,
dataset_sample:19115,x,y,0.9804537296295166,"[{""label"": ""y"", ""probability"": 0.9804537296295166}, {""label"": ""t"", ""probability"": 0.014405064284801483}, {""label"": ""x"", ""probability"": 0.004595291335135698}]",dataset,
dataset_sample:19176,x,t,0.9202882647514343,"[{""label"": ""t"", ""probability"": 0.9202882647514343}, {""label"": ""f"", ""probability"": 0.07533977180719376}, {""label"": ""x"", ""probability"": 0.0014036366483196616}]",dataset,
dataset_sample:19232,y,q,0.805427610874176,"[{""label"": ""q"", ""probability"": 0.805427610874176}, {""label"": ""y"", ""probability"": 0.12868303060531616}, {""label"": ""g"", ""probability"": 0.060916461050510406}]",dataset,
dataset_sample:19321,y,g,0.6052008867263794,"[{""label"": ""g"", ""probability"": 0.6052008867263794}, {""label"": ""q"", ""probability"": 0.3189455270767212}, {""label"": ""y"", ""probability"": 0.0660686120390892}]",dataset,
dataset_sample:19322,y,t,0.8667146563529968,"[{""label"": ""t"", ""probability"": 0.8667146563529968}, {""label"": ""r"", ""probability"": 0.0645281970500946}, {""label"": ""f"", ""probability"": 0.05160737782716751}]",dataset,
dataset_sample:19325,y,r,0.4788335859775543,"[{""label"": ""r"", ""probability"": 0.4788335859775543}, {""label"": ""v"", ""probability"": 0.3439042866230011}, {""label"": ""y"", ""probability"": 0.08513292670249939}]",dataset,
dataset_sample:19460,y,v,0.9857845902442932,"[{""label"": ""v"", ""probability"": 0.9857845902442932}, {""label"": ""u"", ""probability"": 0.013458279892802238}, {""label"": ""y"", ""probability"": 0.00060611980734393}]",dataset,
dataset_sample:19482,y,q,0.4199168384075165,"[{""label"": ""q"", ""probability"": 0.4199168384075165}, {""label"": ""y"", ""probability"": 0.35781869292259216}, {""label"": ""g"", ""probability"": 0.12299749255180359}]",dataset,
dataset_sample:19497,y,j,0.2869190573692322,"[{""label"": ""j"", ""probability"": 0.2869190573692322}, {""label"": ""b"", ""probability"": 0.25810790061950684}, {""label"": ""y"", ""probability"": 0.1428176611661911}]",dataset,
dataset_sample:19532,y,x,0.6941518783569336,"[{""label"": ""x"", ""probability"": 0.6941518783569336}, {""label"": ""y"", ""probability"": 0.29585710167884827}, {""label"": ""t"", ""probability"": 0.006936201360076666}]",dataset,
dataset_sample:19539,y,x,0.5685892701148987,"[{""label"": ""x"", ""probability"": 0.5685892701148987}, {""label"": ""y"", ""probability"": 0.42086708545684814}, {""label"": ""h"", ""probability"": 0.0042302729561924934}]",dataset,
dataset_sample:19605,y,t,0.9567214250564575,"[{""label"": ""t"", ""probability"": 0.9567214250564575}, {""label"": ""f"", ""probability"": 0.02702634036540985}, {""label"": ""i"", ""probability"": 0.004077919293195009}]",dataset,
dataset_sample:19628,y,t,0.30879226326942444,"[{""label"": ""t"", ""probability"": 0.30879226326942444}, {""label"": ""y"", ""probability"": 0.21065911650657654}, {""label"": ""f"", ""probability"": 0.15776637196540833}]",dataset,
dataset_sample:19674,y,h,0.8001742362976074,"[{""label"": ""h"", ""probability"": 0.8001742362976074}, {""label"": ""y"", ""probability"": 0.13491015136241913}, {""label"": ""f"", ""probability"": 0.021397821605205536}]",dataset,
dataset_sample:19681,y,g,0.8747053742408752,"[{""label"": ""g"", ""probability"": 0.8747053742408752}, {""label"": ""y"", ""probability"": 0.06421827524900436}, {""label"": ""q"", ""probability"": 0.05405077710747719}]",dataset,
dataset_sample:19682,y,t,0.7204495668411255,"[{""label"": ""t"", ""probability"": 0.7204495668411255}, {""label"": ""y"", ""probability"": 0.17555691301822662}, {""label"": ""h"", ""probability"": 0.020589567720890045}]",dataset,
dataset_sample:19684,y,d,0.2814429700374603,"[{""label"": ""d"", ""probability"": 0.2814429700374603}, {""label"": ""t"", ""probability"": 0.2522962987422943}, {""label"": ""x"", ""probability"": 0.15438944101333618}]",dataset,
dataset_sample:19730,y,x,0.8073422312736511,"[{""label"": ""x"", ""probability"": 0.8073422312736511}, {""label"": ""y"", ""probability"": 0.18424049019813538}, {""label"": ""v"", ""probability"": 0.004195792600512505}]",dataset,
dataset_sample:19745,y,j,0.7993847131729126,"[{""label"": ""j"", ""probability"": 0.7993847131729126}, {""label"": ""y"", ""probability"": 0.14260037243366241}, {""label"": ""t"", ""probability"": 0.023732829838991165}]",dataset,
dataset_sample:19776,y,v,0.6508635878562927,"[{""label"": ""v"", ""probability"": 0.6508635878562927}, {""label"": ""y"", ""probability"": 0.3390336334705353}, {""label"": ""l"", ""probability"": 0.006157510913908482}]",dataset,
dataset_sample:19794,y,g,0.7226572036743164,"[{""label"": ""g"", ""probability"": 0.7226572036743164}, {""label"": ""y"", ""probability"": 0.22882822155952454}, {""label"": ""q"", ""probability"": 0.04437241330742836}]",dataset,
dataset_sample:19811,y,r,0.9746028184890747,"[{""label"": ""r"", ""probability"": 0.9746028184890747}, {""label"": ""y"", ""probability"": 0.016294075176119804}, {""label"": ""v"", ""probability"": 0.00868098996579647}]",dataset,
dataset_sample:19834,y,g,0.5826118588447571,"[{""label"": ""g"", ""probability"": 0.5826118588447571}, {""label"": ""y"", ""probability"": 0.22890445590019226}, {""label"": ""q"", ""probability"": 0.1586957424879074}]",dataset,
dataset_sample:19894,y,v,0.5969128012657166,"[{""label"": ""v"", ""probability"": 0.5969128012657166}, {""label"": ""y"", ""probability"": 0.4022926688194275}, {""label"": ""l"", ""probability"": 0.0003412867954466492}]",dataset,
dataset_sample:19898,y,x,0.8014255166053772,"[{""label"": ""x"", ""probability"": 0.8014255166053772}, {""label"": ""y"", ""probability"": 0.15689906477928162}, {""label"": ""v"", ""probability"": 0.006473590154200792}]",dataset,
dataset_sample:19988,y,v,0.20369258522987366,"[{""label"": ""v"", ""probability"": 0.20369258522987366}, {""label"": ""n"", ""probability"": 0.1892615556716919}, {""label"": ""w"", ""probability"": 0.15188242495059967}]",dataset,
dataset_sample:20216,z,i,0.6939627528190613,"[{""label"": ""i"", ""probability"": 0.6939627528190613}, {""label"": ""l"", ""probability"": 0.19217567145824432}, {""label"": ""z"", ""probability"": 0.06591419875621796}]",dataset,
dataset_sample:20303,z,c,0.39604026079177856,"[{""label"": ""c"", ""probability"": 0.39604026079177856}, {""label"": ""z"", ""probability"": 0.2537887394428253}, {""label"": ""l"", ""probability"": 0.17653313279151917}]",dataset,
dataset_sample:20327,z,l,0.5556238293647766,"[{""label"": ""l"", ""probability"": 0.5556238293647766}, {""label"": ""z"", ""probability"": 0.4361582398414612}, {""label"": ""i"", ""probability"": 0.0031636564526706934}]",dataset,
dataset_sample:20364,z,g,0.8208561539649963,"[{""label"": ""g"", ""probability"": 0.8208561539649963}, {""label"": ""q"", ""probability"": 0.07627497613430023}, {""label"": ""j"", ""probability"": 0.07421635091304779}]",dataset,
dataset_sample:20374,z,e,0.7146852612495422,"[{""label"": ""e"", ""probability"": 0.7146852612495422}, {""label"": ""z"", ""probability"": 0.2142224758863449}, {""label"": ""q"", ""probability"": 0.024091102182865143}]",dataset,
dataset_sample:20497,z,j,0.4397217631340027,"[{""label"": ""j"", ""probability"": 0.4397217631340027}, {""label"": ""z"", ""probability"": 0.34142178297042847}, {""label"": ""g"", ""probability"": 0.1926683634519577}]",dataset,
dataset_sample:20732,z,l,0.810533881187439,"[{""label"": ""l"", ""probability"": 0.810533881187439}, {""label"": ""z"", ""probability"": 0.10135518014431}, {""label"": ""i"", ""probability"": 0.06939738988876343}]",dataset,
dataset_sample:20761,z,j,0.580184817314148,"[{""label"": ""j"", ""probability"": 0.580184817314148}, {""label"": ""z"", ""probability"": 0.18119056522846222}, {""label"": ""f"", ""probability"": 0.16669592261314392}]",dataset,
