image_path,true_label,predicted_label,confidence,top_3,source,session_id
dataset_sample:3,q,g,0.8314490914344788,"[{""label"": ""g"", ""probability"": 0.8314490914344788}, {""label"": ""q"", ""probability"": 0.16854579746723175}, {""label"": ""p"", ""probability"": 2.966484998978558e-06}]",dataset,
dataset_sample:43,t,d,0.7135405540466309,"[{""label"": ""d"", ""probability"": 0.7135405540466309}, {""label"": ""t"", ""probability"": 0.11737757921218872}, {""label"": ""j"", ""probability"": 0.060396116226911545}]",dataset,
dataset_sample:59,l,i,0.7588538527488708,"[{""label"": ""i"", ""probability"": 0.7588538527488708}, {""label"": ""l"", ""probability"": 0.240875706076622}, {""label"": ""j"", ""probability"": 0.00024775922065600753}]",dataset,
dataset_sample:71,i,l,0.8109618425369263,"[{""label"": ""l"", ""probability"": 0.8109618425369263}, {""label"": ""i"", ""probability"": 0.18888668715953827}, {""label"": ""j"", ""probability"": 0.00013019498146604747}]",dataset,
dataset_sample:72,f,j,0.7103102803230286,"[{""label"": ""j"", ""probability"": 0.7103102803230286}, {""label"": ""t"", ""probability"": 0.1467788964509964}, {""label"": ""f"", ""probability"": 0.08200839906930923}]",dataset,
dataset_sample:83,l,i,0.8042973875999451,"[{""label"": ""i"", ""probability"": 0.8042973875999451}, {""label"": ""l"", ""probability"": 0.1956813931465149}, {""label"": ""r"", ""probability"": 6.783640856156126e-06}]",dataset,
dataset_sample:87,c,l,0.5898730158805847,"[{""label"": ""l"", ""probability"": 0.5898730158805847}, {""label"": ""c"", ""probability"": 0.36349424719810486}, {""label"": ""i"", ""probability"": 0.025581402704119682}]",dataset,
dataset_sample:91,a,n,0.4946443438529968,"[{""label"": ""n"", ""probability"": 0.4946443438529968}, {""label"": ""a"", ""probability"": 0.42883673310279846}, {""label"": ""m"", ""probability"": 0.06602554768323898}]",dataset,
dataset_sample:128,q,g,0.6486023664474487,"[{""label"": ""g"", ""probability"": 0.6486023664474487}, {""label"": ""q"", ""probability"": 0.351296991109848}, {""label"": ""a"", ""probability"": 0.00010049447882920504}]",dataset,
dataset_sample:140,q,a,0.7881715297698975,"[{""label"": ""a"", ""probability"": 0.7881715297698975}, {""label"": ""q"", ""probability"": 0.14154215157032013}, {""label"": ""d"", ""probability"": 0.04644584283232689}]",dataset,
dataset_sample:147,i,l,0.6801026463508606,"[{""label"": ""l"", ""probability"": 0.6801026463508606}, {""label"": ""i"", ""probability"": 0.31980496644973755}, {""label"": ""v"", ""probability"": 3.94080052501522e-05}]",dataset,
dataset_sample:194,l,i,0.8787212371826172,"[{""label"": ""i"", ""probability"": 0.8787212371826172}, {""label"": ""l"", ""probability"": 0.1212402731180191}, {""label"": ""j"", ""probability"": 3.234863834222779e-05}]",dataset,
dataset_sample:206,s,g,0.834157407283783,"[{""label"": ""g"", ""probability"": 0.834157407283783}, {""label"": ""s"", ""probability"": 0.16496506333351135}, {""label"": ""q"", ""probability"": 0.0008163150050677359}]",dataset,
dataset_sample:208,i,l,0.580284059047699,"[{""label"": ""l"", ""probability"": 0.580284059047699}, {""label"": ""i"", ""probability"": 0.41965922713279724}, {""label"": ""j"", ""probability"": 4.954219548380934e-05}]",dataset,
dataset_sample:209,l,i,0.735261082649231,"[{""label"": ""i"", ""probability"": 0.735261082649231}, {""label"": ""l"", ""probability"": 0.2644861936569214}, {""label"": ""j"", ""probability"": 0.00022766216716263443}]",dataset,
dataset_sample:229,i,l,0.571954071521759,"[{""label"": ""l"", ""probability"": 0.571954071521759}, {""label"": ""i"", ""probability"": 0.4279838800430298}, {""label"": ""v"", ""probability"": 2.1132025722181424e-05}]",dataset,
dataset_sample:234,i,l,0.6984053254127502,"[{""label"": ""l"", ""probability"": 0.6984053254127502}, {""label"": ""i"", ""probability"": 0.3014798164367676}, {""label"": ""v"", ""probability"": 4.409022949403152e-05}]",dataset,
dataset_sample:281,i,l,0.5854880213737488,"[{""label"": ""l"", ""probability"": 0.5854880213737488}, {""label"": ""i"", ""probability"": 0.4144379198551178}, {""label"": ""r"", ""probability"": 2.0948529709130526e-05}]",dataset,
dataset_sample:282,l,i,0.5265415906906128,"[{""label"": ""i"", ""probability"": 0.5265415906906128}, {""label"": ""l"", ""probability"": 0.47344404458999634}, {""label"": ""v"", ""probability"": 6.4462938098586164e-06}]",dataset,
dataset_sample:327,z,i,0.31045523285865784,"[{""label"": ""i"", ""probability"": 0.31045523285865784}, {""label"": ""z"", ""probability"": 0.27553591132164}, {""label"": ""l"", ""probability"": 0.1831309050321579}]",dataset,
dataset_sample:331,t,l,0.4400450587272644,"[{""label"": ""l"", ""probability"": 0.4400450587272644}, {""label"": ""e"", ""probability"": 0.29691532254219055}, {""label"": ""t"", ""probability"": 0.12358983606100082}]",dataset,
dataset_sample:346,g,q,0.7923182845115662,"[{""label"": ""q"", ""probability"": 0.7923182845115662}, {""label"": ""g"", ""probability"": 0.19934414327144623}, {""label"": ""a"", ""probability"": 0.008187386207282543}]",dataset,
dataset_sample:376,i,l,0.7552745342254639,"[{""label"": ""l"", ""probability"": 0.7552745342254639}, {""label"": ""i"", ""probability"": 0.24428726732730865}, {""label"": ""j"", ""probability"": 0.00016824966587591916}]",dataset,
dataset_sample:378,d,o,0.9889784455299377,"[{""label"": ""o"", ""probability"": 0.9889784455299377}, {""label"": ""d"", ""probability"": 0.010924793779850006}, {""label"": ""u"", ""probability"": 3.0034087103558704e-05}]",dataset,
dataset_sample:379,q,a,0.785760223865509,"[{""label"": ""a"", ""probability"": 0.785760223865509}, {""label"": ""g"", ""probability"": 0.18277715146541595}, {""label"": ""q"", ""probability"": 0.030621018260717392}]",dataset,
dataset_sample:444,i,l,0.9047578573226929,"[{""label"": ""l"", ""probability"": 0.9047578573226929}, {""label"": ""i"", ""probability"": 0.09459453076124191}, {""label"": ""c"", ""probability"": 0.0005276922020129859}]",dataset,
dataset_sample:446,i,l,0.5339896082878113,"[{""label"": ""l"", ""probability"": 0.5339896082878113}, {""label"": ""i"", ""probability"": 0.4658908247947693}, {""label"": ""j"", ""probability"": 4.557377542369068e-05}]",dataset,
dataset_sample:466,h,n,0.990282416343689,"[{""label"": ""n"", ""probability"": 0.990282416343689}, {""label"": ""v"", ""probability"": 0.0023477813228964806}, {""label"": ""r"", ""probability"": 0.0022671797778457403}]",dataset,
dataset_sample:481,i,l,0.8002437353134155,"[{""label"": ""l"", ""probability"": 0.8002437353134155}, {""label"": ""i"", ""probability"": 0.1995723396539688}, {""label"": ""v"", ""probability"": 5.827067798236385e-05}]",dataset,
dataset_sample:488,a,c,0.6437816023826599,"[{""label"": ""c"", ""probability"": 0.6437816023826599}, {""label"": ""a"", ""probability"": 0.34129491448402405}, {""label"": ""u"", ""probability"": 0.010099556297063828}]",dataset,
dataset_sample:495,l,i,0.7001593112945557,"[{""label"": ""i"", ""probability"": 0.7001593112945557}, {""label"": ""l"", ""probability"": 0.29981729388237}, {""label"": ""j"", ""probability"": 1.2051368685206398e-05}]",dataset,
dataset_sample:535,s,c,0.6168946623802185,"[{""label"": ""c"", ""probability"": 0.6168946623802185}, {""label"": ""s"", ""probability"": 0.2561613917350769}, {""label"": ""e"", ""probability"": 0.05767488107085228}]",dataset,
dataset_sample:541,q,g,0.6436532139778137,"[{""label"": ""g"", ""probability"": 0.6436532139778137}, {""label"": ""q"", ""probability"": 0.35606738924980164}, {""label"": ""a"", ""probability"": 0.00023883313406258821}]",dataset,
dataset_sample:597,q,g,0.9331424236297607,"[{""label"": ""g"", ""probability"": 0.9331424236297607}, {""label"": ""q"", ""probability"": 0.06682252883911133}, {""label"": ""a"", ""probability"": 3.2656560506438836e-05}]",dataset,
dataset_sample:621,d,p,0.6071888208389282,"[{""label"": ""p"", ""probability"": 0.6071888208389282}, {""label"": ""d"", ""probability"": 0.37393978238105774}, {""label"": ""b"", ""probability"": 0.01869734562933445}]",dataset,
dataset_sample:625,l,c,0.6971898674964905,"[{""label"": ""c"", ""probability"": 0.6971898674964905}, {""label"": ""l"", ""probability"": 0.30011579394340515}, {""label"": ""i"", ""probability"": 0.0019120114156976342}]",dataset,
dataset_sample:634,i,j,0.5647708177566528,"[{""label"": ""j"", ""probability"": 0.5647708177566528}, {""label"": ""i"", ""probability"": 0.4333997666835785}, {""label"": ""l"", ""probability"": 0.0016213771887123585}]",dataset,
dataset_sample:646,l,i,0.6228212118148804,"[{""label"": ""i"", ""probability"": 0.6228212118148804}, {""label"": ""l"", ""probability"": 0.37714874744415283}, {""label"": ""j"", ""probability"": 9.974435670301318e-06}]",dataset,
dataset_sample:652,l,c,0.749841570854187,"[{""label"": ""c"", ""probability"": 0.749841570854187}, {""label"": ""l"", ""probability"": 0.24879330396652222}, {""label"": ""e"", ""probability"": 0.0003500122402328998}]",dataset,
dataset_sample:688,e,c,0.8806220889091492,"[{""label"": ""c"", ""probability"": 0.8806220889091492}, {""label"": ""e"", ""probability"": 0.11852816492319107}, {""label"": ""a"", ""probability"": 0.0005320791970007122}]",dataset,
dataset_sample:744,i,l,0.5461567640304565,"[{""label"": ""l"", ""probability"": 0.5461567640304565}, {""label"": ""i"", ""probability"": 0.4513061046600342}, {""label"": ""r"", ""probability"": 0.0015629719709977508}]",dataset,
dataset_sample:745,g,q,0.5810360312461853,"[{""label"": ""q"", ""probability"": 0.5810360312461853}, {""label"": ""g"", ""probability"": 0.4182512164115906}, {""label"": ""a"", ""probability"": 0.0007049284176900983}]",dataset,
dataset_sample:762,i,l,0.9022784233093262,"[{""label"": ""l"", ""probability"": 0.9022784233093262}, {""label"": ""i"", ""probability"": 0.09765882790088654}, {""label"": ""j"", ""probability"": 2.5230161554645747e-05}]",dataset,
dataset_sample:782,i,l,0.7575240731239319,"[{""label"": ""l"", ""probability"": 0.7575240731239319}, {""label"": ""i"", ""probability"": 0.2413845956325531}, {""label"": ""j"", ""probability"": 0.0004916812176816165}]",dataset,
dataset_sample:790,u,v,0.7182234525680542,"[{""label"": ""v"", ""probability"": 0.7182234525680542}, {""label"": ""u"", ""probability"": 0.2814157009124756}, {""label"": ""y"", ""probability"": 0.0002489164471626282}]",dataset,
dataset_sample:800,w,v,0.517490029335022,"[{""label"": ""v"", ""probability"": 0.517490029335022}, {""label"": ""w"", ""probability"": 0.4623052477836609}, {""label"": ""n"", ""probability"": 0.016192613169550896}]",dataset,
dataset_sample:807,i,l,0.5242080688476562,"[{""label"": ""l"", ""probability"": 0.5242080688476562}, {""label"": ""i"", ""probability"": 0.47570863366127014}, {""label"": ""r"", ""probability"": 3.597369868657552e-05}]",dataset,
dataset_sample:860,j,d,0.6219117641448975,"[{""label"": ""d"", ""probability"": 0.6219117641448975}, {""label"": ""j"", ""probability"": 0.27321454882621765}, {""label"": ""l"", ""probability"": 0.06476087868213654}]",dataset,
dataset_sample:874,n,h,0.4882834553718567,"[{""label"": ""h"", ""probability"": 0.4882834553718567}, {""label"": ""n"", ""probability"": 0.35890480875968933}, {""label"": ""w"", ""probability"": 0.11357250809669495}]",dataset,
dataset_sample:879,t,h,0.6620773673057556,"[{""label"": ""h"", ""probability"": 0.6620773673057556}, {""label"": ""t"", ""probability"": 0.3371511995792389}, {""label"": ""y"", ""probability"": 0.00042602370376698673}]",dataset,
dataset_sample:883,i,l,0.667532205581665,"[{""label"": ""l"", ""probability"": 0.667532205581665}, {""label"": ""i"", ""probability"": 0.33232381939888}, {""label"": ""v"", ""probability"": 3.658412606455386e-05}]",dataset,
dataset_sample:898,k,x,0.984970211982727,"[{""label"": ""x"", ""probability"": 0.984970211982727}, {""label"": ""k"", ""probability"": 0.014070333912968636}, {""label"": ""y"", ""probability"": 0.00042272169957868755}]",dataset,
dataset_sample:902,r,p,0.9113065600395203,"[{""label"": ""p"", ""probability"": 0.9113065600395203}, {""label"": ""r"", ""probability"": 0.08802212029695511}, {""label"": ""a"", ""probability"": 0.00041045158286578953}]",dataset,
dataset_sample:990,o,d,0.9484679102897644,"[{""label"": ""d"", ""probability"": 0.9484679102897644}, {""label"": ""o"", ""probability"": 0.04128658026456833}, {""label"": ""a"", ""probability"": 0.003843478625640273}]",dataset,
dataset_sample:1035,l,i,0.6514613032341003,"[{""label"": ""i"", ""probability"": 0.6514613032341003}, {""label"": ""l"", ""probability"": 0.3482343256473541}, {""label"": ""v"", ""probability"": 0.00019186278223060071}]",dataset,
dataset_sample:1065,m,n,0.8429892659187317,"[{""label"": ""n"", ""probability"": 0.8429892659187317}, {""label"": ""a"", ""probability"": 0.15071740746498108}, {""label"": ""r"", ""probability"": 0.006083723157644272}]",dataset,
dataset_sample:1066,i,l,0.7199762463569641,"[{""label"": ""l"", ""probability"": 0.7199762463569641}, {""label"": ""i"", ""probability"": 0.2794171869754791}, {""label"": ""j"", ""probability"": 0.00024009439221117646}]",dataset,
dataset_sample:1113,u,v,0.8826709389686584,"[{""label"": ""v"", ""probability"": 0.8826709389686584}, {""label"": ""u"", ""probability"": 0.1158405989408493}, {""label"": ""y"", ""probability"": 0.0008038710220716894}]",dataset,
dataset_sample:1114,q,a,0.9747424125671387,"[{""label"": ""a"", ""probability"": 0.9747424125671387}, {""label"": ""q"", ""probability"": 0.012263919226825237}, {""label"": ""g"", ""probability"": 0.009860259480774403}]",dataset,
dataset_sample:1124,o,d,0.6142066121101379,"[{""label"": ""d"", ""probability"": 0.6142066121101379}, {""label"": ""o"", ""probability"": 0.38552626967430115}, {""label"": ""b"", ""probability"": 0.0001239884295500815}]",dataset,
dataset_sample:1130,g,s,0.5306149125099182,"[{""label"": ""s"", ""probability"": 0.5306149125099182}, {""label"": ""g"", ""probability"": 0.44913315773010254}, {""label"": ""j"", ""probability"": 0.014580140821635723}]",dataset,
dataset_sample:1136,w,a,0.5200227499008179,"[{""label"": ""a"", ""probability"": 0.5200227499008179}, {""label"": ""w"", ""probability"": 0.2292967289686203}, {""label"": ""u"", ""probability"": 0.09721867740154266}]",dataset,
dataset_sample:1137,l,i,0.682546854019165,"[{""label"": ""i"", ""probability"": 0.682546854019165}, {""label"": ""l"", ""probability"": 0.3174270987510681}, {""label"": ""c"", ""probability"": 1.0210846085101366e-05}]",dataset,
dataset_sample:1151,d,o,0.7036260962486267,"[{""label"": ""o"", ""probability"": 0.7036260962486267}, {""label"": ""d"", ""probability"": 0.27550965547561646}, {""label"": ""e"", ""probability"": 0.009825753048062325}]",dataset,
dataset_sample:1158,i,l,0.7230907082557678,"[{""label"": ""l"", ""probability"": 0.7230907082557678}, {""label"": ""i"", ""probability"": 0.27663150429725647}, {""label"": ""j"", ""probability"": 0.00015459068526979536}]",dataset,
dataset_sample:1197,d,o,0.995730459690094,"[{""label"": ""o"", ""probability"": 0.995730459690094}, {""label"": ""d"", ""probability"": 0.003658978035673499}, {""label"": ""u"", ""probability"": 0.00037343488656915724}]",dataset,
dataset_sample:1201,i,l,0.5688896775245667,"[{""label"": ""l"", ""probability"": 0.5688896775245667}, {""label"": ""i"", ""probability"": 0.431054949760437}, {""label"": ""v"", ""probability"": 3.378908149898052e-05}]",dataset,
dataset_sample:1213,j,z,0.4145456552505493,"[{""label"": ""z"", ""probability"": 0.4145456552505493}, {""label"": ""s"", ""probability"": 0.338849812746048}, {""label"": ""i"", ""probability"": 0.14961795508861542}]",dataset,
dataset_sample:1222,q,g,0.5877074003219604,"[{""label"": ""g"", ""probability"": 0.5877074003219604}, {""label"": ""q"", ""probability"": 0.40951892733573914}, {""label"": ""y"", ""probability"": 0.0027489601634442806}]",dataset,
dataset_sample:1243,j,f,0.4871782958507538,"[{""label"": ""f"", ""probability"": 0.4871782958507538}, {""label"": ""t"", ""probability"": 0.2984655797481537}, {""label"": ""i"", ""probability"": 0.11973515152931213}]",dataset,
dataset_sample:1256,r,t,0.551854133605957,"[{""label"": ""t"", ""probability"": 0.551854133605957}, {""label"": ""f"", ""probability"": 0.1441243290901184}, {""label"": ""r"", ""probability"": 0.10203732550144196}]",dataset,
dataset_sample:1286,i,l,0.6769256591796875,"[{""label"": ""l"", ""probability"": 0.6769256591796875}, {""label"": ""i"", ""probability"": 0.3229593336582184}, {""label"": ""r"", ""probability"": 6.695376214338467e-05}]",dataset,
dataset_sample:1287,q,g,0.7938423156738281,"[{""label"": ""g"", ""probability"": 0.7938423156738281}, {""label"": ""q"", ""probability"": 0.20599058270454407}, {""label"": ""a"", ""probability"": 9.176276216749102e-05}]",dataset,
dataset_sample:1293,q,g,0.96437007188797,"[{""label"": ""g"", ""probability"": 0.96437007188797}, {""label"": ""q"", ""probability"": 0.0352424718439579}, {""label"": ""y"", ""probability"": 0.00025110627757385373}]",dataset,
dataset_sample:1294,j,g,0.9948311448097229,"[{""label"": ""g"", ""probability"": 0.9948311448097229}, {""label"": ""j"", ""probability"": 0.0028461075853556395}, {""label"": ""q"", ""probability"": 0.0006111705442890525}]",dataset,
dataset_sample:1295,j,d,0.9720028042793274,"[{""label"": ""d"", ""probability"": 0.9720028042793274}, {""label"": ""a"", ""probability"": 0.027267392724752426}, {""label"": ""j"", ""probability"": 0.00032432060106657445}]",dataset,
dataset_sample:1306,j,l,0.6940039396286011,"[{""label"": ""l"", ""probability"": 0.6940039396286011}, {""label"": ""i"", ""probability"": 0.17739927768707275}, {""label"": ""j"", ""probability"": 0.08397049456834793}]",dataset,
dataset_sample:1308,g,d,0.6001677513122559,"[{""label"": ""d"", ""probability"": 0.6001677513122559}, {""label"": ""b"", ""probability"": 0.3528422713279724}, {""label"": ""j"", ""probability"": 0.020599879324436188}]",dataset,
dataset_sample:1345,v,u,0.7067298889160156,"[{""label"": ""u"", ""probability"": 0.7067298889160156}, {""label"": ""v"", ""probability"": 0.2932540476322174}, {""label"": ""j"", ""probability"": 1.13129717647098e-05}]",dataset,
dataset_sample:1347,n,w,0.5045191049575806,"[{""label"": ""w"", ""probability"": 0.5045191049575806}, {""label"": ""n"", ""probability"": 0.3820749819278717}, {""label"": ""h"", ""probability"": 0.08588167279958725}]",dataset,
dataset_sample:1363,l,i,0.6321228742599487,"[{""label"": ""i"", ""probability"": 0.6321228742599487}, {""label"": ""l"", ""probability"": 0.3678268492221832}, {""label"": ""j"", ""probability"": 3.194159216945991e-05}]",dataset,
dataset_sample:1378,q,a,0.352754682302475,"[{""label"": ""a"", ""probability"": 0.352754682302475}, {""label"": ""g"", ""probability"": 0.34925562143325806}, {""label"": ""q"", ""probability"": 0.294455885887146}]",dataset,
dataset_sample:1387,o,u,0.6168822050094604,"[{""label"": ""u"", ""probability"": 0.6168822050094604}, {""label"": ""o"", ""probability"": 0.38046133518218994}, {""label"": ""d"", ""probability"": 0.0015732948668301105}]",dataset,
dataset_sample:1466,i,l,0.8316718935966492,"[{""label"": ""l"", ""probability"": 0.8316718935966492}, {""label"": ""i"", ""probability"": 0.1680184304714203}, {""label"": ""j"", ""probability"": 0.00026317243464291096}]",dataset,
dataset_sample:1477,i,l,0.7365548014640808,"[{""label"": ""l"", ""probability"": 0.7365548014640808}, {""label"": ""i"", ""probability"": 0.2633514106273651}, {""label"": ""v"", ""probability"": 2.522435170249082e-05}]",dataset,
dataset_sample:1499,c,l,0.6791443824768066,"[{""label"": ""l"", ""probability"": 0.6791443824768066}, {""label"": ""c"", ""probability"": 0.30560198426246643}, {""label"": ""e"", ""probability"": 0.0084020234644413}]",dataset,
dataset_sample:1508,g,q,0.7082793116569519,"[{""label"": ""q"", ""probability"": 0.7082793116569519}, {""label"": ""g"", ""probability"": 0.29168108105659485}, {""label"": ""y"", ""probability"": 3.417223342694342e-05}]",dataset,
dataset_sample:1512,k,a,0.3688667416572571,"[{""label"": ""a"", ""probability"": 0.3688667416572571}, {""label"": ""k"", ""probability"": 0.18715623021125793}, {""label"": ""f"", ""probability"": 0.14416272938251495}]",dataset,
dataset_sample:1574,p,d,0.699111819267273,"[{""label"": ""d"", ""probability"": 0.699111819267273}, {""label"": ""p"", ""probability"": 0.2998320460319519}, {""label"": ""b"", ""probability"": 0.0005115770036354661}]",dataset,
dataset_sample:1604,q,g,0.8630164861679077,"[{""label"": ""g"", ""probability"": 0.8630164861679077}, {""label"": ""q"", ""probability"": 0.1308719664812088}, {""label"": ""a"", ""probability"": 0.005514020565897226}]",dataset,
dataset_sample:1634,i,l,0.743039071559906,"[{""label"": ""l"", ""probability"": 0.743039071559906}, {""label"": ""i"", ""probability"": 0.25621455907821655}, {""label"": ""c"", ""probability"": 0.0004739508149214089}]",dataset,
dataset_sample:1638,y,g,0.4283140301704407,"[{""label"": ""g"", ""probability"": 0.4283140301704407}, {""label"": ""y"", ""probability"": 0.39648503065109253}, {""label"": ""q"", ""probability"": 0.1623835414648056}]",dataset,
dataset_sample:1648,i,l,0.7425762414932251,"[{""label"": ""l"", ""probability"": 0.7425762414932251}, {""label"": ""i"", ""probability"": 0.2573222517967224}, {""label"": ""j"", ""probability"": 8.615480328444391e-05}]",dataset,
dataset_sample:1668,c,e,0.9285356998443604,"[{""label"": ""e"", ""probability"": 0.9285356998443604}, {""label"": ""c"", ""probability"": 0.07139911502599716}, {""label"": ""g"", ""probability"": 3.51172529917676e-05}]",dataset,
dataset_sample:1670,d,e,0.2429850548505783,"[{""label"": ""e"", ""probability"": 0.2429850548505783}, {""label"": ""f"", ""probability"": 0.14322715997695923}, {""label"": ""s"", ""probability"": 0.1067247986793518}]",dataset,
dataset_sample:1743,l,i,0.8084893226623535,"[{""label"": ""i"", ""probability"": 0.8084893226623535}, {""label"": ""l"", ""probability"": 0.19138172268867493}, {""label"": ""r"", ""probability"": 5.096642053104006e-05}]",dataset,
dataset_sample:1790,i,l,0.7619870901107788,"[{""label"": ""l"", ""probability"": 0.7619870901107788}, {""label"": ""i"", ""probability"": 0.2379642128944397}, {""label"": ""j"", ""probability"": 3.9898251998238266e-05}]",dataset,
dataset_sample:1809,l,i,0.7701377272605896,"[{""label"": ""i"", ""probability"": 0.7701377272605896}, {""label"": ""l"", ""probability"": 0.22982187569141388}, {""label"": ""j"", ""probability"": 1.8225993699161336e-05}]",dataset,
dataset_sample:1864,u,v,0.7396846413612366,"[{""label"": ""v"", ""probability"": 0.7396846413612366}, {""label"": ""u"", ""probability"": 0.2598864734172821}, {""label"": ""y"", ""probability"": 0.0002974608796648681}]",dataset,
dataset_sample:1866,g,q,0.5536086559295654,"[{""label"": ""q"", ""probability"": 0.5536086559295654}, {""label"": ""g"", ""probability"": 0.446267694234848}, {""label"": ""a"", ""probability"": 9.428773773834109e-05}]",dataset,
dataset_sample:1868,i,l,0.5611990690231323,"[{""label"": ""l"", ""probability"": 0.5611990690231323}, {""label"": ""i"", ""probability"": 0.43493959307670593}, {""label"": ""c"", ""probability"": 0.003507167799398303}]",dataset,
dataset_sample:1872,g,q,0.5018276572227478,"[{""label"": ""q"", ""probability"": 0.5018276572227478}, {""label"": ""g"", ""probability"": 0.4981076121330261}, {""label"": ""a"", ""probability"": 6.340676918625832e-05}]",dataset,
dataset_sample:1884,l,i,0.8722385764122009,"[{""label"": ""i"", ""probability"": 0.8722385764122009}, {""label"": ""l"", ""probability"": 0.1277020275592804}, {""label"": ""j"", ""probability"": 3.8264050090219826e-05}]",dataset,
dataset_sample:1895,i,l,0.6856707334518433,"[{""label"": ""l"", ""probability"": 0.6856707334518433}, {""label"": ""i"", ""probability"": 0.3142852485179901}, {""label"": ""j"", ""probability"": 1.564046397106722e-05}]",dataset,
dataset_sample:1936,l,i,0.5527647733688354,"[{""label"": ""i"", ""probability"": 0.5527647733688354}, {""label"": ""l"", ""probability"": 0.4471226632595062}, {""label"": ""v"", ""probability"": 4.1870083805406466e-05}]",dataset,
dataset_sample:1942,v,y,0.5755994319915771,"[{""label"": ""y"", ""probability"": 0.5755994319915771}, {""label"": ""v"", ""probability"": 0.4228542745113373}, {""label"": ""r"", ""probability"": 0.0009236953919753432}]",dataset,
dataset_sample:1946,l,i,0.5261926054954529,"[{""label"": ""i"", ""probability"": 0.5261926054954529}, {""label"": ""l"", ""probability"": 0.47376349568367004}, {""label"": ""j"", ""probability"": 2.2050051484256983e-05}]",dataset,
dataset_sample:1984,l,i,0.8777599334716797,"[{""label"": ""i"", ""probability"": 0.8777599334716797}, {""label"": ""l"", ""probability"": 0.12217645347118378}, {""label"": ""j"", ""probability"": 2.6345478545408696e-05}]",dataset,
dataset_sample:2008,q,g,0.5333721041679382,"[{""label"": ""g"", ""probability"": 0.5333721041679382}, {""label"": ""q"", ""probability"": 0.46553871035575867}, {""label"": ""b"", ""probability"": 0.0007764393230900168}]",dataset,
dataset_sample:2021,g,b,0.8504442572593689,"[{""label"": ""b"", ""probability"": 0.8504442572593689}, {""label"": ""g"", ""probability"": 0.07448083907365799}, {""label"": ""r"", ""probability"": 0.03498947247862816}]",dataset,
dataset_sample:2022,i,l,0.5569294095039368,"[{""label"": ""l"", ""probability"": 0.5569294095039368}, {""label"": ""i"", ""probability"": 0.4429233968257904}, {""label"": ""v"", ""probability"": 9.293339098803699e-05}]",dataset,
dataset_sample:2025,n,h,0.9021073579788208,"[{""label"": ""h"", ""probability"": 0.9021073579788208}, {""label"": ""n"", ""probability"": 0.09669037163257599}, {""label"": ""r"", ""probability"": 0.000778296438511461}]",dataset,
dataset_sample:2075,g,q,0.6678569316864014,"[{""label"": ""q"", ""probability"": 0.6678569316864014}, {""label"": ""g"", ""probability"": 0.3321021795272827}, {""label"": ""a"", ""probability"": 1.4248026673158165e-05}]",dataset,
dataset_sample:2080,l,i,0.8547699451446533,"[{""label"": ""i"", ""probability"": 0.8547699451446533}, {""label"": ""l"", ""probability"": 0.14404737949371338}, {""label"": ""j"", ""probability"": 0.0011395117035135627}]",dataset,
dataset_sample:2130,m,n,0.9122231602668762,"[{""label"": ""n"", ""probability"": 0.9122231602668762}, {""label"": ""m"", ""probability"": 0.08216267079114914}, {""label"": ""a"", ""probability"": 0.0052423905581235886}]",dataset,
dataset_sample:2142,l,i,0.6605433821678162,"[{""label"": ""i"", ""probability"": 0.6605433821678162}, {""label"": ""l"", ""probability"": 0.3393350839614868}, {""label"": ""v"", ""probability"": 5.020889875595458e-05}]",dataset,
dataset_sample:2145,c,l,0.35890600085258484,"[{""label"": ""l"", ""probability"": 0.35890600085258484}, {""label"": ""c"", ""probability"": 0.29259204864501953}, {""label"": ""t"", ""probability"": 0.19765576720237732}]",dataset,
dataset_sample:2161,j,u,0.514907717704773,"[{""label"": ""u"", ""probability"": 0.514907717704773}, {""label"": ""j"", ""probability"": 0.48165592551231384}, {""label"": ""v"", ""probability"": 0.0016847007209435105}]",dataset,
dataset_sample:2176,c,l,0.752143144607544,"[{""label"": ""l"", ""probability"": 0.752143144607544}, {""label"": ""c"", ""probability"": 0.24692630767822266}, {""label"": ""i"", ""probability"": 0.0006779436953365803}]",dataset,
dataset_sample:2214,g,n,0.9996908903121948,"[{""label"": ""n"", ""probability"": 0.9996908903121948}, {""label"": ""r"", ""probability"": 0.0001632904022699222}, {""label"": ""a"", ""probability"": 9.215091995429248e-05}]",dataset,
dataset_sample:2219,i,l,0.6580228209495544,"[{""label"": ""l"", ""probability"": 0.6580228209495544}, {""label"": ""i"", ""probability"": 0.2675788998603821}, {""label"": ""t"", ""probability"": 0.051944196224212646}]",dataset,
dataset_sample:2248,u,v,0.6890302896499634,"[{""label"": ""v"", ""probability"": 0.6890302896499634}, {""label"": ""u"", ""probability"": 0.31030574440956116}, {""label"": ""y"", ""probability"": 0.0005350175779312849}]",dataset,
dataset_sample:2252,g,b,0.9759740233421326,"[{""label"": ""b"", ""probability"": 0.9759740233421326}, {""label"": ""g"", ""probability"": 0.02371068298816681}, {""label"": ""l"", ""probability"": 0.00026037689531221986}]",dataset,
dataset_sample:2254,l,i,0.6827206015586853,"[{""label"": ""i"", ""probability"": 0.6827206015586853}, {""label"": ""l"", ""probability"": 0.31683772802352905}, {""label"": ""j"", ""probability"": 0.0004117156786378473}]",dataset,
dataset_sample:2266,h,a,0.47080910205841064,"[{""label"": ""a"", ""probability"": 0.47080910205841064}, {""label"": ""h"", ""probability"": 0.3857286870479584}, {""label"": ""q"", ""probability"": 0.0681397020816803}]",dataset,
dataset_sample:2270,l,i,0.6227887868881226,"[{""label"": ""i"", ""probability"": 0.6227887868881226}, {""label"": ""l"", ""probability"": 0.3702771067619324}, {""label"": ""r"", ""probability"": 0.005088425241410732}]",dataset,
dataset_sample:2274,i,l,0.6631190180778503,"[{""label"": ""l"", ""probability"": 0.6631190180778503}, {""label"": ""i"", ""probability"": 0.33686739206314087}, {""label"": ""v"", ""probability"": 4.556021849566605e-06}]",dataset,
dataset_sample:2294,q,g,0.6692476272583008,"[{""label"": ""g"", ""probability"": 0.6692476272583008}, {""label"": ""q"", ""probability"": 0.3157293200492859}, {""label"": ""a"", ""probability"": 0.014858140610158443}]",dataset,
dataset_sample:2309,i,l,0.6767364740371704,"[{""label"": ""l"", ""probability"": 0.6767364740371704}, {""label"": ""i"", ""probability"": 0.323156476020813}, {""label"": ""j"", ""probability"": 2.5567092961864546e-05}]",dataset,
dataset_sample:2310,j,i,0.9429582953453064,"[{""label"": ""i"", ""probability"": 0.9429582953453064}, {""label"": ""j"", ""probability"": 0.056680213660001755}, {""label"": ""l"", ""probability"": 0.00032104834099300206}]",dataset,
dataset_sample:2356,n,h,0.6445146799087524,"[{""label"": ""h"", ""probability"": 0.6445146799087524}, {""label"": ""n"", ""probability"": 0.35096868872642517}, {""label"": ""r"", ""probability"": 0.003352220170199871}]",dataset,
dataset_sample:2360,r,v,0.9926970601081848,"[{""label"": ""v"", ""probability"": 0.9926970601081848}, {""label"": ""y"", ""probability"": 0.001777814351953566}, {""label"": ""r"", ""probability"": 0.0017260524909943342}]",dataset,
dataset_sample:2384,s,f,0.8788660168647766,"[{""label"": ""f"", ""probability"": 0.8788660168647766}, {""label"": ""s"", ""probability"": 0.1063244566321373}, {""label"": ""g"", ""probability"": 0.006417175754904747}]",dataset,
dataset_sample:2388,i,j,0.6657567024230957,"[{""label"": ""j"", ""probability"": 0.6657567024230957}, {""label"": ""i"", ""probability"": 0.3340897262096405}, {""label"": ""l"", ""probability"": 8.4553801571019e-05}]",dataset,
dataset_sample:2394,l,i,0.5826303958892822,"[{""label"": ""i"", ""probability"": 0.5826303958892822}, {""label"": ""l"", ""probability"": 0.41709104180336}, {""label"": ""j"", ""probability"": 0.00024189344549085945}]",dataset,
dataset_sample:2440,l,i,0.519203782081604,"[{""label"": ""i"", ""probability"": 0.519203782081604}, {""label"": ""l"", ""probability"": 0.4807077646255493}, {""label"": ""v"", ""probability"": 2.4699163986952044e-05}]",dataset,
dataset_sample:2458,g,q,0.5418398976325989,"[{""label"": ""q"", ""probability"": 0.5418398976325989}, {""label"": ""g"", ""probability"": 0.45149660110473633}, {""label"": ""y"", ""probability"": 0.0057965354062616825}]",dataset,
dataset_sample:2475,i,l,0.49981456995010376,"[{""label"": ""l"", ""probability"": 0.49981456995010376}, {""label"": ""i"", ""probability"": 0.49977073073387146}, {""label"": ""j"", ""probability"": 0.0003515482821967453}]",dataset,
dataset_sample:2486,f,t,0.9347190260887146,"[{""label"": ""t"", ""probability"": 0.9347190260887146}, {""label"": ""f"", ""probability"": 0.03656188026070595}, {""label"": ""y"", ""probability"": 0.02256777137517929}]",dataset,
dataset_sample:2534,j,i,0.485800564289093,"[{""label"": ""i"", ""probability"": 0.485800564289093}, {""label"": ""j"", ""probability"": 0.4779224097728729}, {""label"": ""t"", ""probability"": 0.029543479904532433}]",dataset,
dataset_sample:2537,j,y,0.9067336916923523,"[{""label"": ""y"", ""probability"": 0.9067336916923523}, {""label"": ""j"", ""probability"": 0.08220906555652618}, {""label"": ""g"", ""probability"": 0.010524003766477108}]",dataset,
dataset_sample:2554,b,g,0.7173542380332947,"[{""label"": ""g"", ""probability"": 0.7173542380332947}, {""label"": ""b"", ""probability"": 0.26722732186317444}, {""label"": ""q"", ""probability"": 0.012967313639819622}]",dataset,
dataset_sample:2555,q,g,0.5391041040420532,"[{""label"": ""g"", ""probability"": 0.5391041040420532}, {""label"": ""q"", ""probability"": 0.46055057644844055}, {""label"": ""a"", ""probability"": 0.00034048230736516416}]",dataset,
dataset_sample:2559,g,q,0.6397645473480225,"[{""label"": ""q"", ""probability"": 0.6397645473480225}, {""label"": ""g"", ""probability"": 0.2322773039340973}, {""label"": ""a"", ""probability"": 0.12770767509937286}]",dataset,
dataset_sample:2576,q,o,0.49429988861083984,"[{""label"": ""o"", ""probability"": 0.49429988861083984}, {""label"": ""b"", ""probability"": 0.47627997398376465}, {""label"": ""e"", ""probability"": 0.016630224883556366}]",dataset,
dataset_sample:2593,l,i,0.5738877058029175,"[{""label"": ""i"", ""probability"": 0.5738877058029175}, {""label"": ""l"", ""probability"": 0.4260190427303314}, {""label"": ""c"", ""probability"": 3.6804260162170976e-05}]",dataset,
dataset_sample:2604,i,l,0.7547271847724915,"[{""label"": ""l"", ""probability"": 0.7547271847724915}, {""label"": ""i"", ""probability"": 0.24523504078388214}, {""label"": ""j"", ""probability"": 1.90261380339507e-05}]",dataset,
dataset_sample:2613,l,i,0.6718155741691589,"[{""label"": ""i"", ""probability"": 0.6718155741691589}, {""label"": ""l"", ""probability"": 0.32772886753082275}, {""label"": ""j"", ""probability"": 0.0004197416128590703}]",dataset,
dataset_sample:2649,l,i,0.5334222912788391,"[{""label"": ""i"", ""probability"": 0.5334222912788391}, {""label"": ""l"", ""probability"": 0.466471403837204}, {""label"": ""j"", ""probability"": 7.238383841468021e-05}]",dataset,
dataset_sample:2655,t,y,0.9052308797836304,"[{""label"": ""y"", ""probability"": 0.9052308797836304}, {""label"": ""t"", ""probability"": 0.09118848294019699}, {""label"": ""h"", ""probability"": 0.002382146893069148}]",dataset,
dataset_sample:2685,v,j,0.9710384607315063,"[{""label"": ""j"", ""probability"": 0.9710384607315063}, {""label"": ""v"", ""probability"": 0.022223027423024178}, {""label"": ""u"", ""probability"": 0.006055412348359823}]",dataset,
dataset_sample:2717,l,i,0.7250367403030396,"[{""label"": ""i"", ""probability"": 0.7250367403030396}, {""label"": ""l"", ""probability"": 0.2748194634914398}, {""label"": ""j"", ""probability"": 0.00012345516006462276}]",dataset,
dataset_sample:2754,q,g,0.8308863043785095,"[{""label"": ""g"", ""probability"": 0.8308863043785095}, {""label"": ""q"", ""probability"": 0.16896085441112518}, {""label"": ""a"", ""probability"": 0.0001328848156845197}]",dataset,
dataset_sample:2808,i,l,0.5148796439170837,"[{""label"": ""l"", ""probability"": 0.5148796439170837}, {""label"": ""i"", ""probability"": 0.484958291053772}, {""label"": ""j"", ""probability"": 0.00011226264905417338}]",dataset,
dataset_sample:2812,i,j,0.6324482560157776,"[{""label"": ""j"", ""probability"": 0.6324482560157776}, {""label"": ""i"", ""probability"": 0.36715900897979736}, {""label"": ""d"", ""probability"": 9.304536797571927e-05}]",dataset,
dataset_sample:2840,p,y,0.99973064661026,"[{""label"": ""y"", ""probability"": 0.99973064661026}, {""label"": ""t"", ""probability"": 0.00014852236199658364}, {""label"": ""v"", ""probability"": 4.7893499868223444e-05}]",dataset,
dataset_sample:2851,i,l,0.5120397210121155,"[{""label"": ""l"", ""probability"": 0.5120397210121155}, {""label"": ""i"", ""probability"": 0.4877423048019409}, {""label"": ""j"", ""probability"": 0.0001151418182416819}]",dataset,
dataset_sample:2867,l,i,0.6108975410461426,"[{""label"": ""i"", ""probability"": 0.6108975410461426}, {""label"": ""l"", ""probability"": 0.3890529274940491}, {""label"": ""v"", ""probability"": 3.4069304092554376e-05}]",dataset,
dataset_sample:2869,o,a,0.43469586968421936,"[{""label"": ""a"", ""probability"": 0.43469586968421936}, {""label"": ""e"", ""probability"": 0.26236146688461304}, {""label"": ""c"", ""probability"": 0.14624737203121185}]",dataset,
dataset_sample:2883,c,e,0.9560231566429138,"[{""label"": ""e"", ""probability"": 0.9560231566429138}, {""label"": ""c"", ""probability"": 0.029877297580242157}, {""label"": ""a"", ""probability"": 0.005266610532999039}]",dataset,
dataset_sample:2943,q,g,0.9687799215316772,"[{""label"": ""g"", ""probability"": 0.9687799215316772}, {""label"": ""q"", ""probability"": 0.03121824562549591}, {""label"": ""f"", ""probability"": 9.329012868874997e-07}]",dataset,
dataset_sample:2973,l,i,0.8610057234764099,"[{""label"": ""i"", ""probability"": 0.8610057234764099}, {""label"": ""l"", ""probability"": 0.1389496773481369}, {""label"": ""j"", ""probability"": 4.102391903870739e-05}]",dataset,
dataset_sample:2981,n,w,0.980828583240509,"[{""label"": ""w"", ""probability"": 0.980828583240509}, {""label"": ""n"", ""probability"": 0.01822672039270401}, {""label"": ""v"", ""probability"": 0.0009379659895785153}]",dataset,
dataset_sample:2983,i,j,0.9893635511398315,"[{""label"": ""j"", ""probability"": 0.9893635511398315}, {""label"": ""d"", ""probability"": 0.007691581267863512}, {""label"": ""i"", ""probability"": 0.0007884117076173425}]",dataset,
dataset_sample:2996,v,u,0.5436878800392151,"[{""label"": ""u"", ""probability"": 0.5436878800392151}, {""label"": ""v"", ""probability"": 0.4559684991836548}, {""label"": ""l"", ""probability"": 0.00011769847333198413}]",dataset,
dataset_sample:3002,i,t,0.6610658764839172,"[{""label"": ""t"", ""probability"": 0.6610658764839172}, {""label"": ""i"", ""probability"": 0.284610390663147}, {""label"": ""f"", ""probability"": 0.03516004607081413}]",dataset,
dataset_sample:3005,i,l,0.5918954610824585,"[{""label"": ""l"", ""probability"": 0.5918954610824585}, {""label"": ""i"", ""probability"": 0.40807247161865234}, {""label"": ""j"", ""probability"": 1.018067905533826e-05}]",dataset,
dataset_sample:3006,g,q,0.9188262224197388,"[{""label"": ""q"", ""probability"": 0.9188262224197388}, {""label"": ""g"", ""probability"": 0.0810340940952301}, {""label"": ""y"", ""probability"": 0.00010926762479357421}]",dataset,
dataset_sample:3019,i,l,0.6683205366134644,"[{""label"": ""l"", ""probability"": 0.6683205366134644}, {""label"": ""i"", ""probability"": 0.33116859197616577}, {""label"": ""j"", ""probability"": 0.0004569999291561544}]",dataset,
dataset_sample:3039,l,i,0.742463231086731,"[{""label"": ""i"", ""probability"": 0.742463231086731}, {""label"": ""l"", ""probability"": 0.25588223338127136}, {""label"": ""j"", ""probability"": 0.0016029244288802147}]",dataset,
dataset_sample:3041,z,g,0.9877525568008423,"[{""label"": ""g"", ""probability"": 0.9877525568008423}, {""label"": ""j"", ""probability"": 0.008926033973693848}, {""label"": ""z"", ""probability"": 0.001108880271203816}]",dataset,
dataset_sample:3055,l,i,0.6435225009918213,"[{""label"": ""i"", ""probability"": 0.6435225009918213}, {""label"": ""l"", ""probability"": 0.3564450144767761}, {""label"": ""r"", ""probability"": 1.4892042599967681e-05}]",dataset,
dataset_sample:3116,i,l,0.7693212628364563,"[{""label"": ""l"", ""probability"": 0.7693212628364563}, {""label"": ""i"", ""probability"": 0.22988474369049072}, {""label"": ""v"", ""probability"": 0.000493108993396163}]",dataset,
dataset_sample:3139,l,i,0.5835072994232178,"[{""label"": ""i"", ""probability"": 0.5835072994232178}, {""label"": ""l"", ""probability"": 0.4163929224014282}, {""label"": ""j"", ""probability"": 7.564124825876206e-05}]",dataset,
dataset_sample:3152,x,k,0.9939131140708923,"[{""label"": ""k"", ""probability"": 0.9939131140708923}, {""label"": ""b"", ""probability"": 0.003223856445401907}, {""label"": ""l"", ""probability"": 0.0013068385887891054}]",dataset,
dataset_sample:3267,g,s,0.63839191198349,"[{""label"": ""s"", ""probability"": 0.63839191198349}, {""label"": ""g"", ""probability"": 0.3472558557987213}, {""label"": ""j"", ""probability"": 0.007037730421870947}]",dataset,
dataset_sample:3278,q,g,0.5343621373176575,"[{""label"": ""g"", ""probability"": 0.5343621373176575}, {""label"": ""q"", ""probability"": 0.46560177206993103}, {""label"": ""y"", ""probability"": 3.574760557967238e-05}]",dataset,
dataset_sample:3306,t,x,0.8889338374137878,"[{""label"": ""x"", ""probability"": 0.8889338374137878}, {""label"": ""t"", ""probability"": 0.06144531071186066}, {""label"": ""f"", ""probability"": 0.03291849419474602}]",dataset,
dataset_sample:3322,n,h,0.7402382493019104,"[{""label"": ""h"", ""probability"": 0.7402382493019104}, {""label"": ""n"", ""probability"": 0.2576061189174652}, {""label"": ""l"", ""probability"": 0.0010915381135419011}]",dataset,
dataset_sample:3328,g,a,0.5914346575737,"[{""label"": ""a"", ""probability"": 0.5914346575737}, {""label"": ""g"", ""probability"": 0.3634931743144989}, {""label"": ""q"", ""probability"": 0.0446418896317482}]",dataset,
dataset_sample:3357,l,i,0.8039772510528564,"[{""label"": ""i"", ""probability"": 0.8039772510528564}, {""label"": ""l"", ""probability"": 0.19492512941360474}, {""label"": ""j"", ""probability"": 0.001020879833959043}]",dataset,
dataset_sample:3393,l,i,0.5153058171272278,"[{""label"": ""i"", ""probability"": 0.5153058171272278}, {""label"": ""l"", ""probability"": 0.4844350814819336}, {""label"": ""j"", ""probability"": 0.00013177831715438515}]",dataset,
dataset_sample:3401,i,l,0.7152128219604492,"[{""label"": ""l"", ""probability"": 0.7152128219604492}, {""label"": ""i"", ""probability"": 0.28468579053878784}, {""label"": ""j"", ""probability"": 7.79907641117461e-05}]",dataset,
dataset_sample:3446,i,c,0.48642492294311523,"[{""label"": ""c"", ""probability"": 0.48642492294311523}, {""label"": ""i"", ""probability"": 0.43132469058036804}, {""label"": ""j"", ""probability"": 0.038443367928266525}]",dataset,
dataset_sample:3472,l,i,0.678045392036438,"[{""label"": ""i"", ""probability"": 0.678045392036438}, {""label"": ""l"", ""probability"": 0.3218417167663574}, {""label"": ""v"", ""probability"": 6.663037493126467e-05}]",dataset,
dataset_sample:3494,l,i,0.6578265428543091,"[{""label"": ""i"", ""probability"": 0.6578265428543091}, {""label"": ""l"", ""probability"": 0.342128723859787}, {""label"": ""j"", ""probability"": 2.8444375857361592e-05}]",dataset,
dataset_sample:3514,l,i,0.8119633197784424,"[{""label"": ""i"", ""probability"": 0.8119633197784424}, {""label"": ""l"", ""probability"": 0.187861829996109}, {""label"": ""j"", ""probability"": 5.920247713220306e-05}]",dataset,
dataset_sample:3541,w,a,0.8902148008346558,"[{""label"": ""a"", ""probability"": 0.8902148008346558}, {""label"": ""w"", ""probability"": 0.06564334034919739}, {""label"": ""n"", ""probability"": 0.015623635612428188}]",dataset,
dataset_sample:3555,f,p,0.49323028326034546,"[{""label"": ""p"", ""probability"": 0.49323028326034546}, {""label"": ""f"", ""probability"": 0.4829632043838501}, {""label"": ""r"", ""probability"": 0.012928024865686893}]",dataset,
dataset_sample:3560,v,u,0.96478271484375,"[{""label"": ""u"", ""probability"": 0.96478271484375}, {""label"": ""l"", ""probability"": 0.014502480626106262}, {""label"": ""v"", ""probability"": 0.011831693351268768}]",dataset,
dataset_sample:3602,i,l,0.5718941688537598,"[{""label"": ""l"", ""probability"": 0.5718941688537598}, {""label"": ""i"", ""probability"": 0.4279327392578125}, {""label"": ""r"", ""probability"": 7.050402200547978e-05}]",dataset,
dataset_sample:3622,r,e,0.9970245957374573,"[{""label"": ""e"", ""probability"": 0.9970245957374573}, {""label"": ""r"", ""probability"": 0.0029369762632995844}, {""label"": ""l"", ""probability"": 2.308705370523967e-05}]",dataset,
dataset_sample:3634,l,i,0.6872701644897461,"[{""label"": ""i"", ""probability"": 0.6872701644897461}, {""label"": ""l"", ""probability"": 0.3124810457229614}, {""label"": ""j"", ""probability"": 0.0002224717609351501}]",dataset,
dataset_sample:3635,g,q,0.5733035206794739,"[{""label"": ""q"", ""probability"": 0.5733035206794739}, {""label"": ""g"", ""probability"": 0.4258529245853424}, {""label"": ""a"", ""probability"": 0.0008310003322549164}]",dataset,
dataset_sample:3636,s,e,0.7319545149803162,"[{""label"": ""e"", ""probability"": 0.7319545149803162}, {""label"": ""s"", ""probability"": 0.12470999360084534}, {""label"": ""f"", ""probability"": 0.07911740988492966}]",dataset,
dataset_sample:3639,i,l,0.6282703280448914,"[{""label"": ""l"", ""probability"": 0.6282703280448914}, {""label"": ""i"", ""probability"": 0.3716803789138794}, {""label"": ""j"", ""probability"": 2.5704908694024198e-05}]",dataset,
dataset_sample:3649,l,i,0.5575276017189026,"[{""label"": ""i"", ""probability"": 0.5575276017189026}, {""label"": ""l"", ""probability"": 0.4423496127128601}, {""label"": ""j"", ""probability"": 4.7057183110155165e-05}]",dataset,
dataset_sample:3667,u,y,0.59959477186203,"[{""label"": ""y"", ""probability"": 0.59959477186203}, {""label"": ""h"", ""probability"": 0.33400043845176697}, {""label"": ""u"", ""probability"": 0.02032569982111454}]",dataset,
dataset_sample:3672,l,i,0.5431752800941467,"[{""label"": ""i"", ""probability"": 0.5431752800941467}, {""label"": ""l"", ""probability"": 0.36673226952552795}, {""label"": ""r"", ""probability"": 0.062203824520111084}]",dataset,
dataset_sample:3688,g,q,0.823558509349823,"[{""label"": ""q"", ""probability"": 0.823558509349823}, {""label"": ""g"", ""probability"": 0.14226442575454712}, {""label"": ""a"", ""probability"": 0.033663105219602585}]",dataset,
dataset_sample:3698,y,u,0.9277684092521667,"[{""label"": ""u"", ""probability"": 0.9277684092521667}, {""label"": ""y"", ""probability"": 0.0491393581032753}, {""label"": ""g"", ""probability"": 0.007382289972156286}]",dataset,
dataset_sample:3722,f,p,0.752200186252594,"[{""label"": ""p"", ""probability"": 0.752200186252594}, {""label"": ""f"", ""probability"": 0.23911188542842865}, {""label"": ""g"", ""probability"": 0.0057054846547544}]",dataset,
dataset_sample:3727,a,q,0.8829846978187561,"[{""label"": ""q"", ""probability"": 0.8829846978187561}, {""label"": ""g"", ""probability"": 0.09249646216630936}, {""label"": ""a"", ""probability"": 0.02357710711658001}]",dataset,
dataset_sample:3733,l,i,0.6968633532524109,"[{""label"": ""i"", ""probability"": 0.6968633532524109}, {""label"": ""l"", ""probability"": 0.3029198944568634}, {""label"": ""j"", ""probability"": 0.0001203755964525044}]",dataset,
dataset_sample:3756,l,i,0.912197470664978,"[{""label"": ""i"", ""probability"": 0.912197470664978}, {""label"": ""l"", ""probability"": 0.08718056231737137}, {""label"": ""j"", ""probability"": 0.0005937574314884841}]",dataset,
dataset_sample:3776,y,r,0.9882470965385437,"[{""label"": ""r"", ""probability"": 0.9882470965385437}, {""label"": ""y"", ""probability"": 0.009769446216523647}, {""label"": ""v"", ""probability"": 0.0018479637801647186}]",dataset,
dataset_sample:3786,b,r,0.9977381229400635,"[{""label"": ""r"", ""probability"": 0.9977381229400635}, {""label"": ""b"", ""probability"": 0.002247054595500231}, {""label"": ""p"", ""probability"": 1.0565428965492174e-05}]",dataset,
dataset_sample:3805,q,g,0.7211650609970093,"[{""label"": ""g"", ""probability"": 0.7211650609970093}, {""label"": ""q"", ""probability"": 0.27882280945777893}, {""label"": ""a"", ""probability"": 1.1189574252057355e-05}]",dataset,
dataset_sample:3806,l,i,0.5119838118553162,"[{""label"": ""i"", ""probability"": 0.5119838118553162}, {""label"": ""l"", ""probability"": 0.4878960847854614}, {""label"": ""j"", ""probability"": 8.957146928878501e-05}]",dataset,
dataset_sample:3837,t,a,0.557807207107544,"[{""label"": ""a"", ""probability"": 0.557807207107544}, {""label"": ""f"", ""probability"": 0.3579450249671936}, {""label"": ""t"", ""probability"": 0.07903344929218292}]",dataset,
dataset_sample:3842,i,l,0.8619799017906189,"[{""label"": ""l"", ""probability"": 0.8619799017906189}, {""label"": ""i"", ""probability"": 0.1379990130662918}, {""label"": ""j"", ""probability"": 8.795213034318294e-06}]",dataset,
dataset_sample:3869,i,a,0.3180718421936035,"[{""label"": ""a"", ""probability"": 0.3180718421936035}, {""label"": ""i"", ""probability"": 0.28163912892341614}, {""label"": ""l"", ""probability"": 0.21278665959835052}]",dataset,
dataset_sample:3887,i,l,0.5891273021697998,"[{""label"": ""l"", ""probability"": 0.5891273021697998}, {""label"": ""i"", ""probability"": 0.4107368290424347}, {""label"": ""j"", ""probability"": 4.650102710002102e-05}]",dataset,
dataset_sample:3892,e,c,0.7501785755157471,"[{""label"": ""c"", ""probability"": 0.7501785755157471}, {""label"": ""e"", ""probability"": 0.15611892938613892}, {""label"": ""t"", ""probability"": 0.06771370768547058}]",dataset,
dataset_sample:3899,l,i,0.8801563382148743,"[{""label"": ""i"", ""probability"": 0.8801563382148743}, {""label"": ""l"", ""probability"": 0.11972099542617798}, {""label"": ""v"", ""probability"": 7.093660678947344e-05}]",dataset,
dataset_sample:3924,i,l,0.6551918983459473,"[{""label"": ""l"", ""probability"": 0.6551918983459473}, {""label"": ""i"", ""probability"": 0.34456518292427063}, {""label"": ""j"", ""probability"": 0.0001285431208088994}]",dataset,
dataset_sample:3930,o,d,0.683889627456665,"[{""label"": ""d"", ""probability"": 0.683889627456665}, {""label"": ""o"", ""probability"": 0.3160315454006195}, {""label"": ""u"", ""probability"": 2.3075099306879565e-05}]",dataset,
dataset_sample:3944,o,d,0.9699912071228027,"[{""label"": ""d"", ""probability"": 0.9699912071228027}, {""label"": ""o"", ""probability"": 0.029557622969150543}, {""label"": ""b"", ""probability"": 0.00017105000733863562}]",dataset,
dataset_sample:3971,x,m,0.597207248210907,"[{""label"": ""m"", ""probability"": 0.597207248210907}, {""label"": ""c"", ""probability"": 0.1472925841808319}, {""label"": ""k"", ""probability"": 0.078627809882164}]",dataset,
dataset_sample:4049,j,x,0.31828778982162476,"[{""label"": ""x"", ""probability"": 0.31828778982162476}, {""label"": ""t"", ""probability"": 0.2638268768787384}, {""label"": ""d"", ""probability"": 0.15498033165931702}]",dataset,
dataset_sample:4054,g,f,0.8035251498222351,"[{""label"": ""f"", ""probability"": 0.8035251498222351}, {""label"": ""p"", ""probability"": 0.12398988753557205}, {""label"": ""q"", ""probability"": 0.05188674107193947}]",dataset,
dataset_sample:4057,v,r,0.9654628038406372,"[{""label"": ""r"", ""probability"": 0.9654628038406372}, {""label"": ""v"", ""probability"": 0.034498151391744614}, {""label"": ""y"", ""probability"": 2.7585258067119867e-05}]",dataset,
dataset_sample:4058,i,l,0.6623845100402832,"[{""label"": ""l"", ""probability"": 0.6623845100402832}, {""label"": ""i"", ""probability"": 0.3376038372516632}, {""label"": ""j"", ""probability"": 5.1943843573099e-06}]",dataset,
dataset_sample:4059,r,v,0.5511612296104431,"[{""label"": ""v"", ""probability"": 0.5511612296104431}, {""label"": ""r"", ""probability"": 0.44803404808044434}, {""label"": ""y"", ""probability"": 0.0004968612920492887}]",dataset,
dataset_sample:4064,l,i,0.6325591206550598,"[{""label"": ""i"", ""probability"": 0.6325591206550598}, {""label"": ""l"", ""probability"": 0.3673290014266968}, {""label"": ""v"", ""probability"": 4.165148129686713e-05}]",dataset,
dataset_sample:4089,r,v,0.903278648853302,"[{""label"": ""v"", ""probability"": 0.903278648853302}, {""label"": ""r"", ""probability"": 0.09602373838424683}, {""label"": ""y"", ""probability"": 0.0006171296117827296}]",dataset,
dataset_sample:4099,u,w,0.6941443681716919,"[{""label"": ""w"", ""probability"": 0.6941443681716919}, {""label"": ""u"", ""probability"": 0.30021771788597107}, {""label"": ""v"", ""probability"": 0.002451756037771702}]",dataset,
dataset_sample:4119,l,i,0.5568890571594238,"[{""label"": ""i"", ""probability"": 0.5568890571594238}, {""label"": ""l"", ""probability"": 0.44307658076286316}, {""label"": ""j"", ""probability"": 1.1816528967756312e-05}]",dataset,
dataset_sample:4127,n,h,0.9843724966049194,"[{""label"": ""h"", ""probability"": 0.9843724966049194}, {""label"": ""n"", ""probability"": 0.012533146888017654}, {""label"": ""k"", ""probability"": 0.001527754357084632}]",dataset,
dataset_sample:4142,v,u,0.7720041871070862,"[{""label"": ""u"", ""probability"": 0.7720041871070862}, {""label"": ""v"", ""probability"": 0.22485226392745972}, {""label"": ""j"", ""probability"": 0.0014045677380636334}]",dataset,
dataset_sample:4153,u,v,0.49523410201072693,"[{""label"": ""v"", ""probability"": 0.49523410201072693}, {""label"": ""y"", ""probability"": 0.322116881608963}, {""label"": ""u"", ""probability"": 0.18007336556911469}]",dataset,
dataset_sample:4192,l,i,0.6857923865318298,"[{""label"": ""i"", ""probability"": 0.6857923865318298}, {""label"": ""l"", ""probability"": 0.3141835033893585}, {""label"": ""v"", ""probability"": 1.2575736036524177e-05}]",dataset,
dataset_sample:4233,h,b,0.46091294288635254,"[{""label"": ""b"", ""probability"": 0.46091294288635254}, {""label"": ""d"", ""probability"": 0.2852935791015625}, {""label"": ""z"", ""probability"": 0.07203184813261032}]",dataset,
dataset_sample:4270,c,l,0.6413494944572449,"[{""label"": ""l"", ""probability"": 0.6413494944572449}, {""label"": ""c"", ""probability"": 0.2672143578529358}, {""label"": ""e"", ""probability"": 0.0855851024389267}]",dataset,
dataset_sample:4272,q,g,0.5772143006324768,"[{""label"": ""g"", ""probability"": 0.5772143006324768}, {""label"": ""q"", ""probability"": 0.42230626940727234}, {""label"": ""a"", ""probability"": 0.00035640536225400865}]",dataset,
dataset_sample:4273,d,o,0.7295871376991272,"[{""label"": ""o"", ""probability"": 0.7295871376991272}, {""label"": ""d"", ""probability"": 0.2697312533855438}, {""label"": ""p"", ""probability"": 0.00019898331083822995}]",dataset,
dataset_sample:4285,d,n,0.8539669513702393,"[{""label"": ""n"", ""probability"": 0.8539669513702393}, {""label"": ""d"", ""probability"": 0.10772667080163956}, {""label"": ""p"", ""probability"": 0.022231431677937508}]",dataset,
dataset_sample:4303,q,g,0.9795746207237244,"[{""label"": ""g"", ""probability"": 0.9795746207237244}, {""label"": ""q"", ""probability"": 0.020030593499541283}, {""label"": ""e"", ""probability"": 0.00018438752158544958}]",dataset,
dataset_sample:4319,l,i,0.7779409885406494,"[{""label"": ""i"", ""probability"": 0.7779409885406494}, {""label"": ""l"", ""probability"": 0.2218937873840332}, {""label"": ""v"", ""probability"": 5.22344016644638e-05}]",dataset,
dataset_sample:4321,j,l,0.8428045511245728,"[{""label"": ""l"", ""probability"": 0.8428045511245728}, {""label"": ""i"", ""probability"": 0.1355014145374298}, {""label"": ""j"", ""probability"": 0.02153184451162815}]",dataset,
dataset_sample:4353,l,i,0.7104268670082092,"[{""label"": ""i"", ""probability"": 0.7104268670082092}, {""label"": ""l"", ""probability"": 0.28931352496147156}, {""label"": ""j"", ""probability"": 0.00024812499759718776}]",dataset,
dataset_sample:4388,v,f,0.46287772059440613,"[{""label"": ""f"", ""probability"": 0.46287772059440613}, {""label"": ""t"", ""probability"": 0.29853421449661255}, {""label"": ""a"", ""probability"": 0.12579822540283203}]",dataset,
dataset_sample:4432,e,g,0.8246224522590637,"[{""label"": ""g"", ""probability"": 0.8246224522590637}, {""label"": ""e"", ""probability"": 0.14500486850738525}, {""label"": ""f"", ""probability"": 0.02819550596177578}]",dataset,
dataset_sample:4444,o,g,0.7509339451789856,"[{""label"": ""g"", ""probability"": 0.7509339451789856}, {""label"": ""b"", ""probability"": 0.2002781629562378}, {""label"": ""o"", ""probability"": 0.04689326137304306}]",dataset,
dataset_sample:4461,i,l,0.6597466468811035,"[{""label"": ""l"", ""probability"": 0.6597466468811035}, {""label"": ""i"", ""probability"": 0.3399547040462494}, {""label"": ""j"", ""probability"": 0.00015530957898590714}]",dataset,
dataset_sample:4467,h,u,0.976292610168457,"[{""label"": ""u"", ""probability"": 0.976292610168457}, {""label"": ""h"", ""probability"": 0.021400902420282364}, {""label"": ""w"", ""probability"": 0.0017123873112723231}]",dataset,
dataset_sample:4471,u,v,0.9910036325454712,"[{""label"": ""v"", ""probability"": 0.9910036325454712}, {""label"": ""u"", ""probability"": 0.008269928395748138}, {""label"": ""y"", ""probability"": 0.0006724186823703349}]",dataset,
dataset_sample:4482,q,g,0.9503330588340759,"[{""label"": ""g"", ""probability"": 0.9503330588340759}, {""label"": ""q"", ""probability"": 0.04819979518651962}, {""label"": ""s"", ""probability"": 0.001313008600845933}]",dataset,
dataset_sample:4519,n,h,0.8719407320022583,"[{""label"": ""h"", ""probability"": 0.8719407320022583}, {""label"": ""n"", ""probability"": 0.12606751918792725}, {""label"": ""r"", ""probability"": 0.0008974609081633389}]",dataset,
dataset_sample:4522,i,l,0.6354377269744873,"[{""label"": ""l"", ""probability"": 0.6354377269744873}, {""label"": ""c"", ""probability"": 0.1692419797182083}, {""label"": ""u"", ""probability"": 0.13249146938323975}]",dataset,
dataset_sample:4534,i,l,0.8225293159484863,"[{""label"": ""l"", ""probability"": 0.8225293159484863}, {""label"": ""i"", ""probability"": 0.17713093757629395}, {""label"": ""v"", ""probability"": 8.935488585848361e-05}]",dataset,
dataset_sample:4535,u,v,0.7460137009620667,"[{""label"": ""v"", ""probability"": 0.7460137009620667}, {""label"": ""u"", ""probability"": 0.2536267638206482}, {""label"": ""y"", ""probability"": 0.00027543987380340695}]",dataset,
dataset_sample:4573,r,v,0.8356767892837524,"[{""label"": ""v"", ""probability"": 0.8356767892837524}, {""label"": ""r"", ""probability"": 0.15387815237045288}, {""label"": ""y"", ""probability"": 0.01021044235676527}]",dataset,
dataset_sample:4606,h,k,0.5226547718048096,"[{""label"": ""k"", ""probability"": 0.5226547718048096}, {""label"": ""h"", ""probability"": 0.4764661192893982}, {""label"": ""t"", ""probability"": 0.00046031613601371646}]",dataset,
dataset_sample:4660,i,l,0.6758548617362976,"[{""label"": ""l"", ""probability"": 0.6758548617362976}, {""label"": ""i"", ""probability"": 0.32412534952163696}, {""label"": ""v"", ""probability"": 5.36152174390736e-06}]",dataset,
dataset_sample:4668,g,q,0.7149136662483215,"[{""label"": ""q"", ""probability"": 0.7149136662483215}, {""label"": ""g"", ""probability"": 0.28502678871154785}, {""label"": ""a"", ""probability"": 5.213094482314773e-05}]",dataset,
dataset_sample:4713,q,g,0.6515503525733948,"[{""label"": ""g"", ""probability"": 0.6515503525733948}, {""label"": ""q"", ""probability"": 0.34672418236732483}, {""label"": ""a"", ""probability"": 0.0016863223863765597}]",dataset,
dataset_sample:4757,w,m,0.9841625690460205,"[{""label"": ""m"", ""probability"": 0.9841625690460205}, {""label"": ""w"", ""probability"": 0.015424246899783611}, {""label"": ""u"", ""probability"": 0.00037375459214672446}]",dataset,
dataset_sample:4779,g,q,0.8579390645027161,"[{""label"": ""q"", ""probability"": 0.8579390645027161}, {""label"": ""g"", ""probability"": 0.1417781561613083}, {""label"": ""a"", ""probability"": 0.00023107623565010726}]",dataset,
dataset_sample:4805,k,t,0.8306737542152405,"[{""label"": ""t"", ""probability"": 0.8306737542152405}, {""label"": ""f"", ""probability"": 0.1088913157582283}, {""label"": ""l"", ""probability"": 0.017743835225701332}]",dataset,
dataset_sample:4837,v,u,0.7372686862945557,"[{""label"": ""u"", ""probability"": 0.7372686862945557}, {""label"": ""v"", ""probability"": 0.26235154271125793}, {""label"": ""w"", ""probability"": 0.0003112314734607935}]",dataset,
dataset_sample:4883,i,l,0.20212382078170776,"[{""label"": ""l"", ""probability"": 0.20212382078170776}, {""label"": ""e"", ""probability"": 0.2020087093114853}, {""label"": ""i"", ""probability"": 0.1275368332862854}]",dataset,
dataset_sample:4891,u,j,0.989060640335083,"[{""label"": ""j"", ""probability"": 0.989060640335083}, {""label"": ""u"", ""probability"": 0.007373010274022818}, {""label"": ""v"", ""probability"": 0.002415571827441454}]",dataset,
dataset_sample:4918,l,i,0.5363374352455139,"[{""label"": ""i"", ""probability"": 0.5363374352455139}, {""label"": ""l"", ""probability"": 0.4635601341724396}, {""label"": ""v"", ""probability"": 4.586425711750053e-05}]",dataset,
dataset_sample:4927,t,y,0.9842857718467712,"[{""label"": ""y"", ""probability"": 0.9842857718467712}, {""label"": ""x"", ""probability"": 0.014348600059747696}, {""label"": ""v"", ""probability"": 0.0006848699995316565}]",dataset,
dataset_sample:4955,i,l,0.5157532691955566,"[{""label"": ""l"", ""probability"": 0.5157532691955566}, {""label"": ""i"", ""probability"": 0.48418501019477844}, {""label"": ""j"", ""probability"": 4.850240657106042e-05}]",dataset,
dataset_sample:4986,q,g,0.86776202917099,"[{""label"": ""g"", ""probability"": 0.86776202917099}, {""label"": ""q"", ""probability"": 0.13223332166671753}, {""label"": ""e"", ""probability"": 2.4159180611604825e-06}]",dataset,
dataset_sample:4993,t,f,0.532175600528717,"[{""label"": ""f"", ""probability"": 0.532175600528717}, {""label"": ""t"", ""probability"": 0.4494093656539917}, {""label"": ""k"", ""probability"": 0.005643987096846104}]",dataset,
dataset_sample:5026,q,g,0.862919807434082,"[{""label"": ""g"", ""probability"": 0.862919807434082}, {""label"": ""q"", ""probability"": 0.13684901595115662}, {""label"": ""p"", ""probability"": 7.315958646358922e-05}]",dataset,
dataset_sample:5035,n,h,0.9969006776809692,"[{""label"": ""h"", ""probability"": 0.9969006776809692}, {""label"": ""n"", ""probability"": 0.0015550019452348351}, {""label"": ""a"", ""probability"": 0.0008204734767787158}]",dataset,
dataset_sample:5036,u,a,0.9167120456695557,"[{""label"": ""a"", ""probability"": 0.9167120456695557}, {""label"": ""u"", ""probability"": 0.053879592567682266}, {""label"": ""w"", ""probability"": 0.010543093085289001}]",dataset,
dataset_sample:5043,i,l,0.6001836657524109,"[{""label"": ""l"", ""probability"": 0.6001836657524109}, {""label"": ""i"", ""probability"": 0.39972561597824097}, {""label"": ""j"", ""probability"": 5.282295751385391e-05}]",dataset,
dataset_sample:5056,f,p,0.992902934551239,"[{""label"": ""p"", ""probability"": 0.992902934551239}, {""label"": ""f"", ""probability"": 0.006970261689275503}, {""label"": ""q"", ""probability"": 8.594545215601102e-05}]",dataset,
dataset_sample:5061,i,l,0.7480146288871765,"[{""label"": ""l"", ""probability"": 0.7480146288871765}, {""label"": ""i"", ""probability"": 0.24919679760932922}, {""label"": ""j"", ""probability"": 0.002344457432627678}]",dataset,
dataset_sample:5066,l,i,0.880031943321228,"[{""label"": ""i"", ""probability"": 0.880031943321228}, {""label"": ""l"", ""probability"": 0.11973129957914352}, {""label"": ""j"", ""probability"": 0.00016525764658581465}]",dataset,
dataset_sample:5069,m,h,0.6176037788391113,"[{""label"": ""h"", ""probability"": 0.6176037788391113}, {""label"": ""m"", ""probability"": 0.3282448649406433}, {""label"": ""w"", ""probability"": 0.04021300747990608}]",dataset,
dataset_sample:5110,r,y,0.5233364701271057,"[{""label"": ""y"", ""probability"": 0.5233364701271057}, {""label"": ""v"", ""probability"": 0.4639270603656769}, {""label"": ""r"", ""probability"": 0.012220464646816254}]",dataset,
dataset_sample:5116,i,l,0.7460383772850037,"[{""label"": ""l"", ""probability"": 0.7460383772850037}, {""label"": ""i"", ""probability"": 0.25388017296791077}, {""label"": ""j"", ""probability"": 1.8219760022475384e-05}]",dataset,
dataset_sample:5128,x,l,0.2609289884567261,"[{""label"": ""l"", ""probability"": 0.2609289884567261}, {""label"": ""d"", ""probability"": 0.23025494813919067}, {""label"": ""x"", ""probability"": 0.20343168079853058}]",dataset,
dataset_sample:5133,i,l,0.5667080879211426,"[{""label"": ""l"", ""probability"": 0.5667080879211426}, {""label"": ""i"", ""probability"": 0.43313413858413696}, {""label"": ""j"", ""probability"": 0.00013370663509704173}]",dataset,
dataset_sample:5144,n,r,0.9997195601463318,"[{""label"": ""r"", ""probability"": 0.9997195601463318}, {""label"": ""n"", ""probability"": 0.00020934513304382563}, {""label"": ""c"", ""probability"": 5.341460564523004e-05}]",dataset,
dataset_sample:5194,l,i,0.7703008651733398,"[{""label"": ""i"", ""probability"": 0.7703008651733398}, {""label"": ""l"", ""probability"": 0.2289147675037384}, {""label"": ""j"", ""probability"": 0.0007605548016726971}]",dataset,
dataset_sample:5201,l,i,0.721096932888031,"[{""label"": ""i"", ""probability"": 0.721096932888031}, {""label"": ""l"", ""probability"": 0.2788615822792053}, {""label"": ""j"", ""probability"": 3.388630648260005e-05}]",dataset,
dataset_sample:5221,j,i,0.5713779926300049,"[{""label"": ""i"", ""probability"": 0.5713779926300049}, {""label"": ""j"", ""probability"": 0.4280537962913513}, {""label"": ""l"", ""probability"": 0.0004982860409654677}]",dataset,
dataset_sample:5227,o,a,0.4856341779232025,"[{""label"": ""a"", ""probability"": 0.4856341779232025}, {""label"": ""o"", ""probability"": 0.30327144265174866}, {""label"": ""c"", ""probability"": 0.1725846230983734}]",dataset,
dataset_sample:5284,q,g,0.5862179398536682,"[{""label"": ""g"", ""probability"": 0.5862179398536682}, {""label"": ""q"", ""probability"": 0.41358664631843567}, {""label"": ""y"", ""probability"": 0.00015960054588504136}]",dataset,
dataset_sample:5292,j,i,0.768385112285614,"[{""label"": ""i"", ""probability"": 0.768385112285614}, {""label"": ""j"", ""probability"": 0.163341224193573}, {""label"": ""l"", ""probability"": 0.06751170009374619}]",dataset,
dataset_sample:5303,l,i,0.6768594980239868,"[{""label"": ""i"", ""probability"": 0.6768594980239868}, {""label"": ""l"", ""probability"": 0.32311752438545227}, {""label"": ""j"", ""probability"": 1.4452595678449143e-05}]",dataset,
dataset_sample:5316,l,i,0.7590697407722473,"[{""label"": ""i"", ""probability"": 0.7590697407722473}, {""label"": ""l"", ""probability"": 0.24070894718170166}, {""label"": ""j"", ""probability"": 0.0001789823145372793}]",dataset,
dataset_sample:5348,h,m,0.5632362961769104,"[{""label"": ""m"", ""probability"": 0.5632362961769104}, {""label"": ""h"", ""probability"": 0.33533984422683716}, {""label"": ""n"", ""probability"": 0.07592450827360153}]",dataset,
dataset_sample:5358,l,i,0.6796063780784607,"[{""label"": ""i"", ""probability"": 0.6796063780784607}, {""label"": ""l"", ""probability"": 0.32018908858299255}, {""label"": ""j"", ""probability"": 0.0001305805635638535}]",dataset,
dataset_sample:5360,h,b,0.9363929629325867,"[{""label"": ""b"", ""probability"": 0.9363929629325867}, {""label"": ""l"", ""probability"": 0.032844509929418564}, {""label"": ""h"", ""probability"": 0.02902870997786522}]",dataset,
dataset_sample:5365,r,t,0.9979447722434998,"[{""label"": ""t"", ""probability"": 0.9979447722434998}, {""label"": ""f"", ""probability"": 0.0008423294057138264}, {""label"": ""i"", ""probability"": 0.0007699606940150261}]",dataset,
dataset_sample:5367,l,i,0.6579196453094482,"[{""label"": ""i"", ""probability"": 0.6579196453094482}, {""label"": ""l"", ""probability"": 0.34199902415275574}, {""label"": ""j"", ""probability"": 3.362827919772826e-05}]",dataset,
dataset_sample:5375,q,g,0.579712450504303,"[{""label"": ""g"", ""probability"": 0.579712450504303}, {""label"": ""q"", ""probability"": 0.42023739218711853}, {""label"": ""y"", ""probability"": 3.0682065698783845e-05}]",dataset,
dataset_sample:5376,r,y,0.6237088441848755,"[{""label"": ""y"", ""probability"": 0.6237088441848755}, {""label"": ""r"", ""probability"": 0.3402837812900543}, {""label"": ""v"", ""probability"": 0.03531326726078987}]",dataset,
dataset_sample:5380,g,q,0.8017845749855042,"[{""label"": ""q"", ""probability"": 0.8017845749855042}, {""label"": ""g"", ""probability"": 0.19820140302181244}, {""label"": ""a"", ""probability"": 1.0610553545120638e-05}]",dataset,
dataset_sample:5410,c,e,0.9589242339134216,"[{""label"": ""e"", ""probability"": 0.9589242339134216}, {""label"": ""c"", ""probability"": 0.04090898856520653}, {""label"": ""g"", ""probability"": 5.123004302731715e-05}]",dataset,
dataset_sample:5423,s,b,0.9959602952003479,"[{""label"": ""b"", ""probability"": 0.9959602952003479}, {""label"": ""g"", ""probability"": 0.002143456134945154}, {""label"": ""s"", ""probability"": 0.001298630959354341}]",dataset,
dataset_sample:5432,n,d,0.7245973944664001,"[{""label"": ""d"", ""probability"": 0.7245973944664001}, {""label"": ""n"", ""probability"": 0.09378327429294586}, {""label"": ""a"", ""probability"": 0.07377492636442184}]",dataset,
dataset_sample:5446,q,g,0.5776389241218567,"[{""label"": ""g"", ""probability"": 0.5776389241218567}, {""label"": ""q"", ""probability"": 0.4202621579170227}, {""label"": ""a"", ""probability"": 0.002012520330026746}]",dataset,
dataset_sample:5453,l,i,0.5356718301773071,"[{""label"": ""i"", ""probability"": 0.5356718301773071}, {""label"": ""l"", ""probability"": 0.4642254710197449}, {""label"": ""v"", ""probability"": 3.9809376175981015e-05}]",dataset,
dataset_sample:5478,i,l,0.677444577217102,"[{""label"": ""l"", ""probability"": 0.677444577217102}, {""label"": ""i"", ""probability"": 0.32235023379325867}, {""label"": ""j"", ""probability"": 0.00010039076732937247}]",dataset,
dataset_sample:5479,j,v,0.8780703544616699,"[{""label"": ""v"", ""probability"": 0.8780703544616699}, {""label"": ""j"", ""probability"": 0.10210563242435455}, {""label"": ""u"", ""probability"": 0.008699050173163414}]",dataset,
dataset_sample:5514,p,n,0.726699709892273,"[{""label"": ""n"", ""probability"": 0.726699709892273}, {""label"": ""d"", ""probability"": 0.1363353580236435}, {""label"": ""p"", ""probability"": 0.06353332847356796}]",dataset,
dataset_sample:5534,q,g,0.823600172996521,"[{""label"": ""g"", ""probability"": 0.823600172996521}, {""label"": ""q"", ""probability"": 0.1763734519481659}, {""label"": ""y"", ""probability"": 2.364715692237951e-05}]",dataset,
dataset_sample:5548,u,v,0.7680341601371765,"[{""label"": ""v"", ""probability"": 0.7680341601371765}, {""label"": ""u"", ""probability"": 0.23182272911071777}, {""label"": ""j"", ""probability"": 0.00010053352161776274}]",dataset,
dataset_sample:5574,j,t,0.6918004751205444,"[{""label"": ""t"", ""probability"": 0.6918004751205444}, {""label"": ""j"", ""probability"": 0.26361384987831116}, {""label"": ""f"", ""probability"": 0.036222487688064575}]",dataset,
dataset_sample:5589,q,g,0.505166232585907,"[{""label"": ""g"", ""probability"": 0.505166232585907}, {""label"": ""q"", ""probability"": 0.4874374270439148}, {""label"": ""a"", ""probability"": 0.007272090297192335}]",dataset,
dataset_sample:5627,f,t,0.9857684969902039,"[{""label"": ""t"", ""probability"": 0.9857684969902039}, {""label"": ""f"", ""probability"": 0.01406710036098957}, {""label"": ""i"", ""probability"": 6.072494215914048e-05}]",dataset,
dataset_sample:5630,x,q,0.9800288677215576,"[{""label"": ""q"", ""probability"": 0.9800288677215576}, {""label"": ""g"", ""probability"": 0.018992720171809196}, {""label"": ""y"", ""probability"": 0.0006355679361149669}]",dataset,
dataset_sample:5646,i,l,0.5849285125732422,"[{""label"": ""l"", ""probability"": 0.5849285125732422}, {""label"": ""i"", ""probability"": 0.415002703666687}, {""label"": ""v"", ""probability"": 3.80682286049705e-05}]",dataset,
dataset_sample:5664,i,l,0.697166919708252,"[{""label"": ""l"", ""probability"": 0.697166919708252}, {""label"": ""i"", ""probability"": 0.30278638005256653}, {""label"": ""v"", ""probability"": 1.8558846932137385e-05}]",dataset,
dataset_sample:5669,g,q,0.9933022260665894,"[{""label"": ""q"", ""probability"": 0.9933022260665894}, {""label"": ""g"", ""probability"": 0.004417769145220518}, {""label"": ""a"", ""probability"": 0.002249045530334115}]",dataset,
dataset_sample:5705,g,q,0.8735430836677551,"[{""label"": ""q"", ""probability"": 0.8735430836677551}, {""label"": ""g"", ""probability"": 0.12641187012195587}, {""label"": ""a"", ""probability"": 3.535412542987615e-05}]",dataset,
dataset_sample:5748,g,e,0.9555355310440063,"[{""label"": ""e"", ""probability"": 0.9555355310440063}, {""label"": ""z"", ""probability"": 0.03430935740470886}, {""label"": ""s"", ""probability"": 0.009057199582457542}]",dataset,
dataset_sample:5766,l,i,0.8619850873947144,"[{""label"": ""i"", ""probability"": 0.8619850873947144}, {""label"": ""l"", ""probability"": 0.13784600794315338}, {""label"": ""j"", ""probability"": 0.00016250098997261375}]",dataset,
dataset_sample:5779,l,i,0.641762375831604,"[{""label"": ""i"", ""probability"": 0.641762375831604}, {""label"": ""l"", ""probability"": 0.3471556603908539}, {""label"": ""t"", ""probability"": 0.004847932141274214}]",dataset,
dataset_sample:5866,b,h,0.6426706910133362,"[{""label"": ""h"", ""probability"": 0.6426706910133362}, {""label"": ""b"", ""probability"": 0.354483962059021}, {""label"": ""l"", ""probability"": 0.002469066297635436}]",dataset,
dataset_sample:5875,j,i,0.6274393796920776,"[{""label"": ""i"", ""probability"": 0.6274393796920776}, {""label"": ""l"", ""probability"": 0.1909698247909546}, {""label"": ""j"", ""probability"": 0.08563299477100372}]",dataset,
dataset_sample:5878,m,n,0.5097993612289429,"[{""label"": ""n"", ""probability"": 0.5097993612289429}, {""label"": ""m"", ""probability"": 0.43561282753944397}, {""label"": ""a"", ""probability"": 0.053706735372543335}]",dataset,
dataset_sample:5889,l,i,0.7456060647964478,"[{""label"": ""i"", ""probability"": 0.7456060647964478}, {""label"": ""l"", ""probability"": 0.25430428981781006}, {""label"": ""j"", ""probability"": 4.018201070721261e-05}]",dataset,
dataset_sample:5907,l,i,0.8618605732917786,"[{""label"": ""i"", ""probability"": 0.8618605732917786}, {""label"": ""l"", ""probability"": 0.13695289194583893}, {""label"": ""r"", ""probability"": 0.0005581869627349079}]",dataset,
dataset_sample:5916,q,g,0.6043604612350464,"[{""label"": ""g"", ""probability"": 0.6043604612350464}, {""label"": ""q"", ""probability"": 0.39560386538505554}, {""label"": ""y"", ""probability"": 3.4026797948172316e-05}]",dataset,
dataset_sample:5923,b,p,0.9410216808319092,"[{""label"": ""p"", ""probability"": 0.9410216808319092}, {""label"": ""b"", ""probability"": 0.058031581342220306}, {""label"": ""f"", ""probability"": 0.000734100176487118}]",dataset,
dataset_sample:5961,i,l,0.5594761967658997,"[{""label"": ""l"", ""probability"": 0.5594761967658997}, {""label"": ""i"", ""probability"": 0.44045403599739075}, {""label"": ""v"", ""probability"": 4.6430268412223086e-05}]",dataset,
dataset_sample:6008,r,a,0.48864126205444336,"[{""label"": ""a"", ""probability"": 0.48864126205444336}, {""label"": ""b"", ""probability"": 0.20374248921871185}, {""label"": ""r"", ""probability"": 0.163138747215271}]",dataset,
dataset_sample:6014,h,l,0.9135627150535583,"[{""label"": ""l"", ""probability"": 0.9135627150535583}, {""label"": ""h"", ""probability"": 0.07618316262960434}, {""label"": ""k"", ""probability"": 0.0048372745513916016}]",dataset,
dataset_sample:6051,j,y,0.4928206503391266,"[{""label"": ""y"", ""probability"": 0.4928206503391266}, {""label"": ""j"", ""probability"": 0.2658163011074066}, {""label"": ""t"", ""probability"": 0.23366789519786835}]",dataset,
dataset_sample:6056,j,t,0.7185847163200378,"[{""label"": ""t"", ""probability"": 0.7185847163200378}, {""label"": ""f"", ""probability"": 0.14022131264209747}, {""label"": ""j"", ""probability"": 0.05538429319858551}]",dataset,
dataset_sample:6071,l,i,0.6797454357147217,"[{""label"": ""i"", ""probability"": 0.6797454357147217}, {""label"": ""l"", ""probability"": 0.3199957013130188}, {""label"": ""j"", ""probability"": 0.0001607686426723376}]",dataset,
dataset_sample:6076,x,k,0.9280867576599121,"[{""label"": ""k"", ""probability"": 0.9280867576599121}, {""label"": ""x"", ""probability"": 0.0704227015376091}, {""label"": ""l"", ""probability"": 0.0005162684246897697}]",dataset,
dataset_sample:6080,g,j,0.3277272582054138,"[{""label"": ""j"", ""probability"": 0.3277272582054138}, {""label"": ""f"", ""probability"": 0.26479780673980713}, {""label"": ""s"", ""probability"": 0.12227175384759903}]",dataset,
dataset_sample:6097,c,e,0.7635902762413025,"[{""label"": ""e"", ""probability"": 0.7635902762413025}, {""label"": ""c"", ""probability"": 0.19997337460517883}, {""label"": ""g"", ""probability"": 0.02379990741610527}]",dataset,
dataset_sample:6102,y,g,0.866435170173645,"[{""label"": ""g"", ""probability"": 0.866435170173645}, {""label"": ""c"", ""probability"": 0.09374923259019852}, {""label"": ""a"", ""probability"": 0.025003064423799515}]",dataset,
dataset_sample:6115,g,q,0.5592377185821533,"[{""label"": ""q"", ""probability"": 0.5592377185821533}, {""label"": ""a"", ""probability"": 0.3592858910560608}, {""label"": ""g"", ""probability"": 0.03951822966337204}]",dataset,
dataset_sample:6131,v,u,0.821094274520874,"[{""label"": ""u"", ""probability"": 0.821094274520874}, {""label"": ""v"", ""probability"": 0.1782044917345047}, {""label"": ""j"", ""probability"": 0.0004215978551656008}]",dataset,
dataset_sample:6137,i,l,0.7549533843994141,"[{""label"": ""l"", ""probability"": 0.7549533843994141}, {""label"": ""i"", ""probability"": 0.24498486518859863}, {""label"": ""j"", ""probability"": 3.6045927117811516e-05}]",dataset,
dataset_sample:6150,i,l,0.6849071383476257,"[{""label"": ""l"", ""probability"": 0.6849071383476257}, {""label"": ""i"", ""probability"": 0.3148815333843231}, {""label"": ""v"", ""probability"": 9.580062760505825e-05}]",dataset,
dataset_sample:6165,i,l,0.7234917879104614,"[{""label"": ""l"", ""probability"": 0.7234917879104614}, {""label"": ""i"", ""probability"": 0.27645865082740784}, {""label"": ""j"", ""probability"": 2.446725011395756e-05}]",dataset,
dataset_sample:6169,i,l,0.5120894908905029,"[{""label"": ""l"", ""probability"": 0.5120894908905029}, {""label"": ""i"", ""probability"": 0.48786789178848267}, {""label"": ""j"", ""probability"": 2.6639077987056226e-05}]",dataset,
dataset_sample:6176,w,u,0.9954423904418945,"[{""label"": ""u"", ""probability"": 0.9954423904418945}, {""label"": ""v"", ""probability"": 0.004011087119579315}, {""label"": ""j"", ""probability"": 0.0004691424546763301}]",dataset,
dataset_sample:6187,g,q,0.7667766213417053,"[{""label"": ""q"", ""probability"": 0.7667766213417053}, {""label"": ""g"", ""probability"": 0.2292662113904953}, {""label"": ""y"", ""probability"": 0.0031631903257220984}]",dataset,
dataset_sample:6207,j,l,0.7293522953987122,"[{""label"": ""l"", ""probability"": 0.7293522953987122}, {""label"": ""i"", ""probability"": 0.2659817039966583}, {""label"": ""j"", ""probability"": 0.004604298621416092}]",dataset,
dataset_sample:6245,i,l,0.9096879363059998,"[{""label"": ""l"", ""probability"": 0.9096879363059998}, {""label"": ""i"", ""probability"": 0.08957122266292572}, {""label"": ""j"", ""probability"": 0.0007205215515568852}]",dataset,
dataset_sample:6267,g,c,0.9614651799201965,"[{""label"": ""c"", ""probability"": 0.9614651799201965}, {""label"": ""g"", ""probability"": 0.03819851577281952}, {""label"": ""a"", ""probability"": 0.00029372217250056565}]",dataset,
dataset_sample:6271,i,l,0.5636044144630432,"[{""label"": ""l"", ""probability"": 0.5636044144630432}, {""label"": ""i"", ""probability"": 0.43632978200912476}, {""label"": ""v"", ""probability"": 2.0807055989280343e-05}]",dataset,
dataset_sample:6310,i,f,0.9996472597122192,"[{""label"": ""f"", ""probability"": 0.9996472597122192}, {""label"": ""t"", ""probability"": 0.00015858410915825516}, {""label"": ""e"", ""probability"": 0.00010987857967847958}]",dataset,
dataset_sample:6323,i,l,0.7409286499023438,"[{""label"": ""l"", ""probability"": 0.7409286499023438}, {""label"": ""i"", ""probability"": 0.25900551676750183}, {""label"": ""j"", ""probability"": 3.080572059843689e-05}]",dataset,
dataset_sample:6332,p,l,0.6538867354393005,"[{""label"": ""l"", ""probability"": 0.6538867354393005}, {""label"": ""p"", ""probability"": 0.2501477301120758}, {""label"": ""i"", ""probability"": 0.08840115368366241}]",dataset,
dataset_sample:6360,l,i,0.8998287916183472,"[{""label"": ""i"", ""probability"": 0.8998287916183472}, {""label"": ""l"", ""probability"": 0.10002512484788895}, {""label"": ""j"", ""probability"": 0.00010175722854910418}]",dataset,
dataset_sample:6371,l,i,0.823531985282898,"[{""label"": ""i"", ""probability"": 0.823531985282898}, {""label"": ""l"", ""probability"": 0.17637492716312408}, {""label"": ""j"", ""probability"": 7.616505172336474e-05}]",dataset,
dataset_sample:6414,u,v,0.8064042925834656,"[{""label"": ""v"", ""probability"": 0.8064042925834656}, {""label"": ""u"", ""probability"": 0.19306445121765137}, {""label"": ""w"", ""probability"": 0.000339330465067178}]",dataset,
dataset_sample:6449,i,l,0.739974856376648,"[{""label"": ""l"", ""probability"": 0.739974856376648}, {""label"": ""i"", ""probability"": 0.2598973214626312}, {""label"": ""j"", ""probability"": 5.47402014490217e-05}]",dataset,
dataset_sample:6467,q,g,0.5301867723464966,"[{""label"": ""g"", ""probability"": 0.5301867723464966}, {""label"": ""a"", ""probability"": 0.32186368107795715}, {""label"": ""q"", ""probability"": 0.14718864858150482}]",dataset,
dataset_sample:6469,u,j,0.7609362006187439,"[{""label"": ""j"", ""probability"": 0.7609362006187439}, {""label"": ""u"", ""probability"": 0.15837128460407257}, {""label"": ""v"", ""probability"": 0.07901526987552643}]",dataset,
dataset_sample:6483,x,y,0.8892373442649841,"[{""label"": ""y"", ""probability"": 0.8892373442649841}, {""label"": ""x"", ""probability"": 0.11017249524593353}, {""label"": ""k"", ""probability"": 0.0005422279937192798}]",dataset,
dataset_sample:6520,i,l,0.8373174667358398,"[{""label"": ""l"", ""probability"": 0.8373174667358398}, {""label"": ""i"", ""probability"": 0.162533238530159}, {""label"": ""j"", ""probability"": 0.00011435944179538637}]",dataset,
dataset_sample:6561,l,c,0.7470375299453735,"[{""label"": ""c"", ""probability"": 0.7470375299453735}, {""label"": ""l"", ""probability"": 0.2522686719894409}, {""label"": ""e"", ""probability"": 0.00029971139156259596}]",dataset,
dataset_sample:6570,x,y,0.9998726844787598,"[{""label"": ""y"", ""probability"": 0.9998726844787598}, {""label"": ""x"", ""probability"": 7.931973232189193e-05}, {""label"": ""v"", ""probability"": 3.2852491131052375e-05}]",dataset,
dataset_sample:6571,n,m,0.9969385862350464,"[{""label"": ""m"", ""probability"": 0.9969385862350464}, {""label"": ""n"", ""probability"": 0.0029990500770509243}, {""label"": ""a"", ""probability"": 4.995073322788812e-05}]",dataset,
dataset_sample:6592,l,i,0.6386573314666748,"[{""label"": ""i"", ""probability"": 0.6386573314666748}, {""label"": ""l"", ""probability"": 0.3612142503261566}, {""label"": ""r"", ""probability"": 5.146664989297278e-05}]",dataset,
dataset_sample:6596,j,i,0.7222859859466553,"[{""label"": ""i"", ""probability"": 0.7222859859466553}, {""label"": ""j"", ""probability"": 0.27472594380378723}, {""label"": ""l"", ""probability"": 0.002698940457776189}]",dataset,
dataset_sample:6617,j,i,0.6585879325866699,"[{""label"": ""i"", ""probability"": 0.6585879325866699}, {""label"": ""j"", ""probability"": 0.3397855758666992}, {""label"": ""l"", ""probability"": 0.001473147887736559}]",dataset,
dataset_sample:6624,v,u,0.955935001373291,"[{""label"": ""u"", ""probability"": 0.955935001373291}, {""label"": ""v"", ""probability"": 0.04405944421887398}, {""label"": ""y"", ""probability"": 1.8503378669265658e-06}]",dataset,
dataset_sample:6639,q,g,0.7490649223327637,"[{""label"": ""g"", ""probability"": 0.7490649223327637}, {""label"": ""q"", ""probability"": 0.2392459660768509}, {""label"": ""a"", ""probability"": 0.011658687144517899}]",dataset,
dataset_sample:6651,l,i,0.61844402551651,"[{""label"": ""i"", ""probability"": 0.61844402551651}, {""label"": ""l"", ""probability"": 0.3813938498497009}, {""label"": ""j"", ""probability"": 0.00013079030031803995}]",dataset,
dataset_sample:6660,i,l,0.5872511863708496,"[{""label"": ""l"", ""probability"": 0.5872511863708496}, {""label"": ""i"", ""probability"": 0.4127131402492523}, {""label"": ""j"", ""probability"": 2.579427746240981e-05}]",dataset,
dataset_sample:6728,q,g,0.9477851986885071,"[{""label"": ""g"", ""probability"": 0.9477851986885071}, {""label"": ""q"", ""probability"": 0.05220907926559448}, {""label"": ""y"", ""probability"": 5.5741356845828705e-06}]",dataset,
dataset_sample:6743,t,r,0.5397961735725403,"[{""label"": ""r"", ""probability"": 0.5397961735725403}, {""label"": ""t"", ""probability"": 0.4086308777332306}, {""label"": ""x"", ""probability"": 0.03284769132733345}]",dataset,
dataset_sample:6757,q,g,0.5046944618225098,"[{""label"": ""g"", ""probability"": 0.5046944618225098}, {""label"": ""q"", ""probability"": 0.492501825094223}, {""label"": ""a"", ""probability"": 0.002683146158233285}]",dataset,
dataset_sample:6815,l,i,0.6422792673110962,"[{""label"": ""i"", ""probability"": 0.6422792673110962}, {""label"": ""l"", ""probability"": 0.3573208153247833}, {""label"": ""c"", ""probability"": 0.00010623229172779247}]",dataset,
dataset_sample:6820,i,l,0.9089328050613403,"[{""label"": ""l"", ""probability"": 0.9089328050613403}, {""label"": ""i"", ""probability"": 0.09006367623806}, {""label"": ""j"", ""probability"": 0.0009057288989424706}]",dataset,
dataset_sample:6835,i,l,0.8187073469161987,"[{""label"": ""l"", ""probability"": 0.8187073469161987}, {""label"": ""i"", ""probability"": 0.18098144233226776}, {""label"": ""j"", ""probability"": 0.00013793693506158888}]",dataset,
dataset_sample:6845,i,l,0.7942171692848206,"[{""label"": ""l"", ""probability"": 0.7942171692848206}, {""label"": ""i"", ""probability"": 0.20559661090373993}, {""label"": ""j"", ""probability"": 9.457735723117366e-05}]",dataset,
dataset_sample:6846,g,q,0.4836061894893646,"[{""label"": ""q"", ""probability"": 0.4836061894893646}, {""label"": ""g"", ""probability"": 0.32200559973716736}, {""label"": ""l"", ""probability"": 0.09362680464982986}]",dataset,
dataset_sample:6861,y,x,0.6371855735778809,"[{""label"": ""x"", ""probability"": 0.6371855735778809}, {""label"": ""y"", ""probability"": 0.2710305452346802}, {""label"": ""t"", ""probability"": 0.04763707518577576}]",dataset,
dataset_sample:6885,n,w,0.47990280389785767,"[{""label"": ""w"", ""probability"": 0.47990280389785767}, {""label"": ""n"", ""probability"": 0.28083065152168274}, {""label"": ""d"", ""probability"": 0.1776057332754135}]",dataset,
dataset_sample:6894,g,q,0.7024773359298706,"[{""label"": ""q"", ""probability"": 0.7024773359298706}, {""label"": ""g"", ""probability"": 0.29547303915023804}, {""label"": ""a"", ""probability"": 0.0019557420164346695}]",dataset,
dataset_sample:6897,q,g,0.6371368169784546,"[{""label"": ""g"", ""probability"": 0.6371368169784546}, {""label"": ""q"", ""probability"": 0.36283332109451294}, {""label"": ""a"", ""probability"": 2.069306719931774e-05}]",dataset,
dataset_sample:6926,v,y,0.9907832145690918,"[{""label"": ""y"", ""probability"": 0.9907832145690918}, {""label"": ""v"", ""probability"": 0.008251897990703583}, {""label"": ""x"", ""probability"": 0.0005419082590378821}]",dataset,
dataset_sample:6940,l,i,0.6273825764656067,"[{""label"": ""i"", ""probability"": 0.6273825764656067}, {""label"": ""l"", ""probability"": 0.3725554049015045}, {""label"": ""j"", ""probability"": 2.989073982462287e-05}]",dataset,
dataset_sample:6965,j,u,0.7090161442756653,"[{""label"": ""u"", ""probability"": 0.7090161442756653}, {""label"": ""j"", ""probability"": 0.21882116794586182}, {""label"": ""v"", ""probability"": 0.07033971697092056}]",dataset,
dataset_sample:7076,r,e,0.9233892560005188,"[{""label"": ""e"", ""probability"": 0.9233892560005188}, {""label"": ""r"", ""probability"": 0.057259682565927505}, {""label"": ""f"", ""probability"": 0.01850552298128605}]",dataset,
dataset_sample:7088,g,q,0.6498191356658936,"[{""label"": ""q"", ""probability"": 0.6498191356658936}, {""label"": ""g"", ""probability"": 0.3448861837387085}, {""label"": ""p"", ""probability"": 0.004624036606401205}]",dataset,
dataset_sample:7099,c,t,0.3209218978881836,"[{""label"": ""t"", ""probability"": 0.3209218978881836}, {""label"": ""e"", ""probability"": 0.24406380951404572}, {""label"": ""l"", ""probability"": 0.176413431763649}]",dataset,
dataset_sample:7103,v,y,0.627738893032074,"[{""label"": ""y"", ""probability"": 0.627738893032074}, {""label"": ""v"", ""probability"": 0.37098297476768494}, {""label"": ""u"", ""probability"": 0.0011864969274029136}]",dataset,
dataset_sample:7113,l,i,0.5882536172866821,"[{""label"": ""i"", ""probability"": 0.5882536172866821}, {""label"": ""l"", ""probability"": 0.41170284152030945}, {""label"": ""j"", ""probability"": 2.6204412279184908e-05}]",dataset,
dataset_sample:7129,h,b,0.768780529499054,"[{""label"": ""b"", ""probability"": 0.768780529499054}, {""label"": ""h"", ""probability"": 0.23051200807094574}, {""label"": ""l"", ""probability"": 0.0005244950298219919}]",dataset,
dataset_sample:7134,t,f,0.9815313816070557,"[{""label"": ""f"", ""probability"": 0.9815313816070557}, {""label"": ""t"", ""probability"": 0.01586954854428768}, {""label"": ""e"", ""probability"": 0.002481319010257721}]",dataset,
dataset_sample:7197,y,t,0.9925240874290466,"[{""label"": ""t"", ""probability"": 0.9925240874290466}, {""label"": ""f"", ""probability"": 0.007440374698489904}, {""label"": ""i"", ""probability"": 2.130626489815768e-05}]",dataset,
dataset_sample:7214,n,m,0.49553418159484863,"[{""label"": ""m"", ""probability"": 0.49553418159484863}, {""label"": ""n"", ""probability"": 0.31192800402641296}, {""label"": ""r"", ""probability"": 0.1441180557012558}]",dataset,
dataset_sample:7232,l,i,0.689582109451294,"[{""label"": ""i"", ""probability"": 0.689582109451294}, {""label"": ""l"", ""probability"": 0.31039419770240784}, {""label"": ""j"", ""probability"": 8.488561434205621e-06}]",dataset,
dataset_sample:7248,a,h,0.579045295715332,"[{""label"": ""h"", ""probability"": 0.579045295715332}, {""label"": ""a"", ""probability"": 0.4147576689720154}, {""label"": ""f"", ""probability"": 0.00398075208067894}]",dataset,
dataset_sample:7256,t,z,0.5511305928230286,"[{""label"": ""z"", ""probability"": 0.5511305928230286}, {""label"": ""t"", ""probability"": 0.24193866550922394}, {""label"": ""i"", ""probability"": 0.19801340997219086}]",dataset,
dataset_sample:7284,s,g,0.7866112589836121,"[{""label"": ""g"", ""probability"": 0.7866112589836121}, {""label"": ""s"", ""probability"": 0.21185854077339172}, {""label"": ""j"", ""probability"": 0.001177325495518744}]",dataset,
dataset_sample:7286,l,i,0.5120718479156494,"[{""label"": ""i"", ""probability"": 0.5120718479156494}, {""label"": ""l"", ""probability"": 0.48781850934028625}, {""label"": ""v"", ""probability"": 6.584211223525926e-05}]",dataset,
dataset_sample:7306,l,i,0.9469895958900452,"[{""label"": ""i"", ""probability"": 0.9469895958900452}, {""label"": ""l"", ""probability"": 0.052971526980400085}, {""label"": ""j"", ""probability"": 3.521847975207493e-05}]",dataset,
dataset_sample:7322,q,g,0.9594759345054626,"[{""label"": ""g"", ""probability"": 0.9594759345054626}, {""label"": ""q"", ""probability"": 0.04048829898238182}, {""label"": ""y"", ""probability"": 2.71459502982907e-05}]",dataset,
dataset_sample:7364,k,n,0.5803654193878174,"[{""label"": ""n"", ""probability"": 0.5803654193878174}, {""label"": ""w"", ""probability"": 0.1393069177865982}, {""label"": ""v"", ""probability"": 0.1300378292798996}]",dataset,
dataset_sample:7372,i,l,0.8429884314537048,"[{""label"": ""l"", ""probability"": 0.8429884314537048}, {""label"": ""i"", ""probability"": 0.1567273736000061}, {""label"": ""v"", ""probability"": 0.00010333238606108353}]",dataset,
dataset_sample:7384,y,v,0.6744683980941772,"[{""label"": ""v"", ""probability"": 0.6744683980941772}, {""label"": ""y"", ""probability"": 0.3251630365848541}, {""label"": ""u"", ""probability"": 0.0002562593435868621}]",dataset,
dataset_sample:7419,r,a,0.8991779088973999,"[{""label"": ""a"", ""probability"": 0.8991779088973999}, {""label"": ""q"", ""probability"": 0.06744086742401123}, {""label"": ""f"", ""probability"": 0.01923202909529209}]",dataset,
dataset_sample:7439,d,o,0.8474472165107727,"[{""label"": ""o"", ""probability"": 0.8474472165107727}, {""label"": ""d"", ""probability"": 0.15248516201972961}, {""label"": ""u"", ""probability"": 3.728278534254059e-05}]",dataset,
dataset_sample:7459,q,g,0.5525251626968384,"[{""label"": ""g"", ""probability"": 0.5525251626968384}, {""label"": ""q"", ""probability"": 0.4468902349472046}, {""label"": ""a"", ""probability"": 0.00046974103315733373}]",dataset,
dataset_sample:7489,d,j,0.5400294065475464,"[{""label"": ""j"", ""probability"": 0.5400294065475464}, {""label"": ""d"", ""probability"": 0.4445226490497589}, {""label"": ""s"", ""probability"": 0.008124920539557934}]",dataset,
dataset_sample:7506,i,l,0.7082050442695618,"[{""label"": ""l"", ""probability"": 0.7082050442695618}, {""label"": ""i"", ""probability"": 0.29130691289901733}, {""label"": ""c"", ""probability"": 0.0002390561276115477}]",dataset,
dataset_sample:7547,y,v,0.8766177892684937,"[{""label"": ""v"", ""probability"": 0.8766177892684937}, {""label"": ""y"", ""probability"": 0.12335517257452011}, {""label"": ""u"", ""probability"": 7.322183137148386e-06}]",dataset,
dataset_sample:7579,i,l,0.5253314971923828,"[{""label"": ""l"", ""probability"": 0.5253314971923828}, {""label"": ""i"", ""probability"": 0.47453951835632324}, {""label"": ""v"", ""probability"": 6.090302485972643e-05}]",dataset,
dataset_sample:7581,i,f,0.9997681975364685,"[{""label"": ""f"", ""probability"": 0.9997681975364685}, {""label"": ""t"", ""probability"": 0.00015504632028751075}, {""label"": ""e"", ""probability"": 5.179323488846421e-05}]",dataset,
dataset_sample:7602,s,g,0.795932948589325,"[{""label"": ""g"", ""probability"": 0.795932948589325}, {""label"": ""s"", ""probability"": 0.20237955451011658}, {""label"": ""j"", ""probability"": 0.00109925027936697}]",dataset,
dataset_sample:7604,n,h,0.6865774393081665,"[{""label"": ""h"", ""probability"": 0.6865774393081665}, {""label"": ""n"", ""probability"": 0.16996300220489502}, {""label"": ""m"", ""probability"": 0.07021201401948929}]",dataset,
dataset_sample:7623,l,i,0.5042014122009277,"[{""label"": ""i"", ""probability"": 0.5042014122009277}, {""label"": ""l"", ""probability"": 0.4955267608165741}, {""label"": ""v"", ""probability"": 0.00017734149878378958}]",dataset,
dataset_sample:7666,x,h,0.4577021598815918,"[{""label"": ""h"", ""probability"": 0.4577021598815918}, {""label"": ""w"", ""probability"": 0.3896305561065674}, {""label"": ""y"", ""probability"": 0.039622966200113297}]",dataset,
dataset_sample:7683,w,n,0.4523145854473114,"[{""label"": ""n"", ""probability"": 0.4523145854473114}, {""label"": ""u"", ""probability"": 0.270498663187027}, {""label"": ""m"", ""probability"": 0.14785267412662506}]",dataset,
dataset_sample:7707,l,i,0.8669942617416382,"[{""label"": ""i"", ""probability"": 0.8669942617416382}, {""label"": ""l"", ""probability"": 0.1329805701971054}, {""label"": ""j"", ""probability"": 1.8626038581714965e-05}]",dataset,
dataset_sample:7710,v,u,0.8409424424171448,"[{""label"": ""u"", ""probability"": 0.8409424424171448}, {""label"": ""v"", ""probability"": 0.15884514153003693}, {""label"": ""w"", ""probability"": 7.480609201593325e-05}]",dataset,
dataset_sample:7740,r,a,0.986027717590332,"[{""label"": ""a"", ""probability"": 0.986027717590332}, {""label"": ""h"", ""probability"": 0.00909779965877533}, {""label"": ""r"", ""probability"": 0.0032795947045087814}]",dataset,
dataset_sample:7751,x,y,0.7110235095024109,"[{""label"": ""y"", ""probability"": 0.7110235095024109}, {""label"": ""x"", ""probability"": 0.28400132060050964}, {""label"": ""v"", ""probability"": 0.004443335346877575}]",dataset,
dataset_sample:7779,i,l,0.6128309965133667,"[{""label"": ""l"", ""probability"": 0.6128309965133667}, {""label"": ""i"", ""probability"": 0.38706761598587036}, {""label"": ""v"", ""probability"": 3.9224618376465514e-05}]",dataset,
dataset_sample:7784,n,o,0.37506547570228577,"[{""label"": ""o"", ""probability"": 0.37506547570228577}, {""label"": ""n"", ""probability"": 0.32428014278411865}, {""label"": ""b"", ""probability"": 0.07417220622301102}]",dataset,
dataset_sample:7807,q,g,0.5192607045173645,"[{""label"": ""g"", ""probability"": 0.5192607045173645}, {""label"": ""q"", ""probability"": 0.48008421063423157}, {""label"": ""a"", ""probability"": 0.0003689406730700284}]",dataset,
dataset_sample:7849,l,i,0.6073715090751648,"[{""label"": ""i"", ""probability"": 0.6073715090751648}, {""label"": ""l"", ""probability"": 0.3916914463043213}, {""label"": ""j"", ""probability"": 0.0008350139250978827}]",dataset,
dataset_sample:7868,r,v,0.8052073121070862,"[{""label"": ""v"", ""probability"": 0.8052073121070862}, {""label"": ""r"", ""probability"": 0.19154545664787292}, {""label"": ""y"", ""probability"": 0.002958775730803609}]",dataset,
dataset_sample:7881,h,k,0.5205082893371582,"[{""label"": ""k"", ""probability"": 0.5205082893371582}, {""label"": ""h"", ""probability"": 0.33947378396987915}, {""label"": ""x"", ""probability"": 0.11704307049512863}]",dataset,
dataset_sample:7896,g,a,0.9741591215133667,"[{""label"": ""a"", ""probability"": 0.9741591215133667}, {""label"": ""o"", ""probability"": 0.018939809873700142}, {""label"": ""g"", ""probability"": 0.004640758503228426}]",dataset,
dataset_sample:7953,g,a,0.972050130367279,"[{""label"": ""a"", ""probability"": 0.972050130367279}, {""label"": ""q"", ""probability"": 0.02433113195002079}, {""label"": ""g"", ""probability"": 0.001975321676582098}]",dataset,
dataset_sample:7978,p,q,0.608357310295105,"[{""label"": ""q"", ""probability"": 0.608357310295105}, {""label"": ""p"", ""probability"": 0.20019125938415527}, {""label"": ""o"", ""probability"": 0.09054892510175705}]",dataset,
dataset_sample:7982,i,z,0.7468353509902954,"[{""label"": ""z"", ""probability"": 0.7468353509902954}, {""label"": ""i"", ""probability"": 0.15930211544036865}, {""label"": ""j"", ""probability"": 0.03117225132882595}]",dataset,
dataset_sample:7988,i,l,0.8122830390930176,"[{""label"": ""l"", ""probability"": 0.8122830390930176}, {""label"": ""i"", ""probability"": 0.1874701976776123}, {""label"": ""j"", ""probability"": 7.23537159501575e-05}]",dataset,
dataset_sample:8023,l,i,0.629646897315979,"[{""label"": ""i"", ""probability"": 0.629646897315979}, {""label"": ""l"", ""probability"": 0.36917057633399963}, {""label"": ""r"", ""probability"": 0.0006760228425264359}]",dataset,
dataset_sample:8057,i,l,0.6230377554893494,"[{""label"": ""l"", ""probability"": 0.6230377554893494}, {""label"": ""i"", ""probability"": 0.3757331967353821}, {""label"": ""r"", ""probability"": 0.0003237277560401708}]",dataset,
dataset_sample:8063,u,v,0.9696738719940186,"[{""label"": ""v"", ""probability"": 0.9696738719940186}, {""label"": ""u"", ""probability"": 0.028638817369937897}, {""label"": ""j"", ""probability"": 0.001570398104377091}]",dataset,
dataset_sample:8104,i,l,0.6571484804153442,"[{""label"": ""l"", ""probability"": 0.6571484804153442}, {""label"": ""i"", ""probability"": 0.34258338809013367}, {""label"": ""j"", ""probability"": 0.00013967358972877264}]",dataset,
dataset_sample:8128,z,e,0.5642097592353821,"[{""label"": ""e"", ""probability"": 0.5642097592353821}, {""label"": ""z"", ""probability"": 0.152818500995636}, {""label"": ""o"", ""probability"": 0.047503162175416946}]",dataset,
dataset_sample:8132,w,n,0.8595726490020752,"[{""label"": ""n"", ""probability"": 0.8595726490020752}, {""label"": ""a"", ""probability"": 0.10246796160936356}, {""label"": ""m"", ""probability"": 0.015827767550945282}]",dataset,
dataset_sample:8135,a,w,0.5868971347808838,"[{""label"": ""w"", ""probability"": 0.5868971347808838}, {""label"": ""a"", ""probability"": 0.3610677123069763}, {""label"": ""n"", ""probability"": 0.021197525784373283}]",dataset,
dataset_sample:8165,i,l,0.6344777345657349,"[{""label"": ""l"", ""probability"": 0.6344777345657349}, {""label"": ""i"", ""probability"": 0.36550113558769226}, {""label"": ""v"", ""probability"": 6.007385763950879e-06}]",dataset,
dataset_sample:8179,l,i,0.5668489336967468,"[{""label"": ""i"", ""probability"": 0.5668489336967468}, {""label"": ""l"", ""probability"": 0.4330410361289978}, {""label"": ""j"", ""probability"": 5.361047078622505e-05}]",dataset,
dataset_sample:8186,l,i,0.6879631280899048,"[{""label"": ""i"", ""probability"": 0.6879631280899048}, {""label"": ""l"", ""probability"": 0.3116031885147095}, {""label"": ""j"", ""probability"": 0.0003452833916526288}]",dataset,
dataset_sample:8243,l,i,0.782961368560791,"[{""label"": ""i"", ""probability"": 0.782961368560791}, {""label"": ""l"", ""probability"": 0.21693408489227295}, {""label"": ""j"", ""probability"": 5.153643724042922e-05}]",dataset,
dataset_sample:8265,k,x,0.8566403985023499,"[{""label"": ""x"", ""probability"": 0.8566403985023499}, {""label"": ""k"", ""probability"": 0.11563817411661148}, {""label"": ""h"", ""probability"": 0.024809515103697777}]",dataset,
dataset_sample:8270,j,i,0.7489593029022217,"[{""label"": ""i"", ""probability"": 0.7489593029022217}, {""label"": ""j"", ""probability"": 0.20387667417526245}, {""label"": ""l"", ""probability"": 0.046616099774837494}]",dataset,
dataset_sample:8294,p,d,0.5007151365280151,"[{""label"": ""d"", ""probability"": 0.5007151365280151}, {""label"": ""p"", ""probability"": 0.4326116740703583}, {""label"": ""n"", ""probability"": 0.01515974011272192}]",dataset,
dataset_sample:8295,d,c,0.7398321628570557,"[{""label"": ""c"", ""probability"": 0.7398321628570557}, {""label"": ""o"", ""probability"": 0.16413487493991852}, {""label"": ""g"", ""probability"": 0.03217080235481262}]",dataset,
dataset_sample:8304,h,x,0.4985352158546448,"[{""label"": ""x"", ""probability"": 0.4985352158546448}, {""label"": ""h"", ""probability"": 0.20578770339488983}, {""label"": ""n"", ""probability"": 0.16998319327831268}]",dataset,
dataset_sample:8308,q,g,0.7203983664512634,"[{""label"": ""g"", ""probability"": 0.7203983664512634}, {""label"": ""q"", ""probability"": 0.26708561182022095}, {""label"": ""y"", ""probability"": 0.01180522795766592}]",dataset,
dataset_sample:8315,r,s,0.8911792635917664,"[{""label"": ""s"", ""probability"": 0.8911792635917664}, {""label"": ""r"", ""probability"": 0.0721844881772995}, {""label"": ""f"", ""probability"": 0.030263736844062805}]",dataset,
dataset_sample:8333,l,i,0.8626784682273865,"[{""label"": ""i"", ""probability"": 0.8626784682273865}, {""label"": ""l"", ""probability"": 0.1372177004814148}, {""label"": ""j"", ""probability"": 7.423501665471122e-05}]",dataset,
dataset_sample:8355,r,v,0.9850254654884338,"[{""label"": ""v"", ""probability"": 0.9850254654884338}, {""label"": ""r"", ""probability"": 0.013620717450976372}, {""label"": ""y"", ""probability"": 0.0012247358681634068}]",dataset,
dataset_sample:8373,j,i,0.5114359855651855,"[{""label"": ""i"", ""probability"": 0.5114359855651855}, {""label"": ""j"", ""probability"": 0.4528181254863739}, {""label"": ""l"", ""probability"": 0.035319868475198746}]",dataset,
dataset_sample:8375,q,g,0.6644201278686523,"[{""label"": ""g"", ""probability"": 0.6644201278686523}, {""label"": ""q"", ""probability"": 0.33556345105171204}, {""label"": ""a"", ""probability"": 1.6011239495128393e-05}]",dataset,
dataset_sample:8377,l,i,0.8238192796707153,"[{""label"": ""i"", ""probability"": 0.8238192796707153}, {""label"": ""l"", ""probability"": 0.17604222893714905}, {""label"": ""j"", ""probability"": 0.00011814875324489549}]",dataset,
dataset_sample:8391,q,g,0.8345001339912415,"[{""label"": ""g"", ""probability"": 0.8345001339912415}, {""label"": ""q"", ""probability"": 0.15193095803260803}, {""label"": ""a"", ""probability"": 0.013380555436015129}]",dataset,
dataset_sample:8449,k,t,0.45977404713630676,"[{""label"": ""t"", ""probability"": 0.45977404713630676}, {""label"": ""h"", ""probability"": 0.42205825448036194}, {""label"": ""k"", ""probability"": 0.06869231909513474}]",dataset,
dataset_sample:8518,i,l,0.5362551212310791,"[{""label"": ""l"", ""probability"": 0.5362551212310791}, {""label"": ""i"", ""probability"": 0.4636722505092621}, {""label"": ""c"", ""probability"": 3.334793291287497e-05}]",dataset,
dataset_sample:8522,l,i,0.6002147197723389,"[{""label"": ""i"", ""probability"": 0.6002147197723389}, {""label"": ""l"", ""probability"": 0.399741530418396}, {""label"": ""j"", ""probability"": 2.1672898583346978e-05}]",dataset,
dataset_sample:8544,i,l,0.5778335332870483,"[{""label"": ""l"", ""probability"": 0.5778335332870483}, {""label"": ""i"", ""probability"": 0.42208051681518555}, {""label"": ""v"", ""probability"": 4.3849260691786185e-05}]",dataset,
dataset_sample:8545,p,f,0.9898043870925903,"[{""label"": ""f"", ""probability"": 0.9898043870925903}, {""label"": ""p"", ""probability"": 0.007303571328520775}, {""label"": ""e"", ""probability"": 0.0015994684072211385}]",dataset,
dataset_sample:8547,k,r,0.4578436613082886,"[{""label"": ""r"", ""probability"": 0.4578436613082886}, {""label"": ""y"", ""probability"": 0.30454233288764954}, {""label"": ""f"", ""probability"": 0.09360086917877197}]",dataset,
dataset_sample:8557,y,v,0.677914559841156,"[{""label"": ""v"", ""probability"": 0.677914559841156}, {""label"": ""y"", ""probability"": 0.32171332836151123}, {""label"": ""l"", ""probability"": 0.00010149388253921643}]",dataset,
dataset_sample:8572,v,u,0.9486061930656433,"[{""label"": ""u"", ""probability"": 0.9486061930656433}, {""label"": ""v"", ""probability"": 0.05021556094288826}, {""label"": ""l"", ""probability"": 0.0010406215442344546}]",dataset,
dataset_sample:8598,l,i,0.6292515397071838,"[{""label"": ""i"", ""probability"": 0.6292515397071838}, {""label"": ""l"", ""probability"": 0.3701891005039215}, {""label"": ""j"", ""probability"": 0.0005175152909941971}]",dataset,
dataset_sample:8608,q,a,0.7305423021316528,"[{""label"": ""a"", ""probability"": 0.7305423021316528}, {""label"": ""d"", ""probability"": 0.2612003982067108}, {""label"": ""q"", ""probability"": 0.006875773426145315}]",dataset,
dataset_sample:8622,h,r,0.9773414731025696,"[{""label"": ""r"", ""probability"": 0.9773414731025696}, {""label"": ""l"", ""probability"": 0.014933094382286072}, {""label"": ""v"", ""probability"": 0.004217237234115601}]",dataset,
dataset_sample:8626,l,i,0.6615328192710876,"[{""label"": ""i"", ""probability"": 0.6615328192710876}, {""label"": ""l"", ""probability"": 0.33824285864830017}, {""label"": ""j"", ""probability"": 8.63733293954283e-05}]",dataset,
dataset_sample:8634,y,t,0.6936317682266235,"[{""label"": ""t"", ""probability"": 0.6936317682266235}, {""label"": ""y"", ""probability"": 0.29495811462402344}, {""label"": ""f"", ""probability"": 0.004045478533953428}]",dataset,
dataset_sample:8649,h,m,0.5959876179695129,"[{""label"": ""m"", ""probability"": 0.5959876179695129}, {""label"": ""h"", ""probability"": 0.38704508543014526}, {""label"": ""k"", ""probability"": 0.01483114156872034}]",dataset,
dataset_sample:8676,v,u,0.6848914623260498,"[{""label"": ""u"", ""probability"": 0.6848914623260498}, {""label"": ""v"", ""probability"": 0.31296268105506897}, {""label"": ""l"", ""probability"": 0.001074118190445006}]",dataset,
dataset_sample:8733,i,l,0.7627438902854919,"[{""label"": ""l"", ""probability"": 0.7627438902854919}, {""label"": ""i"", ""probability"": 0.23715053498744965}, {""label"": ""j"", ""probability"": 4.224754957249388e-05}]",dataset,
dataset_sample:8735,q,g,0.9825361967086792,"[{""label"": ""g"", ""probability"": 0.9825361967086792}, {""label"": ""q"", ""probability"": 0.01737675629556179}, {""label"": ""b"", ""probability"": 7.509357965318486e-05}]",dataset,
dataset_sample:8763,i,y,0.9917136430740356,"[{""label"": ""y"", ""probability"": 0.9917136430740356}, {""label"": ""t"", ""probability"": 0.003785853972658515}, {""label"": ""l"", ""probability"": 0.0017323135398328304}]",dataset,
dataset_sample:8794,g,q,0.9999985694885254,"[{""label"": ""q"", ""probability"": 0.9999985694885254}, {""label"": ""a"", ""probability"": 1.3736388382312725e-06}, {""label"": ""g"", ""probability"": 1.0762829738553137e-08}]",dataset,
dataset_sample:8795,o,q,0.9974122643470764,"[{""label"": ""q"", ""probability"": 0.9974122643470764}, {""label"": ""a"", ""probability"": 0.0013338897842913866}, {""label"": ""d"", ""probability"": 0.0006366636953316629}]",dataset,
dataset_sample:8806,k,h,0.9812694787979126,"[{""label"": ""h"", ""probability"": 0.9812694787979126}, {""label"": ""l"", ""probability"": 0.011749998666346073}, {""label"": ""k"", ""probability"": 0.0065338704735040665}]",dataset,
dataset_sample:8814,s,g,0.7645357251167297,"[{""label"": ""g"", ""probability"": 0.7645357251167297}, {""label"": ""s"", ""probability"": 0.2349611222743988}, {""label"": ""j"", ""probability"": 0.00035560838296078146}]",dataset,
dataset_sample:8824,c,o,0.6932503581047058,"[{""label"": ""o"", ""probability"": 0.6932503581047058}, {""label"": ""e"", ""probability"": 0.1383655071258545}, {""label"": ""a"", ""probability"": 0.11694306880235672}]",dataset,
dataset_sample:8900,w,m,0.9993879795074463,"[{""label"": ""m"", ""probability"": 0.9993879795074463}, {""label"": ""n"", ""probability"": 0.0006019733264110982}, {""label"": ""a"", ""probability"": 9.259496437152848e-06}]",dataset,
dataset_sample:8913,q,a,0.5545912981033325,"[{""label"": ""a"", ""probability"": 0.5545912981033325}, {""label"": ""q"", ""probability"": 0.42665788531303406}, {""label"": ""g"", ""probability"": 0.014649958349764347}]",dataset,
dataset_sample:8914,q,g,0.6840664744377136,"[{""label"": ""g"", ""probability"": 0.6840664744377136}, {""label"": ""q"", ""probability"": 0.3159288167953491}, {""label"": ""y"", ""probability"": 1.9875949419656536e-06}]",dataset,
dataset_sample:8927,j,i,0.5085870027542114,"[{""label"": ""i"", ""probability"": 0.5085870027542114}, {""label"": ""j"", ""probability"": 0.48842328786849976}, {""label"": ""l"", ""probability"": 0.0028124619275331497}]",dataset,
dataset_sample:8954,y,g,0.6278882622718811,"[{""label"": ""g"", ""probability"": 0.6278882622718811}, {""label"": ""y"", ""probability"": 0.33177927136421204}, {""label"": ""u"", ""probability"": 0.02753617614507675}]",dataset,
dataset_sample:8972,f,p,0.9183003902435303,"[{""label"": ""p"", ""probability"": 0.9183003902435303}, {""label"": ""f"", ""probability"": 0.07820366322994232}, {""label"": ""a"", ""probability"": 0.003321066265925765}]",dataset,
dataset_sample:8988,t,k,0.7746617197990417,"[{""label"": ""k"", ""probability"": 0.7746617197990417}, {""label"": ""t"", ""probability"": 0.19181793928146362}, {""label"": ""e"", ""probability"": 0.02539101243019104}]",dataset,
dataset_sample:9002,l,i,0.7812860608100891,"[{""label"": ""i"", ""probability"": 0.7812860608100891}, {""label"": ""l"", ""probability"": 0.21849878132343292}, {""label"": ""j"", ""probability"": 0.00020567346655298024}]",dataset,
dataset_sample:9006,l,i,0.7462994456291199,"[{""label"": ""i"", ""probability"": 0.7462994456291199}, {""label"": ""l"", ""probability"": 0.2535092532634735}, {""label"": ""j"", ""probability"": 0.00012662804510910064}]",dataset,
dataset_sample:9034,l,i,0.6080262064933777,"[{""label"": ""i"", ""probability"": 0.6080262064933777}, {""label"": ""l"", ""probability"": 0.38535434007644653}, {""label"": ""j"", ""probability"": 0.0065588755533099174}]",dataset,
dataset_sample:9037,y,g,0.850944459438324,"[{""label"": ""g"", ""probability"": 0.850944459438324}, {""label"": ""a"", ""probability"": 0.14733004570007324}, {""label"": ""q"", ""probability"": 0.0009244391112588346}]",dataset,
dataset_sample:9055,i,l,0.7419465780258179,"[{""label"": ""l"", ""probability"": 0.7419465780258179}, {""label"": ""i"", ""probability"": 0.2577310800552368}, {""label"": ""v"", ""probability"": 9.221256914315745e-05}]",dataset,
dataset_sample:9094,q,g,0.4723138213157654,"[{""label"": ""g"", ""probability"": 0.4723138213157654}, {""label"": ""q"", ""probability"": 0.3417973220348358}, {""label"": ""i"", ""probability"": 0.06858117878437042}]",dataset,
dataset_sample:9099,v,u,0.9997538924217224,"[{""label"": ""u"", ""probability"": 0.9997538924217224}, {""label"": ""v"", ""probability"": 0.0002009184390772134}, {""label"": ""w"", ""probability"": 3.8196314562810585e-05}]",dataset,
dataset_sample:9108,l,i,0.5012834072113037,"[{""label"": ""i"", ""probability"": 0.5012834072113037}, {""label"": ""l"", ""probability"": 0.4985898733139038}, {""label"": ""j"", ""probability"": 8.382980740861967e-05}]",dataset,
dataset_sample:9144,u,v,0.8806204199790955,"[{""label"": ""v"", ""probability"": 0.8806204199790955}, {""label"": ""l"", ""probability"": 0.06420917809009552}, {""label"": ""u"", ""probability"": 0.041749224066734314}]",dataset,
dataset_sample:9211,v,u,0.9200446009635925,"[{""label"": ""u"", ""probability"": 0.9200446009635925}, {""label"": ""v"", ""probability"": 0.07974078506231308}, {""label"": ""w"", ""probability"": 9.35346179176122e-05}]",dataset,
dataset_sample:9296,l,i,0.6868703961372375,"[{""label"": ""i"", ""probability"": 0.6868703961372375}, {""label"": ""l"", ""probability"": 0.3131031095981598}, {""label"": ""j"", ""probability"": 2.0019246221636422e-05}]",dataset,
dataset_sample:9346,i,l,0.5436829924583435,"[{""label"": ""l"", ""probability"": 0.5436829924583435}, {""label"": ""i"", ""probability"": 0.45599573850631714}, {""label"": ""v"", ""probability"": 0.0001489627902628854}]",dataset,
dataset_sample:9395,n,w,0.4384685158729553,"[{""label"": ""w"", ""probability"": 0.4384685158729553}, {""label"": ""n"", ""probability"": 0.38490021228790283}, {""label"": ""m"", ""probability"": 0.17503491044044495}]",dataset,
dataset_sample:9512,l,e,0.730687141418457,"[{""label"": ""e"", ""probability"": 0.730687141418457}, {""label"": ""l"", ""probability"": 0.19647499918937683}, {""label"": ""c"", ""probability"": 0.056371577084064484}]",dataset,
dataset_sample:9562,n,r,0.6025143265724182,"[{""label"": ""r"", ""probability"": 0.6025143265724182}, {""label"": ""n"", ""probability"": 0.2497657984495163}, {""label"": ""k"", ""probability"": 0.11119894683361053}]",dataset,
dataset_sample:9612,b,e,0.29069238901138306,"[{""label"": ""e"", ""probability"": 0.29069238901138306}, {""label"": ""b"", ""probability"": 0.2454625517129898}, {""label"": ""h"", ""probability"": 0.13860183954238892}]",dataset,
dataset_sample:9680,k,h,0.9987391829490662,"[{""label"": ""h"", ""probability"": 0.9987391829490662}, {""label"": ""l"", ""probability"": 0.0009600865305401385}, {""label"": ""k"", ""probability"": 0.00025534845190122724}]",dataset,
dataset_sample:9681,q,g,0.8380080461502075,"[{""label"": ""g"", ""probability"": 0.8380080461502075}, {""label"": ""q"", ""probability"": 0.1619531512260437}, {""label"": ""a"", ""probability"": 2.8780079446732998e-05}]",dataset,
dataset_sample:9694,u,v,0.7875127792358398,"[{""label"": ""v"", ""probability"": 0.7875127792358398}, {""label"": ""u"", ""probability"": 0.21142573654651642}, {""label"": ""j"", ""probability"": 0.0005829576402902603}]",dataset,
dataset_sample:9702,j,i,0.9388376474380493,"[{""label"": ""i"", ""probability"": 0.9388376474380493}, {""label"": ""j"", ""probability"": 0.05950202792882919}, {""label"": ""l"", ""probability"": 0.0015736385248601437}]",dataset,
dataset_sample:9724,l,i,0.5928055047988892,"[{""label"": ""i"", ""probability"": 0.5928055047988892}, {""label"": ""l"", ""probability"": 0.40706226229667664}, {""label"": ""v"", ""probability"": 9.347580635221675e-05}]",dataset,
dataset_sample:9764,d,o,0.7643930315971375,"[{""label"": ""o"", ""probability"": 0.7643930315971375}, {""label"": ""d"", ""probability"": 0.23535767197608948}, {""label"": ""q"", ""probability"": 6.47410488454625e-05}]",dataset,
dataset_sample:9773,d,o,0.8460337519645691,"[{""label"": ""o"", ""probability"": 0.8460337519645691}, {""label"": ""d"", ""probability"": 0.15354159474372864}, {""label"": ""u"", ""probability"": 0.00020739562751259655}]",dataset,
dataset_sample:9775,i,l,0.8280437588691711,"[{""label"": ""l"", ""probability"": 0.8280437588691711}, {""label"": ""i"", ""probability"": 0.17172318696975708}, {""label"": ""j"", ""probability"": 0.00017320021288469434}]",dataset,
dataset_sample:9905,j,i,0.9554923176765442,"[{""label"": ""i"", ""probability"": 0.9554923176765442}, {""label"": ""j"", ""probability"": 0.04310077801346779}, {""label"": ""l"", ""probability"": 0.001372560509480536}]",dataset,
dataset_sample:9906,t,i,0.5677024126052856,"[{""label"": ""i"", ""probability"": 0.5677024126052856}, {""label"": ""j"", ""probability"": 0.17720122635364532}, {""label"": ""t"", ""probability"": 0.09603516012430191}]",dataset,
dataset_sample:9931,v,o,0.42569786310195923,"[{""label"": ""o"", ""probability"": 0.42569786310195923}, {""label"": ""u"", ""probability"": 0.35297563672065735}, {""label"": ""v"", ""probability"": 0.21701884269714355}]",dataset,
dataset_sample:9952,i,l,0.8268881440162659,"[{""label"": ""l"", ""probability"": 0.8268881440162659}, {""label"": ""i"", ""probability"": 0.17305122315883636}, {""label"": ""j"", ""probability"": 3.553505666786805e-05}]",dataset,
dataset_sample:9955,q,y,0.950570285320282,"[{""label"": ""y"", ""probability"": 0.950570285320282}, {""label"": ""g"", ""probability"": 0.031708724796772}, {""label"": ""q"", ""probability"": 0.017683975398540497}]",dataset,
dataset_sample:9964,x,k,0.9823725819587708,"[{""label"": ""k"", ""probability"": 0.9823725819587708}, {""label"": ""x"", ""probability"": 0.013097381219267845}, {""label"": ""h"", ""probability"": 0.0016290325438603759}]",dataset,
dataset_sample:10002,q,g,0.6253296136856079,"[{""label"": ""g"", ""probability"": 0.6253296136856079}, {""label"": ""q"", ""probability"": 0.371174693107605}, {""label"": ""b"", ""probability"": 0.001429882482625544}]",dataset,
dataset_sample:10003,i,l,0.7708674669265747,"[{""label"": ""l"", ""probability"": 0.7708674669265747}, {""label"": ""i"", ""probability"": 0.22909842431545258}, {""label"": ""j"", ""probability"": 8.695141332282219e-06}]",dataset,
dataset_sample:10008,g,q,0.7760453820228577,"[{""label"": ""q"", ""probability"": 0.7760453820228577}, {""label"": ""g"", ""probability"": 0.22308982908725739}, {""label"": ""p"", ""probability"": 0.0008016717620193958}]",dataset,
dataset_sample:10027,q,o,0.5335767269134521,"[{""label"": ""o"", ""probability"": 0.5335767269134521}, {""label"": ""q"", ""probability"": 0.4623302221298218}, {""label"": ""g"", ""probability"": 0.003560406854376197}]",dataset,
dataset_sample:10031,y,j,0.6333747506141663,"[{""label"": ""j"", ""probability"": 0.6333747506141663}, {""label"": ""y"", ""probability"": 0.36265990138053894}, {""label"": ""g"", ""probability"": 0.0016799422446638346}]",dataset,
dataset_sample:10040,t,z,0.6939911246299744,"[{""label"": ""z"", ""probability"": 0.6939911246299744}, {""label"": ""p"", ""probability"": 0.08539821207523346}, {""label"": ""t"", ""probability"": 0.06379099190235138}]",dataset,
dataset_sample:10153,a,e,0.8313650488853455,"[{""label"": ""e"", ""probability"": 0.8313650488853455}, {""label"": ""a"", ""probability"": 0.0869043618440628}, {""label"": ""q"", ""probability"": 0.05970427021384239}]",dataset,
dataset_sample:10171,g,q,0.5488481521606445,"[{""label"": ""q"", ""probability"": 0.5488481521606445}, {""label"": ""g"", ""probability"": 0.4429442286491394}, {""label"": ""a"", ""probability"": 0.007862448692321777}]",dataset,
dataset_sample:10174,t,s,0.31908470392227173,"[{""label"": ""s"", ""probability"": 0.31908470392227173}, {""label"": ""r"", ""probability"": 0.14446602761745453}, {""label"": ""f"", ""probability"": 0.1379924863576889}]",dataset,
dataset_sample:10225,g,q,0.7333667874336243,"[{""label"": ""q"", ""probability"": 0.7333667874336243}, {""label"": ""g"", ""probability"": 0.26662352681159973}, {""label"": ""y"", ""probability"": 4.430336048244499e-06}]",dataset,
dataset_sample:10243,j,v,0.924525260925293,"[{""label"": ""v"", ""probability"": 0.924525260925293}, {""label"": ""j"", ""probability"": 0.04015805944800377}, {""label"": ""l"", ""probability"": 0.01520647294819355}]",dataset,
dataset_sample:10266,d,o,0.5823469161987305,"[{""label"": ""o"", ""probability"": 0.5823469161987305}, {""label"": ""d"", ""probability"": 0.41714105010032654}, {""label"": ""u"", ""probability"": 0.00026258957223035395}]",dataset,
dataset_sample:10297,x,y,0.6117002964019775,"[{""label"": ""y"", ""probability"": 0.6117002964019775}, {""label"": ""x"", ""probability"": 0.38675639033317566}, {""label"": ""t"", ""probability"": 0.0003792613570112735}]",dataset,
dataset_sample:10301,i,l,0.6442978382110596,"[{""label"": ""l"", ""probability"": 0.6442978382110596}, {""label"": ""i"", ""probability"": 0.35565659403800964}, {""label"": ""j"", ""probability"": 1.641653580009006e-05}]",dataset,
dataset_sample:10372,t,f,0.9323506951332092,"[{""label"": ""f"", ""probability"": 0.9323506951332092}, {""label"": ""t"", ""probability"": 0.0662277415394783}, {""label"": ""r"", ""probability"": 0.0005973195657134056}]",dataset,
dataset_sample:10389,g,q,0.7001185417175293,"[{""label"": ""q"", ""probability"": 0.7001185417175293}, {""label"": ""g"", ""probability"": 0.21597352623939514}, {""label"": ""e"", ""probability"": 0.05289682745933533}]",dataset,
dataset_sample:10413,j,t,0.7004973888397217,"[{""label"": ""t"", ""probability"": 0.7004973888397217}, {""label"": ""j"", ""probability"": 0.2060956507921219}, {""label"": ""i"", ""probability"": 0.08394075930118561}]",dataset,
dataset_sample:10454,i,j,0.922813892364502,"[{""label"": ""j"", ""probability"": 0.922813892364502}, {""label"": ""i"", ""probability"": 0.07676085084676743}, {""label"": ""l"", ""probability"": 0.0003471359086688608}]",dataset,
dataset_sample:10462,x,y,0.958472728729248,"[{""label"": ""y"", ""probability"": 0.958472728729248}, {""label"": ""x"", ""probability"": 0.037506166845560074}, {""label"": ""v"", ""probability"": 0.0034779354464262724}]",dataset,
dataset_sample:10468,i,l,0.8893151879310608,"[{""label"": ""l"", ""probability"": 0.8893151879310608}, {""label"": ""i"", ""probability"": 0.11053834855556488}, {""label"": ""j"", ""probability"": 6.975948781473562e-05}]",dataset,
dataset_sample:10542,m,n,0.5362003445625305,"[{""label"": ""n"", ""probability"": 0.5362003445625305}, {""label"": ""m"", ""probability"": 0.2617747187614441}, {""label"": ""h"", ""probability"": 0.11124076694250107}]",dataset,
dataset_sample:10553,g,a,0.4929850399494171,"[{""label"": ""a"", ""probability"": 0.4929850399494171}, {""label"": ""q"", ""probability"": 0.3555809557437897}, {""label"": ""g"", ""probability"": 0.12364090234041214}]",dataset,
dataset_sample:10565,u,v,0.6095101237297058,"[{""label"": ""v"", ""probability"": 0.6095101237297058}, {""label"": ""u"", ""probability"": 0.38967448472976685}, {""label"": ""n"", ""probability"": 0.00019005157810170203}]",dataset,
dataset_sample:10593,l,i,0.8075591325759888,"[{""label"": ""i"", ""probability"": 0.8075591325759888}, {""label"": ""l"", ""probability"": 0.18887552618980408}, {""label"": ""j"", ""probability"": 0.0033925995230674744}]",dataset,
dataset_sample:10594,h,a,0.8195249438285828,"[{""label"": ""a"", ""probability"": 0.8195249438285828}, {""label"": ""h"", ""probability"": 0.1766708344221115}, {""label"": ""r"", ""probability"": 0.0010836708825081587}]",dataset,
dataset_sample:10643,i,l,0.8656833171844482,"[{""label"": ""l"", ""probability"": 0.8656833171844482}, {""label"": ""i"", ""probability"": 0.1342596858739853}, {""label"": ""v"", ""probability"": 1.7081578334909864e-05}]",dataset,
dataset_sample:10657,i,l,0.5276647806167603,"[{""label"": ""l"", ""probability"": 0.5276647806167603}, {""label"": ""i"", ""probability"": 0.47173404693603516}, {""label"": ""v"", ""probability"": 0.00023494285414926708}]",dataset,
dataset_sample:10663,g,s,0.9996423721313477,"[{""label"": ""s"", ""probability"": 0.9996423721313477}, {""label"": ""j"", ""probability"": 0.00020731109543703496}, {""label"": ""g"", ""probability"": 0.00012304302072152495}]",dataset,
dataset_sample:10673,i,l,0.7197373509407043,"[{""label"": ""l"", ""probability"": 0.7197373509407043}, {""label"": ""i"", ""probability"": 0.2802378237247467}, {""label"": ""j"", ""probability"": 1.102989881474059e-05}]",dataset,
dataset_sample:10679,n,y,0.9911189675331116,"[{""label"": ""y"", ""probability"": 0.9911189675331116}, {""label"": ""q"", ""probability"": 0.0019354874966666102}, {""label"": ""u"", ""probability"": 0.001479458180256188}]",dataset,
dataset_sample:10688,p,o,0.46894046664237976,"[{""label"": ""o"", ""probability"": 0.46894046664237976}, {""label"": ""b"", ""probability"": 0.18414533138275146}, {""label"": ""p"", ""probability"": 0.17153866589069366}]",dataset,
dataset_sample:10721,q,g,0.9255186915397644,"[{""label"": ""g"", ""probability"": 0.9255186915397644}, {""label"": ""q"", ""probability"": 0.07446897029876709}, {""label"": ""a"", ""probability"": 8.065409019764047e-06}]",dataset,
dataset_sample:10726,q,g,0.6240603923797607,"[{""label"": ""g"", ""probability"": 0.6240603923797607}, {""label"": ""q"", ""probability"": 0.3759388327598572}, {""label"": ""e"", ""probability"": 3.4794689440786897e-07}]",dataset,
dataset_sample:10768,i,l,0.6508083343505859,"[{""label"": ""l"", ""probability"": 0.6508083343505859}, {""label"": ""i"", ""probability"": 0.34904178977012634}, {""label"": ""j"", ""probability"": 0.0001007118116831407}]",dataset,
dataset_sample:10806,g,q,0.7953660488128662,"[{""label"": ""q"", ""probability"": 0.7953660488128662}, {""label"": ""g"", ""probability"": 0.20449532568454742}, {""label"": ""a"", ""probability"": 0.00010115931945620105}]",dataset,
dataset_sample:10829,x,n,0.8939153552055359,"[{""label"": ""n"", ""probability"": 0.8939153552055359}, {""label"": ""x"", ""probability"": 0.038861341774463654}, {""label"": ""r"", ""probability"": 0.029532160609960556}]",dataset,
dataset_sample:10850,y,p,0.9999978542327881,"[{""label"": ""p"", ""probability"": 0.9999978542327881}, {""label"": ""r"", ""probability"": 9.511671805739752e-07}, {""label"": ""f"", ""probability"": 9.4229108071886e-07}]",dataset,
dataset_sample:10857,y,u,0.7834340929985046,"[{""label"": ""u"", ""probability"": 0.7834340929985046}, {""label"": ""y"", ""probability"": 0.21515311300754547}, {""label"": ""g"", ""probability"": 0.00045435826177708805}]",dataset,
dataset_sample:10907,u,w,0.9962992072105408,"[{""label"": ""w"", ""probability"": 0.9962992072105408}, {""label"": ""n"", ""probability"": 0.0016263817669823766}, {""label"": ""v"", ""probability"": 0.0011122921714559197}]",dataset,
dataset_sample:10918,i,l,0.6707807183265686,"[{""label"": ""l"", ""probability"": 0.6707807183265686}, {""label"": ""i"", ""probability"": 0.3291361629962921}, {""label"": ""j"", ""probability"": 5.0943945097969845e-05}]",dataset,
dataset_sample:10921,i,l,0.5947358012199402,"[{""label"": ""l"", ""probability"": 0.5947358012199402}, {""label"": ""i"", ""probability"": 0.4051928222179413}, {""label"": ""j"", ""probability"": 5.20274588780012e-05}]",dataset,
dataset_sample:10931,h,y,0.9940557479858398,"[{""label"": ""y"", ""probability"": 0.9940557479858398}, {""label"": ""h"", ""probability"": 0.0036218282766640186}, {""label"": ""w"", ""probability"": 0.0012220187345519662}]",dataset,
dataset_sample:10932,j,g,0.6962898969650269,"[{""label"": ""g"", ""probability"": 0.6962898969650269}, {""label"": ""j"", ""probability"": 0.2997439503669739}, {""label"": ""d"", ""probability"": 0.0017083034617826343}]",dataset,
dataset_sample:10943,v,u,0.9707343578338623,"[{""label"": ""u"", ""probability"": 0.9707343578338623}, {""label"": ""v"", ""probability"": 0.02324664406478405}, {""label"": ""o"", ""probability"": 0.0026871038135141134}]",dataset,
dataset_sample:10953,l,i,0.6977073550224304,"[{""label"": ""i"", ""probability"": 0.6977073550224304}, {""label"": ""l"", ""probability"": 0.30179527401924133}, {""label"": ""j"", ""probability"": 0.0001490095310145989}]",dataset,
dataset_sample:10971,o,d,0.5579400658607483,"[{""label"": ""d"", ""probability"": 0.5579400658607483}, {""label"": ""o"", ""probability"": 0.44158101081848145}, {""label"": ""p"", ""probability"": 0.00020751389092765749}]",dataset,
dataset_sample:10977,g,q,0.7561371326446533,"[{""label"": ""q"", ""probability"": 0.7561371326446533}, {""label"": ""g"", ""probability"": 0.2040063738822937}, {""label"": ""a"", ""probability"": 0.039627477526664734}]",dataset,
dataset_sample:10989,q,a,0.812260091304779,"[{""label"": ""a"", ""probability"": 0.812260091304779}, {""label"": ""q"", ""probability"": 0.18631094694137573}, {""label"": ""e"", ""probability"": 0.0005319210467860103}]",dataset,
dataset_sample:10996,l,i,0.7087672352790833,"[{""label"": ""i"", ""probability"": 0.7087672352790833}, {""label"": ""l"", ""probability"": 0.2911805510520935}, {""label"": ""j"", ""probability"": 3.375322194187902e-05}]",dataset,
dataset_sample:11028,q,g,0.7135577201843262,"[{""label"": ""g"", ""probability"": 0.7135577201843262}, {""label"": ""q"", ""probability"": 0.21587951481342316}, {""label"": ""a"", ""probability"": 0.07028122991323471}]",dataset,
dataset_sample:11070,w,j,0.534720242023468,"[{""label"": ""j"", ""probability"": 0.534720242023468}, {""label"": ""w"", ""probability"": 0.14050067961215973}, {""label"": ""v"", ""probability"": 0.07396641373634338}]",dataset,
dataset_sample:11107,l,i,0.56960529088974,"[{""label"": ""i"", ""probability"": 0.56960529088974}, {""label"": ""l"", ""probability"": 0.4303136467933655}, {""label"": ""j"", ""probability"": 2.081927414110396e-05}]",dataset,
dataset_sample:11116,k,x,0.9988835453987122,"[{""label"": ""x"", ""probability"": 0.9988835453987122}, {""label"": ""k"", ""probability"": 0.001110178418457508}, {""label"": ""y"", ""probability"": 2.4727107756916666e-06}]",dataset,
dataset_sample:11134,t,y,0.9953151941299438,"[{""label"": ""y"", ""probability"": 0.9953151941299438}, {""label"": ""t"", ""probability"": 0.004590942990034819}, {""label"": ""h"", ""probability"": 8.284095383714885e-05}]",dataset,
dataset_sample:11153,h,f,0.32884731888771057,"[{""label"": ""f"", ""probability"": 0.32884731888771057}, {""label"": ""j"", ""probability"": 0.22393949329853058}, {""label"": ""d"", ""probability"": 0.17129400372505188}]",dataset,
dataset_sample:11167,r,n,0.34695833921432495,"[{""label"": ""n"", ""probability"": 0.34695833921432495}, {""label"": ""i"", ""probability"": 0.2064446210861206}, {""label"": ""x"", ""probability"": 0.11983387172222137}]",dataset,
dataset_sample:11183,i,l,0.9030652046203613,"[{""label"": ""l"", ""probability"": 0.9030652046203613}, {""label"": ""i"", ""probability"": 0.0966457724571228}, {""label"": ""d"", ""probability"": 7.669968181289732e-05}]",dataset,
dataset_sample:11184,q,g,0.7118179798126221,"[{""label"": ""g"", ""probability"": 0.7118179798126221}, {""label"": ""q"", ""probability"": 0.2881563901901245}, {""label"": ""y"", ""probability"": 2.23190218093805e-05}]",dataset,
dataset_sample:11206,l,i,0.5756000876426697,"[{""label"": ""i"", ""probability"": 0.5756000876426697}, {""label"": ""l"", ""probability"": 0.42430010437965393}, {""label"": ""j"", ""probability"": 4.4530024752020836e-05}]",dataset,
dataset_sample:11211,u,v,0.6805171370506287,"[{""label"": ""v"", ""probability"": 0.6805171370506287}, {""label"": ""u"", ""probability"": 0.2550540566444397}, {""label"": ""y"", ""probability"": 0.053384825587272644}]",dataset,
dataset_sample:11220,r,y,0.848502516746521,"[{""label"": ""y"", ""probability"": 0.848502516746521}, {""label"": ""v"", ""probability"": 0.1412188559770584}, {""label"": ""r"", ""probability"": 0.009587530046701431}]",dataset,
dataset_sample:11223,c,o,0.5518141984939575,"[{""label"": ""o"", ""probability"": 0.5518141984939575}, {""label"": ""c"", ""probability"": 0.4029681384563446}, {""label"": ""a"", ""probability"": 0.030506916344165802}]",dataset,
dataset_sample:11226,a,f,0.9999948740005493,"[{""label"": ""f"", ""probability"": 0.9999948740005493}, {""label"": ""t"", ""probability"": 3.3894261832756456e-06}, {""label"": ""j"", ""probability"": 8.966297286860936e-07}]",dataset,
dataset_sample:11241,b,h,0.8957177400588989,"[{""label"": ""h"", ""probability"": 0.8957177400588989}, {""label"": ""b"", ""probability"": 0.10076314955949783}, {""label"": ""l"", ""probability"": 0.0030061895959079266}]",dataset,
dataset_sample:11271,l,i,0.7574149966239929,"[{""label"": ""i"", ""probability"": 0.7574149966239929}, {""label"": ""l"", ""probability"": 0.24238815903663635}, {""label"": ""j"", ""probability"": 0.00017150961502920836}]",dataset,
dataset_sample:11272,i,l,0.7825767993927002,"[{""label"": ""l"", ""probability"": 0.7825767993927002}, {""label"": ""i"", ""probability"": 0.2129090577363968}, {""label"": ""v"", ""probability"": 0.0027578268200159073}]",dataset,
dataset_sample:11287,i,l,0.5920312404632568,"[{""label"": ""l"", ""probability"": 0.5920312404632568}, {""label"": ""i"", ""probability"": 0.4074232578277588}, {""label"": ""j"", ""probability"": 0.00014277049922384322}]",dataset,
dataset_sample:11298,c,e,0.6068475246429443,"[{""label"": ""e"", ""probability"": 0.6068475246429443}, {""label"": ""c"", ""probability"": 0.25893527269363403}, {""label"": ""z"", ""probability"": 0.06984598934650421}]",dataset,
dataset_sample:11306,g,q,0.7008623480796814,"[{""label"": ""q"", ""probability"": 0.7008623480796814}, {""label"": ""g"", ""probability"": 0.297718346118927}, {""label"": ""a"", ""probability"": 0.001295612077228725}]",dataset,
dataset_sample:11321,l,i,0.5155985355377197,"[{""label"": ""i"", ""probability"": 0.5155985355377197}, {""label"": ""l"", ""probability"": 0.4843798577785492}, {""label"": ""j"", ""probability"": 1.3455320186039899e-05}]",dataset,
dataset_sample:11325,n,m,0.5191463828086853,"[{""label"": ""m"", ""probability"": 0.5191463828086853}, {""label"": ""n"", ""probability"": 0.4230290949344635}, {""label"": ""g"", ""probability"": 0.01419859379529953}]",dataset,
dataset_sample:11348,a,g,0.959356427192688,"[{""label"": ""g"", ""probability"": 0.959356427192688}, {""label"": ""a"", ""probability"": 0.03682065010070801}, {""label"": ""q"", ""probability"": 0.0037809195928275585}]",dataset,
dataset_sample:11354,z,b,0.7626401782035828,"[{""label"": ""b"", ""probability"": 0.7626401782035828}, {""label"": ""q"", ""probability"": 0.16050277650356293}, {""label"": ""z"", ""probability"": 0.04696686565876007}]",dataset,
dataset_sample:11361,e,a,0.9342947006225586,"[{""label"": ""a"", ""probability"": 0.9342947006225586}, {""label"": ""e"", ""probability"": 0.0475727878510952}, {""label"": ""o"", ""probability"": 0.011515388265252113}]",dataset,
dataset_sample:11362,h,z,0.2488814741373062,"[{""label"": ""z"", ""probability"": 0.2488814741373062}, {""label"": ""a"", ""probability"": 0.20746327936649323}, {""label"": ""h"", ""probability"": 0.16643114387989044}]",dataset,
dataset_sample:11368,n,a,0.7425329089164734,"[{""label"": ""a"", ""probability"": 0.7425329089164734}, {""label"": ""n"", ""probability"": 0.24674761295318604}, {""label"": ""o"", ""probability"": 0.007836426608264446}]",dataset,
dataset_sample:11378,o,c,0.8235906362533569,"[{""label"": ""c"", ""probability"": 0.8235906362533569}, {""label"": ""o"", ""probability"": 0.09366548806428909}, {""label"": ""g"", ""probability"": 0.05656953901052475}]",dataset,
dataset_sample:11407,u,w,0.5478807687759399,"[{""label"": ""w"", ""probability"": 0.5478807687759399}, {""label"": ""u"", ""probability"": 0.4478304088115692}, {""label"": ""v"", ""probability"": 0.002177146030589938}]",dataset,
dataset_sample:11447,e,f,0.6158306002616882,"[{""label"": ""f"", ""probability"": 0.6158306002616882}, {""label"": ""e"", ""probability"": 0.3789171576499939}, {""label"": ""c"", ""probability"": 0.002533756196498871}]",dataset,
dataset_sample:11453,a,g,0.9354047775268555,"[{""label"": ""g"", ""probability"": 0.9354047775268555}, {""label"": ""a"", ""probability"": 0.03273971751332283}, {""label"": ""q"", ""probability"": 0.031049326062202454}]",dataset,
dataset_sample:11454,v,r,0.8161231279373169,"[{""label"": ""r"", ""probability"": 0.8161231279373169}, {""label"": ""v"", ""probability"": 0.1809380203485489}, {""label"": ""y"", ""probability"": 0.002281429246068001}]",dataset,
dataset_sample:11478,i,j,0.5731794834136963,"[{""label"": ""j"", ""probability"": 0.5731794834136963}, {""label"": ""i"", ""probability"": 0.425540566444397}, {""label"": ""l"", ""probability"": 0.00040372100193053484}]",dataset,
dataset_sample:11485,i,l,0.5675703287124634,"[{""label"": ""l"", ""probability"": 0.5675703287124634}, {""label"": ""i"", ""probability"": 0.43240228295326233}, {""label"": ""j"", ""probability"": 7.319810720218811e-06}]",dataset,
dataset_sample:11558,u,a,0.9180336594581604,"[{""label"": ""a"", ""probability"": 0.9180336594581604}, {""label"": ""u"", ""probability"": 0.07087516784667969}, {""label"": ""n"", ""probability"": 0.003738547908142209}]",dataset,
dataset_sample:11601,i,l,0.6799472570419312,"[{""label"": ""l"", ""probability"": 0.6799472570419312}, {""label"": ""i"", ""probability"": 0.31991612911224365}, {""label"": ""j"", ""probability"": 4.262835864210501e-05}]",dataset,
dataset_sample:11606,u,j,0.9416844844818115,"[{""label"": ""j"", ""probability"": 0.9416844844818115}, {""label"": ""u"", ""probability"": 0.040435340255498886}, {""label"": ""v"", ""probability"": 0.016681991517543793}]",dataset,
dataset_sample:11616,y,v,0.939223051071167,"[{""label"": ""v"", ""probability"": 0.939223051071167}, {""label"": ""y"", ""probability"": 0.05704024061560631}, {""label"": ""r"", ""probability"": 0.0018942217575386167}]",dataset,
dataset_sample:11633,v,r,0.5190243124961853,"[{""label"": ""r"", ""probability"": 0.5190243124961853}, {""label"": ""v"", ""probability"": 0.4788185954093933}, {""label"": ""l"", ""probability"": 0.0010794212576001883}]",dataset,
dataset_sample:11646,g,q,0.8389293551445007,"[{""label"": ""q"", ""probability"": 0.8389293551445007}, {""label"": ""g"", ""probability"": 0.16091828048229218}, {""label"": ""a"", ""probability"": 0.00013761990703642368}]",dataset,
dataset_sample:11654,q,g,0.5976797342300415,"[{""label"": ""g"", ""probability"": 0.5976797342300415}, {""label"": ""q"", ""probability"": 0.379426509141922}, {""label"": ""y"", ""probability"": 0.014238359406590462}]",dataset,
dataset_sample:11655,g,q,0.7921651005744934,"[{""label"": ""q"", ""probability"": 0.7921651005744934}, {""label"": ""g"", ""probability"": 0.20782513916492462}, {""label"": ""y"", ""probability"": 6.874861355754547e-06}]",dataset,
dataset_sample:11670,g,b,0.8899734616279602,"[{""label"": ""b"", ""probability"": 0.8899734616279602}, {""label"": ""g"", ""probability"": 0.09870272129774094}, {""label"": ""l"", ""probability"": 0.007321838289499283}]",dataset,
dataset_sample:11686,l,i,0.5846667885780334,"[{""label"": ""i"", ""probability"": 0.5846667885780334}, {""label"": ""l"", ""probability"": 0.4152916371822357}, {""label"": ""j"", ""probability"": 1.4235285561881028e-05}]",dataset,
dataset_sample:11702,j,t,0.6447081565856934,"[{""label"": ""t"", ""probability"": 0.6447081565856934}, {""label"": ""j"", ""probability"": 0.2015005350112915}, {""label"": ""r"", ""probability"": 0.06342668831348419}]",dataset,
dataset_sample:11704,p,d,0.9306079745292664,"[{""label"": ""d"", ""probability"": 0.9306079745292664}, {""label"": ""o"", ""probability"": 0.0486738421022892}, {""label"": ""p"", ""probability"": 0.016558676958084106}]",dataset,
dataset_sample:11713,q,g,0.7793001532554626,"[{""label"": ""g"", ""probability"": 0.7793001532554626}, {""label"": ""q"", ""probability"": 0.20677834749221802}, {""label"": ""o"", ""probability"": 0.009342767298221588}]",dataset,
dataset_sample:11731,q,g,0.5488406419754028,"[{""label"": ""g"", ""probability"": 0.5488406419754028}, {""label"": ""q"", ""probability"": 0.45113858580589294}, {""label"": ""a"", ""probability"": 2.038286766037345e-05}]",dataset,
dataset_sample:11732,v,j,0.9959681034088135,"[{""label"": ""j"", ""probability"": 0.9959681034088135}, {""label"": ""v"", ""probability"": 0.002254122868180275}, {""label"": ""i"", ""probability"": 0.000962627527769655}]",dataset,
dataset_sample:11746,i,l,0.5895718932151794,"[{""label"": ""l"", ""probability"": 0.5895718932151794}, {""label"": ""j"", ""probability"": 0.23856213688850403}, {""label"": ""i"", ""probability"": 0.16849443316459656}]",dataset,
dataset_sample:11768,x,k,0.9481000304222107,"[{""label"": ""k"", ""probability"": 0.9481000304222107}, {""label"": ""x"", ""probability"": 0.05171103775501251}, {""label"": ""r"", ""probability"": 0.00014755631855223328}]",dataset,
dataset_sample:11792,x,t,0.45211344957351685,"[{""label"": ""t"", ""probability"": 0.45211344957351685}, {""label"": ""h"", ""probability"": 0.43218156695365906}, {""label"": ""y"", ""probability"": 0.1049148365855217}]",dataset,
dataset_sample:11837,g,q,0.5524998307228088,"[{""label"": ""q"", ""probability"": 0.5524998307228088}, {""label"": ""g"", ""probability"": 0.44749709963798523}, {""label"": ""y"", ""probability"": 2.465561010467354e-06}]",dataset,
dataset_sample:11845,j,i,0.6207640171051025,"[{""label"": ""i"", ""probability"": 0.6207640171051025}, {""label"": ""j"", ""probability"": 0.37715351581573486}, {""label"": ""l"", ""probability"": 0.0018970882520079613}]",dataset,
dataset_sample:11899,y,x,0.6330886483192444,"[{""label"": ""x"", ""probability"": 0.6330886483192444}, {""label"": ""u"", ""probability"": 0.1696919947862625}, {""label"": ""a"", ""probability"": 0.0618952140212059}]",dataset,
dataset_sample:11910,i,l,0.8642266392707825,"[{""label"": ""l"", ""probability"": 0.8642266392707825}, {""label"": ""i"", ""probability"": 0.13564708828926086}, {""label"": ""h"", ""probability"": 3.143134745187126e-05}]",dataset,
dataset_sample:11949,i,l,0.7543468475341797,"[{""label"": ""l"", ""probability"": 0.7543468475341797}, {""label"": ""i"", ""probability"": 0.24558739364147186}, {""label"": ""j"", ""probability"": 5.8685422118287534e-05}]",dataset,
dataset_sample:11961,i,l,0.635360836982727,"[{""label"": ""l"", ""probability"": 0.635360836982727}, {""label"": ""i"", ""probability"": 0.3645881414413452}, {""label"": ""j"", ""probability"": 2.6037658244604245e-05}]",dataset,
dataset_sample:11990,q,g,0.6383897066116333,"[{""label"": ""g"", ""probability"": 0.6383897066116333}, {""label"": ""q"", ""probability"": 0.3590764105319977}, {""label"": ""a"", ""probability"": 0.0019637474324554205}]",dataset,
dataset_sample:11999,r,v,0.8996629118919373,"[{""label"": ""v"", ""probability"": 0.8996629118919373}, {""label"": ""r"", ""probability"": 0.09340567141771317}, {""label"": ""y"", ""probability"": 0.006855775136500597}]",dataset,
dataset_sample:12015,l,i,0.5629514455795288,"[{""label"": ""i"", ""probability"": 0.5629514455795288}, {""label"": ""l"", ""probability"": 0.43702900409698486}, {""label"": ""j"", ""probability"": 1.5089033695403486e-05}]",dataset,
dataset_sample:12016,d,o,0.9241635799407959,"[{""label"": ""o"", ""probability"": 0.9241635799407959}, {""label"": ""d"", ""probability"": 0.0751427486538887}, {""label"": ""u"", ""probability"": 0.0001657353714108467}]",dataset,
dataset_sample:12031,l,i,0.5589900016784668,"[{""label"": ""i"", ""probability"": 0.5589900016784668}, {""label"": ""l"", ""probability"": 0.44098711013793945}, {""label"": ""j"", ""probability"": 1.4174606803862844e-05}]",dataset,
dataset_sample:12032,l,i,0.7054027318954468,"[{""label"": ""i"", ""probability"": 0.7054027318954468}, {""label"": ""l"", ""probability"": 0.29444074630737305}, {""label"": ""j"", ""probability"": 0.00015038374112918973}]",dataset,
dataset_sample:12046,u,v,0.9001961946487427,"[{""label"": ""v"", ""probability"": 0.9001961946487427}, {""label"": ""u"", ""probability"": 0.09978636354207993}, {""label"": ""w"", ""probability"": 5.213576059759362e-06}]",dataset,
dataset_sample:12048,u,e,0.9998306035995483,"[{""label"": ""e"", ""probability"": 0.9998306035995483}, {""label"": ""c"", ""probability"": 9.450518700759858e-05}, {""label"": ""g"", ""probability"": 4.221836570650339e-05}]",dataset,
dataset_sample:12057,a,q,0.7585704922676086,"[{""label"": ""q"", ""probability"": 0.7585704922676086}, {""label"": ""a"", ""probability"": 0.13398760557174683}, {""label"": ""g"", ""probability"": 0.10718998312950134}]",dataset,
dataset_sample:12058,d,o,0.6108930706977844,"[{""label"": ""o"", ""probability"": 0.6108930706977844}, {""label"": ""d"", ""probability"": 0.3854355812072754}, {""label"": ""e"", ""probability"": 0.0012438208796083927}]",dataset,
dataset_sample:12064,p,d,0.9581266045570374,"[{""label"": ""d"", ""probability"": 0.9581266045570374}, {""label"": ""p"", ""probability"": 0.038057636469602585}, {""label"": ""o"", ""probability"": 0.0023336338344961405}]",dataset,
dataset_sample:12070,q,g,0.646639883518219,"[{""label"": ""g"", ""probability"": 0.646639883518219}, {""label"": ""q"", ""probability"": 0.3533423840999603}, {""label"": ""a"", ""probability"": 9.819592378335074e-06}]",dataset,
dataset_sample:12129,w,v,0.5869970321655273,"[{""label"": ""v"", ""probability"": 0.5869970321655273}, {""label"": ""w"", ""probability"": 0.3778955340385437}, {""label"": ""u"", ""probability"": 0.03148411959409714}]",dataset,
dataset_sample:12142,t,k,0.49537739157676697,"[{""label"": ""k"", ""probability"": 0.49537739157676697}, {""label"": ""t"", ""probability"": 0.4817020297050476}, {""label"": ""l"", ""probability"": 0.011511297896504402}]",dataset,
dataset_sample:12144,f,t,0.8980700373649597,"[{""label"": ""t"", ""probability"": 0.8980700373649597}, {""label"": ""l"", ""probability"": 0.07435355335474014}, {""label"": ""r"", ""probability"": 0.01746472530066967}]",dataset,
dataset_sample:12148,i,l,0.6034437417984009,"[{""label"": ""l"", ""probability"": 0.6034437417984009}, {""label"": ""i"", ""probability"": 0.39634788036346436}, {""label"": ""v"", ""probability"": 0.00012429359776433557}]",dataset,
dataset_sample:12186,g,q,0.9572111368179321,"[{""label"": ""q"", ""probability"": 0.9572111368179321}, {""label"": ""g"", ""probability"": 0.042734891176223755}, {""label"": ""y"", ""probability"": 2.3890142983873375e-05}]",dataset,
dataset_sample:12201,q,o,0.7751613259315491,"[{""label"": ""o"", ""probability"": 0.7751613259315491}, {""label"": ""d"", ""probability"": 0.17703568935394287}, {""label"": ""q"", ""probability"": 0.04740240052342415}]",dataset,
dataset_sample:12203,i,l,0.8138848543167114,"[{""label"": ""l"", ""probability"": 0.8138848543167114}, {""label"": ""i"", ""probability"": 0.18566882610321045}, {""label"": ""j"", ""probability"": 0.00018421004642732441}]",dataset,
dataset_sample:12277,i,l,0.7971497774124146,"[{""label"": ""l"", ""probability"": 0.7971497774124146}, {""label"": ""i"", ""probability"": 0.20265774428844452}, {""label"": ""v"", ""probability"": 8.272334525827318e-05}]",dataset,
dataset_sample:12347,j,z,0.9427415728569031,"[{""label"": ""z"", ""probability"": 0.9427415728569031}, {""label"": ""i"", ""probability"": 0.04661611095070839}, {""label"": ""j"", ""probability"": 0.008983210660517216}]",dataset,
dataset_sample:12431,m,n,0.980181872844696,"[{""label"": ""n"", ""probability"": 0.980181872844696}, {""label"": ""w"", ""probability"": 0.009056095965206623}, {""label"": ""m"", ""probability"": 0.006225490476936102}]",dataset,
dataset_sample:12434,o,a,0.9743875861167908,"[{""label"": ""a"", ""probability"": 0.9743875861167908}, {""label"": ""o"", ""probability"": 0.018597859889268875}, {""label"": ""c"", ""probability"": 0.001789677538909018}]",dataset,
dataset_sample:12436,i,l,0.7622644305229187,"[{""label"": ""l"", ""probability"": 0.7622644305229187}, {""label"": ""i"", ""probability"": 0.23761771619319916}, {""label"": ""h"", ""probability"": 4.777125650434755e-05}]",dataset,
dataset_sample:12449,q,g,0.7414660453796387,"[{""label"": ""g"", ""probability"": 0.7414660453796387}, {""label"": ""q"", ""probability"": 0.2579933702945709}, {""label"": ""a"", ""probability"": 0.0005396218039095402}]",dataset,
dataset_sample:12454,g,q,0.5779750347137451,"[{""label"": ""q"", ""probability"": 0.5779750347137451}, {""label"": ""g"", ""probability"": 0.42195889353752136}, {""label"": ""y"", ""probability"": 3.408381235203706e-05}]",dataset,
dataset_sample:12470,i,l,0.8173914551734924,"[{""label"": ""l"", ""probability"": 0.8173914551734924}, {""label"": ""i"", ""probability"": 0.18253405392169952}, {""label"": ""t"", ""probability"": 2.0462532120291144e-05}]",dataset,
