image_path,true_label,predicted_label,confidence,top_3,source,session_id
dataset_sample:17,l,i,0.585439145565033,"[{""label"": ""i"", ""probability"": 0.585439145565033}, {""label"": ""l"", ""probability"": 0.41442766785621643}, {""label"": ""j"", ""probability"": 7.541708328062668e-05}]",dataset,
dataset_sample:71,i,l,0.799270749092102,"[{""label"": ""l"", ""probability"": 0.799270749092102}, {""label"": ""i"", ""probability"": 0.20058731734752655}, {""label"": ""j"", ""probability"": 9.264260006602854e-05}]",dataset,
dataset_sample:83,l,i,0.8453749418258667,"[{""label"": ""i"", ""probability"": 0.8453749418258667}, {""label"": ""l"", ""probability"": 0.15452082455158234}, {""label"": ""j"", ""probability"": 6.375950033543631e-05}]",dataset,
dataset_sample:91,a,n,0.9716278314590454,"[{""label"": ""n"", ""probability"": 0.9716278314590454}, {""label"": ""m"", ""probability"": 0.019740410149097443}, {""label"": ""h"", ""probability"": 0.002937187673524022}]",dataset,
dataset_sample:140,q,d,0.6495848894119263,"[{""label"": ""d"", ""probability"": 0.6495848894119263}, {""label"": ""q"", ""probability"": 0.31735971570014954}, {""label"": ""a"", ""probability"": 0.023467261344194412}]",dataset,
dataset_sample:147,i,l,0.8167933821678162,"[{""label"": ""l"", ""probability"": 0.8167933821678162}, {""label"": ""i"", ""probability"": 0.1826225072145462}, {""label"": ""j"", ""probability"": 0.00017598556587472558}]",dataset,
dataset_sample:194,l,i,0.8090522289276123,"[{""label"": ""i"", ""probability"": 0.8090522289276123}, {""label"": ""l"", ""probability"": 0.19076740741729736}, {""label"": ""j"", ""probability"": 6.22951629338786e-05}]",dataset,
dataset_sample:206,s,g,0.9881501197814941,"[{""label"": ""g"", ""probability"": 0.9881501197814941}, {""label"": ""s"", ""probability"": 0.007304455619305372}, {""label"": ""q"", ""probability"": 0.0032542389817535877}]",dataset,
dataset_sample:209,l,i,0.6070349812507629,"[{""label"": ""i"", ""probability"": 0.6070349812507629}, {""label"": ""l"", ""probability"": 0.3925827443599701}, {""label"": ""j"", ""probability"": 0.00024154805578291416}]",dataset,
dataset_sample:229,i,l,0.6758973598480225,"[{""label"": ""l"", ""probability"": 0.6758973598480225}, {""label"": ""i"", ""probability"": 0.3233354389667511}, {""label"": ""j"", ""probability"": 0.00038741843309253454}]",dataset,
dataset_sample:234,i,l,0.6700488328933716,"[{""label"": ""l"", ""probability"": 0.6700488328933716}, {""label"": ""i"", ""probability"": 0.3295091986656189}, {""label"": ""h"", ""probability"": 0.00018166731751989573}]",dataset,
dataset_sample:327,z,i,0.4977562129497528,"[{""label"": ""i"", ""probability"": 0.4977562129497528}, {""label"": ""z"", ""probability"": 0.3563109338283539}, {""label"": ""n"", ""probability"": 0.040734581649303436}]",dataset,
dataset_sample:346,g,q,0.7071232199668884,"[{""label"": ""q"", ""probability"": 0.7071232199668884}, {""label"": ""g"", ""probability"": 0.28241732716560364}, {""label"": ""a"", ""probability"": 0.010038856416940689}]",dataset,
dataset_sample:376,i,l,0.7175743579864502,"[{""label"": ""l"", ""probability"": 0.7175743579864502}, {""label"": ""i"", ""probability"": 0.28073588013648987}, {""label"": ""h"", ""probability"": 0.001109976670704782}]",dataset,
dataset_sample:378,d,o,0.8682687282562256,"[{""label"": ""o"", ""probability"": 0.8682687282562256}, {""label"": ""d"", ""probability"": 0.12995444238185883}, {""label"": ""a"", ""probability"": 0.0003509788657538593}]",dataset,
dataset_sample:379,q,a,0.8583412766456604,"[{""label"": ""a"", ""probability"": 0.8583412766456604}, {""label"": ""g"", ""probability"": 0.10013644397258759}, {""label"": ""q"", ""probability"": 0.04053366184234619}]",dataset,
dataset_sample:443,i,r,0.4818285405635834,"[{""label"": ""r"", ""probability"": 0.4818285405635834}, {""label"": ""i"", ""probability"": 0.32205730676651}, {""label"": ""l"", ""probability"": 0.1710730791091919}]",dataset,
dataset_sample:444,i,l,0.9778883457183838,"[{""label"": ""l"", ""probability"": 0.9778883457183838}, {""label"": ""i"", ""probability"": 0.01306175161153078}, {""label"": ""c"", ""probability"": 0.005080315750092268}]",dataset,
dataset_sample:446,i,l,0.5480324029922485,"[{""label"": ""l"", ""probability"": 0.5480324029922485}, {""label"": ""i"", ""probability"": 0.4515805244445801}, {""label"": ""j"", ""probability"": 0.0002202550385845825}]",dataset,
dataset_sample:462,s,g,0.7815168499946594,"[{""label"": ""g"", ""probability"": 0.7815168499946594}, {""label"": ""q"", ""probability"": 0.15240415930747986}, {""label"": ""s"", ""probability"": 0.06485750526189804}]",dataset,
dataset_sample:481,i,l,0.8130673766136169,"[{""label"": ""l"", ""probability"": 0.8130673766136169}, {""label"": ""i"", ""probability"": 0.1866854578256607}, {""label"": ""j"", ""probability"": 0.00013199135719332844}]",dataset,
dataset_sample:495,l,i,0.7778538465499878,"[{""label"": ""i"", ""probability"": 0.7778538465499878}, {""label"": ""l"", ""probability"": 0.22202417254447937}, {""label"": ""j"", ""probability"": 7.339638978010044e-05}]",dataset,
dataset_sample:549,w,h,0.34505099058151245,"[{""label"": ""h"", ""probability"": 0.34505099058151245}, {""label"": ""y"", ""probability"": 0.2177218347787857}, {""label"": ""w"", ""probability"": 0.150252103805542}]",dataset,
dataset_sample:592,i,l,0.7451440095901489,"[{""label"": ""l"", ""probability"": 0.7451440095901489}, {""label"": ""i"", ""probability"": 0.25433218479156494}, {""label"": ""j"", ""probability"": 0.00023597553081344813}]",dataset,
dataset_sample:621,d,b,0.4564025104045868,"[{""label"": ""b"", ""probability"": 0.4564025104045868}, {""label"": ""d"", ""probability"": 0.4458942711353302}, {""label"": ""p"", ""probability"": 0.03810875490307808}]",dataset,
dataset_sample:631,c,l,0.5574703216552734,"[{""label"": ""l"", ""probability"": 0.5574703216552734}, {""label"": ""c"", ""probability"": 0.3599904179573059}, {""label"": ""t"", ""probability"": 0.04112711921334267}]",dataset,
dataset_sample:646,l,i,0.7077304720878601,"[{""label"": ""i"", ""probability"": 0.7077304720878601}, {""label"": ""l"", ""probability"": 0.2920057773590088}, {""label"": ""j"", ""probability"": 0.00023108726600185037}]",dataset,
dataset_sample:653,g,q,0.639055609703064,"[{""label"": ""q"", ""probability"": 0.639055609703064}, {""label"": ""g"", ""probability"": 0.31288743019104004}, {""label"": ""a"", ""probability"": 0.039478104561567307}]",dataset,
dataset_sample:660,v,u,0.5936207175254822,"[{""label"": ""u"", ""probability"": 0.5936207175254822}, {""label"": ""v"", ""probability"": 0.4030773639678955}, {""label"": ""y"", ""probability"": 0.0014186102198436856}]",dataset,
dataset_sample:675,v,w,0.8604192733764648,"[{""label"": ""w"", ""probability"": 0.8604192733764648}, {""label"": ""y"", ""probability"": 0.0752391368150711}, {""label"": ""v"", ""probability"": 0.056356679648160934}]",dataset,
dataset_sample:688,e,c,0.9045734405517578,"[{""label"": ""c"", ""probability"": 0.9045734405517578}, {""label"": ""e"", ""probability"": 0.09339366853237152}, {""label"": ""l"", ""probability"": 0.0018160282634198666}]",dataset,
dataset_sample:701,c,a,0.4655507802963257,"[{""label"": ""a"", ""probability"": 0.4655507802963257}, {""label"": ""c"", ""probability"": 0.32922759652137756}, {""label"": ""q"", ""probability"": 0.06755538284778595}]",dataset,
dataset_sample:744,i,l,0.7755601406097412,"[{""label"": ""l"", ""probability"": 0.7755601406097412}, {""label"": ""i"", ""probability"": 0.1472136229276657}, {""label"": ""t"", ""probability"": 0.024897795170545578}]",dataset,
dataset_sample:745,g,q,0.8012007474899292,"[{""label"": ""q"", ""probability"": 0.8012007474899292}, {""label"": ""g"", ""probability"": 0.1985069215297699}, {""label"": ""a"", ""probability"": 0.00023368459369521588}]",dataset,
dataset_sample:759,e,p,0.650009036064148,"[{""label"": ""p"", ""probability"": 0.650009036064148}, {""label"": ""e"", ""probability"": 0.3302775025367737}, {""label"": ""r"", ""probability"": 0.013378598727285862}]",dataset,
dataset_sample:762,i,l,0.8675483465194702,"[{""label"": ""l"", ""probability"": 0.8675483465194702}, {""label"": ""i"", ""probability"": 0.13232120871543884}, {""label"": ""h"", ""probability"": 7.84348594606854e-05}]",dataset,
dataset_sample:770,w,u,0.7160513401031494,"[{""label"": ""u"", ""probability"": 0.7160513401031494}, {""label"": ""w"", ""probability"": 0.2558653950691223}, {""label"": ""v"", ""probability"": 0.022731298580765724}]",dataset,
dataset_sample:771,i,l,0.5616421103477478,"[{""label"": ""l"", ""probability"": 0.5616421103477478}, {""label"": ""i"", ""probability"": 0.43645206093788147}, {""label"": ""j"", ""probability"": 0.0015252497978508472}]",dataset,
dataset_sample:782,i,l,0.7396072745323181,"[{""label"": ""l"", ""probability"": 0.7396072745323181}, {""label"": ""i"", ""probability"": 0.25717437267303467}, {""label"": ""j"", ""probability"": 0.0015851638745516539}]",dataset,
dataset_sample:860,j,d,0.5283287763595581,"[{""label"": ""d"", ""probability"": 0.5283287763595581}, {""label"": ""j"", ""probability"": 0.3797842860221863}, {""label"": ""i"", ""probability"": 0.0665765330195427}]",dataset,
dataset_sample:883,i,l,0.7050389051437378,"[{""label"": ""l"", ""probability"": 0.7050389051437378}, {""label"": ""i"", ""probability"": 0.2932600975036621}, {""label"": ""h"", ""probability"": 0.0003936763678211719}]",dataset,
dataset_sample:898,k,x,0.9724498391151428,"[{""label"": ""x"", ""probability"": 0.9724498391151428}, {""label"": ""k"", ""probability"": 0.02634347602725029}, {""label"": ""y"", ""probability"": 0.0007210603216663003}]",dataset,
dataset_sample:929,v,r,0.5474331974983215,"[{""label"": ""r"", ""probability"": 0.5474331974983215}, {""label"": ""v"", ""probability"": 0.45226359367370605}, {""label"": ""y"", ""probability"": 0.0001837374729802832}]",dataset,
dataset_sample:952,s,g,0.602013885974884,"[{""label"": ""g"", ""probability"": 0.602013885974884}, {""label"": ""q"", ""probability"": 0.2553917169570923}, {""label"": ""s"", ""probability"": 0.1021871492266655}]",dataset,
dataset_sample:967,e,c,0.5489165186882019,"[{""label"": ""c"", ""probability"": 0.5489165186882019}, {""label"": ""e"", ""probability"": 0.4282006621360779}, {""label"": ""l"", ""probability"": 0.019365303218364716}]",dataset,
dataset_sample:990,o,d,0.9373950958251953,"[{""label"": ""d"", ""probability"": 0.9373950958251953}, {""label"": ""o"", ""probability"": 0.023147525265812874}, {""label"": ""n"", ""probability"": 0.02271752804517746}]",dataset,
dataset_sample:1048,r,c,0.8523759841918945,"[{""label"": ""c"", ""probability"": 0.8523759841918945}, {""label"": ""r"", ""probability"": 0.13653592765331268}, {""label"": ""f"", ""probability"": 0.008048155345022678}]",dataset,
dataset_sample:1065,m,n,0.6400489211082458,"[{""label"": ""n"", ""probability"": 0.6400489211082458}, {""label"": ""m"", ""probability"": 0.3275712728500366}, {""label"": ""a"", ""probability"": 0.0235600583255291}]",dataset,
dataset_sample:1066,i,l,0.7464574575424194,"[{""label"": ""l"", ""probability"": 0.7464574575424194}, {""label"": ""i"", ""probability"": 0.25142309069633484}, {""label"": ""j"", ""probability"": 0.0006692706956528127}]",dataset,
dataset_sample:1114,q,a,0.9715455770492554,"[{""label"": ""a"", ""probability"": 0.9715455770492554}, {""label"": ""q"", ""probability"": 0.01797029748558998}, {""label"": ""g"", ""probability"": 0.0088579673320055}]",dataset,
dataset_sample:1123,o,d,0.6324264407157898,"[{""label"": ""d"", ""probability"": 0.6324264407157898}, {""label"": ""o"", ""probability"": 0.3597128987312317}, {""label"": ""p"", ""probability"": 0.0016687987372279167}]",dataset,
dataset_sample:1136,w,a,0.6237795352935791,"[{""label"": ""a"", ""probability"": 0.6237795352935791}, {""label"": ""u"", ""probability"": 0.1596052497625351}, {""label"": ""w"", ""probability"": 0.11353988945484161}]",dataset,
dataset_sample:1137,l,i,0.6633644104003906,"[{""label"": ""i"", ""probability"": 0.6633644104003906}, {""label"": ""l"", ""probability"": 0.336172878742218}, {""label"": ""c"", ""probability"": 0.00015773627092130482}]",dataset,
dataset_sample:1158,i,l,0.7280428409576416,"[{""label"": ""l"", ""probability"": 0.7280428409576416}, {""label"": ""i"", ""probability"": 0.26982995867729187}, {""label"": ""j"", ""probability"": 0.0012985822977498174}]",dataset,
dataset_sample:1163,l,h,0.6876928806304932,"[{""label"": ""h"", ""probability"": 0.6876928806304932}, {""label"": ""l"", ""probability"": 0.3115837275981903}, {""label"": ""k"", ""probability"": 0.0003504349442664534}]",dataset,
dataset_sample:1197,d,o,0.963721752166748,"[{""label"": ""o"", ""probability"": 0.963721752166748}, {""label"": ""d"", ""probability"": 0.02870822511613369}, {""label"": ""q"", ""probability"": 0.0034042312763631344}]",dataset,
dataset_sample:1201,i,l,0.7876606583595276,"[{""label"": ""l"", ""probability"": 0.7876606583595276}, {""label"": ""i"", ""probability"": 0.21179360151290894}, {""label"": ""j"", ""probability"": 0.00020668780780397356}]",dataset,
dataset_sample:1213,j,z,0.7492197751998901,"[{""label"": ""z"", ""probability"": 0.7492197751998901}, {""label"": ""c"", ""probability"": 0.14769606292247772}, {""label"": ""s"", ""probability"": 0.04144012928009033}]",dataset,
dataset_sample:1222,q,g,0.5458343029022217,"[{""label"": ""g"", ""probability"": 0.5458343029022217}, {""label"": ""q"", ""probability"": 0.45028987526893616}, {""label"": ""y"", ""probability"": 0.003316403366625309}]",dataset,
dataset_sample:1243,j,f,0.6907622814178467,"[{""label"": ""f"", ""probability"": 0.6907622814178467}, {""label"": ""j"", ""probability"": 0.22909852862358093}, {""label"": ""i"", ""probability"": 0.049210429191589355}]",dataset,
dataset_sample:1256,r,t,0.623685359954834,"[{""label"": ""t"", ""probability"": 0.623685359954834}, {""label"": ""i"", ""probability"": 0.08442170917987823}, {""label"": ""r"", ""probability"": 0.0776270404458046}]",dataset,
dataset_sample:1286,i,l,0.5538657307624817,"[{""label"": ""l"", ""probability"": 0.5538657307624817}, {""label"": ""i"", ""probability"": 0.44571980834007263}, {""label"": ""j"", ""probability"": 0.00023765281366650015}]",dataset,
dataset_sample:1293,q,g,0.8367359638214111,"[{""label"": ""g"", ""probability"": 0.8367359638214111}, {""label"": ""q"", ""probability"": 0.1572948396205902}, {""label"": ""a"", ""probability"": 0.0025110889691859484}]",dataset,
dataset_sample:1294,j,g,0.8804202675819397,"[{""label"": ""g"", ""probability"": 0.8804202675819397}, {""label"": ""j"", ""probability"": 0.07108579576015472}, {""label"": ""y"", ""probability"": 0.02882305532693863}]",dataset,
dataset_sample:1295,j,d,0.9994087219238281,"[{""label"": ""d"", ""probability"": 0.9994087219238281}, {""label"": ""j"", ""probability"": 0.00026341507327742875}, {""label"": ""g"", ""probability"": 0.00015172512212302536}]",dataset,
dataset_sample:1306,j,i,0.6155681610107422,"[{""label"": ""i"", ""probability"": 0.6155681610107422}, {""label"": ""l"", ""probability"": 0.26373597979545593}, {""label"": ""j"", ""probability"": 0.07653380930423737}]",dataset,
dataset_sample:1308,g,d,0.8739070296287537,"[{""label"": ""d"", ""probability"": 0.8739070296287537}, {""label"": ""b"", ""probability"": 0.1161162480711937}, {""label"": ""l"", ""probability"": 0.0067617748863995075}]",dataset,
dataset_sample:1345,v,u,0.7113540768623352,"[{""label"": ""u"", ""probability"": 0.7113540768623352}, {""label"": ""v"", ""probability"": 0.2865666151046753}, {""label"": ""y"", ""probability"": 0.0010690998751670122}]",dataset,
dataset_sample:1387,o,u,0.9286253452301025,"[{""label"": ""u"", ""probability"": 0.9286253452301025}, {""label"": ""o"", ""probability"": 0.06059427931904793}, {""label"": ""v"", ""probability"": 0.0039210072718560696}]",dataset,
dataset_sample:1429,u,w,0.8550485968589783,"[{""label"": ""w"", ""probability"": 0.8550485968589783}, {""label"": ""u"", ""probability"": 0.1440897285938263}, {""label"": ""m"", ""probability"": 0.0004793346452061087}]",dataset,
dataset_sample:1430,w,u,0.6641194224357605,"[{""label"": ""u"", ""probability"": 0.6641194224357605}, {""label"": ""w"", ""probability"": 0.2963649034500122}, {""label"": ""y"", ""probability"": 0.02165571227669716}]",dataset,
dataset_sample:1443,g,q,0.5252010822296143,"[{""label"": ""q"", ""probability"": 0.5252010822296143}, {""label"": ""g"", ""probability"": 0.4370156526565552}, {""label"": ""a"", ""probability"": 0.034153737127780914}]",dataset,
dataset_sample:1466,i,l,0.7494267821311951,"[{""label"": ""l"", ""probability"": 0.7494267821311951}, {""label"": ""i"", ""probability"": 0.24888059496879578}, {""label"": ""j"", ""probability"": 0.0005983554874546826}]",dataset,
dataset_sample:1477,i,l,0.5720421671867371,"[{""label"": ""l"", ""probability"": 0.5720421671867371}, {""label"": ""i"", ""probability"": 0.42687657475471497}, {""label"": ""j"", ""probability"": 0.0006070896633900702}]",dataset,
dataset_sample:1489,i,l,0.6613029837608337,"[{""label"": ""l"", ""probability"": 0.6613029837608337}, {""label"": ""i"", ""probability"": 0.32574009895324707}, {""label"": ""v"", ""probability"": 0.0048376028425991535}]",dataset,
dataset_sample:1499,c,l,0.7848115563392639,"[{""label"": ""l"", ""probability"": 0.7848115563392639}, {""label"": ""c"", ""probability"": 0.08959263563156128}, {""label"": ""b"", ""probability"": 0.02637298032641411}]",dataset,
dataset_sample:1508,g,q,0.9301360845565796,"[{""label"": ""q"", ""probability"": 0.9301360845565796}, {""label"": ""g"", ""probability"": 0.06970637291669846}, {""label"": ""y"", ""probability"": 7.470681885024533e-05}]",dataset,
dataset_sample:1512,k,h,0.31939586997032166,"[{""label"": ""h"", ""probability"": 0.31939586997032166}, {""label"": ""r"", ""probability"": 0.23875172436237335}, {""label"": ""n"", ""probability"": 0.21140259504318237}]",dataset,
dataset_sample:1574,p,d,0.910967230796814,"[{""label"": ""d"", ""probability"": 0.910967230796814}, {""label"": ""p"", ""probability"": 0.07560113817453384}, {""label"": ""o"", ""probability"": 0.009837554767727852}]",dataset,
dataset_sample:1634,i,l,0.676910936832428,"[{""label"": ""l"", ""probability"": 0.676910936832428}, {""label"": ""i"", ""probability"": 0.3183276653289795}, {""label"": ""c"", ""probability"": 0.00202071201056242}]",dataset,
dataset_sample:1648,i,l,0.8909555077552795,"[{""label"": ""l"", ""probability"": 0.8909555077552795}, {""label"": ""i"", ""probability"": 0.10862110555171967}, {""label"": ""j"", ""probability"": 0.00027949505602009594}]",dataset,
dataset_sample:1670,d,f,0.4203082025051117,"[{""label"": ""f"", ""probability"": 0.4203082025051117}, {""label"": ""c"", ""probability"": 0.24009796977043152}, {""label"": ""i"", ""probability"": 0.10596450418233871}]",dataset,
dataset_sample:1691,l,h,0.9007198214530945,"[{""label"": ""h"", ""probability"": 0.9007198214530945}, {""label"": ""l"", ""probability"": 0.0872020348906517}, {""label"": ""b"", ""probability"": 0.011575334705412388}]",dataset,
dataset_sample:1693,o,a,0.48323601484298706,"[{""label"": ""a"", ""probability"": 0.48323601484298706}, {""label"": ""o"", ""probability"": 0.34973543882369995}, {""label"": ""q"", ""probability"": 0.08570411801338196}]",dataset,
dataset_sample:1714,g,q,0.8472719788551331,"[{""label"": ""q"", ""probability"": 0.8472719788551331}, {""label"": ""a"", ""probability"": 0.05720359459519386}, {""label"": ""g"", ""probability"": 0.05159226432442665}]",dataset,
dataset_sample:1733,k,l,0.796950101852417,"[{""label"": ""l"", ""probability"": 0.796950101852417}, {""label"": ""k"", ""probability"": 0.19808326661586761}, {""label"": ""r"", ""probability"": 0.001605888013727963}]",dataset,
dataset_sample:1743,l,i,0.672013521194458,"[{""label"": ""i"", ""probability"": 0.672013521194458}, {""label"": ""l"", ""probability"": 0.3276017904281616}, {""label"": ""r"", ""probability"": 0.0001474082819186151}]",dataset,
dataset_sample:1749,e,c,0.49832940101623535,"[{""label"": ""c"", ""probability"": 0.49832940101623535}, {""label"": ""e"", ""probability"": 0.4945742189884186}, {""label"": ""r"", ""probability"": 0.002529406687244773}]",dataset,
dataset_sample:1772,g,a,0.32405439019203186,"[{""label"": ""a"", ""probability"": 0.32405439019203186}, {""label"": ""z"", ""probability"": 0.2809496521949768}, {""label"": ""g"", ""probability"": 0.26232272386550903}]",dataset,
dataset_sample:1790,i,l,0.7619509100914001,"[{""label"": ""l"", ""probability"": 0.7619509100914001}, {""label"": ""i"", ""probability"": 0.23785467445850372}, {""label"": ""j"", ""probability"": 0.00016374628467019647}]",dataset,
dataset_sample:1807,p,r,0.6184591054916382,"[{""label"": ""r"", ""probability"": 0.6184591054916382}, {""label"": ""p"", ""probability"": 0.38061320781707764}, {""label"": ""f"", ""probability"": 0.0006588958203792572}]",dataset,
dataset_sample:1809,l,i,0.761256992816925,"[{""label"": ""i"", ""probability"": 0.761256992816925}, {""label"": ""l"", ""probability"": 0.23847874999046326}, {""label"": ""r"", ""probability"": 9.329605381935835e-05}]",dataset,
dataset_sample:1810,k,f,0.651495635509491,"[{""label"": ""f"", ""probability"": 0.651495635509491}, {""label"": ""k"", ""probability"": 0.23674947023391724}, {""label"": ""y"", ""probability"": 0.07298167049884796}]",dataset,
dataset_sample:1864,u,v,0.694431483745575,"[{""label"": ""v"", ""probability"": 0.694431483745575}, {""label"": ""u"", ""probability"": 0.3038254380226135}, {""label"": ""y"", ""probability"": 0.0011881719110533595}]",dataset,
dataset_sample:1866,g,q,0.7601122856140137,"[{""label"": ""q"", ""probability"": 0.7601122856140137}, {""label"": ""g"", ""probability"": 0.2340974509716034}, {""label"": ""a"", ""probability"": 0.004130639601498842}]",dataset,
dataset_sample:1868,i,l,0.5857136249542236,"[{""label"": ""l"", ""probability"": 0.5857136249542236}, {""label"": ""i"", ""probability"": 0.3934822082519531}, {""label"": ""c"", ""probability"": 0.019598154351115227}]",dataset,
dataset_sample:1872,g,q,0.840269923210144,"[{""label"": ""q"", ""probability"": 0.840269923210144}, {""label"": ""g"", ""probability"": 0.15962037444114685}, {""label"": ""a"", ""probability"": 9.876146941678599e-05}]",dataset,
dataset_sample:1884,l,i,0.834002673625946,"[{""label"": ""i"", ""probability"": 0.834002673625946}, {""label"": ""l"", ""probability"": 0.16567058861255646}, {""label"": ""r"", ""probability"": 8.814183820504695e-05}]",dataset,
dataset_sample:1895,i,l,0.7068805694580078,"[{""label"": ""l"", ""probability"": 0.7068805694580078}, {""label"": ""i"", ""probability"": 0.2927361726760864}, {""label"": ""j"", ""probability"": 0.000249157368671149}]",dataset,
dataset_sample:1936,l,i,0.5252901315689087,"[{""label"": ""i"", ""probability"": 0.5252901315689087}, {""label"": ""l"", ""probability"": 0.47439444065093994}, {""label"": ""h"", ""probability"": 0.00014417158672586083}]",dataset,
dataset_sample:1946,l,i,0.5629842877388,"[{""label"": ""i"", ""probability"": 0.5629842877388}, {""label"": ""l"", ""probability"": 0.43693238496780396}, {""label"": ""j"", ""probability"": 4.207318488624878e-05}]",dataset,
dataset_sample:1953,i,l,0.5840960144996643,"[{""label"": ""l"", ""probability"": 0.5840960144996643}, {""label"": ""i"", ""probability"": 0.41481539607048035}, {""label"": ""r"", ""probability"": 0.00023756500741001219}]",dataset,
dataset_sample:1981,i,l,0.5125324130058289,"[{""label"": ""l"", ""probability"": 0.5125324130058289}, {""label"": ""i"", ""probability"": 0.487271785736084}, {""label"": ""j"", ""probability"": 9.58478485699743e-05}]",dataset,
dataset_sample:1982,l,i,0.5437454581260681,"[{""label"": ""i"", ""probability"": 0.5437454581260681}, {""label"": ""l"", ""probability"": 0.45596155524253845}, {""label"": ""j"", ""probability"": 0.00015168129175435752}]",dataset,
dataset_sample:1984,l,i,0.7849545478820801,"[{""label"": ""i"", ""probability"": 0.7849545478820801}, {""label"": ""l"", ""probability"": 0.2149095982313156}, {""label"": ""r"", ""probability"": 4.606520087691024e-05}]",dataset,
dataset_sample:2008,q,g,0.6832118630409241,"[{""label"": ""g"", ""probability"": 0.6832118630409241}, {""label"": ""q"", ""probability"": 0.31646227836608887}, {""label"": ""b"", ""probability"": 0.00029902541427873075}]",dataset,
dataset_sample:2021,g,r,0.7659741044044495,"[{""label"": ""r"", ""probability"": 0.7659741044044495}, {""label"": ""b"", ""probability"": 0.1808605045080185}, {""label"": ""p"", ""probability"": 0.018034707754850388}]",dataset,
dataset_sample:2022,i,l,0.7437795996665955,"[{""label"": ""l"", ""probability"": 0.7437795996665955}, {""label"": ""i"", ""probability"": 0.2528322637081146}, {""label"": ""t"", ""probability"": 0.0009672775049693882}]",dataset,
dataset_sample:2075,g,q,0.7555025219917297,"[{""label"": ""q"", ""probability"": 0.7555025219917297}, {""label"": ""g"", ""probability"": 0.2435489296913147}, {""label"": ""a"", ""probability"": 0.000864311761688441}]",dataset,
dataset_sample:2080,l,i,0.5806607604026794,"[{""label"": ""i"", ""probability"": 0.5806607604026794}, {""label"": ""l"", ""probability"": 0.418069988489151}, {""label"": ""j"", ""probability"": 0.0006197595503181219}]",dataset,
dataset_sample:2082,l,i,0.5161179304122925,"[{""label"": ""i"", ""probability"": 0.5161179304122925}, {""label"": ""l"", ""probability"": 0.48298346996307373}, {""label"": ""j"", ""probability"": 0.0006609311676584184}]",dataset,
dataset_sample:2130,m,n,0.6111712455749512,"[{""label"": ""n"", ""probability"": 0.6111712455749512}, {""label"": ""m"", ""probability"": 0.3875730335712433}, {""label"": ""r"", ""probability"": 0.0008331685094162822}]",dataset,
dataset_sample:2145,c,l,0.900227963924408,"[{""label"": ""l"", ""probability"": 0.900227963924408}, {""label"": ""c"", ""probability"": 0.09283357113599777}, {""label"": ""i"", ""probability"": 0.005963399074971676}]",dataset,
dataset_sample:2161,j,u,0.7158052325248718,"[{""label"": ""u"", ""probability"": 0.7158052325248718}, {""label"": ""j"", ""probability"": 0.2449483722448349}, {""label"": ""y"", ""probability"": 0.02063732221722603}]",dataset,
dataset_sample:2176,c,l,0.7777757048606873,"[{""label"": ""l"", ""probability"": 0.7777757048606873}, {""label"": ""c"", ""probability"": 0.2207309901714325}, {""label"": ""i"", ""probability"": 0.0010271233040839434}]",dataset,
dataset_sample:2208,x,i,0.3428330421447754,"[{""label"": ""i"", ""probability"": 0.3428330421447754}, {""label"": ""x"", ""probability"": 0.3233322203159332}, {""label"": ""t"", ""probability"": 0.17266052961349487}]",dataset,
dataset_sample:2214,g,n,0.9980037808418274,"[{""label"": ""n"", ""probability"": 0.9980037808418274}, {""label"": ""r"", ""probability"": 0.00129709392786026}, {""label"": ""m"", ""probability"": 0.0002589370124042034}]",dataset,
dataset_sample:2250,g,z,0.8074373602867126,"[{""label"": ""z"", ""probability"": 0.8074373602867126}, {""label"": ""j"", ""probability"": 0.1071445420384407}, {""label"": ""g"", ""probability"": 0.040514446794986725}]",dataset,
dataset_sample:2252,g,b,0.9916574358940125,"[{""label"": ""b"", ""probability"": 0.9916574358940125}, {""label"": ""l"", ""probability"": 0.005037730559706688}, {""label"": ""h"", ""probability"": 0.0016100446227937937}]",dataset,
dataset_sample:2254,l,i,0.7364493608474731,"[{""label"": ""i"", ""probability"": 0.7364493608474731}, {""label"": ""l"", ""probability"": 0.2630988359451294}, {""label"": ""j"", ""probability"": 0.00020112992206122726}]",dataset,
dataset_sample:2266,h,a,0.48784881830215454,"[{""label"": ""a"", ""probability"": 0.48784881830215454}, {""label"": ""h"", ""probability"": 0.2633764445781708}, {""label"": ""q"", ""probability"": 0.12313541769981384}]",dataset,
dataset_sample:2270,l,i,0.5374810695648193,"[{""label"": ""i"", ""probability"": 0.5374810695648193}, {""label"": ""l"", ""probability"": 0.4396396577358246}, {""label"": ""r"", ""probability"": 0.013790532015264034}]",dataset,
dataset_sample:2274,i,l,0.5898445248603821,"[{""label"": ""l"", ""probability"": 0.5898445248603821}, {""label"": ""i"", ""probability"": 0.40977954864501953}, {""label"": ""j"", ""probability"": 0.00028837117133662105}]",dataset,
dataset_sample:2288,g,q,0.7956722378730774,"[{""label"": ""q"", ""probability"": 0.7956722378730774}, {""label"": ""g"", ""probability"": 0.20394231379032135}, {""label"": ""y"", ""probability"": 0.00014852530148345977}]",dataset,
dataset_sample:2294,q,g,0.5069164633750916,"[{""label"": ""g"", ""probability"": 0.5069164633750916}, {""label"": ""q"", ""probability"": 0.45783504843711853}, {""label"": ""a"", ""probability"": 0.02524728514254093}]",dataset,
dataset_sample:2309,i,l,0.6781943440437317,"[{""label"": ""l"", ""probability"": 0.6781943440437317}, {""label"": ""i"", ""probability"": 0.3215991258621216}, {""label"": ""j"", ""probability"": 0.00012565910583361983}]",dataset,
dataset_sample:2310,j,i,0.8984554409980774,"[{""label"": ""i"", ""probability"": 0.8984554409980774}, {""label"": ""j"", ""probability"": 0.1007901057600975}, {""label"": ""l"", ""probability"": 0.0005828652065247297}]",dataset,
dataset_sample:2326,h,f,0.7384923100471497,"[{""label"": ""f"", ""probability"": 0.7384923100471497}, {""label"": ""t"", ""probability"": 0.14845867455005646}, {""label"": ""h"", ""probability"": 0.04448011517524719}]",dataset,
dataset_sample:2356,n,h,0.6431357860565186,"[{""label"": ""h"", ""probability"": 0.6431357860565186}, {""label"": ""n"", ""probability"": 0.344918429851532}, {""label"": ""r"", ""probability"": 0.011112362146377563}]",dataset,
dataset_sample:2360,r,v,0.6171679496765137,"[{""label"": ""v"", ""probability"": 0.6171679496765137}, {""label"": ""l"", ""probability"": 0.1736977994441986}, {""label"": ""i"", ""probability"": 0.13707564771175385}]",dataset,
dataset_sample:2374,d,h,0.9263739585876465,"[{""label"": ""h"", ""probability"": 0.9263739585876465}, {""label"": ""t"", ""probability"": 0.03386698290705681}, {""label"": ""d"", ""probability"": 0.01962854340672493}]",dataset,
dataset_sample:2380,q,z,0.8171935677528381,"[{""label"": ""z"", ""probability"": 0.8171935677528381}, {""label"": ""q"", ""probability"": 0.08839303255081177}, {""label"": ""i"", ""probability"": 0.033894047141075134}]",dataset,
dataset_sample:2440,l,i,0.5265361666679382,"[{""label"": ""i"", ""probability"": 0.5265361666679382}, {""label"": ""l"", ""probability"": 0.47332900762557983}, {""label"": ""h"", ""probability"": 6.43882667645812e-05}]",dataset,
dataset_sample:2482,i,l,0.7279081344604492,"[{""label"": ""l"", ""probability"": 0.7279081344604492}, {""label"": ""i"", ""probability"": 0.27009448409080505}, {""label"": ""j"", ""probability"": 0.0008074938086792827}]",dataset,
dataset_sample:2486,f,t,0.9653745889663696,"[{""label"": ""t"", ""probability"": 0.9653745889663696}, {""label"": ""f"", ""probability"": 0.03160640224814415}, {""label"": ""i"", ""probability"": 0.0007705294992774725}]",dataset,
dataset_sample:2561,l,t,0.4481147527694702,"[{""label"": ""t"", ""probability"": 0.4481147527694702}, {""label"": ""l"", ""probability"": 0.25300854444503784}, {""label"": ""i"", ""probability"": 0.21899622678756714}]",dataset,
dataset_sample:2574,g,q,0.7027497291564941,"[{""label"": ""q"", ""probability"": 0.7027497291564941}, {""label"": ""g"", ""probability"": 0.27291348576545715}, {""label"": ""a"", ""probability"": 0.01988067664206028}]",dataset,
dataset_sample:2576,q,b,0.6536996364593506,"[{""label"": ""b"", ""probability"": 0.6536996364593506}, {""label"": ""q"", ""probability"": 0.1964520514011383}, {""label"": ""o"", ""probability"": 0.09833835810422897}]",dataset,
dataset_sample:2588,w,v,0.49054840207099915,"[{""label"": ""v"", ""probability"": 0.49054840207099915}, {""label"": ""w"", ""probability"": 0.4146392047405243}, {""label"": ""y"", ""probability"": 0.047032680362463}]",dataset,
dataset_sample:2603,g,q,0.5448368787765503,"[{""label"": ""q"", ""probability"": 0.5448368787765503}, {""label"": ""g"", ""probability"": 0.45457184314727783}, {""label"": ""a"", ""probability"": 0.00024149978708010167}]",dataset,
dataset_sample:2604,i,l,0.6683749556541443,"[{""label"": ""l"", ""probability"": 0.6683749556541443}, {""label"": ""i"", ""probability"": 0.3313983976840973}, {""label"": ""j"", ""probability"": 0.00014567510515917093}]",dataset,
dataset_sample:2613,l,i,0.5339371562004089,"[{""label"": ""i"", ""probability"": 0.5339371562004089}, {""label"": ""l"", ""probability"": 0.4652920365333557}, {""label"": ""j"", ""probability"": 0.0006382116116583347}]",dataset,
dataset_sample:2635,w,u,0.509945809841156,"[{""label"": ""u"", ""probability"": 0.509945809841156}, {""label"": ""w"", ""probability"": 0.2944927215576172}, {""label"": ""h"", ""probability"": 0.09614715725183487}]",dataset,
dataset_sample:2647,u,a,0.48055315017700195,"[{""label"": ""a"", ""probability"": 0.48055315017700195}, {""label"": ""u"", ""probability"": 0.4655601382255554}, {""label"": ""n"", ""probability"": 0.020432651042938232}]",dataset,
dataset_sample:2649,l,i,0.5815363526344299,"[{""label"": ""i"", ""probability"": 0.5815363526344299}, {""label"": ""l"", ""probability"": 0.41808611154556274}, {""label"": ""j"", ""probability"": 0.000342667568475008}]",dataset,
dataset_sample:2655,t,y,0.993976354598999,"[{""label"": ""y"", ""probability"": 0.993976354598999}, {""label"": ""t"", ""probability"": 0.0051116943359375}, {""label"": ""q"", ""probability"": 0.00027353657060302794}]",dataset,
dataset_sample:2685,v,j,0.7661895751953125,"[{""label"": ""j"", ""probability"": 0.7661895751953125}, {""label"": ""v"", ""probability"": 0.14410273730754852}, {""label"": ""u"", ""probability"": 0.08677453547716141}]",dataset,
dataset_sample:2717,l,i,0.7313065528869629,"[{""label"": ""i"", ""probability"": 0.7313065528869629}, {""label"": ""l"", ""probability"": 0.2683359682559967}, {""label"": ""j"", ""probability"": 0.00028837204445153475}]",dataset,
dataset_sample:2733,x,h,0.36866798996925354,"[{""label"": ""h"", ""probability"": 0.36866798996925354}, {""label"": ""x"", ""probability"": 0.22851482033729553}, {""label"": ""t"", ""probability"": 0.20799358189105988}]",dataset,
dataset_sample:2737,o,d,0.6484218835830688,"[{""label"": ""d"", ""probability"": 0.6484218835830688}, {""label"": ""o"", ""probability"": 0.3510838747024536}, {""label"": ""a"", ""probability"": 0.0001692452497081831}]",dataset,
dataset_sample:2741,i,l,0.5780622363090515,"[{""label"": ""l"", ""probability"": 0.5780622363090515}, {""label"": ""i"", ""probability"": 0.4211759865283966}, {""label"": ""h"", ""probability"": 0.000375963281840086}]",dataset,
dataset_sample:2759,l,j,0.6813758015632629,"[{""label"": ""j"", ""probability"": 0.6813758015632629}, {""label"": ""l"", ""probability"": 0.16915491223335266}, {""label"": ""i"", ""probability"": 0.1406349092721939}]",dataset,
dataset_sample:2799,u,h,0.5334406495094299,"[{""label"": ""h"", ""probability"": 0.5334406495094299}, {""label"": ""u"", ""probability"": 0.4573046565055847}, {""label"": ""n"", ""probability"": 0.0027800200041383505}]",dataset,
dataset_sample:2807,g,q,0.9158055782318115,"[{""label"": ""q"", ""probability"": 0.9158055782318115}, {""label"": ""g"", ""probability"": 0.08288074284791946}, {""label"": ""y"", ""probability"": 0.00037577716284431517}]",dataset,
dataset_sample:2820,i,l,0.5966740250587463,"[{""label"": ""l"", ""probability"": 0.5966740250587463}, {""label"": ""i"", ""probability"": 0.4029648005962372}, {""label"": ""h"", ""probability"": 0.00016857421724125743}]",dataset,
dataset_sample:2840,p,y,0.9992817044258118,"[{""label"": ""y"", ""probability"": 0.9992817044258118}, {""label"": ""u"", ""probability"": 0.0003501379687804729}, {""label"": ""g"", ""probability"": 0.00017435592599213123}]",dataset,
dataset_sample:2851,i,l,0.7545284628868103,"[{""label"": ""l"", ""probability"": 0.7545284628868103}, {""label"": ""i"", ""probability"": 0.24435977637767792}, {""label"": ""j"", ""probability"": 0.0006724303821101785}]",dataset,
dataset_sample:2855,i,l,0.554672122001648,"[{""label"": ""l"", ""probability"": 0.554672122001648}, {""label"": ""i"", ""probability"": 0.44517287611961365}, {""label"": ""h"", ""probability"": 9.896259871311486e-05}]",dataset,
dataset_sample:2858,r,h,0.37854692339897156,"[{""label"": ""h"", ""probability"": 0.37854692339897156}, {""label"": ""l"", ""probability"": 0.2251797616481781}, {""label"": ""n"", ""probability"": 0.1673884391784668}]",dataset,
dataset_sample:2867,l,i,0.6040388345718384,"[{""label"": ""i"", ""probability"": 0.6040388345718384}, {""label"": ""l"", ""probability"": 0.39579418301582336}, {""label"": ""j"", ""probability"": 6.823011790402234e-05}]",dataset,
dataset_sample:2869,o,e,0.4915436804294586,"[{""label"": ""e"", ""probability"": 0.4915436804294586}, {""label"": ""c"", ""probability"": 0.44396331906318665}, {""label"": ""a"", ""probability"": 0.018583841621875763}]",dataset,
dataset_sample:2973,l,i,0.8042558431625366,"[{""label"": ""i"", ""probability"": 0.8042558431625366}, {""label"": ""l"", ""probability"": 0.19562438130378723}, {""label"": ""j"", ""probability"": 7.22215700079687e-05}]",dataset,
dataset_sample:2981,n,w,0.9244212508201599,"[{""label"": ""w"", ""probability"": 0.9244212508201599}, {""label"": ""n"", ""probability"": 0.07441848516464233}, {""label"": ""m"", ""probability"": 0.0005296607851050794}]",dataset,
dataset_sample:2985,g,q,0.5961160659790039,"[{""label"": ""q"", ""probability"": 0.5961160659790039}, {""label"": ""g"", ""probability"": 0.390269011259079}, {""label"": ""a"", ""probability"": 0.013537979684770107}]",dataset,
dataset_sample:3002,i,t,0.7571396231651306,"[{""label"": ""t"", ""probability"": 0.7571396231651306}, {""label"": ""f"", ""probability"": 0.11727651953697205}, {""label"": ""i"", ""probability"": 0.10186481475830078}]",dataset,
dataset_sample:3005,i,l,0.5383650064468384,"[{""label"": ""l"", ""probability"": 0.5383650064468384}, {""label"": ""i"", ""probability"": 0.46088334918022156}, {""label"": ""j"", ""probability"": 0.000297025399049744}]",dataset,
dataset_sample:3006,g,q,0.7690232396125793,"[{""label"": ""q"", ""probability"": 0.7690232396125793}, {""label"": ""g"", ""probability"": 0.2305791676044464}, {""label"": ""y"", ""probability"": 0.00026281620375812054}]",dataset,
dataset_sample:3019,i,l,0.7683191895484924,"[{""label"": ""l"", ""probability"": 0.7683191895484924}, {""label"": ""i"", ""probability"": 0.23082439601421356}, {""label"": ""j"", ""probability"": 0.0008117884281091392}]",dataset,
dataset_sample:3039,l,i,0.6759145855903625,"[{""label"": ""i"", ""probability"": 0.6759145855903625}, {""label"": ""l"", ""probability"": 0.3229396641254425}, {""label"": ""j"", ""probability"": 0.0007721810252405703}]",dataset,
dataset_sample:3041,z,a,0.41011837124824524,"[{""label"": ""a"", ""probability"": 0.41011837124824524}, {""label"": ""g"", ""probability"": 0.3708202540874481}, {""label"": ""j"", ""probability"": 0.1714458018541336}]",dataset,
dataset_sample:3055,l,i,0.7386336326599121,"[{""label"": ""i"", ""probability"": 0.7386336326599121}, {""label"": ""l"", ""probability"": 0.2610946595668793}, {""label"": ""j"", ""probability"": 0.00022061157505959272}]",dataset,
dataset_sample:3073,e,c,0.5855861902236938,"[{""label"": ""c"", ""probability"": 0.5855861902236938}, {""label"": ""e"", ""probability"": 0.30432119965553284}, {""label"": ""g"", ""probability"": 0.10602322220802307}]",dataset,
dataset_sample:3090,q,g,0.5277420282363892,"[{""label"": ""g"", ""probability"": 0.5277420282363892}, {""label"": ""q"", ""probability"": 0.4718370735645294}, {""label"": ""y"", ""probability"": 0.00024856007075868547}]",dataset,
dataset_sample:3096,i,l,0.5495125651359558,"[{""label"": ""l"", ""probability"": 0.5495125651359558}, {""label"": ""i"", ""probability"": 0.45019152760505676}, {""label"": ""j"", ""probability"": 7.044214726192877e-05}]",dataset,
dataset_sample:3116,i,l,0.7573683261871338,"[{""label"": ""l"", ""probability"": 0.7573683261871338}, {""label"": ""i"", ""probability"": 0.2347795069217682}, {""label"": ""h"", ""probability"": 0.0034843755420297384}]",dataset,
dataset_sample:3223,k,l,0.9090505242347717,"[{""label"": ""l"", ""probability"": 0.9090505242347717}, {""label"": ""k"", ""probability"": 0.04933655261993408}, {""label"": ""h"", ""probability"": 0.018650611862540245}]",dataset,
dataset_sample:3233,o,a,0.8791043758392334,"[{""label"": ""a"", ""probability"": 0.8791043758392334}, {""label"": ""o"", ""probability"": 0.10518285632133484}, {""label"": ""d"", ""probability"": 0.00794221181422472}]",dataset,
dataset_sample:3278,q,g,0.6658357977867126,"[{""label"": ""g"", ""probability"": 0.6658357977867126}, {""label"": ""q"", ""probability"": 0.3303253650665283}, {""label"": ""y"", ""probability"": 0.0038162602577358484}]",dataset,
dataset_sample:3292,s,g,0.9215816855430603,"[{""label"": ""g"", ""probability"": 0.9215816855430603}, {""label"": ""s"", ""probability"": 0.07721178978681564}, {""label"": ""j"", ""probability"": 0.0004927667905576527}]",dataset,
dataset_sample:3322,n,h,0.7884965538978577,"[{""label"": ""h"", ""probability"": 0.7884965538978577}, {""label"": ""n"", ""probability"": 0.20521001517772675}, {""label"": ""w"", ""probability"": 0.0015178380999714136}]",dataset,
dataset_sample:3328,g,a,0.7761468291282654,"[{""label"": ""a"", ""probability"": 0.7761468291282654}, {""label"": ""g"", ""probability"": 0.13592985272407532}, {""label"": ""q"", ""probability"": 0.08488678932189941}]",dataset,
dataset_sample:3357,l,i,0.7195326685905457,"[{""label"": ""i"", ""probability"": 0.7195326685905457}, {""label"": ""l"", ""probability"": 0.2787441611289978}, {""label"": ""j"", ""probability"": 0.000523836468346417}]",dataset,
dataset_sample:3378,v,y,0.5809065699577332,"[{""label"": ""y"", ""probability"": 0.5809065699577332}, {""label"": ""v"", ""probability"": 0.41171330213546753}, {""label"": ""u"", ""probability"": 0.004279461223632097}]",dataset,
dataset_sample:3396,o,a,0.7484267950057983,"[{""label"": ""a"", ""probability"": 0.7484267950057983}, {""label"": ""o"", ""probability"": 0.15045782923698425}, {""label"": ""q"", ""probability"": 0.07966736704111099}]",dataset,
dataset_sample:3401,i,l,0.6983175873756409,"[{""label"": ""l"", ""probability"": 0.6983175873756409}, {""label"": ""i"", ""probability"": 0.3003201484680176}, {""label"": ""j"", ""probability"": 0.0010487138060852885}]",dataset,
dataset_sample:3452,j,i,0.5074977874755859,"[{""label"": ""i"", ""probability"": 0.5074977874755859}, {""label"": ""j"", ""probability"": 0.3771071135997772}, {""label"": ""l"", ""probability"": 0.10912598669528961}]",dataset,
dataset_sample:3494,l,i,0.635260820388794,"[{""label"": ""i"", ""probability"": 0.635260820388794}, {""label"": ""l"", ""probability"": 0.36456865072250366}, {""label"": ""h"", ""probability"": 7.779896259307861e-05}]",dataset,
dataset_sample:3502,c,l,0.6744212508201599,"[{""label"": ""l"", ""probability"": 0.6744212508201599}, {""label"": ""c"", ""probability"": 0.32395997643470764}, {""label"": ""h"", ""probability"": 0.0004087280249223113}]",dataset,
dataset_sample:3514,l,i,0.8639014959335327,"[{""label"": ""i"", ""probability"": 0.8639014959335327}, {""label"": ""l"", ""probability"": 0.13585823774337769}, {""label"": ""j"", ""probability"": 0.00011164372699568048}]",dataset,
dataset_sample:3560,v,u,0.8935282826423645,"[{""label"": ""u"", ""probability"": 0.8935282826423645}, {""label"": ""v"", ""probability"": 0.06125018373131752}, {""label"": ""l"", ""probability"": 0.03221774473786354}]",dataset,
dataset_sample:3634,l,i,0.576840877532959,"[{""label"": ""i"", ""probability"": 0.576840877532959}, {""label"": ""l"", ""probability"": 0.42296525835990906}, {""label"": ""j"", ""probability"": 0.00011215597623959184}]",dataset,
dataset_sample:3635,g,q,0.8026399612426758,"[{""label"": ""q"", ""probability"": 0.8026399612426758}, {""label"": ""g"", ""probability"": 0.19717900454998016}, {""label"": ""a"", ""probability"": 0.00013666287122759968}]",dataset,
dataset_sample:3636,s,c,0.4674391448497772,"[{""label"": ""c"", ""probability"": 0.4674391448497772}, {""label"": ""f"", ""probability"": 0.3368663787841797}, {""label"": ""s"", ""probability"": 0.12997229397296906}]",dataset,
dataset_sample:3639,i,l,0.8363859057426453,"[{""label"": ""l"", ""probability"": 0.8363859057426453}, {""label"": ""i"", ""probability"": 0.16323819756507874}, {""label"": ""j"", ""probability"": 0.00024004059378057718}]",dataset,
dataset_sample:3649,l,i,0.6320791244506836,"[{""label"": ""i"", ""probability"": 0.6320791244506836}, {""label"": ""l"", ""probability"": 0.3668231666088104}, {""label"": ""j"", ""probability"": 0.0005066745216026902}]",dataset,
dataset_sample:3653,g,q,0.6146609783172607,"[{""label"": ""q"", ""probability"": 0.6146609783172607}, {""label"": ""g"", ""probability"": 0.35608482360839844}, {""label"": ""a"", ""probability"": 0.024782694876194}]",dataset,
dataset_sample:3684,b,p,0.8325846195220947,"[{""label"": ""p"", ""probability"": 0.8325846195220947}, {""label"": ""b"", ""probability"": 0.14735397696495056}, {""label"": ""r"", ""probability"": 0.011193054728209972}]",dataset,
dataset_sample:3688,g,q,0.8537707328796387,"[{""label"": ""q"", ""probability"": 0.8537707328796387}, {""label"": ""g"", ""probability"": 0.14007234573364258}, {""label"": ""a"", ""probability"": 0.004679959733039141}]",dataset,
dataset_sample:3689,j,i,0.44441086053848267,"[{""label"": ""i"", ""probability"": 0.44441086053848267}, {""label"": ""j"", ""probability"": 0.3855855166912079}, {""label"": ""f"", ""probability"": 0.09486472606658936}]",dataset,
dataset_sample:3698,y,u,0.8034997582435608,"[{""label"": ""u"", ""probability"": 0.8034997582435608}, {""label"": ""a"", ""probability"": 0.07591412216424942}, {""label"": ""m"", ""probability"": 0.028675103560090065}]",dataset,
dataset_sample:3727,a,q,0.645065188407898,"[{""label"": ""q"", ""probability"": 0.645065188407898}, {""label"": ""a"", ""probability"": 0.26648807525634766}, {""label"": ""g"", ""probability"": 0.08831293135881424}]",dataset,
dataset_sample:3731,i,l,0.5443807244300842,"[{""label"": ""l"", ""probability"": 0.5443807244300842}, {""label"": ""i"", ""probability"": 0.45466384291648865}, {""label"": ""h"", ""probability"": 0.0005335989408195019}]",dataset,
dataset_sample:3733,l,i,0.5390567779541016,"[{""label"": ""i"", ""probability"": 0.5390567779541016}, {""label"": ""l"", ""probability"": 0.4602438509464264}, {""label"": ""v"", ""probability"": 0.0001943433453561738}]",dataset,
dataset_sample:3756,l,i,0.7889842987060547,"[{""label"": ""i"", ""probability"": 0.7889842987060547}, {""label"": ""l"", ""probability"": 0.21037593483924866}, {""label"": ""j"", ""probability"": 0.0002963838051073253}]",dataset,
dataset_sample:3776,y,r,0.9812605381011963,"[{""label"": ""r"", ""probability"": 0.9812605381011963}, {""label"": ""y"", ""probability"": 0.01686655730009079}, {""label"": ""v"", ""probability"": 0.001442000619135797}]",dataset,
dataset_sample:3786,b,r,0.8564795851707458,"[{""label"": ""r"", ""probability"": 0.8564795851707458}, {""label"": ""b"", ""probability"": 0.1434168666601181}, {""label"": ""k"", ""probability"": 6.513956759590656e-05}]",dataset,
dataset_sample:3806,l,i,0.5509005784988403,"[{""label"": ""i"", ""probability"": 0.5509005784988403}, {""label"": ""l"", ""probability"": 0.44845810532569885}, {""label"": ""j"", ""probability"": 0.0005034327623434365}]",dataset,
dataset_sample:3808,u,a,0.521109938621521,"[{""label"": ""a"", ""probability"": 0.521109938621521}, {""label"": ""u"", ""probability"": 0.4618217945098877}, {""label"": ""w"", ""probability"": 0.007936722598969936}]",dataset,
dataset_sample:3814,l,i,0.571709156036377,"[{""label"": ""i"", ""probability"": 0.571709156036377}, {""label"": ""l"", ""probability"": 0.4281957149505615}, {""label"": ""j"", ""probability"": 6.698026845697314e-05}]",dataset,
dataset_sample:3842,i,l,0.8832334876060486,"[{""label"": ""l"", ""probability"": 0.8832334876060486}, {""label"": ""i"", ""probability"": 0.1164693534374237}, {""label"": ""j"", ""probability"": 0.0001730354269966483}]",dataset,
dataset_sample:3860,a,e,0.4469473958015442,"[{""label"": ""e"", ""probability"": 0.4469473958015442}, {""label"": ""c"", ""probability"": 0.2612459063529968}, {""label"": ""s"", ""probability"": 0.11104260385036469}]",dataset,
dataset_sample:3869,i,h,0.7431480884552002,"[{""label"": ""h"", ""probability"": 0.7431480884552002}, {""label"": ""a"", ""probability"": 0.2300395369529724}, {""label"": ""i"", ""probability"": 0.00910814106464386}]",dataset,
dataset_sample:3885,l,i,0.5926690101623535,"[{""label"": ""i"", ""probability"": 0.5926690101623535}, {""label"": ""l"", ""probability"": 0.40521901845932007}, {""label"": ""j"", ""probability"": 0.0009048109059222043}]",dataset,
dataset_sample:3887,i,l,0.677371084690094,"[{""label"": ""l"", ""probability"": 0.677371084690094}, {""label"": ""i"", ""probability"": 0.3218081593513489}, {""label"": ""j"", ""probability"": 0.000610873568803072}]",dataset,
dataset_sample:3895,v,u,0.8555470705032349,"[{""label"": ""u"", ""probability"": 0.8555470705032349}, {""label"": ""v"", ""probability"": 0.14155825972557068}, {""label"": ""c"", ""probability"": 0.0009356391965411603}]",dataset,
dataset_sample:3899,l,i,0.786901593208313,"[{""label"": ""i"", ""probability"": 0.786901593208313}, {""label"": ""l"", ""probability"": 0.21216769516468048}, {""label"": ""d"", ""probability"": 0.00027346223942004144}]",dataset,
dataset_sample:3924,i,l,0.7580752968788147,"[{""label"": ""l"", ""probability"": 0.7580752968788147}, {""label"": ""i"", ""probability"": 0.23793019354343414}, {""label"": ""j"", ""probability"": 0.0017923654522746801}]",dataset,
dataset_sample:3944,o,d,0.9747569561004639,"[{""label"": ""d"", ""probability"": 0.9747569561004639}, {""label"": ""o"", ""probability"": 0.02416306547820568}, {""label"": ""a"", ""probability"": 0.0002649441303219646}]",dataset,
dataset_sample:3971,x,k,0.3535359501838684,"[{""label"": ""k"", ""probability"": 0.3535359501838684}, {""label"": ""x"", ""probability"": 0.15126414597034454}, {""label"": ""f"", ""probability"": 0.0825277790427208}]",dataset,
dataset_sample:4031,i,g,0.5315142869949341,"[{""label"": ""g"", ""probability"": 0.5315142869949341}, {""label"": ""j"", ""probability"": 0.2822137475013733}, {""label"": ""i"", ""probability"": 0.10723818838596344}]",dataset,
dataset_sample:4048,i,l,0.6986829042434692,"[{""label"": ""l"", ""probability"": 0.6986829042434692}, {""label"": ""i"", ""probability"": 0.3000156879425049}, {""label"": ""j"", ""probability"": 0.0007297396077774465}]",dataset,
dataset_sample:4057,v,r,0.709476888179779,"[{""label"": ""r"", ""probability"": 0.709476888179779}, {""label"": ""v"", ""probability"": 0.29041966795921326}, {""label"": ""y"", ""probability"": 7.013087451923639e-05}]",dataset,
dataset_sample:4058,i,l,0.6777016520500183,"[{""label"": ""l"", ""probability"": 0.6777016520500183}, {""label"": ""i"", ""probability"": 0.32222723960876465}, {""label"": ""j"", ""probability"": 3.522753104334697e-05}]",dataset,
dataset_sample:4089,r,v,0.7513104677200317,"[{""label"": ""v"", ""probability"": 0.7513104677200317}, {""label"": ""r"", ""probability"": 0.2468416690826416}, {""label"": ""y"", ""probability"": 0.0009312530746683478}]",dataset,
dataset_sample:4091,i,l,0.6040840744972229,"[{""label"": ""l"", ""probability"": 0.6040840744972229}, {""label"": ""i"", ""probability"": 0.3953644931316376}, {""label"": ""j"", ""probability"": 0.0004507096018642187}]",dataset,
dataset_sample:4119,l,i,0.6463202834129333,"[{""label"": ""i"", ""probability"": 0.6463202834129333}, {""label"": ""l"", ""probability"": 0.3534602224826813}, {""label"": ""j"", ""probability"": 0.00015266284754034132}]",dataset,
dataset_sample:4127,n,h,0.8497709035873413,"[{""label"": ""h"", ""probability"": 0.8497709035873413}, {""label"": ""n"", ""probability"": 0.14168064296245575}, {""label"": ""r"", ""probability"": 0.005397944711148739}]",dataset,
dataset_sample:4142,v,u,0.8036770820617676,"[{""label"": ""u"", ""probability"": 0.8036770820617676}, {""label"": ""v"", ""probability"": 0.11340582370758057}, {""label"": ""d"", ""probability"": 0.04520938917994499}]",dataset,
dataset_sample:4153,u,y,0.7255736589431763,"[{""label"": ""y"", ""probability"": 0.7255736589431763}, {""label"": ""u"", ""probability"": 0.22778351604938507}, {""label"": ""v"", ""probability"": 0.035119909793138504}]",dataset,
dataset_sample:4171,u,h,0.4123954772949219,"[{""label"": ""h"", ""probability"": 0.4123954772949219}, {""label"": ""u"", ""probability"": 0.37194356322288513}, {""label"": ""w"", ""probability"": 0.039308276027441025}]",dataset,
dataset_sample:4192,l,i,0.643946647644043,"[{""label"": ""i"", ""probability"": 0.643946647644043}, {""label"": ""l"", ""probability"": 0.35596394538879395}, {""label"": ""j"", ""probability"": 3.14787685056217e-05}]",dataset,
dataset_sample:4233,h,z,0.2772262990474701,"[{""label"": ""z"", ""probability"": 0.2772262990474701}, {""label"": ""n"", ""probability"": 0.2269311249256134}, {""label"": ""x"", ""probability"": 0.20084711909294128}]",dataset,
dataset_sample:4292,x,k,0.9524037837982178,"[{""label"": ""k"", ""probability"": 0.9524037837982178}, {""label"": ""x"", ""probability"": 0.037141766399145126}, {""label"": ""h"", ""probability"": 0.006413877476006746}]",dataset,
dataset_sample:4293,d,a,0.6760365962982178,"[{""label"": ""a"", ""probability"": 0.6760365962982178}, {""label"": ""d"", ""probability"": 0.2931467294692993}, {""label"": ""q"", ""probability"": 0.016828635707497597}]",dataset,
dataset_sample:4309,u,v,0.7546039819717407,"[{""label"": ""v"", ""probability"": 0.7546039819717407}, {""label"": ""u"", ""probability"": 0.24455618858337402}, {""label"": ""l"", ""probability"": 0.0006098009180277586}]",dataset,
dataset_sample:4319,l,i,0.7006077766418457,"[{""label"": ""i"", ""probability"": 0.7006077766418457}, {""label"": ""l"", ""probability"": 0.2987213432788849}, {""label"": ""r"", ""probability"": 0.00030675283051095903}]",dataset,
dataset_sample:4321,j,l,0.8372141718864441,"[{""label"": ""l"", ""probability"": 0.8372141718864441}, {""label"": ""i"", ""probability"": 0.14700216054916382}, {""label"": ""j"", ""probability"": 0.014647743664681911}]",dataset,
dataset_sample:4356,s,g,0.8115740418434143,"[{""label"": ""g"", ""probability"": 0.8115740418434143}, {""label"": ""s"", ""probability"": 0.17971819639205933}, {""label"": ""q"", ""probability"": 0.0035280422307550907}]",dataset,
dataset_sample:4388,v,m,0.30003324151039124,"[{""label"": ""m"", ""probability"": 0.30003324151039124}, {""label"": ""a"", ""probability"": 0.23682205379009247}, {""label"": ""n"", ""probability"": 0.17768670618534088}]",dataset,
dataset_sample:4431,w,h,0.4924958050251007,"[{""label"": ""h"", ""probability"": 0.4924958050251007}, {""label"": ""w"", ""probability"": 0.4498874545097351}, {""label"": ""u"", ""probability"": 0.04803409054875374}]",dataset,
dataset_sample:4461,i,l,0.6371262669563293,"[{""label"": ""l"", ""probability"": 0.6371262669563293}, {""label"": ""i"", ""probability"": 0.36139073967933655}, {""label"": ""j"", ""probability"": 0.0012295542983338237}]",dataset,
dataset_sample:4467,h,u,0.6136371493339539,"[{""label"": ""u"", ""probability"": 0.6136371493339539}, {""label"": ""h"", ""probability"": 0.3833383619785309}, {""label"": ""y"", ""probability"": 0.0007706160540692508}]",dataset,
dataset_sample:4471,u,v,0.9246020317077637,"[{""label"": ""v"", ""probability"": 0.9246020317077637}, {""label"": ""u"", ""probability"": 0.07316352427005768}, {""label"": ""y"", ""probability"": 0.0011876174248754978}]",dataset,
dataset_sample:4519,n,h,0.5193405747413635,"[{""label"": ""h"", ""probability"": 0.5193405747413635}, {""label"": ""n"", ""probability"": 0.4785044491291046}, {""label"": ""r"", ""probability"": 0.0008172980160452425}]",dataset,
dataset_sample:4521,g,q,0.7782080173492432,"[{""label"": ""q"", ""probability"": 0.7782080173492432}, {""label"": ""g"", ""probability"": 0.22110076248645782}, {""label"": ""y"", ""probability"": 0.00039770876173861325}]",dataset,
dataset_sample:4522,i,l,0.3824096918106079,"[{""label"": ""l"", ""probability"": 0.3824096918106079}, {""label"": ""c"", ""probability"": 0.328317254781723}, {""label"": ""u"", ""probability"": 0.1886097639799118}]",dataset,
dataset_sample:4534,i,l,0.7495666742324829,"[{""label"": ""l"", ""probability"": 0.7495666742324829}, {""label"": ""i"", ""probability"": 0.24785029888153076}, {""label"": ""j"", ""probability"": 0.0008699806639924645}]",dataset,
dataset_sample:4535,u,v,0.7160363793373108,"[{""label"": ""v"", ""probability"": 0.7160363793373108}, {""label"": ""u"", ""probability"": 0.2828453779220581}, {""label"": ""y"", ""probability"": 0.0007127089193090796}]",dataset,
dataset_sample:4573,r,v,0.9235885739326477,"[{""label"": ""v"", ""probability"": 0.9235885739326477}, {""label"": ""r"", ""probability"": 0.07398255169391632}, {""label"": ""y"", ""probability"": 0.0021968877408653498}]",dataset,
dataset_sample:4586,q,f,0.438565731048584,"[{""label"": ""f"", ""probability"": 0.438565731048584}, {""label"": ""g"", ""probability"": 0.23767735064029694}, {""label"": ""q"", ""probability"": 0.1302422732114792}]",dataset,
dataset_sample:4660,i,l,0.6928126811981201,"[{""label"": ""l"", ""probability"": 0.6928126811981201}, {""label"": ""i"", ""probability"": 0.3070506453514099}, {""label"": ""j"", ""probability"": 8.861241803970188e-05}]",dataset,
dataset_sample:4668,g,q,0.95930016040802,"[{""label"": ""q"", ""probability"": 0.95930016040802}, {""label"": ""g"", ""probability"": 0.04028783738613129}, {""label"": ""a"", ""probability"": 0.00040588126285001636}]",dataset,
dataset_sample:4672,g,q,0.6664921641349792,"[{""label"": ""q"", ""probability"": 0.6664921641349792}, {""label"": ""g"", ""probability"": 0.3295626938343048}, {""label"": ""a"", ""probability"": 0.0038096336647868156}]",dataset,
dataset_sample:4677,q,a,0.6113133430480957,"[{""label"": ""a"", ""probability"": 0.6113133430480957}, {""label"": ""q"", ""probability"": 0.38853883743286133}, {""label"": ""g"", ""probability"": 0.00012199993943795562}]",dataset,
dataset_sample:4694,s,g,0.49398237466812134,"[{""label"": ""g"", ""probability"": 0.49398237466812134}, {""label"": ""s"", ""probability"": 0.49022138118743896}, {""label"": ""q"", ""probability"": 0.006372549571096897}]",dataset,
dataset_sample:4757,w,m,0.9916476011276245,"[{""label"": ""m"", ""probability"": 0.9916476011276245}, {""label"": ""w"", ""probability"": 0.0062590306624770164}, {""label"": ""n"", ""probability"": 0.001030183513648808}]",dataset,
dataset_sample:4770,i,l,0.652967095375061,"[{""label"": ""l"", ""probability"": 0.652967095375061}, {""label"": ""i"", ""probability"": 0.3467605710029602}, {""label"": ""j"", ""probability"": 8.06452808319591e-05}]",dataset,
dataset_sample:4772,v,u,0.656591534614563,"[{""label"": ""u"", ""probability"": 0.656591534614563}, {""label"": ""v"", ""probability"": 0.34283390641212463}, {""label"": ""y"", ""probability"": 0.0004302967863623053}]",dataset,
dataset_sample:4779,g,q,0.8260003924369812,"[{""label"": ""q"", ""probability"": 0.8260003924369812}, {""label"": ""g"", ""probability"": 0.16953356564044952}, {""label"": ""y"", ""probability"": 0.003956285770982504}]",dataset,
dataset_sample:4785,i,j,0.6435970664024353,"[{""label"": ""j"", ""probability"": 0.6435970664024353}, {""label"": ""i"", ""probability"": 0.35577037930488586}, {""label"": ""l"", ""probability"": 0.00033556867856532335}]",dataset,
dataset_sample:4805,k,t,0.813428521156311,"[{""label"": ""t"", ""probability"": 0.813428521156311}, {""label"": ""h"", ""probability"": 0.07510019093751907}, {""label"": ""l"", ""probability"": 0.04144713282585144}]",dataset,
dataset_sample:4851,i,j,0.537297785282135,"[{""label"": ""j"", ""probability"": 0.537297785282135}, {""label"": ""i"", ""probability"": 0.4601608216762543}, {""label"": ""t"", ""probability"": 0.0013885990483686328}]",dataset,
dataset_sample:4857,d,t,0.6305353045463562,"[{""label"": ""t"", ""probability"": 0.6305353045463562}, {""label"": ""d"", ""probability"": 0.14370949566364288}, {""label"": ""h"", ""probability"": 0.11575537919998169}]",dataset,
dataset_sample:4891,u,j,0.8030194044113159,"[{""label"": ""j"", ""probability"": 0.8030194044113159}, {""label"": ""u"", ""probability"": 0.12413177639245987}, {""label"": ""v"", ""probability"": 0.05102464556694031}]",dataset,
dataset_sample:4906,i,l,0.9179697036743164,"[{""label"": ""l"", ""probability"": 0.9179697036743164}, {""label"": ""i"", ""probability"": 0.07269231975078583}, {""label"": ""h"", ""probability"": 0.004406222607940435}]",dataset,
dataset_sample:4927,t,y,0.9060936570167542,"[{""label"": ""y"", ""probability"": 0.9060936570167542}, {""label"": ""t"", ""probability"": 0.08272382616996765}, {""label"": ""x"", ""probability"": 0.0053114090114831924}]",dataset,
dataset_sample:4955,i,l,0.5888664126396179,"[{""label"": ""l"", ""probability"": 0.5888664126396179}, {""label"": ""i"", ""probability"": 0.4106745421886444}, {""label"": ""j"", ""probability"": 0.0004020770429633558}]",dataset,
dataset_sample:4957,b,z,0.9049890637397766,"[{""label"": ""z"", ""probability"": 0.9049890637397766}, {""label"": ""b"", ""probability"": 0.09408910572528839}, {""label"": ""g"", ""probability"": 0.0005333017907105386}]",dataset,
dataset_sample:4958,g,q,0.6193369626998901,"[{""label"": ""q"", ""probability"": 0.6193369626998901}, {""label"": ""g"", ""probability"": 0.3601648509502411}, {""label"": ""a"", ""probability"": 0.019848845899105072}]",dataset,
dataset_sample:4972,o,q,0.8369154930114746,"[{""label"": ""q"", ""probability"": 0.8369154930114746}, {""label"": ""o"", ""probability"": 0.1587422639131546}, {""label"": ""g"", ""probability"": 0.003042337717488408}]",dataset,
dataset_sample:5035,n,h,0.8255213499069214,"[{""label"": ""h"", ""probability"": 0.8255213499069214}, {""label"": ""n"", ""probability"": 0.11612215638160706}, {""label"": ""a"", ""probability"": 0.03359152376651764}]",dataset,
dataset_sample:5043,i,l,0.7790867686271667,"[{""label"": ""l"", ""probability"": 0.7790867686271667}, {""label"": ""i"", ""probability"": 0.22054709494113922}, {""label"": ""j"", ""probability"": 0.00017525689327158034}]",dataset,
dataset_sample:5053,q,g,0.6846553683280945,"[{""label"": ""g"", ""probability"": 0.6846553683280945}, {""label"": ""q"", ""probability"": 0.2716720998287201}, {""label"": ""a"", ""probability"": 0.04317593574523926}]",dataset,
dataset_sample:5061,i,l,0.8406645059585571,"[{""label"": ""l"", ""probability"": 0.8406645059585571}, {""label"": ""i"", ""probability"": 0.15562807023525238}, {""label"": ""j"", ""probability"": 0.002959763864055276}]",dataset,
dataset_sample:5066,l,i,0.84464031457901,"[{""label"": ""i"", ""probability"": 0.84464031457901}, {""label"": ""l"", ""probability"": 0.15471766889095306}, {""label"": ""j"", ""probability"": 0.00031845836201682687}]",dataset,
dataset_sample:5085,q,a,0.6138849258422852,"[{""label"": ""a"", ""probability"": 0.6138849258422852}, {""label"": ""q"", ""probability"": 0.2996995151042938}, {""label"": ""g"", ""probability"": 0.05958033725619316}]",dataset,
dataset_sample:5110,r,v,0.7953267693519592,"[{""label"": ""v"", ""probability"": 0.7953267693519592}, {""label"": ""y"", ""probability"": 0.17072942852973938}, {""label"": ""r"", ""probability"": 0.020317183807492256}]",dataset,
dataset_sample:5116,i,l,0.6895304918289185,"[{""label"": ""l"", ""probability"": 0.6895304918289185}, {""label"": ""i"", ""probability"": 0.31031784415245056}, {""label"": ""j"", ""probability"": 9.015404066303745e-05}]",dataset,
dataset_sample:5133,i,l,0.6746207475662231,"[{""label"": ""l"", ""probability"": 0.6746207475662231}, {""label"": ""i"", ""probability"": 0.32508954405784607}, {""label"": ""j"", ""probability"": 0.00023894479090813547}]",dataset,
dataset_sample:5144,n,r,0.9765077829360962,"[{""label"": ""r"", ""probability"": 0.9765077829360962}, {""label"": ""n"", ""probability"": 0.01872166059911251}, {""label"": ""p"", ""probability"": 0.0024843700230121613}]",dataset,
dataset_sample:5158,g,h,0.4523348808288574,"[{""label"": ""h"", ""probability"": 0.4523348808288574}, {""label"": ""g"", ""probability"": 0.4089413285255432}, {""label"": ""b"", ""probability"": 0.09474871307611465}]",dataset,
dataset_sample:5171,o,d,0.5525516271591187,"[{""label"": ""d"", ""probability"": 0.5525516271591187}, {""label"": ""o"", ""probability"": 0.44525018334388733}, {""label"": ""a"", ""probability"": 0.0005015329224988818}]",dataset,
dataset_sample:5194,l,i,0.5901370644569397,"[{""label"": ""i"", ""probability"": 0.5901370644569397}, {""label"": ""l"", ""probability"": 0.40832969546318054}, {""label"": ""j"", ""probability"": 0.001380257192067802}]",dataset,
dataset_sample:5201,l,i,0.7550482153892517,"[{""label"": ""i"", ""probability"": 0.7550482153892517}, {""label"": ""l"", ""probability"": 0.24478954076766968}, {""label"": ""j"", ""probability"": 8.280228939838707e-05}]",dataset,
dataset_sample:5221,j,i,0.6095886826515198,"[{""label"": ""i"", ""probability"": 0.6095886826515198}, {""label"": ""j"", ""probability"": 0.3758522868156433}, {""label"": ""l"", ""probability"": 0.013495383784174919}]",dataset,
dataset_sample:5227,o,a,0.9299537539482117,"[{""label"": ""a"", ""probability"": 0.9299537539482117}, {""label"": ""o"", ""probability"": 0.01994202472269535}, {""label"": ""g"", ""probability"": 0.019490130245685577}]",dataset,
dataset_sample:5231,i,l,0.5207313895225525,"[{""label"": ""l"", ""probability"": 0.5207313895225525}, {""label"": ""i"", ""probability"": 0.47805097699165344}, {""label"": ""r"", ""probability"": 0.0006397553370334208}]",dataset,
dataset_sample:5312,y,g,0.8674808740615845,"[{""label"": ""g"", ""probability"": 0.8674808740615845}, {""label"": ""a"", ""probability"": 0.04719039797782898}, {""label"": ""q"", ""probability"": 0.04300540313124657}]",dataset,
dataset_sample:5313,v,y,0.7324246764183044,"[{""label"": ""y"", ""probability"": 0.7324246764183044}, {""label"": ""v"", ""probability"": 0.26192814111709595}, {""label"": ""u"", ""probability"": 0.002216100227087736}]",dataset,
dataset_sample:5316,l,i,0.6711437106132507,"[{""label"": ""i"", ""probability"": 0.6711437106132507}, {""label"": ""l"", ""probability"": 0.3286372125148773}, {""label"": ""j"", ""probability"": 9.0419540356379e-05}]",dataset,
dataset_sample:5323,f,t,0.5572258234024048,"[{""label"": ""t"", ""probability"": 0.5572258234024048}, {""label"": ""l"", ""probability"": 0.21438531577587128}, {""label"": ""f"", ""probability"": 0.19507485628128052}]",dataset,
dataset_sample:5365,r,t,0.9805139899253845,"[{""label"": ""t"", ""probability"": 0.9805139899253845}, {""label"": ""l"", ""probability"": 0.005533203948289156}, {""label"": ""i"", ""probability"": 0.0052644722163677216}]",dataset,
dataset_sample:5367,l,i,0.7840484380722046,"[{""label"": ""i"", ""probability"": 0.7840484380722046}, {""label"": ""l"", ""probability"": 0.21584199368953705}, {""label"": ""j"", ""probability"": 5.5619886552449316e-05}]",dataset,
dataset_sample:5376,r,y,0.5486984252929688,"[{""label"": ""y"", ""probability"": 0.5486984252929688}, {""label"": ""r"", ""probability"": 0.2534722685813904}, {""label"": ""v"", ""probability"": 0.19594241678714752}]",dataset,
dataset_sample:5380,g,q,0.8958961367607117,"[{""label"": ""q"", ""probability"": 0.8958961367607117}, {""label"": ""g"", ""probability"": 0.10388127714395523}, {""label"": ""y"", ""probability"": 0.00016964161477517337}]",dataset,
dataset_sample:5423,s,b,0.957843542098999,"[{""label"": ""b"", ""probability"": 0.957843542098999}, {""label"": ""g"", ""probability"": 0.02402878925204277}, {""label"": ""z"", ""probability"": 0.011247249320149422}]",dataset,
dataset_sample:5453,l,i,0.5430284738540649,"[{""label"": ""i"", ""probability"": 0.5430284738540649}, {""label"": ""l"", ""probability"": 0.4567987322807312}, {""label"": ""j"", ""probability"": 8.450426685158163e-05}]",dataset,
dataset_sample:5472,q,g,0.6166430711746216,"[{""label"": ""g"", ""probability"": 0.6166430711746216}, {""label"": ""q"", ""probability"": 0.32431647181510925}, {""label"": ""y"", ""probability"": 0.03920542076230049}]",dataset,
dataset_sample:5478,i,l,0.8125408887863159,"[{""label"": ""l"", ""probability"": 0.8125408887863159}, {""label"": ""i"", ""probability"": 0.18542571365833282}, {""label"": ""j"", ""probability"": 0.0018372555496171117}]",dataset,
dataset_sample:5479,j,v,0.5119791626930237,"[{""label"": ""v"", ""probability"": 0.5119791626930237}, {""label"": ""j"", ""probability"": 0.4748789668083191}, {""label"": ""u"", ""probability"": 0.010895882733166218}]",dataset,
dataset_sample:5514,p,n,0.25428104400634766,"[{""label"": ""n"", ""probability"": 0.25428104400634766}, {""label"": ""p"", ""probability"": 0.21727754175662994}, {""label"": ""d"", ""probability"": 0.19311155378818512}]",dataset,
dataset_sample:5534,q,g,0.5761851668357849,"[{""label"": ""g"", ""probability"": 0.5761851668357849}, {""label"": ""q"", ""probability"": 0.4230426847934723}, {""label"": ""y"", ""probability"": 0.0007371288374997675}]",dataset,
dataset_sample:5541,v,y,0.7137148380279541,"[{""label"": ""y"", ""probability"": 0.7137148380279541}, {""label"": ""v"", ""probability"": 0.2743791341781616}, {""label"": ""j"", ""probability"": 0.005852482747286558}]",dataset,
dataset_sample:5543,y,r,0.4977366030216217,"[{""label"": ""r"", ""probability"": 0.4977366030216217}, {""label"": ""y"", ""probability"": 0.29051750898361206}, {""label"": ""v"", ""probability"": 0.1696055382490158}]",dataset,
dataset_sample:5548,u,v,0.9295564889907837,"[{""label"": ""v"", ""probability"": 0.9295564889907837}, {""label"": ""u"", ""probability"": 0.0699172094464302}, {""label"": ""i"", ""probability"": 0.00011625373008428141}]",dataset,
dataset_sample:5551,j,i,0.5776440501213074,"[{""label"": ""i"", ""probability"": 0.5776440501213074}, {""label"": ""j"", ""probability"": 0.3400326073169708}, {""label"": ""l"", ""probability"": 0.04176098108291626}]",dataset,
dataset_sample:5574,j,t,0.516207218170166,"[{""label"": ""t"", ""probability"": 0.516207218170166}, {""label"": ""j"", ""probability"": 0.3533722162246704}, {""label"": ""f"", ""probability"": 0.08889887481927872}]",dataset,
dataset_sample:5591,o,d,0.5408870577812195,"[{""label"": ""d"", ""probability"": 0.5408870577812195}, {""label"": ""o"", ""probability"": 0.45696115493774414}, {""label"": ""a"", ""probability"": 0.001643168507143855}]",dataset,
dataset_sample:5596,y,v,0.610798180103302,"[{""label"": ""v"", ""probability"": 0.610798180103302}, {""label"": ""y"", ""probability"": 0.34566351771354675}, {""label"": ""r"", ""probability"": 0.030442319810390472}]",dataset,
dataset_sample:5625,i,l,0.5433119535446167,"[{""label"": ""l"", ""probability"": 0.5433119535446167}, {""label"": ""i"", ""probability"": 0.4563435912132263}, {""label"": ""j"", ""probability"": 0.0002751873107627034}]",dataset,
dataset_sample:5627,f,t,0.9321762323379517,"[{""label"": ""t"", ""probability"": 0.9321762323379517}, {""label"": ""f"", ""probability"": 0.0663280114531517}, {""label"": ""h"", ""probability"": 0.000826667994260788}]",dataset,
dataset_sample:5630,x,t,0.44432201981544495,"[{""label"": ""t"", ""probability"": 0.44432201981544495}, {""label"": ""x"", ""probability"": 0.32097697257995605}, {""label"": ""f"", ""probability"": 0.09086400270462036}]",dataset,
dataset_sample:5663,n,a,0.5352106690406799,"[{""label"": ""a"", ""probability"": 0.5352106690406799}, {""label"": ""n"", ""probability"": 0.38541409373283386}, {""label"": ""c"", ""probability"": 0.01951265148818493}]",dataset,
dataset_sample:5664,i,l,0.8404805660247803,"[{""label"": ""l"", ""probability"": 0.8404805660247803}, {""label"": ""i"", ""probability"": 0.15924115478992462}, {""label"": ""j"", ""probability"": 0.00017458676302339882}]",dataset,
dataset_sample:5665,p,f,0.9746139049530029,"[{""label"": ""f"", ""probability"": 0.9746139049530029}, {""label"": ""a"", ""probability"": 0.011574278585612774}, {""label"": ""p"", ""probability"": 0.010633458383381367}]",dataset,
dataset_sample:5669,g,q,0.9935342073440552,"[{""label"": ""q"", ""probability"": 0.9935342073440552}, {""label"": ""g"", ""probability"": 0.006439804565161467}, {""label"": ""z"", ""probability"": 8.917833838495426e-06}]",dataset,
dataset_sample:5705,g,q,0.9146648645401001,"[{""label"": ""q"", ""probability"": 0.9146648645401001}, {""label"": ""g"", ""probability"": 0.08502327650785446}, {""label"": ""y"", ""probability"": 0.0002629682421684265}]",dataset,
dataset_sample:5748,g,e,0.5044499635696411,"[{""label"": ""e"", ""probability"": 0.5044499635696411}, {""label"": ""q"", ""probability"": 0.2747541069984436}, {""label"": ""g"", ""probability"": 0.16431117057800293}]",dataset,
dataset_sample:5766,l,i,0.7244389653205872,"[{""label"": ""i"", ""probability"": 0.7244389653205872}, {""label"": ""l"", ""probability"": 0.2750592529773712}, {""label"": ""j"", ""probability"": 0.0003508375084493309}]",dataset,
dataset_sample:5779,l,i,0.5648611187934875,"[{""label"": ""i"", ""probability"": 0.5648611187934875}, {""label"": ""l"", ""probability"": 0.3539601266384125}, {""label"": ""t"", ""probability"": 0.038823626935482025}]",dataset,
dataset_sample:5835,o,b,0.7284207344055176,"[{""label"": ""b"", ""probability"": 0.7284207344055176}, {""label"": ""d"", ""probability"": 0.11196298152208328}, {""label"": ""o"", ""probability"": 0.0886201411485672}]",dataset,
dataset_sample:5853,o,d,0.6634321808815002,"[{""label"": ""d"", ""probability"": 0.6634321808815002}, {""label"": ""o"", ""probability"": 0.27216294407844543}, {""label"": ""b"", ""probability"": 0.025713901966810226}]",dataset,
dataset_sample:5866,b,h,0.9181079268455505,"[{""label"": ""h"", ""probability"": 0.9181079268455505}, {""label"": ""b"", ""probability"": 0.07753206789493561}, {""label"": ""l"", ""probability"": 0.00379839725792408}]",dataset,
dataset_sample:5878,m,n,0.5196654796600342,"[{""label"": ""n"", ""probability"": 0.5196654796600342}, {""label"": ""m"", ""probability"": 0.45796459913253784}, {""label"": ""a"", ""probability"": 0.016954706981778145}]",dataset,
dataset_sample:5889,l,i,0.6122569441795349,"[{""label"": ""i"", ""probability"": 0.6122569441795349}, {""label"": ""l"", ""probability"": 0.3873465061187744}, {""label"": ""j"", ""probability"": 0.00015488969802390784}]",dataset,
dataset_sample:5907,l,i,0.7767729759216309,"[{""label"": ""i"", ""probability"": 0.7767729759216309}, {""label"": ""l"", ""probability"": 0.20883145928382874}, {""label"": ""r"", ""probability"": 0.013798920437693596}]",dataset,
dataset_sample:5923,b,p,0.5563105344772339,"[{""label"": ""p"", ""probability"": 0.5563105344772339}, {""label"": ""f"", ""probability"": 0.4034699499607086}, {""label"": ""b"", ""probability"": 0.03531869873404503}]",dataset,
dataset_sample:5961,i,l,0.7073887586593628,"[{""label"": ""l"", ""probability"": 0.7073887586593628}, {""label"": ""i"", ""probability"": 0.29247960448265076}, {""label"": ""h"", ""probability"": 6.87682768329978e-05}]",dataset,
dataset_sample:6008,r,b,0.31370431184768677,"[{""label"": ""b"", ""probability"": 0.31370431184768677}, {""label"": ""z"", ""probability"": 0.26152896881103516}, {""label"": ""a"", ""probability"": 0.20098821818828583}]",dataset,
dataset_sample:6014,h,l,0.9774446487426758,"[{""label"": ""l"", ""probability"": 0.9774446487426758}, {""label"": ""h"", ""probability"": 0.021325310692191124}, {""label"": ""k"", ""probability"": 0.0008503486169502139}]",dataset,
dataset_sample:6025,e,c,0.8131935596466064,"[{""label"": ""c"", ""probability"": 0.8131935596466064}, {""label"": ""e"", ""probability"": 0.17102350294589996}, {""label"": ""o"", ""probability"": 0.0067912922240793705}]",dataset,
dataset_sample:6056,j,t,0.6089829802513123,"[{""label"": ""t"", ""probability"": 0.6089829802513123}, {""label"": ""f"", ""probability"": 0.2418408840894699}, {""label"": ""j"", ""probability"": 0.09372897446155548}]",dataset,
dataset_sample:6076,x,k,0.6283258199691772,"[{""label"": ""k"", ""probability"": 0.6283258199691772}, {""label"": ""l"", ""probability"": 0.14450496435165405}, {""label"": ""x"", ""probability"": 0.13607674837112427}]",dataset,
dataset_sample:6085,i,j,0.836180567741394,"[{""label"": ""j"", ""probability"": 0.836180567741394}, {""label"": ""i"", ""probability"": 0.1637326031923294}, {""label"": ""g"", ""probability"": 3.263917096774094e-05}]",dataset,
dataset_sample:6102,y,g,0.6748604774475098,"[{""label"": ""g"", ""probability"": 0.6748604774475098}, {""label"": ""c"", ""probability"": 0.22214742004871368}, {""label"": ""a"", ""probability"": 0.03860016539692879}]",dataset,
dataset_sample:6115,g,z,0.7008286714553833,"[{""label"": ""z"", ""probability"": 0.7008286714553833}, {""label"": ""f"", ""probability"": 0.13207881152629852}, {""label"": ""r"", ""probability"": 0.06957639753818512}]",dataset,
dataset_sample:6130,r,t,0.7403578162193298,"[{""label"": ""t"", ""probability"": 0.7403578162193298}, {""label"": ""r"", ""probability"": 0.16656358540058136}, {""label"": ""f"", ""probability"": 0.07811449468135834}]",dataset,
dataset_sample:6137,i,l,0.6943885684013367,"[{""label"": ""l"", ""probability"": 0.6943885684013367}, {""label"": ""i"", ""probability"": 0.30376535654067993}, {""label"": ""j"", ""probability"": 0.0010601467220112681}]",dataset,
dataset_sample:6150,i,l,0.7712967991828918,"[{""label"": ""l"", ""probability"": 0.7712967991828918}, {""label"": ""i"", ""probability"": 0.22837667167186737}, {""label"": ""h"", ""probability"": 0.00017806750838644803}]",dataset,
dataset_sample:6165,i,l,0.8371742963790894,"[{""label"": ""l"", ""probability"": 0.8371742963790894}, {""label"": ""i"", ""probability"": 0.16269896924495697}, {""label"": ""j"", ""probability"": 8.213090768549591e-05}]",dataset,
dataset_sample:6171,b,l,0.43701204657554626,"[{""label"": ""l"", ""probability"": 0.43701204657554626}, {""label"": ""b"", ""probability"": 0.21634185314178467}, {""label"": ""f"", ""probability"": 0.14216309785842896}]",dataset,
dataset_sample:6176,w,u,0.9780158400535583,"[{""label"": ""u"", ""probability"": 0.9780158400535583}, {""label"": ""v"", ""probability"": 0.01089526992291212}, {""label"": ""j"", ""probability"": 0.004818132612854242}]",dataset,
dataset_sample:6183,r,v,0.8448525071144104,"[{""label"": ""v"", ""probability"": 0.8448525071144104}, {""label"": ""r"", ""probability"": 0.1549227237701416}, {""label"": ""u"", ""probability"": 4.925170651404187e-05}]",dataset,
dataset_sample:6187,g,q,0.7836220860481262,"[{""label"": ""q"", ""probability"": 0.7836220860481262}, {""label"": ""g"", ""probability"": 0.21079599857330322}, {""label"": ""y"", ""probability"": 0.0053881388157606125}]",dataset,
dataset_sample:6207,j,l,0.5683003664016724,"[{""label"": ""l"", ""probability"": 0.5683003664016724}, {""label"": ""i"", ""probability"": 0.39175498485565186}, {""label"": ""j"", ""probability"": 0.03935641422867775}]",dataset,
dataset_sample:6245,i,l,0.8983067870140076,"[{""label"": ""l"", ""probability"": 0.8983067870140076}, {""label"": ""i"", ""probability"": 0.08765603601932526}, {""label"": ""j"", ""probability"": 0.013424117118120193}]",dataset,
dataset_sample:6271,i,l,0.6076831817626953,"[{""label"": ""l"", ""probability"": 0.6076831817626953}, {""label"": ""i"", ""probability"": 0.3921043872833252}, {""label"": ""h"", ""probability"": 7.241537241498008e-05}]",dataset,
dataset_sample:6310,i,f,0.9929348826408386,"[{""label"": ""f"", ""probability"": 0.9929348826408386}, {""label"": ""t"", ""probability"": 0.006707258988171816}, {""label"": ""a"", ""probability"": 0.00016500006313435733}]",dataset,
dataset_sample:6314,g,j,0.6468357443809509,"[{""label"": ""j"", ""probability"": 0.6468357443809509}, {""label"": ""y"", ""probability"": 0.18281929194927216}, {""label"": ""g"", ""probability"": 0.0675245001912117}]",dataset,
dataset_sample:6323,i,l,0.7539352178573608,"[{""label"": ""l"", ""probability"": 0.7539352178573608}, {""label"": ""i"", ""probability"": 0.24591001868247986}, {""label"": ""j"", ""probability"": 9.161596972262487e-05}]",dataset,
dataset_sample:6360,l,i,0.7749902009963989,"[{""label"": ""i"", ""probability"": 0.7749902009963989}, {""label"": ""l"", ""probability"": 0.22466203570365906}, {""label"": ""r"", ""probability"": 9.167469397652894e-05}]",dataset,
dataset_sample:6371,l,i,0.5331862568855286,"[{""label"": ""i"", ""probability"": 0.5331862568855286}, {""label"": ""l"", ""probability"": 0.46585896611213684}, {""label"": ""h"", ""probability"": 0.0002631231036502868}]",dataset,
dataset_sample:6414,u,v,0.5722230076789856,"[{""label"": ""v"", ""probability"": 0.5722230076789856}, {""label"": ""u"", ""probability"": 0.4267865717411041}, {""label"": ""j"", ""probability"": 0.0003668575081974268}]",dataset,
dataset_sample:6449,i,l,0.6087899208068848,"[{""label"": ""l"", ""probability"": 0.6087899208068848}, {""label"": ""i"", ""probability"": 0.39036253094673157}, {""label"": ""j"", ""probability"": 0.0003919366863556206}]",dataset,
dataset_sample:6467,q,g,0.6836181282997131,"[{""label"": ""g"", ""probability"": 0.6836181282997131}, {""label"": ""q"", ""probability"": 0.28421229124069214}, {""label"": ""a"", ""probability"": 0.03082561306655407}]",dataset,
dataset_sample:6469,u,j,0.8233385682106018,"[{""label"": ""j"", ""probability"": 0.8233385682106018}, {""label"": ""u"", ""probability"": 0.13889369368553162}, {""label"": ""v"", ""probability"": 0.03244881331920624}]",dataset,
dataset_sample:6520,i,l,0.7961450815200806,"[{""label"": ""l"", ""probability"": 0.7961450815200806}, {""label"": ""i"", ""probability"": 0.20046423375606537}, {""label"": ""j"", ""probability"": 0.0012698692735284567}]",dataset,
dataset_sample:6537,p,a,0.5671831965446472,"[{""label"": ""a"", ""probability"": 0.5671831965446472}, {""label"": ""p"", ""probability"": 0.3283395767211914}, {""label"": ""r"", ""probability"": 0.05577515438199043}]",dataset,
dataset_sample:6570,x,y,0.9445281028747559,"[{""label"": ""y"", ""probability"": 0.9445281028747559}, {""label"": ""t"", ""probability"": 0.03721794858574867}, {""label"": ""x"", ""probability"": 0.009445669129490852}]",dataset,
dataset_sample:6571,n,m,0.9132826328277588,"[{""label"": ""m"", ""probability"": 0.9132826328277588}, {""label"": ""n"", ""probability"": 0.0860210508108139}, {""label"": ""h"", ""probability"": 0.0003729672753252089}]",dataset,
dataset_sample:6592,l,i,0.7632997035980225,"[{""label"": ""i"", ""probability"": 0.7632997035980225}, {""label"": ""l"", ""probability"": 0.23651592433452606}, {""label"": ""j"", ""probability"": 0.00013825632049702108}]",dataset,
dataset_sample:6596,j,i,0.7715659737586975,"[{""label"": ""i"", ""probability"": 0.7715659737586975}, {""label"": ""j"", ""probability"": 0.22741396725177765}, {""label"": ""l"", ""probability"": 0.0008800430805422366}]",dataset,
dataset_sample:6624,v,u,0.8013209104537964,"[{""label"": ""u"", ""probability"": 0.8013209104537964}, {""label"": ""v"", ""probability"": 0.1971467286348343}, {""label"": ""y"", ""probability"": 0.0007269137422554195}]",dataset,
dataset_sample:6651,l,i,0.5743338465690613,"[{""label"": ""i"", ""probability"": 0.5743338465690613}, {""label"": ""l"", ""probability"": 0.4254053235054016}, {""label"": ""j"", ""probability"": 0.00010937424667645246}]",dataset,
dataset_sample:6660,i,l,0.5881455540657043,"[{""label"": ""l"", ""probability"": 0.5881455540657043}, {""label"": ""i"", ""probability"": 0.41177091002464294}, {""label"": ""h"", ""probability"": 3.8089150621090084e-05}]",dataset,
dataset_sample:6695,b,h,0.6131762266159058,"[{""label"": ""h"", ""probability"": 0.6131762266159058}, {""label"": ""b"", ""probability"": 0.2350015491247177}, {""label"": ""r"", ""probability"": 0.07028742134571075}]",dataset,
dataset_sample:6698,v,r,0.6348692774772644,"[{""label"": ""r"", ""probability"": 0.6348692774772644}, {""label"": ""v"", ""probability"": 0.3431210517883301}, {""label"": ""u"", ""probability"": 0.011034770868718624}]",dataset,
dataset_sample:6708,s,g,0.8508266806602478,"[{""label"": ""g"", ""probability"": 0.8508266806602478}, {""label"": ""s"", ""probability"": 0.14738067984580994}, {""label"": ""q"", ""probability"": 0.0010724059538915753}]",dataset,
dataset_sample:6820,i,l,0.8714226484298706,"[{""label"": ""l"", ""probability"": 0.8714226484298706}, {""label"": ""i"", ""probability"": 0.12296612560749054}, {""label"": ""j"", ""probability"": 0.0022683930583298206}]",dataset,
dataset_sample:6835,i,l,0.8048955798149109,"[{""label"": ""l"", ""probability"": 0.8048955798149109}, {""label"": ""i"", ""probability"": 0.19462300837039948}, {""label"": ""j"", ""probability"": 0.00025024297065101564}]",dataset,
dataset_sample:6845,i,l,0.8641819357872009,"[{""label"": ""l"", ""probability"": 0.8641819357872009}, {""label"": ""i"", ""probability"": 0.1353660374879837}, {""label"": ""j"", ""probability"": 0.0003346117155160755}]",dataset,
dataset_sample:6846,g,q,0.3132162392139435,"[{""label"": ""q"", ""probability"": 0.3132162392139435}, {""label"": ""g"", ""probability"": 0.25211307406425476}, {""label"": ""t"", ""probability"": 0.1768309324979782}]",dataset,
dataset_sample:6877,y,k,0.623177707195282,"[{""label"": ""k"", ""probability"": 0.623177707195282}, {""label"": ""h"", ""probability"": 0.2671588361263275}, {""label"": ""y"", ""probability"": 0.09241759032011032}]",dataset,
dataset_sample:6885,n,w,0.7191082239151001,"[{""label"": ""w"", ""probability"": 0.7191082239151001}, {""label"": ""n"", ""probability"": 0.25298935174942017}, {""label"": ""u"", ""probability"": 0.012433075346052647}]",dataset,
dataset_sample:6894,g,q,0.7511973977088928,"[{""label"": ""q"", ""probability"": 0.7511973977088928}, {""label"": ""g"", ""probability"": 0.24816150963306427}, {""label"": ""a"", ""probability"": 0.0003745702560991049}]",dataset,
dataset_sample:6901,o,a,0.6596589684486389,"[{""label"": ""a"", ""probability"": 0.6596589684486389}, {""label"": ""c"", ""probability"": 0.10415595769882202}, {""label"": ""o"", ""probability"": 0.09283216297626495}]",dataset,
dataset_sample:6926,v,y,0.9939143061637878,"[{""label"": ""y"", ""probability"": 0.9939143061637878}, {""label"": ""v"", ""probability"": 0.0018744808621704578}, {""label"": ""u"", ""probability"": 0.001623524003662169}]",dataset,
dataset_sample:6990,o,d,0.761845052242279,"[{""label"": ""d"", ""probability"": 0.761845052242279}, {""label"": ""o"", ""probability"": 0.19684447348117828}, {""label"": ""b"", ""probability"": 0.020325176417827606}]",dataset,
dataset_sample:7076,r,f,0.818349301815033,"[{""label"": ""f"", ""probability"": 0.818349301815033}, {""label"": ""r"", ""probability"": 0.14397433400154114}, {""label"": ""k"", ""probability"": 0.021787110716104507}]",dataset,
dataset_sample:7088,g,q,0.8319656252861023,"[{""label"": ""q"", ""probability"": 0.8319656252861023}, {""label"": ""g"", ""probability"": 0.16065557301044464}, {""label"": ""a"", ""probability"": 0.006353235803544521}]",dataset,
dataset_sample:7094,m,h,0.9177426099777222,"[{""label"": ""h"", ""probability"": 0.9177426099777222}, {""label"": ""m"", ""probability"": 0.06947683542966843}, {""label"": ""n"", ""probability"": 0.009018132463097572}]",dataset,
dataset_sample:7098,g,q,0.6947566866874695,"[{""label"": ""q"", ""probability"": 0.6947566866874695}, {""label"": ""g"", ""probability"": 0.304996520280838}, {""label"": ""a"", ""probability"": 0.00023383200459647924}]",dataset,
dataset_sample:7099,c,l,0.788349986076355,"[{""label"": ""l"", ""probability"": 0.788349986076355}, {""label"": ""c"", ""probability"": 0.20368745923042297}, {""label"": ""t"", ""probability"": 0.0048950836062431335}]",dataset,
dataset_sample:7103,v,y,0.8151842355728149,"[{""label"": ""y"", ""probability"": 0.8151842355728149}, {""label"": ""v"", ""probability"": 0.17004890739917755}, {""label"": ""u"", ""probability"": 0.010405454784631729}]",dataset,
dataset_sample:7113,l,i,0.5407052040100098,"[{""label"": ""i"", ""probability"": 0.5407052040100098}, {""label"": ""l"", ""probability"": 0.45915842056274414}, {""label"": ""h"", ""probability"": 5.2790524932788685e-05}]",dataset,
dataset_sample:7181,q,g,0.5968130230903625,"[{""label"": ""g"", ""probability"": 0.5968130230903625}, {""label"": ""q"", ""probability"": 0.38734665513038635}, {""label"": ""a"", ""probability"": 0.008381852880120277}]",dataset,
dataset_sample:7197,y,t,0.9902106523513794,"[{""label"": ""t"", ""probability"": 0.9902106523513794}, {""label"": ""f"", ""probability"": 0.009527894668281078}, {""label"": ""h"", ""probability"": 0.00014980949345044792}]",dataset,
dataset_sample:7222,v,u,0.592216968536377,"[{""label"": ""u"", ""probability"": 0.592216968536377}, {""label"": ""v"", ""probability"": 0.4059109091758728}, {""label"": ""y"", ""probability"": 0.0012841761345043778}]",dataset,
dataset_sample:7242,g,a,0.7093933820724487,"[{""label"": ""a"", ""probability"": 0.7093933820724487}, {""label"": ""g"", ""probability"": 0.25253742933273315}, {""label"": ""q"", ""probability"": 0.03372551128268242}]",dataset,
dataset_sample:7256,t,z,0.9444451332092285,"[{""label"": ""z"", ""probability"": 0.9444451332092285}, {""label"": ""t"", ""probability"": 0.04568919911980629}, {""label"": ""i"", ""probability"": 0.008072090335190296}]",dataset,
dataset_sample:7257,o,a,0.5705579519271851,"[{""label"": ""a"", ""probability"": 0.5705579519271851}, {""label"": ""o"", ""probability"": 0.2642965614795685}, {""label"": ""d"", ""probability"": 0.1569252461194992}]",dataset,
dataset_sample:7306,l,i,0.8653587102890015,"[{""label"": ""i"", ""probability"": 0.8653587102890015}, {""label"": ""l"", ""probability"": 0.13453225791454315}, {""label"": ""j"", ""probability"": 3.9834656490711495e-05}]",dataset,
dataset_sample:7364,k,h,0.6033164858818054,"[{""label"": ""h"", ""probability"": 0.6033164858818054}, {""label"": ""n"", ""probability"": 0.15275892615318298}, {""label"": ""u"", ""probability"": 0.13202296197414398}]",dataset,
dataset_sample:7372,i,l,0.7046693563461304,"[{""label"": ""l"", ""probability"": 0.7046693563461304}, {""label"": ""i"", ""probability"": 0.294039249420166}, {""label"": ""j"", ""probability"": 0.0005203865584917367}]",dataset,
dataset_sample:7384,y,v,0.5271668434143066,"[{""label"": ""v"", ""probability"": 0.5271668434143066}, {""label"": ""y"", ""probability"": 0.4707121253013611}, {""label"": ""u"", ""probability"": 0.0007589273154735565}]",dataset,
dataset_sample:7394,u,l,0.5880655646324158,"[{""label"": ""l"", ""probability"": 0.5880655646324158}, {""label"": ""u"", ""probability"": 0.4075670838356018}, {""label"": ""v"", ""probability"": 0.0022352617233991623}]",dataset,
dataset_sample:7419,r,a,0.5712271928787231,"[{""label"": ""a"", ""probability"": 0.5712271928787231}, {""label"": ""f"", ""probability"": 0.2448706477880478}, {""label"": ""r"", ""probability"": 0.0676935687661171}]",dataset,
dataset_sample:7430,o,d,0.4155825674533844,"[{""label"": ""d"", ""probability"": 0.4155825674533844}, {""label"": ""o"", ""probability"": 0.2318444550037384}, {""label"": ""a"", ""probability"": 0.1794179081916809}]",dataset,
dataset_sample:7453,e,c,0.7051557302474976,"[{""label"": ""c"", ""probability"": 0.7051557302474976}, {""label"": ""e"", ""probability"": 0.2928090989589691}, {""label"": ""g"", ""probability"": 0.001649575075134635}]",dataset,
dataset_sample:7460,o,d,0.7446608543395996,"[{""label"": ""d"", ""probability"": 0.7446608543395996}, {""label"": ""o"", ""probability"": 0.24753572046756744}, {""label"": ""a"", ""probability"": 0.0029897752683609724}]",dataset,
dataset_sample:7506,i,l,0.6586060523986816,"[{""label"": ""l"", ""probability"": 0.6586060523986816}, {""label"": ""i"", ""probability"": 0.3392532467842102}, {""label"": ""j"", ""probability"": 0.0007141539826989174}]",dataset,
dataset_sample:7544,i,l,0.5196077227592468,"[{""label"": ""l"", ""probability"": 0.5196077227592468}, {""label"": ""i"", ""probability"": 0.4718076288700104}, {""label"": ""j"", ""probability"": 0.0041472273878753185}]",dataset,
dataset_sample:7577,d,p,0.695342481136322,"[{""label"": ""p"", ""probability"": 0.695342481136322}, {""label"": ""d"", ""probability"": 0.3001812994480133}, {""label"": ""o"", ""probability"": 0.0014671710086986423}]",dataset,
dataset_sample:7579,i,l,0.5254575610160828,"[{""label"": ""l"", ""probability"": 0.5254575610160828}, {""label"": ""i"", ""probability"": 0.474226713180542}, {""label"": ""h"", ""probability"": 0.00013065489474684}]",dataset,
dataset_sample:7581,i,f,0.996890127658844,"[{""label"": ""f"", ""probability"": 0.996890127658844}, {""label"": ""e"", ""probability"": 0.00223537883721292}, {""label"": ""t"", ""probability"": 0.0007394487038254738}]",dataset,
dataset_sample:7602,s,g,0.9208272099494934,"[{""label"": ""g"", ""probability"": 0.9208272099494934}, {""label"": ""s"", ""probability"": 0.07790577411651611}, {""label"": ""q"", ""probability"": 0.0003663153329398483}]",dataset,
dataset_sample:7606,i,l,0.8240805864334106,"[{""label"": ""l"", ""probability"": 0.8240805864334106}, {""label"": ""i"", ""probability"": 0.17476174235343933}, {""label"": ""j"", ""probability"": 0.0009234122699126601}]",dataset,
dataset_sample:7654,u,v,0.7449016571044922,"[{""label"": ""v"", ""probability"": 0.7449016571044922}, {""label"": ""u"", ""probability"": 0.2546508014202118}, {""label"": ""y"", ""probability"": 0.00028577432385645807}]",dataset,
dataset_sample:7666,x,w,0.9835094809532166,"[{""label"": ""w"", ""probability"": 0.9835094809532166}, {""label"": ""h"", ""probability"": 0.006024670787155628}, {""label"": ""x"", ""probability"": 0.003470536321401596}]",dataset,
dataset_sample:7683,w,m,0.4926327168941498,"[{""label"": ""m"", ""probability"": 0.4926327168941498}, {""label"": ""w"", ""probability"": 0.3074433207511902}, {""label"": ""h"", ""probability"": 0.10367316007614136}]",dataset,
dataset_sample:7707,l,i,0.8037997484207153,"[{""label"": ""i"", ""probability"": 0.8037997484207153}, {""label"": ""l"", ""probability"": 0.19605517387390137}, {""label"": ""j"", ""probability"": 8.677472942508757e-05}]",dataset,
dataset_sample:7710,v,u,0.9160731434822083,"[{""label"": ""u"", ""probability"": 0.9160731434822083}, {""label"": ""v"", ""probability"": 0.07708483934402466}, {""label"": ""j"", ""probability"": 0.005921827629208565}]",dataset,
dataset_sample:7740,r,a,0.6597119569778442,"[{""label"": ""a"", ""probability"": 0.6597119569778442}, {""label"": ""r"", ""probability"": 0.2486124187707901}, {""label"": ""h"", ""probability"": 0.08487514406442642}]",dataset,
dataset_sample:7751,x,y,0.7760987281799316,"[{""label"": ""y"", ""probability"": 0.7760987281799316}, {""label"": ""x"", ""probability"": 0.1494537740945816}, {""label"": ""v"", ""probability"": 0.02393682859838009}]",dataset,
dataset_sample:7779,i,l,0.693707287311554,"[{""label"": ""l"", ""probability"": 0.693707287311554}, {""label"": ""i"", ""probability"": 0.3041715621948242}, {""label"": ""t"", ""probability"": 0.0006727389991283417}]",dataset,
dataset_sample:7784,n,h,0.9093284606933594,"[{""label"": ""h"", ""probability"": 0.9093284606933594}, {""label"": ""n"", ""probability"": 0.07148426026105881}, {""label"": ""m"", ""probability"": 0.004259786568582058}]",dataset,
dataset_sample:7807,q,g,0.6157841682434082,"[{""label"": ""g"", ""probability"": 0.6157841682434082}, {""label"": ""q"", ""probability"": 0.3829983174800873}, {""label"": ""a"", ""probability"": 0.0006813719519414008}]",dataset,
dataset_sample:7864,m,w,0.699856698513031,"[{""label"": ""w"", ""probability"": 0.699856698513031}, {""label"": ""m"", ""probability"": 0.22578178346157074}, {""label"": ""n"", ""probability"": 0.06436864286661148}]",dataset,
dataset_sample:7867,v,y,0.6853464245796204,"[{""label"": ""y"", ""probability"": 0.6853464245796204}, {""label"": ""v"", ""probability"": 0.30962875485420227}, {""label"": ""j"", ""probability"": 0.0027620564214885235}]",dataset,
dataset_sample:7868,r,v,0.8854975700378418,"[{""label"": ""v"", ""probability"": 0.8854975700378418}, {""label"": ""r"", ""probability"": 0.10427884012460709}, {""label"": ""y"", ""probability"": 0.008765719830989838}]",dataset,
dataset_sample:7871,x,y,0.7442668080329895,"[{""label"": ""y"", ""probability"": 0.7442668080329895}, {""label"": ""x"", ""probability"": 0.16110071539878845}, {""label"": ""v"", ""probability"": 0.03795875236392021}]",dataset,
dataset_sample:7881,h,x,0.3810200095176697,"[{""label"": ""x"", ""probability"": 0.3810200095176697}, {""label"": ""k"", ""probability"": 0.3464685380458832}, {""label"": ""h"", ""probability"": 0.14088480174541473}]",dataset,
dataset_sample:7885,i,l,0.5577114224433899,"[{""label"": ""l"", ""probability"": 0.5577114224433899}, {""label"": ""i"", ""probability"": 0.44202348589897156}, {""label"": ""j"", ""probability"": 0.00011504651047289371}]",dataset,
dataset_sample:7896,g,a,0.9681621193885803,"[{""label"": ""a"", ""probability"": 0.9681621193885803}, {""label"": ""g"", ""probability"": 0.019495680928230286}, {""label"": ""q"", ""probability"": 0.011971748434007168}]",dataset,
dataset_sample:7899,m,n,0.6994255781173706,"[{""label"": ""n"", ""probability"": 0.6994255781173706}, {""label"": ""m"", ""probability"": 0.21005645394325256}, {""label"": ""r"", ""probability"": 0.05473966524004936}]",dataset,
dataset_sample:7900,i,l,0.593668520450592,"[{""label"": ""l"", ""probability"": 0.593668520450592}, {""label"": ""i"", ""probability"": 0.40620383620262146}, {""label"": ""j"", ""probability"": 6.477630086010322e-05}]",dataset,
dataset_sample:7930,a,w,0.2670366168022156,"[{""label"": ""w"", ""probability"": 0.2670366168022156}, {""label"": ""u"", ""probability"": 0.19624868035316467}, {""label"": ""a"", ""probability"": 0.0925818383693695}]",dataset,
dataset_sample:7953,g,q,0.6090192794799805,"[{""label"": ""q"", ""probability"": 0.6090192794799805}, {""label"": ""g"", ""probability"": 0.21517573297023773}, {""label"": ""a"", ""probability"": 0.17327053844928741}]",dataset,
dataset_sample:7966,i,l,0.5008814334869385,"[{""label"": ""l"", ""probability"": 0.5008814334869385}, {""label"": ""i"", ""probability"": 0.4982143044471741}, {""label"": ""v"", ""probability"": 0.0002104269078699872}]",dataset,
dataset_sample:7978,p,q,0.6020618081092834,"[{""label"": ""q"", ""probability"": 0.6020618081092834}, {""label"": ""a"", ""probability"": 0.1093529462814331}, {""label"": ""b"", ""probability"": 0.10617341101169586}]",dataset,
dataset_sample:7988,i,l,0.7194101214408875,"[{""label"": ""l"", ""probability"": 0.7194101214408875}, {""label"": ""i"", ""probability"": 0.27837276458740234}, {""label"": ""j"", ""probability"": 0.001341786584816873}]",dataset,
dataset_sample:8014,i,l,0.6456781625747681,"[{""label"": ""l"", ""probability"": 0.6456781625747681}, {""label"": ""i"", ""probability"": 0.3524336814880371}, {""label"": ""j"", ""probability"": 0.0005103288567624986}]",dataset,
dataset_sample:8058,g,q,0.5305420160293579,"[{""label"": ""q"", ""probability"": 0.5305420160293579}, {""label"": ""g"", ""probability"": 0.46833986043930054}, {""label"": ""a"", ""probability"": 0.0008724801009520888}]",dataset,
dataset_sample:8063,u,v,0.8680503964424133,"[{""label"": ""v"", ""probability"": 0.8680503964424133}, {""label"": ""u"", ""probability"": 0.12324012070894241}, {""label"": ""j"", ""probability"": 0.006732854526489973}]",dataset,
dataset_sample:8077,e,c,0.5884664058685303,"[{""label"": ""c"", ""probability"": 0.5884664058685303}, {""label"": ""e"", ""probability"": 0.3924756348133087}, {""label"": ""f"", ""probability"": 0.009006811305880547}]",dataset,
dataset_sample:8104,i,l,0.5188344120979309,"[{""label"": ""l"", ""probability"": 0.5188344120979309}, {""label"": ""i"", ""probability"": 0.47934484481811523}, {""label"": ""h"", ""probability"": 0.0005961552378721535}]",dataset,
dataset_sample:8132,w,n,0.4377879798412323,"[{""label"": ""n"", ""probability"": 0.4377879798412323}, {""label"": ""u"", ""probability"": 0.19889681041240692}, {""label"": ""c"", ""probability"": 0.13566291332244873}]",dataset,
dataset_sample:8135,a,w,0.936129093170166,"[{""label"": ""w"", ""probability"": 0.936129093170166}, {""label"": ""a"", ""probability"": 0.02883961796760559}, {""label"": ""u"", ""probability"": 0.018213383853435516}]",dataset,
dataset_sample:8150,g,q,0.707584798336029,"[{""label"": ""q"", ""probability"": 0.707584798336029}, {""label"": ""g"", ""probability"": 0.29230937361717224}, {""label"": ""y"", ""probability"": 0.00010080773063236848}]",dataset,
dataset_sample:8165,i,l,0.6312113404273987,"[{""label"": ""l"", ""probability"": 0.6312113404273987}, {""label"": ""i"", ""probability"": 0.3686422109603882}, {""label"": ""j"", ""probability"": 7.293959060916677e-05}]",dataset,
dataset_sample:8186,l,i,0.5871390700340271,"[{""label"": ""i"", ""probability"": 0.5871390700340271}, {""label"": ""l"", ""probability"": 0.4075261354446411}, {""label"": ""t"", ""probability"": 0.001239467179402709}]",dataset,
dataset_sample:8243,l,i,0.7018241882324219,"[{""label"": ""i"", ""probability"": 0.7018241882324219}, {""label"": ""l"", ""probability"": 0.29766201972961426}, {""label"": ""r"", ""probability"": 0.00020157141261734068}]",dataset,
dataset_sample:8270,j,i,0.6063300967216492,"[{""label"": ""i"", ""probability"": 0.6063300967216492}, {""label"": ""j"", ""probability"": 0.39301133155822754}, {""label"": ""l"", ""probability"": 0.0004493870073929429}]",dataset,
dataset_sample:8294,p,j,0.5954936146736145,"[{""label"": ""j"", ""probability"": 0.5954936146736145}, {""label"": ""p"", ""probability"": 0.1598101556301117}, {""label"": ""y"", ""probability"": 0.06523115187883377}]",dataset,
dataset_sample:8295,d,c,0.8365145325660706,"[{""label"": ""c"", ""probability"": 0.8365145325660706}, {""label"": ""g"", ""probability"": 0.06457005441188812}, {""label"": ""o"", ""probability"": 0.045698247849941254}]",dataset,
dataset_sample:8315,r,s,0.855464518070221,"[{""label"": ""s"", ""probability"": 0.855464518070221}, {""label"": ""j"", ""probability"": 0.1111413910984993}, {""label"": ""v"", ""probability"": 0.011234523728489876}]",dataset,
dataset_sample:8333,l,i,0.7774174809455872,"[{""label"": ""i"", ""probability"": 0.7774174809455872}, {""label"": ""l"", ""probability"": 0.22198481857776642}, {""label"": ""r"", ""probability"": 0.00036132775130681694}]",dataset,
dataset_sample:8349,o,g,0.5473898649215698,"[{""label"": ""g"", ""probability"": 0.5473898649215698}, {""label"": ""o"", ""probability"": 0.27421197295188904}, {""label"": ""c"", ""probability"": 0.10113167017698288}]",dataset,
dataset_sample:8355,r,v,0.8979596495628357,"[{""label"": ""v"", ""probability"": 0.8979596495628357}, {""label"": ""r"", ""probability"": 0.09746984392404556}, {""label"": ""y"", ""probability"": 0.002608212409541011}]",dataset,
dataset_sample:8370,a,g,0.5470172762870789,"[{""label"": ""g"", ""probability"": 0.5470172762870789}, {""label"": ""a"", ""probability"": 0.4458933472633362}, {""label"": ""q"", ""probability"": 0.003973669372498989}]",dataset,
dataset_sample:8377,l,i,0.7544012665748596,"[{""label"": ""i"", ""probability"": 0.7544012665748596}, {""label"": ""l"", ""probability"": 0.24522443115711212}, {""label"": ""j"", ""probability"": 0.0001294738904107362}]",dataset,
dataset_sample:8449,k,h,0.8871670365333557,"[{""label"": ""h"", ""probability"": 0.8871670365333557}, {""label"": ""k"", ""probability"": 0.05831146612763405}, {""label"": ""t"", ""probability"": 0.046238407492637634}]",dataset,
dataset_sample:8452,e,t,0.41640838980674744,"[{""label"": ""t"", ""probability"": 0.41640838980674744}, {""label"": ""e"", ""probability"": 0.19185484945774078}, {""label"": ""q"", ""probability"": 0.1804637759923935}]",dataset,
dataset_sample:8518,i,l,0.644687294960022,"[{""label"": ""l"", ""probability"": 0.644687294960022}, {""label"": ""i"", ""probability"": 0.3543024957180023}, {""label"": ""j"", ""probability"": 0.00033615282154642045}]",dataset,
dataset_sample:8544,i,l,0.7218611836433411,"[{""label"": ""l"", ""probability"": 0.7218611836433411}, {""label"": ""i"", ""probability"": 0.2779337465763092}, {""label"": ""j"", ""probability"": 6.755844515282661e-05}]",dataset,
dataset_sample:8545,p,f,0.9981333613395691,"[{""label"": ""f"", ""probability"": 0.9981333613395691}, {""label"": ""p"", ""probability"": 0.0015537200961261988}, {""label"": ""a"", ""probability"": 0.00018232838192488998}]",dataset,
dataset_sample:8547,k,t,0.38434356451034546,"[{""label"": ""t"", ""probability"": 0.38434356451034546}, {""label"": ""r"", ""probability"": 0.2691456973552704}, {""label"": ""l"", ""probability"": 0.10902657359838486}]",dataset,
dataset_sample:8557,y,v,0.7524763345718384,"[{""label"": ""v"", ""probability"": 0.7524763345718384}, {""label"": ""y"", ""probability"": 0.2432953119277954}, {""label"": ""n"", ""probability"": 0.0019472776912152767}]",dataset,
dataset_sample:8572,v,u,0.7437196373939514,"[{""label"": ""u"", ""probability"": 0.7437196373939514}, {""label"": ""v"", ""probability"": 0.22364206612110138}, {""label"": ""l"", ""probability"": 0.030751008540391922}]",dataset,
dataset_sample:8598,l,i,0.6388723254203796,"[{""label"": ""i"", ""probability"": 0.6388723254203796}, {""label"": ""l"", ""probability"": 0.35340961813926697}, {""label"": ""j"", ""probability"": 0.007305662147700787}]",dataset,
dataset_sample:8599,b,h,0.5008260607719421,"[{""label"": ""h"", ""probability"": 0.5008260607719421}, {""label"": ""b"", ""probability"": 0.36971548199653625}, {""label"": ""l"", ""probability"": 0.046838849782943726}]",dataset,
dataset_sample:8608,q,d,0.9432221055030823,"[{""label"": ""d"", ""probability"": 0.9432221055030823}, {""label"": ""a"", ""probability"": 0.01913471892476082}, {""label"": ""j"", ""probability"": 0.017469480633735657}]",dataset,
dataset_sample:8622,h,r,0.8990055322647095,"[{""label"": ""r"", ""probability"": 0.8990055322647095}, {""label"": ""l"", ""probability"": 0.056956153362989426}, {""label"": ""v"", ""probability"": 0.024431278929114342}]",dataset,
dataset_sample:8626,l,i,0.7135521769523621,"[{""label"": ""i"", ""probability"": 0.7135521769523621}, {""label"": ""l"", ""probability"": 0.2861057221889496}, {""label"": ""j"", ""probability"": 0.00021032389486208558}]",dataset,
dataset_sample:8649,h,m,0.9293476939201355,"[{""label"": ""m"", ""probability"": 0.9293476939201355}, {""label"": ""h"", ""probability"": 0.058727674186229706}, {""label"": ""u"", ""probability"": 0.009987222962081432}]",dataset,
dataset_sample:8667,b,j,0.46360355615615845,"[{""label"": ""j"", ""probability"": 0.46360355615615845}, {""label"": ""b"", ""probability"": 0.20292586088180542}, {""label"": ""f"", ""probability"": 0.19380617141723633}]",dataset,
dataset_sample:8676,v,u,0.8396205902099609,"[{""label"": ""u"", ""probability"": 0.8396205902099609}, {""label"": ""v"", ""probability"": 0.15923666954040527}, {""label"": ""w"", ""probability"": 0.0006145757506601512}]",dataset,
dataset_sample:8733,i,l,0.5697101354598999,"[{""label"": ""l"", ""probability"": 0.5697101354598999}, {""label"": ""i"", ""probability"": 0.428730845451355}, {""label"": ""j"", ""probability"": 0.000722595548722893}]",dataset,
dataset_sample:8763,i,y,0.9931809306144714,"[{""label"": ""y"", ""probability"": 0.9931809306144714}, {""label"": ""q"", ""probability"": 0.0024901290889829397}, {""label"": ""t"", ""probability"": 0.002009025076404214}]",dataset,
dataset_sample:8768,i,l,0.5905946493148804,"[{""label"": ""l"", ""probability"": 0.5905946493148804}, {""label"": ""i"", ""probability"": 0.4059678614139557}, {""label"": ""h"", ""probability"": 0.0019386736676096916}]",dataset,
dataset_sample:8794,g,q,0.9999958276748657,"[{""label"": ""q"", ""probability"": 0.9999958276748657}, {""label"": ""a"", ""probability"": 3.3977241855609464e-06}, {""label"": ""g"", ""probability"": 6.894053399264521e-07}]",dataset,
dataset_sample:8795,o,q,0.9992259740829468,"[{""label"": ""q"", ""probability"": 0.9992259740829468}, {""label"": ""o"", ""probability"": 0.00045968464110046625}, {""label"": ""a"", ""probability"": 0.00016628809680696577}]",dataset,
dataset_sample:8806,k,h,0.991693913936615,"[{""label"": ""h"", ""probability"": 0.991693913936615}, {""label"": ""l"", ""probability"": 0.00778723880648613}, {""label"": ""b"", ""probability"": 0.00024170534743461758}]",dataset,
dataset_sample:8814,s,g,0.8117538094520569,"[{""label"": ""g"", ""probability"": 0.8117538094520569}, {""label"": ""s"", ""probability"": 0.17883780598640442}, {""label"": ""j"", ""probability"": 0.008728427812457085}]",dataset,
dataset_sample:8847,l,i,0.50105220079422,"[{""label"": ""i"", ""probability"": 0.50105220079422}, {""label"": ""l"", ""probability"": 0.49711957573890686}, {""label"": ""h"", ""probability"": 0.0009469915530644357}]",dataset,
dataset_sample:8857,i,l,0.6493100523948669,"[{""label"": ""l"", ""probability"": 0.6493100523948669}, {""label"": ""i"", ""probability"": 0.3503638505935669}, {""label"": ""j"", ""probability"": 0.00018324122356716543}]",dataset,
dataset_sample:8900,w,m,0.9986425042152405,"[{""label"": ""m"", ""probability"": 0.9986425042152405}, {""label"": ""n"", ""probability"": 0.0013508854899555445}, {""label"": ""w"", ""probability"": 4.7230932977981865e-06}]",dataset,
dataset_sample:8902,k,r,0.7574530839920044,"[{""label"": ""r"", ""probability"": 0.7574530839920044}, {""label"": ""k"", ""probability"": 0.242460235953331}, {""label"": ""b"", ""probability"": 4.7559493395965546e-05}]",dataset,
dataset_sample:8913,q,a,0.4250791072845459,"[{""label"": ""a"", ""probability"": 0.4250791072845459}, {""label"": ""q"", ""probability"": 0.3690146207809448}, {""label"": ""g"", ""probability"": 0.19926665723323822}]",dataset,
dataset_sample:8941,h,f,0.6596839427947998,"[{""label"": ""f"", ""probability"": 0.6596839427947998}, {""label"": ""h"", ""probability"": 0.2526003420352936}, {""label"": ""t"", ""probability"": 0.026409409940242767}]",dataset,
dataset_sample:8954,y,g,0.5568431615829468,"[{""label"": ""g"", ""probability"": 0.5568431615829468}, {""label"": ""y"", ""probability"": 0.3234892785549164}, {""label"": ""u"", ""probability"": 0.08853527158498764}]",dataset,
dataset_sample:8992,l,h,0.8580034375190735,"[{""label"": ""h"", ""probability"": 0.8580034375190735}, {""label"": ""l"", ""probability"": 0.13789021968841553}, {""label"": ""t"", ""probability"": 0.0019025425426661968}]",dataset,
dataset_sample:9002,l,i,0.6468525528907776,"[{""label"": ""i"", ""probability"": 0.6468525528907776}, {""label"": ""l"", ""probability"": 0.3525580167770386}, {""label"": ""j"", ""probability"": 0.00042198493611067533}]",dataset,
dataset_sample:9006,l,i,0.6557977795600891,"[{""label"": ""i"", ""probability"": 0.6557977795600891}, {""label"": ""l"", ""probability"": 0.3437402844429016}, {""label"": ""h"", ""probability"": 0.00012220314238220453}]",dataset,
dataset_sample:9037,y,g,0.9141489863395691,"[{""label"": ""g"", ""probability"": 0.9141489863395691}, {""label"": ""a"", ""probability"": 0.06074058264493942}, {""label"": ""q"", ""probability"": 0.023229189217090607}]",dataset,
dataset_sample:9039,g,q,0.7542107701301575,"[{""label"": ""q"", ""probability"": 0.7542107701301575}, {""label"": ""g"", ""probability"": 0.24568232893943787}, {""label"": ""y"", ""probability"": 7.727820047875866e-05}]",dataset,
dataset_sample:9055,i,l,0.8030757308006287,"[{""label"": ""l"", ""probability"": 0.8030757308006287}, {""label"": ""i"", ""probability"": 0.1963675171136856}, {""label"": ""j"", ""probability"": 0.0001765263150446117}]",dataset,
dataset_sample:9099,v,u,0.998034656047821,"[{""label"": ""u"", ""probability"": 0.998034656047821}, {""label"": ""y"", ""probability"": 0.0010145391570404172}, {""label"": ""h"", ""probability"": 0.0005329385166987777}]",dataset,
dataset_sample:9108,l,i,0.5950704216957092,"[{""label"": ""i"", ""probability"": 0.5950704216957092}, {""label"": ""l"", ""probability"": 0.40459001064300537}, {""label"": ""j"", ""probability"": 0.000196659893845208}]",dataset,
dataset_sample:9144,u,v,0.7693557143211365,"[{""label"": ""v"", ""probability"": 0.7693557143211365}, {""label"": ""u"", ""probability"": 0.18862371146678925}, {""label"": ""l"", ""probability"": 0.024272387847304344}]",dataset,
dataset_sample:9170,c,l,0.6994366645812988,"[{""label"": ""l"", ""probability"": 0.6994366645812988}, {""label"": ""c"", ""probability"": 0.2973434627056122}, {""label"": ""z"", ""probability"": 0.0009198706247843802}]",dataset,
dataset_sample:9211,v,u,0.7542902231216431,"[{""label"": ""u"", ""probability"": 0.7542902231216431}, {""label"": ""v"", ""probability"": 0.24466930329799652}, {""label"": ""y"", ""probability"": 0.0004219005350023508}]",dataset,
dataset_sample:9296,l,i,0.705780029296875,"[{""label"": ""i"", ""probability"": 0.705780029296875}, {""label"": ""l"", ""probability"": 0.29412785172462463}, {""label"": ""j"", ""probability"": 5.819090802106075e-05}]",dataset,
dataset_sample:9330,c,l,0.7511147260665894,"[{""label"": ""l"", ""probability"": 0.7511147260665894}, {""label"": ""c"", ""probability"": 0.2417685091495514}, {""label"": ""e"", ""probability"": 0.0039804778061807156}]",dataset,
dataset_sample:9512,l,e,0.758682906627655,"[{""label"": ""e"", ""probability"": 0.758682906627655}, {""label"": ""l"", ""probability"": 0.12640701234340668}, {""label"": ""c"", ""probability"": 0.07762931287288666}]",dataset,
dataset_sample:9562,n,k,0.5749844312667847,"[{""label"": ""k"", ""probability"": 0.5749844312667847}, {""label"": ""n"", ""probability"": 0.14401793479919434}, {""label"": ""h"", ""probability"": 0.141117125749588}]",dataset,
dataset_sample:9631,i,l,0.7407428622245789,"[{""label"": ""l"", ""probability"": 0.7407428622245789}, {""label"": ""i"", ""probability"": 0.2575487196445465}, {""label"": ""j"", ""probability"": 0.0005192772368900478}]",dataset,
dataset_sample:9658,i,l,0.5282912850379944,"[{""label"": ""l"", ""probability"": 0.5282912850379944}, {""label"": ""i"", ""probability"": 0.39676421880722046}, {""label"": ""t"", ""probability"": 0.03471735492348671}]",dataset,
dataset_sample:9680,k,h,0.9987778067588806,"[{""label"": ""h"", ""probability"": 0.9987778067588806}, {""label"": ""l"", ""probability"": 0.0008986085304059088}, {""label"": ""k"", ""probability"": 0.00016204653366003186}]",dataset,
dataset_sample:9702,j,i,0.7051281332969666,"[{""label"": ""i"", ""probability"": 0.7051281332969666}, {""label"": ""j"", ""probability"": 0.292298823595047}, {""label"": ""l"", ""probability"": 0.0013847483787685633}]",dataset,
dataset_sample:9724,l,i,0.5142152309417725,"[{""label"": ""i"", ""probability"": 0.5142152309417725}, {""label"": ""l"", ""probability"": 0.48519355058670044}, {""label"": ""h"", ""probability"": 0.0002799786743707955}]",dataset,
dataset_sample:9741,h,r,0.38854625821113586,"[{""label"": ""r"", ""probability"": 0.38854625821113586}, {""label"": ""h"", ""probability"": 0.3839758038520813}, {""label"": ""k"", ""probability"": 0.13636206090450287}]",dataset,
dataset_sample:9773,d,o,0.5423970818519592,"[{""label"": ""o"", ""probability"": 0.5423970818519592}, {""label"": ""d"", ""probability"": 0.45418766140937805}, {""label"": ""a"", ""probability"": 0.000796599080786109}]",dataset,
dataset_sample:9775,i,l,0.8911623358726501,"[{""label"": ""l"", ""probability"": 0.8911623358726501}, {""label"": ""i"", ""probability"": 0.10853778570890427}, {""label"": ""h"", ""probability"": 0.00016305576718878}]",dataset,
dataset_sample:9886,s,j,0.9326387643814087,"[{""label"": ""j"", ""probability"": 0.9326387643814087}, {""label"": ""s"", ""probability"": 0.06622057408094406}, {""label"": ""i"", ""probability"": 0.0009258340578526258}]",dataset,
dataset_sample:9905,j,i,0.8501272797584534,"[{""label"": ""i"", ""probability"": 0.8501272797584534}, {""label"": ""j"", ""probability"": 0.13756193220615387}, {""label"": ""l"", ""probability"": 0.011923044919967651}]",dataset,
dataset_sample:9926,i,l,0.548284113407135,"[{""label"": ""l"", ""probability"": 0.548284113407135}, {""label"": ""i"", ""probability"": 0.45134565234184265}, {""label"": ""j"", ""probability"": 0.0002046608569798991}]",dataset,
dataset_sample:9931,v,u,0.7238366007804871,"[{""label"": ""u"", ""probability"": 0.7238366007804871}, {""label"": ""v"", ""probability"": 0.2656307518482208}, {""label"": ""o"", ""probability"": 0.007281121797859669}]",dataset,
dataset_sample:9945,p,f,0.5753931999206543,"[{""label"": ""f"", ""probability"": 0.5753931999206543}, {""label"": ""p"", ""probability"": 0.4205866754055023}, {""label"": ""t"", ""probability"": 0.002020279411226511}]",dataset,
dataset_sample:9952,i,l,0.767689049243927,"[{""label"": ""l"", ""probability"": 0.767689049243927}, {""label"": ""i"", ""probability"": 0.2321062684059143}, {""label"": ""h"", ""probability"": 9.389315528096631e-05}]",dataset,
dataset_sample:9955,q,y,0.5546378493309021,"[{""label"": ""y"", ""probability"": 0.5546378493309021}, {""label"": ""g"", ""probability"": 0.24170440435409546}, {""label"": ""q"", ""probability"": 0.2034868448972702}]",dataset,
dataset_sample:9964,x,k,0.8734035491943359,"[{""label"": ""k"", ""probability"": 0.8734035491943359}, {""label"": ""h"", ""probability"": 0.09054207801818848}, {""label"": ""x"", ""probability"": 0.016938066110014915}]",dataset,
dataset_sample:10002,q,g,0.5790126323699951,"[{""label"": ""g"", ""probability"": 0.5790126323699951}, {""label"": ""q"", ""probability"": 0.4178324341773987}, {""label"": ""y"", ""probability"": 0.0018772758776322007}]",dataset,
dataset_sample:10003,i,l,0.7631832957267761,"[{""label"": ""l"", ""probability"": 0.7631832957267761}, {""label"": ""i"", ""probability"": 0.23658350110054016}, {""label"": ""j"", ""probability"": 0.00011765865929191932}]",dataset,
dataset_sample:10004,p,y,0.8366627097129822,"[{""label"": ""y"", ""probability"": 0.8366627097129822}, {""label"": ""p"", ""probability"": 0.08672954142093658}, {""label"": ""f"", ""probability"": 0.04730113595724106}]",dataset,
dataset_sample:10008,g,q,0.9414116144180298,"[{""label"": ""q"", ""probability"": 0.9414116144180298}, {""label"": ""g"", ""probability"": 0.05813255533576012}, {""label"": ""p"", ""probability"": 0.00018569915846455842}]",dataset,
dataset_sample:10031,y,j,0.9875373244285583,"[{""label"": ""j"", ""probability"": 0.9875373244285583}, {""label"": ""y"", ""probability"": 0.010461634956300259}, {""label"": ""g"", ""probability"": 0.000918279925826937}]",dataset,
dataset_sample:10040,t,n,0.6250777840614319,"[{""label"": ""n"", ""probability"": 0.6250777840614319}, {""label"": ""z"", ""probability"": 0.19853495061397552}, {""label"": ""t"", ""probability"": 0.13538341224193573}]",dataset,
dataset_sample:10153,a,u,0.6716951131820679,"[{""label"": ""u"", ""probability"": 0.6716951131820679}, {""label"": ""w"", ""probability"": 0.151899054646492}, {""label"": ""a"", ""probability"": 0.10457455366849899}]",dataset,
dataset_sample:10171,g,q,0.5572165250778198,"[{""label"": ""q"", ""probability"": 0.5572165250778198}, {""label"": ""g"", ""probability"": 0.41835564374923706}, {""label"": ""a"", ""probability"": 0.02251354604959488}]",dataset,
dataset_sample:10174,t,j,0.8607609868049622,"[{""label"": ""j"", ""probability"": 0.8607609868049622}, {""label"": ""r"", ""probability"": 0.05244855582714081}, {""label"": ""s"", ""probability"": 0.03676272928714752}]",dataset,
dataset_sample:10176,u,q,0.37764406204223633,"[{""label"": ""q"", ""probability"": 0.37764406204223633}, {""label"": ""u"", ""probability"": 0.316697895526886}, {""label"": ""a"", ""probability"": 0.18211764097213745}]",dataset,
dataset_sample:10225,g,q,0.8297274112701416,"[{""label"": ""q"", ""probability"": 0.8297274112701416}, {""label"": ""g"", ""probability"": 0.16390050947666168}, {""label"": ""a"", ""probability"": 0.004283218178898096}]",dataset,
dataset_sample:10243,j,v,0.8864961266517639,"[{""label"": ""v"", ""probability"": 0.8864961266517639}, {""label"": ""u"", ""probability"": 0.0700591653585434}, {""label"": ""j"", ""probability"": 0.02577396295964718}]",dataset,
dataset_sample:10256,h,l,0.6403163075447083,"[{""label"": ""l"", ""probability"": 0.6403163075447083}, {""label"": ""h"", ""probability"": 0.3591180443763733}, {""label"": ""i"", ""probability"": 0.0002866897266358137}]",dataset,
dataset_sample:10281,k,r,0.5011774897575378,"[{""label"": ""r"", ""probability"": 0.5011774897575378}, {""label"": ""k"", ""probability"": 0.40279948711395264}, {""label"": ""n"", ""probability"": 0.06018613651394844}]",dataset,
dataset_sample:10293,e,c,0.7434144616127014,"[{""label"": ""c"", ""probability"": 0.7434144616127014}, {""label"": ""g"", ""probability"": 0.1571556180715561}, {""label"": ""e"", ""probability"": 0.09834510833024979}]",dataset,
dataset_sample:10301,i,l,0.5968107581138611,"[{""label"": ""l"", ""probability"": 0.5968107581138611}, {""label"": ""i"", ""probability"": 0.40289780497550964}, {""label"": ""j"", ""probability"": 0.00017265502538066357}]",dataset,
dataset_sample:10313,g,q,0.5082157254219055,"[{""label"": ""q"", ""probability"": 0.5082157254219055}, {""label"": ""g"", ""probability"": 0.38585513830184937}, {""label"": ""a"", ""probability"": 0.0929674357175827}]",dataset,
dataset_sample:10344,v,u,0.6354199051856995,"[{""label"": ""u"", ""probability"": 0.6354199051856995}, {""label"": ""v"", ""probability"": 0.36250561475753784}, {""label"": ""c"", ""probability"": 0.0011293314164504409}]",dataset,
dataset_sample:10389,g,e,0.4056553244590759,"[{""label"": ""e"", ""probability"": 0.4056553244590759}, {""label"": ""g"", ""probability"": 0.2530714273452759}, {""label"": ""b"", ""probability"": 0.13254636526107788}]",dataset,
dataset_sample:10413,j,t,0.9440907835960388,"[{""label"": ""t"", ""probability"": 0.9440907835960388}, {""label"": ""i"", ""probability"": 0.026751486584544182}, {""label"": ""j"", ""probability"": 0.014790297485888004}]",dataset,
dataset_sample:10451,j,t,0.866327166557312,"[{""label"": ""t"", ""probability"": 0.866327166557312}, {""label"": ""j"", ""probability"": 0.1316094547510147}, {""label"": ""i"", ""probability"": 0.001523857587017119}]",dataset,
dataset_sample:10454,i,j,0.8204740881919861,"[{""label"": ""j"", ""probability"": 0.8204740881919861}, {""label"": ""i"", ""probability"": 0.1779077798128128}, {""label"": ""l"", ""probability"": 0.0007549717556685209}]",dataset,
dataset_sample:10462,x,y,0.9044013023376465,"[{""label"": ""y"", ""probability"": 0.9044013023376465}, {""label"": ""x"", ""probability"": 0.04218890890479088}, {""label"": ""t"", ""probability"": 0.030622871592640877}]",dataset,
dataset_sample:10468,i,l,0.8959388136863708,"[{""label"": ""l"", ""probability"": 0.8959388136863708}, {""label"": ""i"", ""probability"": 0.10305757075548172}, {""label"": ""j"", ""probability"": 0.0006128608947619796}]",dataset,
dataset_sample:10496,b,d,0.9238083958625793,"[{""label"": ""d"", ""probability"": 0.9238083958625793}, {""label"": ""b"", ""probability"": 0.07462865114212036}, {""label"": ""j"", ""probability"": 0.0007766606868244708}]",dataset,
dataset_sample:10501,o,g,0.44632667303085327,"[{""label"": ""g"", ""probability"": 0.44632667303085327}, {""label"": ""o"", ""probability"": 0.36105892062187195}, {""label"": ""q"", ""probability"": 0.12709718942642212}]",dataset,
dataset_sample:10565,u,v,0.6298729777336121,"[{""label"": ""v"", ""probability"": 0.6298729777336121}, {""label"": ""u"", ""probability"": 0.3675193786621094}, {""label"": ""j"", ""probability"": 0.0006573843420483172}]",dataset,
dataset_sample:10586,d,q,0.7392064332962036,"[{""label"": ""q"", ""probability"": 0.7392064332962036}, {""label"": ""d"", ""probability"": 0.16653543710708618}, {""label"": ""o"", ""probability"": 0.07684057950973511}]",dataset,
dataset_sample:10593,l,i,0.5894447565078735,"[{""label"": ""i"", ""probability"": 0.5894447565078735}, {""label"": ""l"", ""probability"": 0.40927594900131226}, {""label"": ""j"", ""probability"": 0.0008374419994652271}]",dataset,
dataset_sample:10632,r,v,0.890659511089325,"[{""label"": ""v"", ""probability"": 0.890659511089325}, {""label"": ""r"", ""probability"": 0.10555551201105118}, {""label"": ""y"", ""probability"": 0.0027723447419703007}]",dataset,
dataset_sample:10642,g,q,0.669917106628418,"[{""label"": ""q"", ""probability"": 0.669917106628418}, {""label"": ""g"", ""probability"": 0.29865747690200806}, {""label"": ""a"", ""probability"": 0.031306084245443344}]",dataset,
dataset_sample:10643,i,l,0.8570483922958374,"[{""label"": ""l"", ""probability"": 0.8570483922958374}, {""label"": ""i"", ""probability"": 0.14196167886257172}, {""label"": ""j"", ""probability"": 0.0003244105027988553}]",dataset,
dataset_sample:10663,g,s,0.9984867572784424,"[{""label"": ""s"", ""probability"": 0.9984867572784424}, {""label"": ""j"", ""probability"": 0.0012480614241212606}, {""label"": ""g"", ""probability"": 0.00013509368000086397}]",dataset,
dataset_sample:10673,i,l,0.7424732446670532,"[{""label"": ""l"", ""probability"": 0.7424732446670532}, {""label"": ""i"", ""probability"": 0.2573857307434082}, {""label"": ""j"", ""probability"": 9.355651127407327e-05}]",dataset,
dataset_sample:10679,n,y,0.9975993037223816,"[{""label"": ""y"", ""probability"": 0.9975993037223816}, {""label"": ""q"", ""probability"": 0.0017139778938144445}, {""label"": ""h"", ""probability"": 0.0002941222919616848}]",dataset,
dataset_sample:10709,i,l,0.5044553279876709,"[{""label"": ""l"", ""probability"": 0.5044553279876709}, {""label"": ""i"", ""probability"": 0.4952645003795624}, {""label"": ""j"", ""probability"": 0.00015695934416726232}]",dataset,
dataset_sample:10721,q,g,0.6679866313934326,"[{""label"": ""g"", ""probability"": 0.6679866313934326}, {""label"": ""q"", ""probability"": 0.33015570044517517}, {""label"": ""y"", ""probability"": 0.001042255898937583}]",dataset,
dataset_sample:10768,i,l,0.5771781802177429,"[{""label"": ""l"", ""probability"": 0.5771781802177429}, {""label"": ""i"", ""probability"": 0.4223461151123047}, {""label"": ""j"", ""probability"": 0.0002674592542462051}]",dataset,
dataset_sample:10806,g,q,0.7342018485069275,"[{""label"": ""q"", ""probability"": 0.7342018485069275}, {""label"": ""g"", ""probability"": 0.26532313227653503}, {""label"": ""y"", ""probability"": 0.00014279832248575985}]",dataset,
dataset_sample:10850,y,p,0.9983579516410828,"[{""label"": ""p"", ""probability"": 0.9983579516410828}, {""label"": ""f"", ""probability"": 0.00066095229703933}, {""label"": ""b"", ""probability"": 0.0004086507251486182}]",dataset,
dataset_sample:10857,y,u,0.6124545335769653,"[{""label"": ""u"", ""probability"": 0.6124545335769653}, {""label"": ""y"", ""probability"": 0.25920775532722473}, {""label"": ""n"", ""probability"": 0.07211305946111679}]",dataset,
dataset_sample:10907,u,w,0.9910178184509277,"[{""label"": ""w"", ""probability"": 0.9910178184509277}, {""label"": ""u"", ""probability"": 0.0026076510548591614}, {""label"": ""n"", ""probability"": 0.0024270443245768547}]",dataset,
dataset_sample:10918,i,l,0.8522858619689941,"[{""label"": ""l"", ""probability"": 0.8522858619689941}, {""label"": ""i"", ""probability"": 0.1469619870185852}, {""label"": ""j"", ""probability"": 0.0002914539072662592}]",dataset,
dataset_sample:10921,i,l,0.6046894788742065,"[{""label"": ""l"", ""probability"": 0.6046894788742065}, {""label"": ""i"", ""probability"": 0.39513731002807617}, {""label"": ""h"", ""probability"": 8.936559606809169e-05}]",dataset,
dataset_sample:10931,h,w,0.5948855876922607,"[{""label"": ""w"", ""probability"": 0.5948855876922607}, {""label"": ""y"", ""probability"": 0.2675746977329254}, {""label"": ""h"", ""probability"": 0.11088550090789795}]",dataset,
dataset_sample:10932,j,d,0.7222662568092346,"[{""label"": ""d"", ""probability"": 0.7222662568092346}, {""label"": ""g"", ""probability"": 0.20795468986034393}, {""label"": ""j"", ""probability"": 0.05081389471888542}]",dataset,
dataset_sample:10943,v,u,0.968903660774231,"[{""label"": ""u"", ""probability"": 0.968903660774231}, {""label"": ""v"", ""probability"": 0.025955749675631523}, {""label"": ""j"", ""probability"": 0.002495241817086935}]",dataset,
dataset_sample:10971,o,d,0.6002618670463562,"[{""label"": ""d"", ""probability"": 0.6002618670463562}, {""label"": ""o"", ""probability"": 0.3605480194091797}, {""label"": ""q"", ""probability"": 0.0336475670337677}]",dataset,
dataset_sample:10977,g,q,0.8409690856933594,"[{""label"": ""q"", ""probability"": 0.8409690856933594}, {""label"": ""g"", ""probability"": 0.15274658799171448}, {""label"": ""a"", ""probability"": 0.005913063883781433}]",dataset,
dataset_sample:10989,q,a,0.981629490852356,"[{""label"": ""a"", ""probability"": 0.981629490852356}, {""label"": ""q"", ""probability"": 0.0125225018709898}, {""label"": ""u"", ""probability"": 0.002730064559727907}]",dataset,
dataset_sample:11083,k,l,0.5799549221992493,"[{""label"": ""l"", ""probability"": 0.5799549221992493}, {""label"": ""k"", ""probability"": 0.40455132722854614}, {""label"": ""v"", ""probability"": 0.007728186435997486}]",dataset,
dataset_sample:11105,k,l,0.7347579598426819,"[{""label"": ""l"", ""probability"": 0.7347579598426819}, {""label"": ""k"", ""probability"": 0.08198206126689911}, {""label"": ""t"", ""probability"": 0.04552507400512695}]",dataset,
dataset_sample:11107,l,i,0.534637987613678,"[{""label"": ""i"", ""probability"": 0.534637987613678}, {""label"": ""l"", ""probability"": 0.46362411975860596}, {""label"": ""h"", ""probability"": 0.0008653959375806153}]",dataset,
dataset_sample:11116,k,x,0.9906424880027771,"[{""label"": ""x"", ""probability"": 0.9906424880027771}, {""label"": ""k"", ""probability"": 0.009296892210841179}, {""label"": ""y"", ""probability"": 2.2488999093184248e-05}]",dataset,
dataset_sample:11125,i,l,0.637977659702301,"[{""label"": ""l"", ""probability"": 0.637977659702301}, {""label"": ""i"", ""probability"": 0.3614423871040344}, {""label"": ""j"", ""probability"": 0.0003555132425390184}]",dataset,
dataset_sample:11134,t,y,0.8823774456977844,"[{""label"": ""y"", ""probability"": 0.8823774456977844}, {""label"": ""t"", ""probability"": 0.11572027206420898}, {""label"": ""f"", ""probability"": 0.0010476226452738047}]",dataset,
dataset_sample:11158,i,l,0.5136615037918091,"[{""label"": ""l"", ""probability"": 0.5136615037918091}, {""label"": ""i"", ""probability"": 0.48619160056114197}, {""label"": ""h"", ""probability"": 7.184379501268268e-05}]",dataset,
dataset_sample:11167,r,n,0.35971227288246155,"[{""label"": ""n"", ""probability"": 0.35971227288246155}, {""label"": ""x"", ""probability"": 0.09269601851701736}, {""label"": ""i"", ""probability"": 0.08926162868738174}]",dataset,
dataset_sample:11170,p,r,0.49759694933891296,"[{""label"": ""r"", ""probability"": 0.49759694933891296}, {""label"": ""p"", ""probability"": 0.21462929248809814}, {""label"": ""c"", ""probability"": 0.1147528812289238}]",dataset,
dataset_sample:11183,i,l,0.895322322845459,"[{""label"": ""l"", ""probability"": 0.895322322845459}, {""label"": ""i"", ""probability"": 0.1045486181974411}, {""label"": ""h"", ""probability"": 9.745778515934944e-05}]",dataset,
dataset_sample:11211,u,v,0.5753089189529419,"[{""label"": ""v"", ""probability"": 0.5753089189529419}, {""label"": ""u"", ""probability"": 0.40818116068840027}, {""label"": ""n"", ""probability"": 0.01029004342854023}]",dataset,
dataset_sample:11220,r,v,0.583833634853363,"[{""label"": ""v"", ""probability"": 0.583833634853363}, {""label"": ""y"", ""probability"": 0.23456192016601562}, {""label"": ""r"", ""probability"": 0.15775470435619354}]",dataset,
dataset_sample:11226,a,f,0.9999861717224121,"[{""label"": ""f"", ""probability"": 0.9999861717224121}, {""label"": ""e"", ""probability"": 9.496492566540837e-06}, {""label"": ""j"", ""probability"": 2.6302766400476685e-06}]",dataset,
dataset_sample:11241,b,h,0.613497793674469,"[{""label"": ""h"", ""probability"": 0.613497793674469}, {""label"": ""b"", ""probability"": 0.344075083732605}, {""label"": ""l"", ""probability"": 0.036275628954172134}]",dataset,
dataset_sample:11249,i,l,0.7202563285827637,"[{""label"": ""l"", ""probability"": 0.7202563285827637}, {""label"": ""i"", ""probability"": 0.2769899368286133}, {""label"": ""j"", ""probability"": 0.0023768546525388956}]",dataset,
dataset_sample:11271,l,i,0.77675861120224,"[{""label"": ""i"", ""probability"": 0.77675861120224}, {""label"": ""l"", ""probability"": 0.2230302095413208}, {""label"": ""h"", ""probability"": 6.990791007410735e-05}]",dataset,
dataset_sample:11272,i,l,0.5857691764831543,"[{""label"": ""l"", ""probability"": 0.5857691764831543}, {""label"": ""i"", ""probability"": 0.40562066435813904}, {""label"": ""p"", ""probability"": 0.0026507307775318623}]",dataset,
dataset_sample:11287,i,l,0.6295077204704285,"[{""label"": ""l"", ""probability"": 0.6295077204704285}, {""label"": ""i"", ""probability"": 0.3453119695186615}, {""label"": ""t"", ""probability"": 0.010141863487660885}]",dataset,
dataset_sample:11298,c,e,0.8443321585655212,"[{""label"": ""e"", ""probability"": 0.8443321585655212}, {""label"": ""c"", ""probability"": 0.11306696385145187}, {""label"": ""z"", ""probability"": 0.029960818588733673}]",dataset,
dataset_sample:11306,g,q,0.8024498224258423,"[{""label"": ""q"", ""probability"": 0.8024498224258423}, {""label"": ""g"", ""probability"": 0.19468611478805542}, {""label"": ""a"", ""probability"": 0.0027855054941028357}]",dataset,
dataset_sample:11321,l,i,0.5241161584854126,"[{""label"": ""i"", ""probability"": 0.5241161584854126}, {""label"": ""l"", ""probability"": 0.4757762849330902}, {""label"": ""j"", ""probability"": 6.615409074584022e-05}]",dataset,
dataset_sample:11348,a,g,0.47966670989990234,"[{""label"": ""g"", ""probability"": 0.47966670989990234}, {""label"": ""q"", ""probability"": 0.4054328501224518}, {""label"": ""a"", ""probability"": 0.11464282125234604}]",dataset,
dataset_sample:11361,e,a,0.9545313715934753,"[{""label"": ""a"", ""probability"": 0.9545313715934753}, {""label"": ""e"", ""probability"": 0.0245817843824625}, {""label"": ""q"", ""probability"": 0.00924817193299532}]",dataset,
dataset_sample:11362,h,z,0.3033490478992462,"[{""label"": ""z"", ""probability"": 0.3033490478992462}, {""label"": ""n"", ""probability"": 0.22387616336345673}, {""label"": ""h"", ""probability"": 0.18700677156448364}]",dataset,
dataset_sample:11378,o,g,0.5157620310783386,"[{""label"": ""g"", ""probability"": 0.5157620310783386}, {""label"": ""c"", ""probability"": 0.4745456278324127}, {""label"": ""o"", ""probability"": 0.004193349275738001}]",dataset,
dataset_sample:11399,x,k,0.7091277837753296,"[{""label"": ""k"", ""probability"": 0.7091277837753296}, {""label"": ""x"", ""probability"": 0.2051791548728943}, {""label"": ""h"", ""probability"": 0.058520153164863586}]",dataset,
dataset_sample:11453,a,g,0.8950971364974976,"[{""label"": ""g"", ""probability"": 0.8950971364974976}, {""label"": ""q"", ""probability"": 0.07561583071947098}, {""label"": ""a"", ""probability"": 0.027683712542057037}]",dataset,
dataset_sample:11474,k,l,0.564148485660553,"[{""label"": ""l"", ""probability"": 0.564148485660553}, {""label"": ""k"", ""probability"": 0.3223387598991394}, {""label"": ""h"", ""probability"": 0.10851828008890152}]",dataset,
dataset_sample:11491,u,d,0.7203012704849243,"[{""label"": ""d"", ""probability"": 0.7203012704849243}, {""label"": ""u"", ""probability"": 0.15552037954330444}, {""label"": ""b"", ""probability"": 0.04078657925128937}]",dataset,
dataset_sample:11497,y,j,0.8384264707565308,"[{""label"": ""j"", ""probability"": 0.8384264707565308}, {""label"": ""y"", ""probability"": 0.1422746777534485}, {""label"": ""t"", ""probability"": 0.006012782454490662}]",dataset,
dataset_sample:11549,r,n,0.646318256855011,"[{""label"": ""n"", ""probability"": 0.646318256855011}, {""label"": ""r"", ""probability"": 0.3478010892868042}, {""label"": ""c"", ""probability"": 0.004415750969201326}]",dataset,
dataset_sample:11601,i,l,0.6420781016349792,"[{""label"": ""l"", ""probability"": 0.6420781016349792}, {""label"": ""i"", ""probability"": 0.3572244346141815}, {""label"": ""j"", ""probability"": 0.0003215085598640144}]",dataset,
dataset_sample:11606,u,j,0.9810046553611755,"[{""label"": ""j"", ""probability"": 0.9810046553611755}, {""label"": ""u"", ""probability"": 0.014631792902946472}, {""label"": ""v"", ""probability"": 0.002011507051065564}]",dataset,
dataset_sample:11646,g,q,0.8942878842353821,"[{""label"": ""q"", ""probability"": 0.8942878842353821}, {""label"": ""g"", ""probability"": 0.10566161572933197}, {""label"": ""y"", ""probability"": 2.1712176021537744e-05}]",dataset,
dataset_sample:11655,g,q,0.9269715547561646,"[{""label"": ""q"", ""probability"": 0.9269715547561646}, {""label"": ""g"", ""probability"": 0.07301020622253418}, {""label"": ""y"", ""probability"": 1.5802057532710023e-05}]",dataset,
dataset_sample:11664,x,t,0.2697916626930237,"[{""label"": ""t"", ""probability"": 0.2697916626930237}, {""label"": ""x"", ""probability"": 0.20022770762443542}, {""label"": ""l"", ""probability"": 0.19244158267974854}]",dataset,
dataset_sample:11686,l,i,0.5800572633743286,"[{""label"": ""i"", ""probability"": 0.5800572633743286}, {""label"": ""l"", ""probability"": 0.41982418298721313}, {""label"": ""h"", ""probability"": 4.112625174457207e-05}]",dataset,
dataset_sample:11702,j,t,0.987273097038269,"[{""label"": ""t"", ""probability"": 0.987273097038269}, {""label"": ""j"", ""probability"": 0.006795200053602457}, {""label"": ""i"", ""probability"": 0.0053478931076824665}]",dataset,
dataset_sample:11704,p,d,0.8598102331161499,"[{""label"": ""d"", ""probability"": 0.8598102331161499}, {""label"": ""p"", ""probability"": 0.08139674365520477}, {""label"": ""o"", ""probability"": 0.04995442181825638}]",dataset,
dataset_sample:11705,y,t,0.7960703372955322,"[{""label"": ""t"", ""probability"": 0.7960703372955322}, {""label"": ""r"", ""probability"": 0.08442959934473038}, {""label"": ""y"", ""probability"": 0.04979976266622543}]",dataset,
dataset_sample:11713,q,g,0.5786409378051758,"[{""label"": ""g"", ""probability"": 0.5786409378051758}, {""label"": ""q"", ""probability"": 0.3290764093399048}, {""label"": ""a"", ""probability"": 0.09004225581884384}]",dataset,
dataset_sample:11732,v,j,0.9969837069511414,"[{""label"": ""j"", ""probability"": 0.9969837069511414}, {""label"": ""v"", ""probability"": 0.0024212992284446955}, {""label"": ""i"", ""probability"": 0.00018573478155303746}]",dataset,
dataset_sample:11746,i,l,0.5054123997688293,"[{""label"": ""l"", ""probability"": 0.5054123997688293}, {""label"": ""i"", ""probability"": 0.42933815717697144}, {""label"": ""j"", ""probability"": 0.04717685654759407}]",dataset,
dataset_sample:11756,g,q,0.6321648955345154,"[{""label"": ""q"", ""probability"": 0.6321648955345154}, {""label"": ""g"", ""probability"": 0.36773693561553955}, {""label"": ""y"", ""probability"": 5.361409785109572e-05}]",dataset,
dataset_sample:11768,x,k,0.9893534183502197,"[{""label"": ""k"", ""probability"": 0.9893534183502197}, {""label"": ""x"", ""probability"": 0.010478129610419273}, {""label"": ""r"", ""probability"": 9.403813601238653e-05}]",dataset,
dataset_sample:11790,y,j,0.6135877966880798,"[{""label"": ""j"", ""probability"": 0.6135877966880798}, {""label"": ""y"", ""probability"": 0.3645608127117157}, {""label"": ""v"", ""probability"": 0.014848818071186543}]",dataset,
dataset_sample:11792,x,h,0.6858689785003662,"[{""label"": ""h"", ""probability"": 0.6858689785003662}, {""label"": ""t"", ""probability"": 0.27981555461883545}, {""label"": ""y"", ""probability"": 0.01709775999188423}]",dataset,
dataset_sample:11845,j,i,0.5092285871505737,"[{""label"": ""i"", ""probability"": 0.5092285871505737}, {""label"": ""j"", ""probability"": 0.4899815022945404}, {""label"": ""l"", ""probability"": 0.00046780359116382897}]",dataset,
dataset_sample:11899,y,h,0.2465512901544571,"[{""label"": ""h"", ""probability"": 0.2465512901544571}, {""label"": ""a"", ""probability"": 0.2002795785665512}, {""label"": ""g"", ""probability"": 0.12720279395580292}]",dataset,
dataset_sample:11910,i,l,0.7257415652275085,"[{""label"": ""l"", ""probability"": 0.7257415652275085}, {""label"": ""i"", ""probability"": 0.26932859420776367}, {""label"": ""h"", ""probability"": 0.0023775482550263405}]",dataset,
dataset_sample:11948,i,l,0.6418553590774536,"[{""label"": ""l"", ""probability"": 0.6418553590774536}, {""label"": ""i"", ""probability"": 0.35781535506248474}, {""label"": ""r"", ""probability"": 7.590419409098104e-05}]",dataset,
dataset_sample:11949,i,l,0.933588981628418,"[{""label"": ""l"", ""probability"": 0.933588981628418}, {""label"": ""i"", ""probability"": 0.06550461053848267}, {""label"": ""j"", ""probability"": 0.00038142420817166567}]",dataset,
dataset_sample:11961,i,l,0.739375114440918,"[{""label"": ""l"", ""probability"": 0.739375114440918}, {""label"": ""i"", ""probability"": 0.2597680687904358}, {""label"": ""h"", ""probability"": 0.0006577730528078973}]",dataset,
dataset_sample:11999,r,v,0.8222388029098511,"[{""label"": ""v"", ""probability"": 0.8222388029098511}, {""label"": ""r"", ""probability"": 0.17512117326259613}, {""label"": ""y"", ""probability"": 0.0023929039016366005}]",dataset,
dataset_sample:12011,i,l,0.5700148940086365,"[{""label"": ""l"", ""probability"": 0.5700148940086365}, {""label"": ""i"", ""probability"": 0.4295666813850403}, {""label"": ""r"", ""probability"": 0.0001640691771171987}]",dataset,
dataset_sample:12024,l,f,0.2821024954319,"[{""label"": ""f"", ""probability"": 0.2821024954319}, {""label"": ""y"", ""probability"": 0.2162969708442688}, {""label"": ""h"", ""probability"": 0.12136070430278778}]",dataset,
dataset_sample:12031,l,i,0.5934662222862244,"[{""label"": ""i"", ""probability"": 0.5934662222862244}, {""label"": ""l"", ""probability"": 0.4064718782901764}, {""label"": ""j"", ""probability"": 2.9494221962522715e-05}]",dataset,
dataset_sample:12032,l,i,0.599852979183197,"[{""label"": ""i"", ""probability"": 0.599852979183197}, {""label"": ""l"", ""probability"": 0.39975637197494507}, {""label"": ""j"", ""probability"": 0.0002444063138682395}]",dataset,
dataset_sample:12046,u,v,0.9238854050636292,"[{""label"": ""v"", ""probability"": 0.9238854050636292}, {""label"": ""u"", ""probability"": 0.0757962167263031}, {""label"": ""y"", ""probability"": 0.00014293308777268976}]",dataset,
dataset_sample:12048,u,e,0.9947351813316345,"[{""label"": ""e"", ""probability"": 0.9947351813316345}, {""label"": ""c"", ""probability"": 0.004807989113032818}, {""label"": ""a"", ""probability"": 0.000210917234653607}]",dataset,
dataset_sample:12064,p,d,0.8684127330780029,"[{""label"": ""d"", ""probability"": 0.8684127330780029}, {""label"": ""p"", ""probability"": 0.10931864380836487}, {""label"": ""a"", ""probability"": 0.012250015512108803}]",dataset,
dataset_sample:12099,k,h,0.48837026953697205,"[{""label"": ""h"", ""probability"": 0.48837026953697205}, {""label"": ""k"", ""probability"": 0.4879717528820038}, {""label"": ""l"", ""probability"": 0.005306871607899666}]",dataset,
dataset_sample:12144,f,t,0.9164469242095947,"[{""label"": ""t"", ""probability"": 0.9164469242095947}, {""label"": ""l"", ""probability"": 0.057229653000831604}, {""label"": ""f"", ""probability"": 0.015961723402142525}]",dataset,
dataset_sample:12148,i,l,0.6226590275764465,"[{""label"": ""l"", ""probability"": 0.6226590275764465}, {""label"": ""i"", ""probability"": 0.3768952190876007}, {""label"": ""j"", ""probability"": 0.00022399912995751947}]",dataset,
dataset_sample:12178,b,q,0.40063920617103577,"[{""label"": ""q"", ""probability"": 0.40063920617103577}, {""label"": ""p"", ""probability"": 0.15066096186637878}, {""label"": ""a"", ""probability"": 0.12196902930736542}]",dataset,
dataset_sample:12186,g,q,0.9604422450065613,"[{""label"": ""q"", ""probability"": 0.9604422450065613}, {""label"": ""g"", ""probability"": 0.03937709704041481}, {""label"": ""a"", ""probability"": 0.00010374728299211711}]",dataset,
dataset_sample:12203,i,l,0.7582511901855469,"[{""label"": ""l"", ""probability"": 0.7582511901855469}, {""label"": ""i"", ""probability"": 0.24104401469230652}, {""label"": ""j"", ""probability"": 0.000520037894602865}]",dataset,
dataset_sample:12265,w,v,0.9440978765487671,"[{""label"": ""v"", ""probability"": 0.9440978765487671}, {""label"": ""w"", ""probability"": 0.02351297438144684}, {""label"": ""u"", ""probability"": 0.018125899136066437}]",dataset,
dataset_sample:12277,i,l,0.7347670197486877,"[{""label"": ""l"", ""probability"": 0.7347670197486877}, {""label"": ""i"", ""probability"": 0.264421284198761}, {""label"": ""j"", ""probability"": 0.00032330129761248827}]",dataset,
dataset_sample:12347,j,z,0.6044816970825195,"[{""label"": ""z"", ""probability"": 0.6044816970825195}, {""label"": ""j"", ""probability"": 0.34121617674827576}, {""label"": ""i"", ""probability"": 0.037308525294065475}]",dataset,
dataset_sample:12431,m,n,0.9059876799583435,"[{""label"": ""n"", ""probability"": 0.9059876799583435}, {""label"": ""w"", ""probability"": 0.07046021521091461}, {""label"": ""h"", ""probability"": 0.012614129111170769}]",dataset,
dataset_sample:12434,o,a,0.9133584499359131,"[{""label"": ""a"", ""probability"": 0.9133584499359131}, {""label"": ""d"", ""probability"": 0.06359667330980301}, {""label"": ""u"", ""probability"": 0.00883273035287857}]",dataset,
dataset_sample:12436,i,l,0.6814322471618652,"[{""label"": ""l"", ""probability"": 0.6814322471618652}, {""label"": ""i"", ""probability"": 0.31824585795402527}, {""label"": ""h"", ""probability"": 0.00018507424101699144}]",dataset,
dataset_sample:12454,g,q,0.786981999874115,"[{""label"": ""q"", ""probability"": 0.786981999874115}, {""label"": ""g"", ""probability"": 0.21257908642292023}, {""label"": ""y"", ""probability"": 0.00039240869227796793}]",dataset,
dataset_sample:12470,i,l,0.7940400242805481,"[{""label"": ""l"", ""probability"": 0.7940400242805481}, {""label"": ""i"", ""probability"": 0.20577336847782135}, {""label"": ""j"", ""probability"": 8.382846135646105e-05}]",dataset,
dataset_sample:12474,p,j,0.6236149072647095,"[{""label"": ""j"", ""probability"": 0.6236149072647095}, {""label"": ""f"", ""probability"": 0.1628052145242691}, {""label"": ""g"", ""probability"": 0.0866045281291008}]",dataset,
