image_path,label,label_index,source,writer_id,session_id,split
data/raw_airwrite/A/airwrite_A_20260728_215529_839191_25d943.png,A,0,airwrite,,,
data/raw_airwrite/A/airwrite_A_20260728_220001_370773_680bf4.png,A,0,airwrite,,,
data/raw_airwrite/A/airwrite_A_20260728_220033_920765_388f1f.png,A,0,airwrite,,,
data/raw_airwrite/A/airwrite_A_20260728_220246_222552_84089a.png,A,0,airwrite,,,
data/raw_airwrite/A/airwrite_A_20260728_220252_328092_202fa5.png,A,0,airwrite,,,
data/raw_airwrite/A/airwrite_A_20260728_220314_965246_73faed.png,A,0,airwrite,,,
data/raw_airwrite/A/airwrite_A_20260728_220341_453796_faaadf.png,A,0,airwrite,,,
data/raw_airwrite/A/airwrite_A_20260728_220418_134814_440036.png,A,0,airwrite,,,
data/raw_airwrite/A/airwrite_A_20260728_220428_776817_c0cdf3.png,A,0,airwrite,,,
data/raw_airwrite/A/airwrite_A_20260728_220440_416995_0a199a.png,A,0,airwrite,,,
data/raw_airwrite/A/airwrite_A_20260728_220448_579039_0d61fa.png,A,0,airwrite,,,
data/raw_airwrite/A/airwrite_A_20260728_220458_661282_5da8ff.png,A,0,airwrite,,,
data/raw_airwrite/A/airwrite_A_20260728_220511_253089_2cda08.png,A,0,airwrite,,,
data/raw_airwrite/A/airwrite_A_20260728_220516_688131_23112b.png,A,0,airwrite,,,
data/raw_airwrite/A/airwrite_A_20260728_220531_874170_563ed9.png,A,0,airwrite,,,
data/raw_airwrite/A/airwrite_A_20260728_220536_391844_3f128d.png,A,0,airwrite,,,
data/raw_airwrite/A/airwrite_A_20260728_220555_174007_b66440.png,A,0,airwrite,,,
data/raw_airwrite/A/airwrite_A_20260728_220602_494801_7b254b.png,A,0,airwrite,,,
data/raw_airwrite/A/airwrite_A_20260728_220608_597731_21bbbf.png,A,0,airwrite,,,
data/raw_airwrite/A/airwrite_A_20260728_220615_633247_b74777.png,A,0,airwrite,,,
data/raw_airwrite/A/airwrite_A_20260728_220622_351571_6f0b4a.png,A,0,airwrite,,,
data/raw_airwrite/A/airwrite_A_20260728_220731_055106_887354.png,A,0,airwrite,,,
data/raw_airwrite/A/airwrite_A_20260728_220741_852313_8dd31e.png,A,0,airwrite,,,
data/raw_airwrite/A/airwrite_A_20260728_220802_188167_5787b2.png,A,0,airwrite,,,
data/raw_airwrite/A/airwrite_A_20260728_220808_467685_c77a5a.png,A,0,airwrite,,,
data/raw_airwrite/A/airwrite_A_20260728_220818_591210_a82418.png,A,0,airwrite,,,
data/raw_airwrite/A/airwrite_A_20260728_220830_230461_61066d.png,A,0,airwrite,,,
data/raw_airwrite/A/airwrite_A_20260728_220836_706139_df3568.png,A,0,airwrite,,,
data/raw_airwrite/A/airwrite_A_20260728_220843_569944_9ea75c.png,A,0,airwrite,,,
data/raw_airwrite/A/airwrite_A_20260728_220855_284469_4136d0.png,A,0,airwrite,,,
data/raw_airwrite/A/airwrite_A_20260728_220905_909299_7518fe.png,A,0,airwrite,,,
data/raw_airwrite/A/airwrite_A_20260728_220917_990103_0f54b1.png,A,0,airwrite,,,
data/raw_airwrite/A/airwrite_A_20260728_220926_782562_660163.png,A,0,airwrite,,,
data/raw_airwrite/A/airwrite_A_20260728_220943_320091_460834.png,A,0,airwrite,,,
data/raw_airwrite/A/airwrite_A_20260728_220955_758235_297a45.png,A,0,airwrite,,,
data/raw_airwrite/A/airwrite_A_20260728_221015_119888_480335.png,A,0,airwrite,,,
data/raw_airwrite/A/airwrite_A_20260728_221239_873570_036951.png,A,0,airwrite,,,
data/raw_airwrite/A/airwrite_A_20260728_221248_544649_9c1b4b.png,A,0,airwrite,,,
data/raw_airwrite/A/airwrite_A_20260728_221255_533951_3f69d3.png,A,0,airwrite,,,
data/raw_airwrite/A/airwrite_A_20260728_221302_711607_6f9d86.png,A,0,airwrite,,,
data/raw_airwrite/A/airwrite_A_20260728_221310_708333_c608f0.png,A,0,airwrite,,,
data/raw_airwrite/A/airwrite_A_20260728_221316_929475_c12536.png,A,0,airwrite,,,
data/raw_airwrite/A/airwrite_A_20260728_221328_271610_1c6f98.png,A,0,airwrite,,,
data/raw_airwrite/A/airwrite_A_20260728_221335_445282_c45926.png,A,0,airwrite,,,
data/raw_airwrite/A/airwrite_A_20260728_221346_447982_f06ef3.png,A,0,airwrite,,,
data/raw_airwrite/A/airwrite_A_20260728_221426_097410_f0cb6b.png,A,0,airwrite,,,
data/raw_airwrite/A/airwrite_A_20260728_221434_777678_d89c51.png,A,0,airwrite,,,
data/raw_airwrite/A/airwrite_A_20260728_221439_756362_1d2f08.png,A,0,airwrite,,,
data/raw_airwrite/A/airwrite_A_20260901_161019_119257_1ae542.png,A,0,airwrite,,,
data/raw_airwrite/A/airwrite_A_20260901_161024_007644_9d89e7.png,A,0,airwrite,,,
data/raw_airwrite/A/airwrite_A_20260901_161106_508109_1730e7.png,A,0,airwrite,,,
data/raw_airwrite/A/airwrite_A_20260901_161109_172810_74fdec.png,A,0,airwrite,,,
data/raw_airwrite/A/airwrite_A_20260901_161111_752873_d1c765.png,A,0,airwrite,,,
data/raw_airwrite/A/airwrite_A_20260901_161122_698945_3d8e1c.png,A,0,airwrite,,,
data/raw_airwrite/A/airwrite_A_20260901_161124_802040_a393f7.png,A,0,airwrite,,,
data/raw_airwrite/A/airwrite_A_20260901_161127_044397_c219e4.png,A,0,airwrite,,,
data/raw_airwrite/A/airwrite_A_20260901_161133_815342_a7f655.png,A,0,airwrite,,,
data/raw_airwrite/A/airwrite_A_20260901_161139_709045_1c6236.png,A,0,airwrite,,,
data/raw_airwrite/A/airwrite_A_20260901_161142_973083_3fdcf6.png,A,0,airwrite,,,
data/raw_airwrite/A/airwrite_A_20260901_161148_857247_32bc5e.png,A,0,airwrite,,,
data/raw_airwrite/A/airwrite_A_20260901_161150_983081_cb2fd7.png,A,0,airwrite,,,
data/raw_airwrite/A/airwrite_A_20260901_161156_567111_785c28.png,A,0,airwrite,,,
data/raw_airwrite/A/airwrite_A_20260901_161158_818859_ac27b5.png,A,0,airwrite,,,
data/raw_airwrite/A/airwrite_A_20260901_161203_252207_eaabda.png,A,0,airwrite,,,
data/raw_airwrite/A/airwrite_A_20260901_161205_808273_2b417d.png,A,0,airwrite,,,
data/raw_airwrite/A/airwrite_A_20260901_161210_014843_64a9ff.png,A,0,airwrite,,,
data/raw_airwrite/A/airwrite_A_20260901_161214_758603_b62fcc.png,A,0,airwrite,,,
data/raw_airwrite/A/airwrite_A_20260901_161218_244209_d4f947.png,A,0,airwrite,,,
data/raw_airwrite/A/airwrite_A_20260901_161220_544530_69554e.png,A,0,airwrite,,,
data/raw_airwrite/A/airwrite_A_20260901_161225_753777_82c9cb.png,A,0,airwrite,,,
data/raw_airwrite/A/airwrite_A_20260901_161234_009777_6770f7.png,A,0,airwrite,,,
data/raw_airwrite/A/airwrite_A_20260901_161241_543716_18160d.png,A,0,airwrite,,,
data/raw_airwrite/A/airwrite_A_20260901_161244_529690_e7dfc3.png,A,0,airwrite,,,
data/raw_airwrite/A/airwrite_A_20260901_161252_814377_0d8983.png,A,0,airwrite,,,
data/raw_airwrite/A/airwrite_A_20260901_161257_223127_4760ec.png,A,0,airwrite,,,
data/raw_airwrite/A/airwrite_A_20260901_161301_909892_f71e1b.png,A,0,airwrite,,,
data/raw_airwrite/A/airwrite_A_20260901_161307_850298_1c1dae.png,A,0,airwrite,,,
data/raw_airwrite/A/airwrite_A_20260903_141433_926205_c4718e.png,A,0,airwrite,,,
data/raw_airwrite/A/airwrite_A_20260903_141459_888728_052ab1.png,A,0,airwrite,,,
data/raw_airwrite/A/airwrite_A_20260903_141501_863262_afc257.png,A,0,airwrite,,,
data/raw_airwrite/A/airwrite_A_20260903_141503_943791_fb7b48.png,A,0,airwrite,,,
data/raw_airwrite/A/airwrite_A_20260903_141511_703594_5d499f.png,A,0,airwrite,,,
data/raw_airwrite/A/airwrite_A_20260903_141518_163297_a4a887.png,A,0,airwrite,,,
data/raw_airwrite/A/airwrite_A_20260903_141527_680263_6c47fc.png,A,0,airwrite,,,
data/raw_airwrite/A/airwrite_A_20260903_141530_230407_8a4dde.png,A,0,airwrite,,,
data/raw_airwrite/A/airwrite_A_20260903_141532_642461_d9f671.png,A,0,airwrite,,,
data/raw_airwrite/A/airwrite_A_20260903_141536_817205_07f49e.png,A,0,airwrite,,,
data/raw_airwrite/A/airwrite_A_20260903_141539_222174_3ace81.png,A,0,airwrite,,,
data/raw_airwrite/A/airwrite_A_20260903_141543_349254_cb13eb.png,A,0,airwrite,,,
data/raw_airwrite/A/airwrite_A_20260903_141545_832135_e4e321.png,A,0,airwrite,,,
data/raw_airwrite/A/airwrite_A_20260903_141551_775765_aa7c75.png,A,0,airwrite,,,
data/raw_airwrite/A/airwrite_A_20260903_141554_436243_1ea9ae.png,A,0,airwrite,,,
data/raw_airwrite/A/airwrite_A_20260903_141600_980700_b9edc8.png,A,0,airwrite,,,
data/raw_airwrite/A/airwrite_A_20260903_141603_431688_68c783.png,A,0,airwrite,,,
data/raw_airwrite/A/airwrite_A_20260903_141607_746840_f1cd8c.png,A,0,airwrite,,,
data/raw_airwrite/A/airwrite_A_20260903_141609_996020_c1f7e2.png,A,0,airwrite,,,
data/raw_airwrite/A/airwrite_A_20260903_141613_346565_43d53f.png,A,0,airwrite,,,
data/raw_airwrite/A/airwrite_A_20260903_141615_707622_6b65a9.png,A,0,airwrite,,,
data/raw_airwrite/A/airwrite_A_20260903_141621_031057_791a5c.png,A,0,airwrite,,,
data/raw_airwrite/A/airwrite_A_20260903_141623_460593_48a290.png,A,0,airwrite,,,
data/raw_airwrite/A/airwrite_A_20260903_141627_186248_0a5931.png,A,0,airwrite,,,
data/raw_airwrite/A/airwrite_A_20260903_141629_327344_906752.png,A,0,airwrite,,,
data/raw_airwrite/A/airwrite_A_20260903_141633_940122_ac5812.png,A,0,airwrite,,,
data/raw_airwrite/A/airwrite_A_20260903_141636_445061_703b99.png,A,0,airwrite,,,
data/raw_airwrite/A/airwrite_A_20260903_141639_986835_68363e.png,A,0,airwrite,,,
data/raw_airwrite/A/airwrite_A_20260903_141642_320595_02ddbd.png,A,0,airwrite,,,
data/raw_airwrite/A/airwrite_A_20260903_141646_449980_f6226a.png,A,0,airwrite,,,
data/raw_airwrite/A/airwrite_A_20260903_141649_856269_c6d255.png,A,0,airwrite,,,
data/raw_airwrite/A/airwrite_A_20260903_141655_914176_2d00ad.png,A,0,airwrite,,,
data/raw_airwrite/A/airwrite_A_20260903_141701_014170_d1f28b.png,A,0,airwrite,,,
data/raw_airwrite/A/airwrite_A_20260903_141705_187416_9dadc9.png,A,0,airwrite,,,
data/raw_airwrite/A/airwrite_A_20260903_141707_470423_b6b4d5.png,A,0,airwrite,,,
data/raw_airwrite/A/airwrite_A_20260903_141714_271209_d21ef8.png,A,0,airwrite,,,
data/raw_airwrite/A/airwrite_A_20260903_141716_859840_5be5cd.png,A,0,airwrite,,,
data/raw_airwrite/A/airwrite_A_20260903_141725_876658_77e6b7.png,A,0,airwrite,,,
data/raw_airwrite/A/airwrite_A_20260903_141728_930127_c86ee6.png,A,0,airwrite,,,
data/raw_airwrite/A/airwrite_A_20260903_141732_597078_01893b.png,A,0,airwrite,,,
data/raw_airwrite/A/airwrite_A_20260903_141735_120153_66659e.png,A,0,airwrite,,,
data/raw_airwrite/A/airwrite_A_20260903_141739_975715_459f24.png,A,0,airwrite,,,
data/raw_airwrite/A/airwrite_A_20260903_141741_927749_4ba544.png,A,0,airwrite,,,
data/raw_airwrite/A/airwrite_A_20260903_141753_279214_855bdc.png,A,0,airwrite,,,
data/raw_airwrite/A/airwrite_A_20260903_141759_612072_2a6a9e.png,A,0,airwrite,,,
data/raw_airwrite/A/airwrite_A_20260903_141801_715794_8e2f27.png,A,0,airwrite,,,
data/raw_airwrite/A/airwrite_A_20260903_141804_361472_b85a86.png,A,0,airwrite,,,
data/raw_airwrite/A/airwrite_A_20260903_141808_411814_654f71.png,A,0,airwrite,,,
data/raw_airwrite/A/airwrite_A_20260903_141810_684038_6f9b7f.png,A,0,airwrite,,,
data/raw_airwrite/A/airwrite_A_20260903_141817_943689_34444f.png,A,0,airwrite,,,
data/raw_airwrite/A/airwrite_A_20260903_141821_055402_cd0351.png,A,0,airwrite,,,
data/raw_airwrite/A/airwrite_A_20260903_141825_705902_20d110.png,A,0,airwrite,,,
data/raw_airwrite/A/airwrite_A_20260903_141829_585155_a66262.png,A,0,airwrite,,,
data/raw_airwrite/A/airwrite_A_20260903_141835_755870_e81ac5.png,A,0,airwrite,,,
data/raw_airwrite/A/airwrite_A_20260903_141838_019355_a32df9.png,A,0,airwrite,,,
data/raw_airwrite/A/airwrite_A_20260903_141846_987960_f24193.png,A,0,airwrite,,,
data/raw_airwrite/A/airwrite_A_20260903_141849_716072_19eec5.png,A,0,airwrite,,,
data/raw_airwrite/A/airwrite_A_20260903_141852_437735_53ea76.png,A,0,airwrite,,,
data/raw_airwrite/A/airwrite_A_20260903_141858_681131_be609f.png,A,0,airwrite,,,
data/raw_airwrite/A/airwrite_A_20260903_141902_833968_8d0e6c.png,A,0,airwrite,,,
data/raw_airwrite/A/airwrite_A_20260903_141908_972698_918132.png,A,0,airwrite,,,
data/raw_airwrite/A/airwrite_A_20260903_141916_758360_085be7.png,A,0,airwrite,,,
data/raw_airwrite/A/airwrite_A_20260903_141919_132117_f7700f.png,A,0,airwrite,,,
data/raw_airwrite/A/airwrite_lowercase_a_20260805_205946_895702_a1c83e.png,A,0,airwrite,,,
data/raw_airwrite/A/airwrite_lowercase_a_20260805_210011_273345_3a19f7.png,A,0,airwrite,,,
data/raw_airwrite/A/airwrite_lowercase_a_20260805_210015_679642_7794a3.png,A,0,airwrite,,,
data/raw_airwrite/A/airwrite_lowercase_a_20260805_210025_432790_e9cd88.png,A,0,airwrite,,,
data/raw_airwrite/A/airwrite_lowercase_a_20260805_210029_794457_29035a.png,A,0,airwrite,,,
data/raw_airwrite/A/airwrite_lowercase_a_20260805_210034_577943_46cceb.png,A,0,airwrite,,,
data/raw_airwrite/A/airwrite_lowercase_a_20260805_210051_830884_1217cb.png,A,0,airwrite,,,
data/raw_airwrite/A/airwrite_lowercase_a_20260805_210055_117038_dd2c69.png,A,0,airwrite,,,
data/raw_airwrite/A/airwrite_lowercase_a_20260805_210058_178541_ed2e13.png,A,0,airwrite,,,
data/raw_airwrite/A/airwrite_lowercase_a_20260805_210112_392215_2af3ab.png,A,0,airwrite,,,
data/raw_airwrite/B/airwrite_B_20260728_221525_720449_41dad4.png,B,1,airwrite,,,
data/raw_airwrite/B/airwrite_B_20260728_221539_229509_94c0ff.png,B,1,airwrite,,,
data/raw_airwrite/B/airwrite_B_20260728_221556_315090_f05b19.png,B,1,airwrite,,,
data/raw_airwrite/B/airwrite_B_20260728_221601_658453_b20d87.png,B,1,airwrite,,,
data/raw_airwrite/B/airwrite_B_20260728_221606_694578_045716.png,B,1,airwrite,,,
data/raw_airwrite/B/airwrite_B_20260728_221615_004225_4d0b0f.png,B,1,airwrite,,,
data/raw_airwrite/B/airwrite_B_20260728_221619_934138_7ce0d0.png,B,1,airwrite,,,
data/raw_airwrite/B/airwrite_B_20260728_221624_811338_815349.png,B,1,airwrite,,,
data/raw_airwrite/B/airwrite_B_20260728_221640_990416_f77c78.png,B,1,airwrite,,,
data/raw_airwrite/B/airwrite_B_20260728_221644_794161_995379.png,B,1,airwrite,,,
data/raw_airwrite/B/airwrite_B_20260728_221648_420409_d43914.png,B,1,airwrite,,,
data/raw_airwrite/B/airwrite_B_20260728_221654_757876_2779ec.png,B,1,airwrite,,,
data/raw_airwrite/B/airwrite_B_20260728_221659_107526_ae488a.png,B,1,airwrite,,,
data/raw_airwrite/B/airwrite_B_20260728_221729_954581_67bae1.png,B,1,airwrite,,,
data/raw_airwrite/B/airwrite_B_20260728_221734_186515_be1bb5.png,B,1,airwrite,,,
data/raw_airwrite/B/airwrite_B_20260728_221738_105784_c90775.png,B,1,airwrite,,,
data/raw_airwrite/B/airwrite_B_20260728_221742_311049_0c41f5.png,B,1,airwrite,,,
data/raw_airwrite/B/airwrite_B_20260728_221745_724572_378f57.png,B,1,airwrite,,,
data/raw_airwrite/B/airwrite_B_20260728_221751_349799_7894c2.png,B,1,airwrite,,,
data/raw_airwrite/B/airwrite_B_20260728_221756_228890_7c740b.png,B,1,airwrite,,,
data/raw_airwrite/B/airwrite_B_20260728_221803_260191_3fb83b.png,B,1,airwrite,,,
data/raw_airwrite/B/airwrite_B_20260728_221808_190055_c509a3.png,B,1,airwrite,,,
data/raw_airwrite/B/airwrite_B_20260728_221821_213496_e5b633.png,B,1,airwrite,,,
data/raw_airwrite/B/airwrite_B_20260728_221829_446727_d38b5f.png,B,1,airwrite,,,
data/raw_airwrite/B/airwrite_B_20260728_221833_168645_a38bb9.png,B,1,airwrite,,,
data/raw_airwrite/B/airwrite_B_20260728_221909_220927_aa6f89.png,B,1,airwrite,,,
data/raw_airwrite/B/airwrite_B_20260728_221913_854634_3629d7.png,B,1,airwrite,,,
data/raw_airwrite/B/airwrite_B_20260728_221918_849215_92400b.png,B,1,airwrite,,,
data/raw_airwrite/B/airwrite_B_20260728_221923_132684_e587de.png,B,1,airwrite,,,
data/raw_airwrite/B/airwrite_B_20260728_221926_718484_1ed9f5.png,B,1,airwrite,,,
data/raw_airwrite/B/airwrite_B_20260728_221930_158716_0c1b72.png,B,1,airwrite,,,
data/raw_airwrite/B/airwrite_B_20260728_221934_237226_3cb80a.png,B,1,airwrite,,,
data/raw_airwrite/B/airwrite_B_20260728_221940_119241_e0a935.png,B,1,airwrite,,,
data/raw_airwrite/B/airwrite_B_20260728_221950_833530_5ec9ed.png,B,1,airwrite,,,
data/raw_airwrite/B/airwrite_B_20260728_222001_186910_246743.png,B,1,airwrite,,,
data/raw_airwrite/B/airwrite_B_20260728_222004_248545_9d8ddc.png,B,1,airwrite,,,
data/raw_airwrite/B/airwrite_B_20260728_222013_903257_65334c.png,B,1,airwrite,,,
data/raw_airwrite/B/airwrite_B_20260728_222020_710344_8fc84f.png,B,1,airwrite,,,
data/raw_airwrite/B/airwrite_B_20260728_222026_703075_ecca14.png,B,1,airwrite,,,
data/raw_airwrite/B/airwrite_B_20260728_222030_787101_d9197f.png,B,1,airwrite,,,
data/raw_airwrite/B/airwrite_B_20260728_222038_987627_3e6ea9.png,B,1,airwrite,,,
data/raw_airwrite/B/airwrite_B_20260728_222048_058022_e238f5.png,B,1,airwrite,,,
data/raw_airwrite/B/airwrite_B_20260728_222056_013208_c59846.png,B,1,airwrite,,,
data/raw_airwrite/B/airwrite_B_20260728_222126_164013_0eb88d.png,B,1,airwrite,,,
data/raw_airwrite/B/airwrite_B_20260728_222130_911237_45061e.png,B,1,airwrite,,,
data/raw_airwrite/B/airwrite_B_20260728_222135_832841_0b0446.png,B,1,airwrite,,,
data/raw_airwrite/B/airwrite_B_20260728_222140_656220_904c1d.png,B,1,airwrite,,,
data/raw_airwrite/B/airwrite_B_20260728_222145_979392_3e3c6b.png,B,1,airwrite,,,
data/raw_airwrite/B/airwrite_B_20260728_222150_765633_0dc364.png,B,1,airwrite,,,
data/raw_airwrite/B/airwrite_B_20260728_222206_506363_dc8901.png,B,1,airwrite,,,
data/raw_airwrite/B/airwrite_B_20260728_222221_729015_5d4619.png,B,1,airwrite,,,
data/raw_airwrite/B/airwrite_B_20260728_222224_958391_4d0544.png,B,1,airwrite,,,
data/raw_airwrite/B/airwrite_B_20260728_222228_056025_253f1d.png,B,1,airwrite,,,
data/raw_airwrite/B/airwrite_B_20260901_161344_451541_ae9fde.png,B,1,airwrite,,,
data/raw_airwrite/B/airwrite_B_20260901_161348_126358_b4917f.png,B,1,airwrite,,,
data/raw_airwrite/B/airwrite_B_20260901_161351_438048_72cd8d.png,B,1,airwrite,,,
data/raw_airwrite/B/airwrite_B_20260901_161359_548279_e40a2d.png,B,1,airwrite,,,
data/raw_airwrite/B/airwrite_B_20260901_161403_065551_b64913.png,B,1,airwrite,,,
data/raw_airwrite/B/airwrite_B_20260901_161409_288699_5832d9.png,B,1,airwrite,,,
data/raw_airwrite/B/airwrite_B_20260901_161412_283589_ae6e53.png,B,1,airwrite,,,
data/raw_airwrite/B/airwrite_B_20260901_161420_104294_4e66bf.png,B,1,airwrite,,,
data/raw_airwrite/B/airwrite_B_20260901_161422_918731_44d304.png,B,1,airwrite,,,
data/raw_airwrite/B/airwrite_B_20260901_161429_018000_530b7a.png,B,1,airwrite,,,
data/raw_airwrite/B/airwrite_B_20260901_161436_482298_93040a.png,B,1,airwrite,,,
data/raw_airwrite/B/airwrite_B_20260901_161440_803392_1e284c.png,B,1,airwrite,,,
data/raw_airwrite/B/airwrite_B_20260901_161443_508568_ec5a8b.png,B,1,airwrite,,,
data/raw_airwrite/B/airwrite_B_20260901_161447_574146_5688aa.png,B,1,airwrite,,,
data/raw_airwrite/B/airwrite_B_20260901_161450_734057_2580c9.png,B,1,airwrite,,,
data/raw_airwrite/B/airwrite_B_20260901_161453_726284_058b4f.png,B,1,airwrite,,,
data/raw_airwrite/B/airwrite_B_20260901_161457_723107_3b3b8c.png,B,1,airwrite,,,
data/raw_airwrite/B/airwrite_B_20260901_161506_050384_d9964f.png,B,1,airwrite,,,
data/raw_airwrite/B/airwrite_B_20260901_161509_446157_d53b70.png,B,1,airwrite,,,
data/raw_airwrite/B/airwrite_B_20260901_161520_033555_0bde6c.png,B,1,airwrite,,,
data/raw_airwrite/B/airwrite_B_20260901_161523_606914_d142ad.png,B,1,airwrite,,,
data/raw_airwrite/B/airwrite_B_20260901_161526_829019_e0b61d.png,B,1,airwrite,,,
data/raw_airwrite/B/airwrite_B_20260901_161530_369340_0b8557.png,B,1,airwrite,,,
data/raw_airwrite/B/airwrite_B_20260901_161533_107977_849a3a.png,B,1,airwrite,,,
data/raw_airwrite/B/airwrite_B_20260901_161537_205227_5babdc.png,B,1,airwrite,,,
data/raw_airwrite/B/airwrite_B_20260901_161540_161260_3aef11.png,B,1,airwrite,,,
data/raw_airwrite/B/airwrite_B_20260901_161543_841514_10e2cb.png,B,1,airwrite,,,
data/raw_airwrite/B/airwrite_B_20260901_161547_809167_da3953.png,B,1,airwrite,,,
data/raw_airwrite/B/airwrite_B_20260903_142322_400917_457240.png,B,1,airwrite,,,
data/raw_airwrite/B/airwrite_B_20260903_142326_845704_95f460.png,B,1,airwrite,,,
data/raw_airwrite/B/airwrite_B_20260903_142329_337454_de3b99.png,B,1,airwrite,,,
data/raw_airwrite/B/airwrite_B_20260903_142333_743768_c25a13.png,B,1,airwrite,,,
data/raw_airwrite/B/airwrite_B_20260903_142337_422593_347546.png,B,1,airwrite,,,
data/raw_airwrite/B/airwrite_B_20260903_142342_431448_15dcc9.png,B,1,airwrite,,,
data/raw_airwrite/B/airwrite_B_20260903_142350_652306_3c301c.png,B,1,airwrite,,,
data/raw_airwrite/B/airwrite_B_20260903_142356_542851_8f480a.png,B,1,airwrite,,,
data/raw_airwrite/B/airwrite_B_20260903_142359_318732_54c0b9.png,B,1,airwrite,,,
data/raw_airwrite/B/airwrite_B_20260903_142412_158810_593ac6.png,B,1,airwrite,,,
data/raw_airwrite/B/airwrite_B_20260903_142414_900784_70ff72.png,B,1,airwrite,,,
data/raw_airwrite/B/airwrite_B_20260903_142417_642360_712a52.png,B,1,airwrite,,,
data/raw_airwrite/B/airwrite_B_20260903_142425_600991_540c3b.png,B,1,airwrite,,,
data/raw_airwrite/B/airwrite_B_20260903_142428_355183_9c754f.png,B,1,airwrite,,,
data/raw_airwrite/B/airwrite_B_20260903_142435_507160_e241cc.png,B,1,airwrite,,,
data/raw_airwrite/B/airwrite_B_20260903_142438_806230_815434.png,B,1,airwrite,,,
data/raw_airwrite/B/airwrite_B_20260903_142444_767261_c509d8.png,B,1,airwrite,,,
data/raw_airwrite/B/airwrite_B_20260903_142447_955611_2f722c.png,B,1,airwrite,,,
data/raw_airwrite/B/airwrite_B_20260903_142452_442194_1bd777.png,B,1,airwrite,,,
data/raw_airwrite/B/airwrite_B_20260903_142454_624437_f27246.png,B,1,airwrite,,,
data/raw_airwrite/B/airwrite_B_20260903_142458_444058_3e5e90.png,B,1,airwrite,,,
data/raw_airwrite/B/airwrite_B_20260903_142502_843061_499877.png,B,1,airwrite,,,
data/raw_airwrite/B/airwrite_B_20260903_142506_588291_14eabb.png,B,1,airwrite,,,
data/raw_airwrite/B/airwrite_B_20260903_142509_626498_21db1b.png,B,1,airwrite,,,
data/raw_airwrite/B/airwrite_B_20260903_142515_464419_f231d9.png,B,1,airwrite,,,
data/raw_airwrite/B/airwrite_B_20260903_142520_263584_444a4a.png,B,1,airwrite,,,
data/raw_airwrite/B/airwrite_B_20260903_142525_990356_31d2e9.png,B,1,airwrite,,,
data/raw_airwrite/B/airwrite_B_20260903_142529_551418_b4c48b.png,B,1,airwrite,,,
data/raw_airwrite/B/airwrite_B_20260903_142533_927949_c9e90b.png,B,1,airwrite,,,
data/raw_airwrite/B/airwrite_B_20260903_142538_436605_646fd1.png,B,1,airwrite,,,
data/raw_airwrite/B/airwrite_B_20260903_142544_094900_90be51.png,B,1,airwrite,,,
data/raw_airwrite/B/airwrite_B_20260903_142547_093064_49d7b9.png,B,1,airwrite,,,
data/raw_airwrite/B/airwrite_B_20260903_142551_336536_7292c2.png,B,1,airwrite,,,
data/raw_airwrite/B/airwrite_B_20260903_142554_190046_7ea3df.png,B,1,airwrite,,,
data/raw_airwrite/B/airwrite_B_20260903_142557_471506_7ab96d.png,B,1,airwrite,,,
data/raw_airwrite/B/airwrite_B_20260903_142603_083561_123eb1.png,B,1,airwrite,,,
data/raw_airwrite/B/airwrite_B_20260903_142612_929600_9b14b0.png,B,1,airwrite,,,
data/raw_airwrite/B/airwrite_B_20260903_142618_402841_f238dc.png,B,1,airwrite,,,
data/raw_airwrite/B/airwrite_B_20260903_142620_776164_b3e66d.png,B,1,airwrite,,,
data/raw_airwrite/B/airwrite_B_20260903_142624_354505_aeb3f6.png,B,1,airwrite,,,
data/raw_airwrite/B/airwrite_B_20260903_142632_081719_18a85d.png,B,1,airwrite,,,
data/raw_airwrite/B/airwrite_B_20260903_142634_724136_16da14.png,B,1,airwrite,,,
data/raw_airwrite/B/airwrite_B_20260903_142637_928395_ab9cd2.png,B,1,airwrite,,,
data/raw_airwrite/B/airwrite_B_20260903_142645_201754_3b6c48.png,B,1,airwrite,,,
data/raw_airwrite/B/airwrite_B_20260903_142647_893114_d36e0b.png,B,1,airwrite,,,
data/raw_airwrite/B/airwrite_B_20260903_142658_463136_e87c62.png,B,1,airwrite,,,
data/raw_airwrite/B/airwrite_B_20260903_142703_517186_553d34.png,B,1,airwrite,,,
data/raw_airwrite/B/airwrite_B_20260903_142706_253138_de19d5.png,B,1,airwrite,,,
data/raw_airwrite/B/airwrite_B_20260903_142708_782598_199793.png,B,1,airwrite,,,
data/raw_airwrite/B/airwrite_B_20260903_142723_826947_918476.png,B,1,airwrite,,,
data/raw_airwrite/B/airwrite_B_20260903_142726_432122_b03307.png,B,1,airwrite,,,
data/raw_airwrite/B/airwrite_B_20260903_142729_029964_aac563.png,B,1,airwrite,,,
data/raw_airwrite/B/airwrite_B_20260903_142734_703975_0bbd51.png,B,1,airwrite,,,
data/raw_airwrite/B/airwrite_B_20260903_142741_781049_d754dc.png,B,1,airwrite,,,
data/raw_airwrite/B/airwrite_B_20260903_142751_704737_6b2b80.png,B,1,airwrite,,,
data/raw_airwrite/B/airwrite_B_20260903_142754_447775_b46a59.png,B,1,airwrite,,,
data/raw_airwrite/B/airwrite_B_20260903_142757_673586_327baf.png,B,1,airwrite,,,
data/raw_airwrite/B/airwrite_lowercase_b_20260805_210158_270203_6f8696.png,B,1,airwrite,,,
data/raw_airwrite/B/airwrite_lowercase_b_20260805_210202_893396_d5655d.png,B,1,airwrite,,,
data/raw_airwrite/B/airwrite_lowercase_b_20260805_210225_316453_d59fa3.png,B,1,airwrite,,,
data/raw_airwrite/B/airwrite_lowercase_b_20260805_210228_635863_430ea0.png,B,1,airwrite,,,
data/raw_airwrite/B/airwrite_lowercase_b_20260805_210233_019682_44fe92.png,B,1,airwrite,,,
data/raw_airwrite/B/airwrite_lowercase_b_20260805_210236_737278_bde4b9.png,B,1,airwrite,,,
data/raw_airwrite/B/airwrite_lowercase_b_20260805_210240_018751_92b58e.png,B,1,airwrite,,,
data/raw_airwrite/B/airwrite_lowercase_b_20260805_210243_302938_3fe476.png,B,1,airwrite,,,
data/raw_airwrite/B/airwrite_lowercase_b_20260805_210259_336287_5012d4.png,B,1,airwrite,,,
data/raw_airwrite/B/airwrite_lowercase_b_20260805_210303_004983_b049ac.png,B,1,airwrite,,,
data/raw_airwrite/B/airwrite_lowercase_b_20260805_210318_740743_3073ec.png,B,1,airwrite,,,
data/raw_airwrite/B/airwrite_lowercase_b_20260805_210323_843265_bc8fd7.png,B,1,airwrite,,,
data/raw_airwrite/C/airwrite_C_20260728_222251_812608_c2966f.png,C,2,airwrite,,,
data/raw_airwrite/C/airwrite_C_20260728_222254_411004_4fbe3b.png,C,2,airwrite,,,
data/raw_airwrite/C/airwrite_C_20260728_222302_837097_511b18.png,C,2,airwrite,,,
data/raw_airwrite/C/airwrite_C_20260728_222306_177553_6e7f15.png,C,2,airwrite,,,
data/raw_airwrite/C/airwrite_C_20260728_222312_114102_ddc129.png,C,2,airwrite,,,
data/raw_airwrite/C/airwrite_C_20260728_222328_716088_7f663a.png,C,2,airwrite,,,
data/raw_airwrite/C/airwrite_C_20260728_222342_195334_ef3343.png,C,2,airwrite,,,
data/raw_airwrite/C/airwrite_C_20260728_222345_717614_926ecc.png,C,2,airwrite,,,
data/raw_airwrite/C/airwrite_C_20260728_222407_649369_047554.png,C,2,airwrite,,,
data/raw_airwrite/C/airwrite_C_20260728_222409_970899_58b5db.png,C,2,airwrite,,,
data/raw_airwrite/C/airwrite_C_20260728_222412_311164_e99064.png,C,2,airwrite,,,
data/raw_airwrite/C/airwrite_C_20260728_222416_196191_3b0c50.png,C,2,airwrite,,,
data/raw_airwrite/C/airwrite_C_20260728_222418_704001_23e030.png,C,2,airwrite,,,
data/raw_airwrite/C/airwrite_C_20260728_222421_293824_9b8e29.png,C,2,airwrite,,,
data/raw_airwrite/C/airwrite_C_20260728_222432_765158_b0e629.png,C,2,airwrite,,,
data/raw_airwrite/C/airwrite_C_20260728_222435_294915_9bc633.png,C,2,airwrite,,,
data/raw_airwrite/C/airwrite_C_20260728_222437_610624_bd3110.png,C,2,airwrite,,,
data/raw_airwrite/C/airwrite_C_20260728_222439_897593_b2a120.png,C,2,airwrite,,,
data/raw_airwrite/C/airwrite_C_20260728_222443_974106_7f1a2e.png,C,2,airwrite,,,
data/raw_airwrite/C/airwrite_C_20260728_222446_014822_1c0094.png,C,2,airwrite,,,
data/raw_airwrite/C/airwrite_C_20260728_222448_150899_0fa204.png,C,2,airwrite,,,
data/raw_airwrite/C/airwrite_C_20260728_222450_235507_51ea45.png,C,2,airwrite,,,
data/raw_airwrite/C/airwrite_C_20260728_222530_455169_dc190d.png,C,2,airwrite,,,
data/raw_airwrite/C/airwrite_C_20260728_222532_418158_00c46d.png,C,2,airwrite,,,
data/raw_airwrite/C/airwrite_C_20260728_222534_430061_8723ac.png,C,2,airwrite,,,
data/raw_airwrite/C/airwrite_C_20260728_222540_665810_24d36f.png,C,2,airwrite,,,
data/raw_airwrite/C/airwrite_C_20260728_222543_023596_52fe18.png,C,2,airwrite,,,
data/raw_airwrite/C/airwrite_C_20260728_222549_377306_2cc565.png,C,2,airwrite,,,
data/raw_airwrite/C/airwrite_C_20260728_222551_954828_459eb6.png,C,2,airwrite,,,
data/raw_airwrite/C/airwrite_C_20260728_222554_623618_647b21.png,C,2,airwrite,,,
data/raw_airwrite/C/airwrite_C_20260728_222559_775855_ad2f74.png,C,2,airwrite,,,
data/raw_airwrite/C/airwrite_C_20260728_222604_070918_b8e5d4.png,C,2,airwrite,,,
data/raw_airwrite/C/airwrite_C_20260728_222606_555289_e99a66.png,C,2,airwrite,,,
data/raw_airwrite/C/airwrite_C_20260728_222609_601568_a69ac0.png,C,2,airwrite,,,
data/raw_airwrite/C/airwrite_C_20260728_222616_744275_d92ed1.png,C,2,airwrite,,,
data/raw_airwrite/C/airwrite_C_20260728_222659_116006_113226.png,C,2,airwrite,,,
data/raw_airwrite/C/airwrite_C_20260728_222709_749318_0cd306.png,C,2,airwrite,,,
data/raw_airwrite/C/airwrite_C_20260728_222712_167593_1be284.png,C,2,airwrite,,,
data/raw_airwrite/C/airwrite_C_20260728_222720_524527_18fc2d.png,C,2,airwrite,,,
data/raw_airwrite/C/airwrite_C_20260728_222733_434982_d5b24b.png,C,2,airwrite,,,
data/raw_airwrite/C/airwrite_C_20260728_222742_640936_96fdd7.png,C,2,airwrite,,,
data/raw_airwrite/C/airwrite_C_20260728_222745_723116_17c786.png,C,2,airwrite,,,
data/raw_airwrite/C/airwrite_C_20260728_222748_525498_cacaa1.png,C,2,airwrite,,,
data/raw_airwrite/C/airwrite_C_20260728_222751_249770_f089b3.png,C,2,airwrite,,,
data/raw_airwrite/C/airwrite_C_20260728_222809_279294_ddea20.png,C,2,airwrite,,,
data/raw_airwrite/C/airwrite_C_20260728_222816_419923_c6949b.png,C,2,airwrite,,,
data/raw_airwrite/C/airwrite_C_20260728_222819_871152_d3c246.png,C,2,airwrite,,,
data/raw_airwrite/C/airwrite_C_20260728_222835_749624_d51726.png,C,2,airwrite,,,
data/raw_airwrite/C/airwrite_C_20260728_222847_527640_2c4c0a.png,C,2,airwrite,,,
data/raw_airwrite/C/airwrite_C_20260728_222855_617407_a2b958.png,C,2,airwrite,,,
data/raw_airwrite/C/airwrite_C_20260901_161554_444506_4cd570.png,C,2,airwrite,,,
data/raw_airwrite/C/airwrite_C_20260901_161557_492198_61c1bd.png,C,2,airwrite,,,
data/raw_airwrite/C/airwrite_C_20260901_161600_646138_2c4404.png,C,2,airwrite,,,
data/raw_airwrite/C/airwrite_C_20260901_161606_152619_f852eb.png,C,2,airwrite,,,
data/raw_airwrite/C/airwrite_C_20260901_161608_079311_855891.png,C,2,airwrite,,,
data/raw_airwrite/C/airwrite_C_20260901_161609_553049_745f11.png,C,2,airwrite,,,
data/raw_airwrite/C/airwrite_C_20260901_161613_127004_b3f042.png,C,2,airwrite,,,
data/raw_airwrite/C/airwrite_C_20260901_161615_534680_a5bc21.png,C,2,airwrite,,,
data/raw_airwrite/C/airwrite_C_20260901_161618_422224_05d0c4.png,C,2,airwrite,,,
data/raw_airwrite/C/airwrite_C_20260901_161620_718569_4289c7.png,C,2,airwrite,,,
data/raw_airwrite/C/airwrite_C_20260901_161627_257299_05b617.png,C,2,airwrite,,,
data/raw_airwrite/C/airwrite_C_20260901_161632_366102_f8063d.png,C,2,airwrite,,,
data/raw_airwrite/C/airwrite_C_20260901_161635_249302_5bb802.png,C,2,airwrite,,,
data/raw_airwrite/C/airwrite_C_20260901_161637_023395_100738.png,C,2,airwrite,,,
data/raw_airwrite/C/airwrite_C_20260901_161640_508099_68b068.png,C,2,airwrite,,,
data/raw_airwrite/C/airwrite_C_20260901_161643_946155_be28fc.png,C,2,airwrite,,,
data/raw_airwrite/C/airwrite_C_20260901_161648_060377_625912.png,C,2,airwrite,,,
data/raw_airwrite/C/airwrite_C_20260901_161649_906481_ad0e86.png,C,2,airwrite,,,
data/raw_airwrite/C/airwrite_C_20260901_161651_641671_06df54.png,C,2,airwrite,,,
data/raw_airwrite/C/airwrite_C_20260901_161655_471635_2f45fb.png,C,2,airwrite,,,
data/raw_airwrite/C/airwrite_C_20260901_161700_030678_d7262f.png,C,2,airwrite,,,
data/raw_airwrite/C/airwrite_C_20260901_161702_006127_3d43d4.png,C,2,airwrite,,,
data/raw_airwrite/C/airwrite_C_20260901_161704_035845_aeeeff.png,C,2,airwrite,,,
data/raw_airwrite/C/airwrite_C_20260901_161707_374808_cc87e0.png,C,2,airwrite,,,
data/raw_airwrite/C/airwrite_C_20260901_161709_586117_d9ddb3.png,C,2,airwrite,,,
data/raw_airwrite/C/airwrite_C_20260901_161713_393966_9d7d1e.png,C,2,airwrite,,,
data/raw_airwrite/C/airwrite_C_20260901_161715_338553_861221.png,C,2,airwrite,,,
data/raw_airwrite/C/airwrite_C_20260901_161719_277551_730b22.png,C,2,airwrite,,,
data/raw_airwrite/C/airwrite_C_20260901_161725_833226_a4e565.png,C,2,airwrite,,,
data/raw_airwrite/C/airwrite_C_20260901_161727_812260_62309a.png,C,2,airwrite,,,
data/raw_airwrite/C/airwrite_C_20260903_143100_409690_03b2b5.png,C,2,airwrite,,,
data/raw_airwrite/C/airwrite_C_20260903_143101_914847_16ce91.png,C,2,airwrite,,,
data/raw_airwrite/C/airwrite_C_20260903_143105_195295_5eb28d.png,C,2,airwrite,,,
data/raw_airwrite/C/airwrite_C_20260903_143106_656683_f1647a.png,C,2,airwrite,,,
data/raw_airwrite/C/airwrite_C_20260903_143109_813884_53c379.png,C,2,airwrite,,,
data/raw_airwrite/C/airwrite_C_20260903_143113_037462_b1c492.png,C,2,airwrite,,,
data/raw_airwrite/C/airwrite_C_20260903_143118_913459_33e245.png,C,2,airwrite,,,
data/raw_airwrite/C/airwrite_C_20260903_143120_429341_004f44.png,C,2,airwrite,,,
data/raw_airwrite/C/airwrite_C_20260903_143127_999605_61e35d.png,C,2,airwrite,,,
data/raw_airwrite/C/airwrite_C_20260903_143137_668721_b1677b.png,C,2,airwrite,,,
data/raw_airwrite/C/airwrite_C_20260903_143139_778891_47be4b.png,C,2,airwrite,,,
data/raw_airwrite/C/airwrite_C_20260903_143202_104977_e6d255.png,C,2,airwrite,,,
data/raw_airwrite/C/airwrite_C_20260903_143204_212507_7dd02b.png,C,2,airwrite,,,
data/raw_airwrite/C/airwrite_C_20260903_143209_244114_b89c0b.png,C,2,airwrite,,,
data/raw_airwrite/C/airwrite_C_20260903_143211_596581_8027e0.png,C,2,airwrite,,,
data/raw_airwrite/C/airwrite_C_20260903_143217_046844_0c262f.png,C,2,airwrite,,,
data/raw_airwrite/C/airwrite_C_20260903_143221_110159_46ff49.png,C,2,airwrite,,,
data/raw_airwrite/C/airwrite_C_20260903_143223_428803_23f0dc.png,C,2,airwrite,,,
data/raw_airwrite/C/airwrite_C_20260903_143226_697651_e0d59d.png,C,2,airwrite,,,
data/raw_airwrite/C/airwrite_C_20260903_143228_287253_924e98.png,C,2,airwrite,,,
data/raw_airwrite/C/airwrite_C_20260903_143229_861023_e07340.png,C,2,airwrite,,,
data/raw_airwrite/C/airwrite_C_20260903_143235_057975_cb333f.png,C,2,airwrite,,,
data/raw_airwrite/C/airwrite_C_20260903_143236_555374_c98528.png,C,2,airwrite,,,
data/raw_airwrite/C/airwrite_C_20260903_143241_429030_6da536.png,C,2,airwrite,,,
data/raw_airwrite/C/airwrite_C_20260903_143243_037380_915284.png,C,2,airwrite,,,
data/raw_airwrite/C/airwrite_C_20260903_143304_275937_8a135c.png,C,2,airwrite,,,
data/raw_airwrite/C/airwrite_C_20260903_143305_828914_29e573.png,C,2,airwrite,,,
data/raw_airwrite/C/airwrite_C_20260903_143309_370208_3c6d37.png,C,2,airwrite,,,
data/raw_airwrite/C/airwrite_C_20260903_143310_989785_3e7643.png,C,2,airwrite,,,
data/raw_airwrite/C/airwrite_C_20260903_143314_451713_f3d318.png,C,2,airwrite,,,
data/raw_airwrite/C/airwrite_C_20260903_143320_469325_73ed75.png,C,2,airwrite,,,
data/raw_airwrite/C/airwrite_C_20260903_143323_728623_930b30.png,C,2,airwrite,,,
data/raw_airwrite/C/airwrite_C_20260903_143329_818237_6c36dc.png,C,2,airwrite,,,
data/raw_airwrite/C/airwrite_C_20260903_143333_249523_0885d1.png,C,2,airwrite,,,
data/raw_airwrite/C/airwrite_C_20260903_143353_824947_c21599.png,C,2,airwrite,,,
data/raw_airwrite/C/airwrite_C_20260903_143355_554447_781209.png,C,2,airwrite,,,
data/raw_airwrite/C/airwrite_C_20260903_143357_092275_1ce604.png,C,2,airwrite,,,
data/raw_airwrite/C/airwrite_C_20260903_143400_821775_803fc7.png,C,2,airwrite,,,
data/raw_airwrite/C/airwrite_C_20260903_143404_253469_13d0b4.png,C,2,airwrite,,,
data/raw_airwrite/C/airwrite_C_20260903_143415_642969_ff3b81.png,C,2,airwrite,,,
data/raw_airwrite/C/airwrite_C_20260903_143417_699659_cdfe52.png,C,2,airwrite,,,
data/raw_airwrite/C/airwrite_C_20260903_143420_938320_977ff9.png,C,2,airwrite,,,
data/raw_airwrite/C/airwrite_C_20260903_143422_459860_0b2c44.png,C,2,airwrite,,,
data/raw_airwrite/C/airwrite_C_20260903_143426_022486_60f20e.png,C,2,airwrite,,,
data/raw_airwrite/C/airwrite_C_20260903_143429_466546_c6e373.png,C,2,airwrite,,,
data/raw_airwrite/C/airwrite_C_20260903_143437_659366_cfbe12.png,C,2,airwrite,,,
data/raw_airwrite/C/airwrite_C_20260903_143442_229297_2710d1.png,C,2,airwrite,,,
data/raw_airwrite/C/airwrite_C_20260903_143443_877698_f22634.png,C,2,airwrite,,,
data/raw_airwrite/C/airwrite_C_20260903_143447_055822_c6f24a.png,C,2,airwrite,,,
data/raw_airwrite/C/airwrite_C_20260903_143448_936561_eaa38c.png,C,2,airwrite,,,
data/raw_airwrite/C/airwrite_C_20260903_143452_244411_b293fc.png,C,2,airwrite,,,
data/raw_airwrite/C/airwrite_C_20260903_143457_188714_ca4857.png,C,2,airwrite,,,
data/raw_airwrite/C/airwrite_C_20260903_143458_868085_927b6b.png,C,2,airwrite,,,
data/raw_airwrite/C/airwrite_C_20260903_143502_523197_970152.png,C,2,airwrite,,,
data/raw_airwrite/C/airwrite_C_20260903_143505_399676_163ccd.png,C,2,airwrite,,,
data/raw_airwrite/C/airwrite_C_20260903_143515_035187_65a512.png,C,2,airwrite,,,
data/raw_airwrite/C/airwrite_C_20260903_143631_005930_b77f84.png,C,2,airwrite,,,
data/raw_airwrite/C/airwrite_C_20260903_143632_490063_05fcb5.png,C,2,airwrite,,,
data/raw_airwrite/C/airwrite_C_20260903_143634_113666_6c090e.png,C,2,airwrite,,,
data/raw_airwrite/C/airwrite_lowercase_c_20260805_210342_856800_8f6be5 (1).png,C,2,airwrite,,,
data/raw_airwrite/C/airwrite_lowercase_c_20260805_210342_856800_8f6be5 (10).png,C,2,airwrite,,,
data/raw_airwrite/C/airwrite_lowercase_c_20260805_210342_856800_8f6be5 (11).png,C,2,airwrite,,,
data/raw_airwrite/C/airwrite_lowercase_c_20260805_210342_856800_8f6be5 (12).png,C,2,airwrite,,,
data/raw_airwrite/C/airwrite_lowercase_c_20260805_210342_856800_8f6be5 (2).png,C,2,airwrite,,,
data/raw_airwrite/C/airwrite_lowercase_c_20260805_210342_856800_8f6be5 (3).png,C,2,airwrite,,,
data/raw_airwrite/C/airwrite_lowercase_c_20260805_210342_856800_8f6be5 (4).png,C,2,airwrite,,,
data/raw_airwrite/C/airwrite_lowercase_c_20260805_210342_856800_8f6be5 (6).png,C,2,airwrite,,,
data/raw_airwrite/C/airwrite_lowercase_c_20260805_210342_856800_8f6be5 (7).png,C,2,airwrite,,,
data/raw_airwrite/C/airwrite_lowercase_c_20260805_210342_856800_8f6be5 (8).png,C,2,airwrite,,,
data/raw_airwrite/C/airwrite_lowercase_c_20260805_210342_856800_8f6be5 (9).png,C,2,airwrite,,,
data/raw_airwrite/D/airwrite_D_20260728_222934_056205_74291c.png,D,3,airwrite,,,
data/raw_airwrite/D/airwrite_D_20260728_222940_685652_ed7ab3.png,D,3,airwrite,,,
data/raw_airwrite/D/airwrite_D_20260728_222955_452384_aed6fc.png,D,3,airwrite,,,
data/raw_airwrite/D/airwrite_D_20260728_223001_520918_39e87f.png,D,3,airwrite,,,
data/raw_airwrite/D/airwrite_D_20260728_223011_644473_031337.png,D,3,airwrite,,,
data/raw_airwrite/D/airwrite_D_20260728_223014_663337_2b36f0.png,D,3,airwrite,,,
data/raw_airwrite/D/airwrite_D_20260728_223019_071091_163116.png,D,3,airwrite,,,
data/raw_airwrite/D/airwrite_D_20260728_223023_810087_e8ced8.png,D,3,airwrite,,,
data/raw_airwrite/D/airwrite_D_20260728_223033_306621_e94f5d.png,D,3,airwrite,,,
data/raw_airwrite/D/airwrite_D_20260728_223058_087222_00295f.png,D,3,airwrite,,,
data/raw_airwrite/D/airwrite_D_20260728_223103_421793_e58e37.png,D,3,airwrite,,,
data/raw_airwrite/D/airwrite_D_20260728_223131_451420_e9c612.png,D,3,airwrite,,,
data/raw_airwrite/D/airwrite_D_20260728_223136_682702_9d250f.png,D,3,airwrite,,,
data/raw_airwrite/D/airwrite_D_20260728_223142_163119_d12f39.png,D,3,airwrite,,,
data/raw_airwrite/D/airwrite_D_20260728_223205_349193_e36664.png,D,3,airwrite,,,
data/raw_airwrite/D/airwrite_D_20260728_223222_375788_4f3db3.png,D,3,airwrite,,,
data/raw_airwrite/D/airwrite_D_20260728_223229_024315_3d3c46.png,D,3,airwrite,,,
data/raw_airwrite/D/airwrite_D_20260728_223237_550730_a4e935.png,D,3,airwrite,,,
data/raw_airwrite/D/airwrite_D_20260728_223242_984016_b193c7.png,D,3,airwrite,,,
data/raw_airwrite/D/airwrite_D_20260728_223247_784363_d2fab9.png,D,3,airwrite,,,
data/raw_airwrite/D/airwrite_D_20260728_223315_835324_8e9a79.png,D,3,airwrite,,,
data/raw_airwrite/D/airwrite_D_20260728_223336_799236_b8b376.png,D,3,airwrite,,,
data/raw_airwrite/D/airwrite_D_20260728_223340_760912_135f8a.png,D,3,airwrite,,,
data/raw_airwrite/D/airwrite_D_20260728_223347_752609_bb0f4f.png,D,3,airwrite,,,
data/raw_airwrite/D/airwrite_D_20260728_223354_730344_ad3fd4.png,D,3,airwrite,,,
data/raw_airwrite/D/airwrite_D_20260728_223359_334877_a99274.png,D,3,airwrite,,,
data/raw_airwrite/D/airwrite_D_20260728_223409_071119_0da363.png,D,3,airwrite,,,
data/raw_airwrite/D/airwrite_D_20260728_223417_007938_b0aebe.png,D,3,airwrite,,,
data/raw_airwrite/D/airwrite_D_20260728_223439_804397_fa3b60.png,D,3,airwrite,,,
data/raw_airwrite/D/airwrite_D_20260728_223448_554546_81c95f.png,D,3,airwrite,,,
data/raw_airwrite/D/airwrite_D_20260728_223533_266666_0a11d1.png,D,3,airwrite,,,
data/raw_airwrite/D/airwrite_D_20260728_223546_507569_6c5c38.png,D,3,airwrite,,,
data/raw_airwrite/D/airwrite_D_20260728_223549_954517_f0ef21.png,D,3,airwrite,,,
data/raw_airwrite/D/airwrite_D_20260728_223553_540845_b3e5e7.png,D,3,airwrite,,,
data/raw_airwrite/D/airwrite_D_20260728_223603_709283_7120ae.png,D,3,airwrite,,,
data/raw_airwrite/D/airwrite_D_20260728_223610_989905_837c04.png,D,3,airwrite,,,
data/raw_airwrite/D/airwrite_D_20260728_223738_952652_f5f2e8.png,D,3,airwrite,,,
data/raw_airwrite/D/airwrite_D_20260728_223743_653596_bd3a84.png,D,3,airwrite,,,
data/raw_airwrite/D/airwrite_D_20260728_223752_434643_11e112.png,D,3,airwrite,,,
data/raw_airwrite/D/airwrite_D_20260728_223758_726196_af18af.png,D,3,airwrite,,,
data/raw_airwrite/D/airwrite_D_20260728_223804_553798_0c0add.png,D,3,airwrite,,,
data/raw_airwrite/D/airwrite_D_20260728_223825_542136_eeabbd.png,D,3,airwrite,,,
data/raw_airwrite/D/airwrite_D_20260728_223830_778064_b0fc42.png,D,3,airwrite,,,
data/raw_airwrite/D/airwrite_D_20260728_223836_957311_e511cf.png,D,3,airwrite,,,
data/raw_airwrite/D/airwrite_D_20260728_223842_344255_a92d03.png,D,3,airwrite,,,
data/raw_airwrite/D/airwrite_D_20260901_161736_508375_6a1bab.png,D,3,airwrite,,,
data/raw_airwrite/D/airwrite_D_20260901_161739_039400_6f125c.png,D,3,airwrite,,,
data/raw_airwrite/D/airwrite_D_20260901_161741_742242_b1eefd.png,D,3,airwrite,,,
data/raw_airwrite/D/airwrite_D_20260901_161746_276933_5bd6ba.png,D,3,airwrite,,,
data/raw_airwrite/D/airwrite_D_20260901_161748_933579_8577dd.png,D,3,airwrite,,,
data/raw_airwrite/D/airwrite_D_20260901_161754_450541_c326fc.png,D,3,airwrite,,,
data/raw_airwrite/D/airwrite_D_20260901_161757_157558_1bc56c.png,D,3,airwrite,,,
data/raw_airwrite/D/airwrite_D_20260901_161802_732705_725865.png,D,3,airwrite,,,
data/raw_airwrite/D/airwrite_D_20260901_161807_373694_d95fff.png,D,3,airwrite,,,
data/raw_airwrite/D/airwrite_D_20260901_161813_729794_1af13e.png,D,3,airwrite,,,
data/raw_airwrite/D/airwrite_D_20260901_161817_168696_883da2.png,D,3,airwrite,,,
data/raw_airwrite/D/airwrite_D_20260901_161823_803414_e2dc5c.png,D,3,airwrite,,,
data/raw_airwrite/D/airwrite_D_20260901_161826_677213_db8d45.png,D,3,airwrite,,,
data/raw_airwrite/D/airwrite_D_20260901_161831_214075_b48087.png,D,3,airwrite,,,
data/raw_airwrite/D/airwrite_D_20260901_161835_667915_c20c6e.png,D,3,airwrite,,,
data/raw_airwrite/D/airwrite_D_20260901_161839_681763_a8034f.png,D,3,airwrite,,,
data/raw_airwrite/D/airwrite_D_20260901_161846_486081_34f224.png,D,3,airwrite,,,
data/raw_airwrite/D/airwrite_D_20260901_161849_538095_bdea05.png,D,3,airwrite,,,
data/raw_airwrite/D/airwrite_D_20260901_161853_980219_4e828a.png,D,3,airwrite,,,
data/raw_airwrite/D/airwrite_D_20260901_161859_626852_a9a256.png,D,3,airwrite,,,
data/raw_airwrite/D/airwrite_D_20260901_161905_286677_2563b6.png,D,3,airwrite,,,
data/raw_airwrite/D/airwrite_D_20260901_161908_599020_4b0575.png,D,3,airwrite,,,
data/raw_airwrite/D/airwrite_D_20260901_161912_749713_d6b138.png,D,3,airwrite,,,
data/raw_airwrite/D/airwrite_D_20260901_161916_001614_f00b10.png,D,3,airwrite,,,
data/raw_airwrite/D/airwrite_D_20260901_161920_761463_f4a465.png,D,3,airwrite,,,
data/raw_airwrite/D/airwrite_D_20260901_161924_434395_46f75d.png,D,3,airwrite,,,
data/raw_airwrite/D/airwrite_D_20260901_161928_626579_e8632d.png,D,3,airwrite,,,
data/raw_airwrite/D/airwrite_D_20260901_161931_787107_749008.png,D,3,airwrite,,,
data/raw_airwrite/D/airwrite_D_20260901_161936_550828_99bee6.png,D,3,airwrite,,,
data/raw_airwrite/D/airwrite_D_20260901_161945_277778_9bcac7.png,D,3,airwrite,,,
data/raw_airwrite/D/airwrite_D_20260903_144056_508608_aa88be.png,D,3,airwrite,,,
data/raw_airwrite/D/airwrite_D_20260903_144103_115353_072ac5.png,D,3,airwrite,,,
data/raw_airwrite/D/airwrite_D_20260903_144108_831396_18ed20.png,D,3,airwrite,,,
data/raw_airwrite/D/airwrite_D_20260903_144111_383158_2b9422.png,D,3,airwrite,,,
data/raw_airwrite/D/airwrite_D_20260903_144114_445375_05198f.png,D,3,airwrite,,,
data/raw_airwrite/D/airwrite_D_20260903_144118_505699_035050.png,D,3,airwrite,,,
data/raw_airwrite/D/airwrite_D_20260903_144121_440097_bec36c.png,D,3,airwrite,,,
data/raw_airwrite/D/airwrite_D_20260903_144126_758318_475b76.png,D,3,airwrite,,,
data/raw_airwrite/D/airwrite_D_20260903_144130_781006_4815a3.png,D,3,airwrite,,,
data/raw_airwrite/D/airwrite_D_20260903_144134_887674_ba8560.png,D,3,airwrite,,,
data/raw_airwrite/D/airwrite_D_20260903_144139_161575_9706b8.png,D,3,airwrite,,,
data/raw_airwrite/D/airwrite_D_20260903_144145_283160_7a5d4f.png,D,3,airwrite,,,
data/raw_airwrite/D/airwrite_D_20260903_144147_318313_728d38.png,D,3,airwrite,,,
data/raw_airwrite/D/airwrite_D_20260903_144153_597185_adf193.png,D,3,airwrite,,,
data/raw_airwrite/D/airwrite_D_20260903_144200_374450_46bbe0.png,D,3,airwrite,,,
data/raw_airwrite/D/airwrite_D_20260903_144202_725688_340a16.png,D,3,airwrite,,,
data/raw_airwrite/D/airwrite_D_20260903_144207_948124_281e7f.png,D,3,airwrite,,,
data/raw_airwrite/D/airwrite_D_20260903_144211_138745_8c7abc.png,D,3,airwrite,,,
data/raw_airwrite/D/airwrite_D_20260903_144216_421610_e899ea.png,D,3,airwrite,,,
data/raw_airwrite/D/airwrite_D_20260903_144221_590876_662fdd.png,D,3,airwrite,,,
data/raw_airwrite/D/airwrite_D_20260903_144224_736655_8fe667.png,D,3,airwrite,,,
data/raw_airwrite/D/airwrite_D_20260903_144234_469802_e931a7.png,D,3,airwrite,,,
data/raw_airwrite/D/airwrite_D_20260903_144239_688474_ab8035.png,D,3,airwrite,,,
data/raw_airwrite/D/airwrite_D_20260903_144242_086218_1f6d82.png,D,3,airwrite,,,
data/raw_airwrite/D/airwrite_D_20260903_144246_267777_cf0721.png,D,3,airwrite,,,
data/raw_airwrite/D/airwrite_D_20260903_144254_089053_eff70a.png,D,3,airwrite,,,
data/raw_airwrite/D/airwrite_D_20260903_144259_261649_863908.png,D,3,airwrite,,,
data/raw_airwrite/D/airwrite_D_20260903_144301_957669_7c27b8.png,D,3,airwrite,,,
data/raw_airwrite/D/airwrite_D_20260903_144310_791187_afe0b1.png,D,3,airwrite,,,
data/raw_airwrite/D/airwrite_D_20260903_144313_546618_3bd75e.png,D,3,airwrite,,,
data/raw_airwrite/D/airwrite_D_20260903_144319_996189_75aa9b.png,D,3,airwrite,,,
data/raw_airwrite/D/airwrite_D_20260903_144323_269259_8a7f00.png,D,3,airwrite,,,
data/raw_airwrite/D/airwrite_D_20260903_144329_172378_32956c.png,D,3,airwrite,,,
data/raw_airwrite/D/airwrite_D_20260903_144339_356470_c7aa37.png,D,3,airwrite,,,
data/raw_airwrite/D/airwrite_D_20260903_144343_041761_88e4a4.png,D,3,airwrite,,,
data/raw_airwrite/D/airwrite_D_20260903_144434_818571_4c8e4e.png,D,3,airwrite,,,
data/raw_airwrite/D/airwrite_D_20260903_144437_423149_8f07ed.png,D,3,airwrite,,,
data/raw_airwrite/D/airwrite_D_20260903_144443_753228_3e7eb4.png,D,3,airwrite,,,
data/raw_airwrite/D/airwrite_D_20260903_144446_431360_1dfb52.png,D,3,airwrite,,,
data/raw_airwrite/D/airwrite_D_20260903_144450_460236_baf495.png,D,3,airwrite,,,
data/raw_airwrite/D/airwrite_D_20260903_144453_546204_4b96e2.png,D,3,airwrite,,,
data/raw_airwrite/D/airwrite_D_20260903_144459_182442_057313.png,D,3,airwrite,,,
data/raw_airwrite/D/airwrite_D_20260903_144508_377959_54dbc2.png,D,3,airwrite,,,
data/raw_airwrite/D/airwrite_D_20260903_144516_759908_89e465.png,D,3,airwrite,,,
data/raw_airwrite/D/airwrite_D_20260903_144519_565198_e9c143.png,D,3,airwrite,,,
data/raw_airwrite/D/airwrite_D_20260903_144524_660814_f4ca6b.png,D,3,airwrite,,,
data/raw_airwrite/D/airwrite_D_20260903_144528_168498_6ebcd3.png,D,3,airwrite,,,
data/raw_airwrite/D/airwrite_D_20260903_144533_354600_4e37d8.png,D,3,airwrite,,,
data/raw_airwrite/D/airwrite_D_20260903_144537_164461_cb21db.png,D,3,airwrite,,,
data/raw_airwrite/D/airwrite_D_20260903_144541_932708_6df358.png,D,3,airwrite,,,
data/raw_airwrite/D/airwrite_D_20260903_144545_730163_f1c9c0.png,D,3,airwrite,,,
data/raw_airwrite/D/airwrite_D_20260903_144552_377737_f7754f.png,D,3,airwrite,,,
data/raw_airwrite/D/airwrite_D_20260903_144556_550092_fa3542.png,D,3,airwrite,,,
data/raw_airwrite/D/airwrite_D_20260903_144603_133609_b8943c.png,D,3,airwrite,,,
data/raw_airwrite/D/airwrite_D_20260903_144606_953228_4bf647.png,D,3,airwrite,,,
data/raw_airwrite/D/airwrite_D_20260903_144611_181356_52e688.png,D,3,airwrite,,,
data/raw_airwrite/D/airwrite_D_20260903_144614_260215_9be870.png,D,3,airwrite,,,
data/raw_airwrite/D/airwrite_D_20260903_144622_788509_a583d7.png,D,3,airwrite,,,
data/raw_airwrite/D/airwrite_D_20260903_144626_324577_f177b4.png,D,3,airwrite,,,
data/raw_airwrite/D/airwrite_D_20260903_144630_969669_e9773c.png,D,3,airwrite,,,
data/raw_airwrite/D/airwrite_D_20260903_144633_966793_adbd36.png,D,3,airwrite,,,
data/raw_airwrite/D/airwrite_lowercase_d_20260805_210611_087278_45b1c8.png,D,3,airwrite,,,
data/raw_airwrite/D/airwrite_lowercase_d_20260805_210615_425944_c45acb.png,D,3,airwrite,,,
data/raw_airwrite/D/airwrite_lowercase_d_20260805_210619_051637_3b6280.png,D,3,airwrite,,,
data/raw_airwrite/D/airwrite_lowercase_d_20260805_210625_006025_d74e26.png,D,3,airwrite,,,
data/raw_airwrite/D/airwrite_lowercase_d_20260805_210644_565968_8d7059.png,D,3,airwrite,,,
data/raw_airwrite/D/airwrite_lowercase_d_20260805_210650_606344_86ed50.png,D,3,airwrite,,,
data/raw_airwrite/D/airwrite_lowercase_d_20260805_210658_448942_39d105.png,D,3,airwrite,,,
data/raw_airwrite/D/airwrite_lowercase_d_20260805_210703_938213_5d7f0c.png,D,3,airwrite,,,
data/raw_airwrite/D/airwrite_lowercase_d_20260805_210716_254812_8aab91.png,D,3,airwrite,,,
data/raw_airwrite/D/airwrite_lowercase_d_20260805_210721_534840_1fb46f.png,D,3,airwrite,,,
data/raw_airwrite/D/airwrite_lowercase_d_20260805_210757_641413_735dd0.png,D,3,airwrite,,,
data/raw_airwrite/D/airwrite_lowercase_d_20260805_210802_808407_70866f.png,D,3,airwrite,,,
data/raw_airwrite/D/airwrite_lowercase_d_20260805_210817_954312_6bfe32.png,D,3,airwrite,,,
data/raw_airwrite/D/airwrite_lowercase_d_20260805_210827_943814_1544c1.png,D,3,airwrite,,,
data/raw_airwrite/E/airwrite_E_20260804_140735_335639_53d6cc.png,E,4,airwrite,,,
data/raw_airwrite/E/airwrite_E_20260804_140743_305922_aa2b49.png,E,4,airwrite,,,
data/raw_airwrite/E/airwrite_E_20260804_140818_879995_388613.png,E,4,airwrite,,,
data/raw_airwrite/E/airwrite_E_20260804_140904_213637_4df47e.png,E,4,airwrite,,,
data/raw_airwrite/E/airwrite_E_20260804_140916_101726_c05128.png,E,4,airwrite,,,
data/raw_airwrite/E/airwrite_E_20260804_140926_846898_e54534.png,E,4,airwrite,,,
data/raw_airwrite/E/airwrite_E_20260804_141009_544274_5c05ba.png,E,4,airwrite,,,
data/raw_airwrite/E/airwrite_E_20260804_141015_745840_f54e3a.png,E,4,airwrite,,,
data/raw_airwrite/E/airwrite_E_20260804_141020_888047_455d9c.png,E,4,airwrite,,,
data/raw_airwrite/E/airwrite_E_20260804_141028_009716_c8afed.png,E,4,airwrite,,,
data/raw_airwrite/E/airwrite_E_20260804_141046_709126_cc47a9.png,E,4,airwrite,,,
data/raw_airwrite/E/airwrite_E_20260804_141058_917642_1297be.png,E,4,airwrite,,,
data/raw_airwrite/E/airwrite_E_20260804_141107_647498_2190c6.png,E,4,airwrite,,,
data/raw_airwrite/E/airwrite_E_20260804_141222_049998_f7b4f2.png,E,4,airwrite,,,
data/raw_airwrite/E/airwrite_E_20260804_141240_754372_961c43.png,E,4,airwrite,,,
data/raw_airwrite/E/airwrite_E_20260804_141247_597391_740209.png,E,4,airwrite,,,
data/raw_airwrite/E/airwrite_E_20260804_141255_606046_24bce0.png,E,4,airwrite,,,
data/raw_airwrite/E/airwrite_E_20260804_141337_984909_15df1b.png,E,4,airwrite,,,
data/raw_airwrite/E/airwrite_E_20260804_141420_637113_795997.png,E,4,airwrite,,,
data/raw_airwrite/E/airwrite_E_20260804_141430_311497_ee7ca7.png,E,4,airwrite,,,
data/raw_airwrite/E/airwrite_E_20260804_141439_965121_b21595.png,E,4,airwrite,,,
data/raw_airwrite/E/airwrite_E_20260804_141513_716286_d06151.png,E,4,airwrite,,,
data/raw_airwrite/E/airwrite_E_20260804_141523_450519_e33f79.png,E,4,airwrite,,,
data/raw_airwrite/E/airwrite_E_20260804_141529_555267_60b583.png,E,4,airwrite,,,
data/raw_airwrite/E/airwrite_E_20260804_141536_689247_084ef9.png,E,4,airwrite,,,
data/raw_airwrite/E/airwrite_E_20260804_141547_160826_940a4a.png,E,4,airwrite,,,
data/raw_airwrite/E/airwrite_E_20260804_141610_647249_0e914e.png,E,4,airwrite,,,
data/raw_airwrite/E/airwrite_E_20260804_141617_588967_14b2b0.png,E,4,airwrite,,,
data/raw_airwrite/E/airwrite_E_20260804_141622_851232_3d7e97.png,E,4,airwrite,,,
data/raw_airwrite/E/airwrite_E_20260804_141628_808357_a2d9a9.png,E,4,airwrite,,,
data/raw_airwrite/E/airwrite_E_20260804_141639_016967_3ff7a6.png,E,4,airwrite,,,
data/raw_airwrite/E/airwrite_E_20260804_141650_107830_a79a51.png,E,4,airwrite,,,
data/raw_airwrite/E/airwrite_E_20260804_141714_424524_6fff32.png,E,4,airwrite,,,
data/raw_airwrite/E/airwrite_E_20260804_141719_612844_bd5e1f.png,E,4,airwrite,,,
data/raw_airwrite/E/airwrite_E_20260804_141746_400799_6f4313.png,E,4,airwrite,,,
data/raw_airwrite/E/airwrite_E_20260804_141753_090527_e46517.png,E,4,airwrite,,,
data/raw_airwrite/E/airwrite_E_20260804_141757_905469_9e1ef5.png,E,4,airwrite,,,
data/raw_airwrite/E/airwrite_E_20260804_141802_583508_781075.png,E,4,airwrite,,,
data/raw_airwrite/E/airwrite_E_20260804_141820_429293_04cbba.png,E,4,airwrite,,,
data/raw_airwrite/E/airwrite_E_20260804_141826_582483_94f403.png,E,4,airwrite,,,
data/raw_airwrite/E/airwrite_E_20260804_141832_293663_2cbb4f.png,E,4,airwrite,,,
data/raw_airwrite/E/airwrite_E_20260804_141846_364829_b38fb9.png,E,4,airwrite,,,
data/raw_airwrite/E/airwrite_E_20260804_141900_508570_ed4e68.png,E,4,airwrite,,,
data/raw_airwrite/E/airwrite_E_20260901_161951_773884_449aa9.png,E,4,airwrite,,,
data/raw_airwrite/E/airwrite_E_20260901_161953_944126_c75b0d.png,E,4,airwrite,,,
data/raw_airwrite/E/airwrite_E_20260901_162001_487523_9f5f47.png,E,4,airwrite,,,
data/raw_airwrite/E/airwrite_E_20260901_162003_483081_a11287.png,E,4,airwrite,,,
data/raw_airwrite/E/airwrite_E_20260901_162010_574192_cb3924.png,E,4,airwrite,,,
data/raw_airwrite/E/airwrite_E_20260901_162012_938716_119095.png,E,4,airwrite,,,
data/raw_airwrite/E/airwrite_E_20260901_162018_990754_700786.png,E,4,airwrite,,,
data/raw_airwrite/E/airwrite_E_20260901_162021_663046_add370.png,E,4,airwrite,,,
data/raw_airwrite/E/airwrite_E_20260901_162025_848786_228522.png,E,4,airwrite,,,
data/raw_airwrite/E/airwrite_E_20260901_162028_464654_203c3d.png,E,4,airwrite,,,
data/raw_airwrite/E/airwrite_E_20260901_162032_665685_e44625.png,E,4,airwrite,,,
data/raw_airwrite/E/airwrite_E_20260901_162035_131378_039173.png,E,4,airwrite,,,
data/raw_airwrite/E/airwrite_E_20260901_162039_732420_0aaf69.png,E,4,airwrite,,,
data/raw_airwrite/E/airwrite_E_20260901_162041_564964_2c539f.png,E,4,airwrite,,,
data/raw_airwrite/E/airwrite_E_20260901_162045_541952_b78700.png,E,4,airwrite,,,
data/raw_airwrite/E/airwrite_E_20260901_162047_585386_7d67df.png,E,4,airwrite,,,
data/raw_airwrite/E/airwrite_E_20260901_162054_976433_07b16b.png,E,4,airwrite,,,
data/raw_airwrite/E/airwrite_E_20260901_162101_552203_b42446.png,E,4,airwrite,,,
data/raw_airwrite/E/airwrite_E_20260901_162107_027215_29e297.png,E,4,airwrite,,,
data/raw_airwrite/E/airwrite_E_20260901_162110_223947_1ba22e.png,E,4,airwrite,,,
data/raw_airwrite/E/airwrite_E_20260901_162115_919991_d010d1.png,E,4,airwrite,,,
data/raw_airwrite/E/airwrite_E_20260901_162121_085522_79bab9.png,E,4,airwrite,,,
data/raw_airwrite/E/airwrite_E_20260901_162126_903944_83a54f.png,E,4,airwrite,,,
data/raw_airwrite/E/airwrite_E_20260901_162129_550788_e24848.png,E,4,airwrite,,,
data/raw_airwrite/E/airwrite_E_20260901_162140_899219_7706cf.png,E,4,airwrite,,,
data/raw_airwrite/E/airwrite_E_20260901_162147_061064_22d014.png,E,4,airwrite,,,
data/raw_airwrite/E/airwrite_E_20260901_162149_016231_e7ac03.png,E,4,airwrite,,,
data/raw_airwrite/E/airwrite_E_20260901_162150_743007_6eb30b.png,E,4,airwrite,,,
data/raw_airwrite/E/airwrite_E_20260901_162156_918536_35ef50.png,E,4,airwrite,,,
data/raw_airwrite/E/airwrite_E_20260901_162201_357532_36fcc3.png,E,4,airwrite,,,
data/raw_airwrite/E/airwrite_E_20260903_145142_276549_81a637.png,E,4,airwrite,,,
data/raw_airwrite/E/airwrite_E_20260903_145148_336649_c0ada2.png,E,4,airwrite,,,
data/raw_airwrite/E/airwrite_E_20260903_145157_641192_8acf6a.png,E,4,airwrite,,,
data/raw_airwrite/E/airwrite_E_20260903_145207_327778_2539cf.png,E,4,airwrite,,,
data/raw_airwrite/E/airwrite_E_20260903_145209_875680_637e76.png,E,4,airwrite,,,
data/raw_airwrite/E/airwrite_E_20260903_145212_159394_310210.png,E,4,airwrite,,,
data/raw_airwrite/E/airwrite_E_20260903_145219_421062_17ae61.png,E,4,airwrite,,,
data/raw_airwrite/E/airwrite_E_20260903_145222_508605_bf7430.png,E,4,airwrite,,,
data/raw_airwrite/E/airwrite_E_20260903_145225_020748_e9fdfa.png,E,4,airwrite,,,
data/raw_airwrite/E/airwrite_E_20260903_145228_137071_fab031.png,E,4,airwrite,,,
data/raw_airwrite/E/airwrite_E_20260903_145230_854821_fd24e5.png,E,4,airwrite,,,
data/raw_airwrite/E/airwrite_E_20260903_145233_177440_0670bf.png,E,4,airwrite,,,
data/raw_airwrite/E/airwrite_E_20260903_145235_757829_3568d3.png,E,4,airwrite,,,
data/raw_airwrite/E/airwrite_E_20260903_145238_359044_c2c483.png,E,4,airwrite,,,
data/raw_airwrite/E/airwrite_E_20260903_145240_946129_bc8517.png,E,4,airwrite,,,
data/raw_airwrite/E/airwrite_E_20260903_145243_846838_11dfb3.png,E,4,airwrite,,,
data/raw_airwrite/E/airwrite_E_20260903_145246_538646_627d2f.png,E,4,airwrite,,,
data/raw_airwrite/E/airwrite_E_20260903_145255_355905_a95edf.png,E,4,airwrite,,,
data/raw_airwrite/E/airwrite_E_20260903_145258_433231_81a6df.png,E,4,airwrite,,,
data/raw_airwrite/E/airwrite_E_20260903_145314_166830_5dbb88.png,E,4,airwrite,,,
data/raw_airwrite/E/airwrite_E_20260903_145316_564572_d44d14.png,E,4,airwrite,,,
data/raw_airwrite/E/airwrite_E_20260903_145323_081972_f5b09b.png,E,4,airwrite,,,
data/raw_airwrite/E/airwrite_E_20260903_145326_414990_b03e2e.png,E,4,airwrite,,,
data/raw_airwrite/E/airwrite_E_20260903_145332_421682_9c067f.png,E,4,airwrite,,,
data/raw_airwrite/E/airwrite_E_20260903_145338_712461_4e0c33.png,E,4,airwrite,,,
data/raw_airwrite/E/airwrite_E_20260903_145340_966766_340723.png,E,4,airwrite,,,
data/raw_airwrite/E/airwrite_E_20260903_145342_777875_fa9ae0.png,E,4,airwrite,,,
data/raw_airwrite/E/airwrite_E_20260903_145346_694496_5beadf.png,E,4,airwrite,,,
data/raw_airwrite/E/airwrite_E_20260903_145416_814390_de95cd.png,E,4,airwrite,,,
data/raw_airwrite/E/airwrite_E_20260903_145421_657997_958e9b.png,E,4,airwrite,,,
data/raw_airwrite/E/airwrite_E_20260903_145428_586234_16f748.png,E,4,airwrite,,,
data/raw_airwrite/E/airwrite_E_20260903_145430_627859_fc23c0.png,E,4,airwrite,,,
data/raw_airwrite/E/airwrite_E_20260903_145434_953630_570e80.png,E,4,airwrite,,,
data/raw_airwrite/E/airwrite_E_20260903_145437_020416_c812cb.png,E,4,airwrite,,,
data/raw_airwrite/E/airwrite_E_20260903_145439_578219_0a3a82.png,E,4,airwrite,,,
data/raw_airwrite/E/airwrite_E_20260903_145442_620975_b5b38c.png,E,4,airwrite,,,
data/raw_airwrite/E/airwrite_E_20260903_145444_345786_b534d8.png,E,4,airwrite,,,
data/raw_airwrite/E/airwrite_E_20260903_145446_129263_c83933.png,E,4,airwrite,,,
data/raw_airwrite/E/airwrite_E_20260903_145449_268762_56c057.png,E,4,airwrite,,,
data/raw_airwrite/E/airwrite_E_20260903_145451_063100_c2e53d.png,E,4,airwrite,,,
data/raw_airwrite/E/airwrite_E_20260903_145452_963170_591d31.png,E,4,airwrite,,,
data/raw_airwrite/E/airwrite_E_20260903_145458_316319_9a57a5.png,E,4,airwrite,,,
data/raw_airwrite/E/airwrite_E_20260903_145500_057934_d58283.png,E,4,airwrite,,,
data/raw_airwrite/E/airwrite_E_20260903_145503_178955_175ba9.png,E,4,airwrite,,,
data/raw_airwrite/E/airwrite_E_20260903_145504_905974_1cf1da.png,E,4,airwrite,,,
data/raw_airwrite/E/airwrite_E_20260903_145508_097594_367240.png,E,4,airwrite,,,
data/raw_airwrite/E/airwrite_E_20260903_145509_964850_bbc3b5.png,E,4,airwrite,,,
data/raw_airwrite/E/airwrite_E_20260903_145512_223839_47d7f0.png,E,4,airwrite,,,
data/raw_airwrite/E/airwrite_E_20260903_145515_319103_cbe0be.png,E,4,airwrite,,,
data/raw_airwrite/E/airwrite_E_20260903_145516_846144_55905b.png,E,4,airwrite,,,
data/raw_airwrite/E/airwrite_E_20260903_145518_558100_8cef17.png,E,4,airwrite,,,
data/raw_airwrite/E/airwrite_E_20260903_145521_933445_8678fd.png,E,4,airwrite,,,
data/raw_airwrite/E/airwrite_E_20260903_145523_620166_84473e.png,E,4,airwrite,,,
data/raw_airwrite/E/airwrite_E_20260903_145525_597465_be0541.png,E,4,airwrite,,,
data/raw_airwrite/E/airwrite_E_20260903_145527_434917_965e59.png,E,4,airwrite,,,
data/raw_airwrite/E/airwrite_E_20260903_145637_178763_0a8f7f.png,E,4,airwrite,,,
data/raw_airwrite/E/airwrite_E_20260903_145639_154420_e1bfc6.png,E,4,airwrite,,,
data/raw_airwrite/E/airwrite_E_20260903_145641_370086_f89349.png,E,4,airwrite,,,
data/raw_airwrite/E/airwrite_E_20260903_145644_387359_acd6d5.png,E,4,airwrite,,,
data/raw_airwrite/E/airwrite_E_20260903_145646_630836_b6ac9e.png,E,4,airwrite,,,
data/raw_airwrite/E/airwrite_E_20260903_145650_763193_e30031.png,E,4,airwrite,,,
data/raw_airwrite/E/airwrite_E_20260903_145652_740388_753048.png,E,4,airwrite,,,
data/raw_airwrite/E/airwrite_lowercase_e_20260805_210851_463931_da67ce.png,E,4,airwrite,,,
data/raw_airwrite/E/airwrite_lowercase_e_20260805_210855_986889_fbfd16.png,E,4,airwrite,,,
data/raw_airwrite/E/airwrite_lowercase_e_20260805_210905_891143_44fc49.png,E,4,airwrite,,,
data/raw_airwrite/E/airwrite_lowercase_e_20260805_210909_461976_cdcf1b.png,E,4,airwrite,,,
data/raw_airwrite/E/airwrite_lowercase_e_20260805_210911_661187_b3f2c5.png,E,4,airwrite,,,
data/raw_airwrite/E/airwrite_lowercase_e_20260805_210913_590101_02124e.png,E,4,airwrite,,,
data/raw_airwrite/E/airwrite_lowercase_e_20260805_210917_933080_9afe35.png,E,4,airwrite,,,
data/raw_airwrite/E/airwrite_lowercase_e_20260805_210919_675402_716373.png,E,4,airwrite,,,
data/raw_airwrite/E/airwrite_lowercase_e_20260805_210924_574601_a2b708.png,E,4,airwrite,,,
data/raw_airwrite/E/airwrite_lowercase_e_20260805_210929_839384_683467.png,E,4,airwrite,,,
data/raw_airwrite/E/airwrite_lowercase_e_20260805_210931_999319_70d7dd.png,E,4,airwrite,,,
data/raw_airwrite/E/airwrite_lowercase_e_20260805_210935_988138_4cb992.png,E,4,airwrite,,,
data/raw_airwrite/E/airwrite_lowercase_e_20260805_210946_219636_a03051.png,E,4,airwrite,,,
data/raw_airwrite/F/airwrite_F_20260804_141915_004901_66084d.png,F,5,airwrite,,,
data/raw_airwrite/F/airwrite_F_20260804_141930_908133_0f61b7.png,F,5,airwrite,,,
data/raw_airwrite/F/airwrite_F_20260804_141939_963399_4b0a3b.png,F,5,airwrite,,,
data/raw_airwrite/F/airwrite_F_20260804_141945_427693_74a176.png,F,5,airwrite,,,
data/raw_airwrite/F/airwrite_F_20260804_141950_390285_818261.png,F,5,airwrite,,,
data/raw_airwrite/F/airwrite_F_20260804_141956_002110_173e6e.png,F,5,airwrite,,,
data/raw_airwrite/F/airwrite_F_20260804_142002_894647_2436f2.png,F,5,airwrite,,,
data/raw_airwrite/F/airwrite_F_20260804_142008_515303_c90d39.png,F,5,airwrite,,,
data/raw_airwrite/F/airwrite_F_20260804_142014_201131_dc307a.png,F,5,airwrite,,,
data/raw_airwrite/F/airwrite_F_20260804_142019_290844_402f6a.png,F,5,airwrite,,,
data/raw_airwrite/F/airwrite_F_20260804_142024_393772_fcadc9.png,F,5,airwrite,,,
data/raw_airwrite/F/airwrite_F_20260804_142032_691548_8a89bd.png,F,5,airwrite,,,
data/raw_airwrite/F/airwrite_F_20260804_142040_184668_e3bf7e.png,F,5,airwrite,,,
data/raw_airwrite/F/airwrite_F_20260804_142045_970242_a0b894.png,F,5,airwrite,,,
data/raw_airwrite/F/airwrite_F_20260804_142109_934702_653369.png,F,5,airwrite,,,
data/raw_airwrite/F/airwrite_F_20260804_142113_691035_ed41b1.png,F,5,airwrite,,,
data/raw_airwrite/F/airwrite_F_20260804_142118_673414_45c017.png,F,5,airwrite,,,
data/raw_airwrite/F/airwrite_F_20260804_142121_614540_1261cd.png,F,5,airwrite,,,
data/raw_airwrite/F/airwrite_F_20260804_142125_962206_4cb45a.png,F,5,airwrite,,,
data/raw_airwrite/F/airwrite_F_20260804_142129_450592_a3cf9b.png,F,5,airwrite,,,
data/raw_airwrite/F/airwrite_F_20260804_142134_745116_32f6a7.png,F,5,airwrite,,,
data/raw_airwrite/F/airwrite_F_20260804_142142_399490_e3e056.png,F,5,airwrite,,,
data/raw_airwrite/F/airwrite_F_20260804_142151_463231_999eb9.png,F,5,airwrite,,,
data/raw_airwrite/F/airwrite_F_20260804_142208_573111_cea1a6.png,F,5,airwrite,,,
data/raw_airwrite/F/airwrite_F_20260804_142213_585421_a5daa0.png,F,5,airwrite,,,
data/raw_airwrite/F/airwrite_F_20260804_142218_476599_ac67cb.png,F,5,airwrite,,,
data/raw_airwrite/F/airwrite_F_20260804_142223_573764_95e695.png,F,5,airwrite,,,
data/raw_airwrite/F/airwrite_F_20260804_142236_780785_ff4c0f.png,F,5,airwrite,,,
data/raw_airwrite/F/airwrite_F_20260804_142244_914766_4c805e.png,F,5,airwrite,,,
data/raw_airwrite/F/airwrite_F_20260804_142251_226412_4ebeb1.png,F,5,airwrite,,,
data/raw_airwrite/F/airwrite_F_20260804_142256_460836_ed10b1.png,F,5,airwrite,,,
data/raw_airwrite/F/airwrite_F_20260804_142300_734438_4859eb.png,F,5,airwrite,,,
data/raw_airwrite/F/airwrite_F_20260804_142305_106542_a4090c.png,F,5,airwrite,,,
data/raw_airwrite/F/airwrite_F_20260804_142318_031660_3641fe.png,F,5,airwrite,,,
data/raw_airwrite/F/airwrite_F_20260804_142321_965205_dcc8a5.png,F,5,airwrite,,,
data/raw_airwrite/F/airwrite_F_20260804_142328_887010_73d1e1.png,F,5,airwrite,,,
data/raw_airwrite/F/airwrite_F_20260804_142416_031787_0a524f.png,F,5,airwrite,,,
data/raw_airwrite/F/airwrite_F_20260804_142420_087156_e17a17.png,F,5,airwrite,,,
data/raw_airwrite/F/airwrite_F_20260804_142424_860150_ee1416.png,F,5,airwrite,,,
data/raw_airwrite/F/airwrite_F_20260804_142433_096266_a659f3.png,F,5,airwrite,,,
data/raw_airwrite/F/airwrite_F_20260804_142436_864528_722387.png,F,5,airwrite,,,
data/raw_airwrite/F/airwrite_F_20260804_142450_106703_01292f.png,F,5,airwrite,,,
data/raw_airwrite/F/airwrite_F_20260804_142453_685737_e1ab9d.png,F,5,airwrite,,,
data/raw_airwrite/F/airwrite_F_20260804_142457_272893_dd6859.png,F,5,airwrite,,,
data/raw_airwrite/F/airwrite_F_20260804_142500_260586_b81b6c.png,F,5,airwrite,,,
data/raw_airwrite/F/airwrite_F_20260804_142511_958653_e8986d.png,F,5,airwrite,,,
data/raw_airwrite/F/airwrite_F_20260804_142516_072213_a4afd6.png,F,5,airwrite,,,
data/raw_airwrite/F/airwrite_F_20260804_142520_497386_375bc8.png,F,5,airwrite,,,
data/raw_airwrite/F/airwrite_F_20260804_142524_149134_b303a5.png,F,5,airwrite,,,
data/raw_airwrite/F/airwrite_F_20260804_142527_694588_534705.png,F,5,airwrite,,,
data/raw_airwrite/F/airwrite_F_20260804_142532_038374_719de5.png,F,5,airwrite,,,
data/raw_airwrite/F/airwrite_F_20260901_162208_855671_3b9658.png,F,5,airwrite,,,
data/raw_airwrite/F/airwrite_F_20260901_162221_588130_3e7c9a.png,F,5,airwrite,,,
data/raw_airwrite/F/airwrite_F_20260901_162224_911224_d6f07f.png,F,5,airwrite,,,
data/raw_airwrite/F/airwrite_F_20260901_162234_698388_caf1b0.png,F,5,airwrite,,,
data/raw_airwrite/F/airwrite_F_20260901_162240_936675_e661d2.png,F,5,airwrite,,,
data/raw_airwrite/F/airwrite_F_20260901_162243_535416_98651b.png,F,5,airwrite,,,
data/raw_airwrite/F/airwrite_F_20260901_162250_033829_b6093c.png,F,5,airwrite,,,
data/raw_airwrite/F/airwrite_F_20260901_162253_242393_e7fd6a.png,F,5,airwrite,,,
data/raw_airwrite/F/airwrite_F_20260901_162258_738840_621756.png,F,5,airwrite,,,
data/raw_airwrite/F/airwrite_F_20260901_162301_189413_f1a77e.png,F,5,airwrite,,,
data/raw_airwrite/F/airwrite_F_20260901_162305_279101_60a628.png,F,5,airwrite,,,
data/raw_airwrite/F/airwrite_F_20260901_162308_119296_2d132e.png,F,5,airwrite,,,
data/raw_airwrite/F/airwrite_F_20260901_162313_345610_440153.png,F,5,airwrite,,,
data/raw_airwrite/F/airwrite_F_20260901_162332_101542_f45cb2.png,F,5,airwrite,,,
data/raw_airwrite/F/airwrite_F_20260901_162337_220735_c9f20a.png,F,5,airwrite,,,
data/raw_airwrite/F/airwrite_F_20260901_162339_721283_aa678c.png,F,5,airwrite,,,
data/raw_airwrite/F/airwrite_F_20260901_162345_437468_08afa8.png,F,5,airwrite,,,
data/raw_airwrite/F/airwrite_F_20260901_162347_780116_883b66.png,F,5,airwrite,,,
data/raw_airwrite/F/airwrite_F_20260901_162352_226978_c1e12a.png,F,5,airwrite,,,
data/raw_airwrite/F/airwrite_F_20260901_162355_273252_caea57.png,F,5,airwrite,,,
data/raw_airwrite/F/airwrite_F_20260901_162400_664211_464454.png,F,5,airwrite,,,
data/raw_airwrite/F/airwrite_F_20260901_162416_958255_c61d79.png,F,5,airwrite,,,
data/raw_airwrite/F/airwrite_F_20260901_162420_418130_8b4bc8.png,F,5,airwrite,,,
data/raw_airwrite/F/airwrite_F_20260901_162423_325886_4c377d.png,F,5,airwrite,,,
data/raw_airwrite/F/airwrite_F_20260901_162427_643360_ea9204.png,F,5,airwrite,,,
data/raw_airwrite/F/airwrite_F_20260901_162433_966205_248ed9.png,F,5,airwrite,,,
data/raw_airwrite/F/airwrite_F_20260901_162436_634790_94edf5.png,F,5,airwrite,,,
data/raw_airwrite/F/airwrite_F_20260901_162442_256645_775199.png,F,5,airwrite,,,
data/raw_airwrite/F/airwrite_F_20260903_145746_233809_ce7899.png,F,5,airwrite,,,
data/raw_airwrite/F/airwrite_F_20260903_145748_699916_81e20c.png,F,5,airwrite,,,
data/raw_airwrite/F/airwrite_F_20260903_145754_661004_e6a600.png,F,5,airwrite,,,
data/raw_airwrite/F/airwrite_F_20260903_145758_895725_bf85e5.png,F,5,airwrite,,,
data/raw_airwrite/F/airwrite_F_20260903_145802_869995_923a15.png,F,5,airwrite,,,
data/raw_airwrite/F/airwrite_F_20260903_145805_005380_27b562.png,F,5,airwrite,,,
data/raw_airwrite/F/airwrite_F_20260903_145813_161077_ebedbf.png,F,5,airwrite,,,
data/raw_airwrite/F/airwrite_F_20260903_145820_587937_300b01.png,F,5,airwrite,,,
data/raw_airwrite/F/airwrite_F_20260903_145825_067091_4ac0b6.png,F,5,airwrite,,,
data/raw_airwrite/F/airwrite_F_20260903_145834_401829_c28812.png,F,5,airwrite,,,
data/raw_airwrite/F/airwrite_F_20260903_145839_564351_596574.png,F,5,airwrite,,,
data/raw_airwrite/F/airwrite_F_20260903_145852_209814_044f57.png,F,5,airwrite,,,
data/raw_airwrite/F/airwrite_F_20260903_145854_104915_919dc3.png,F,5,airwrite,,,
data/raw_airwrite/F/airwrite_F_20260903_145857_894923_65bb0f.png,F,5,airwrite,,,
data/raw_airwrite/F/airwrite_F_20260903_145903_099482_331645.png,F,5,airwrite,,,
data/raw_airwrite/F/airwrite_F_20260903_145907_329570_3df543.png,F,5,airwrite,,,
data/raw_airwrite/F/airwrite_F_20260903_145918_469057_3ede27.png,F,5,airwrite,,,
data/raw_airwrite/F/airwrite_F_20260903_145931_343516_0986e6.png,F,5,airwrite,,,
data/raw_airwrite/F/airwrite_F_20260903_145935_653003_0670e4.png,F,5,airwrite,,,
data/raw_airwrite/F/airwrite_F_20260903_145940_238975_d86b92.png,F,5,airwrite,,,
data/raw_airwrite/F/airwrite_F_20260903_145948_247208_7947cc.png,F,5,airwrite,,,
data/raw_airwrite/F/airwrite_F_20260903_145956_802598_b00f07.png,F,5,airwrite,,,
data/raw_airwrite/F/airwrite_F_20260903_150000_545050_1fbc69.png,F,5,airwrite,,,
data/raw_airwrite/F/airwrite_F_20260903_150025_577720_b3dbdd.png,F,5,airwrite,,,
data/raw_airwrite/F/airwrite_F_20260903_150032_113152_a79e89.png,F,5,airwrite,,,
data/raw_airwrite/F/airwrite_F_20260903_150036_016956_9322b8.png,F,5,airwrite,,,
data/raw_airwrite/F/airwrite_F_20260903_150039_219020_7380b1.png,F,5,airwrite,,,
data/raw_airwrite/F/airwrite_F_20260903_150044_434530_0f6c08.png,F,5,airwrite,,,
data/raw_airwrite/F/airwrite_F_20260903_150048_843681_a418d3.png,F,5,airwrite,,,
data/raw_airwrite/F/airwrite_F_20260903_150100_781444_e5f0a6.png,F,5,airwrite,,,
data/raw_airwrite/F/airwrite_F_20260903_150105_772664_70c8ca.png,F,5,airwrite,,,
data/raw_airwrite/F/airwrite_F_20260903_150109_247214_597754.png,F,5,airwrite,,,
data/raw_airwrite/F/airwrite_F_20260903_150112_165529_761aae.png,F,5,airwrite,,,
data/raw_airwrite/F/airwrite_F_20260903_150115_585532_f7290e.png,F,5,airwrite,,,
data/raw_airwrite/F/airwrite_F_20260903_150123_285115_e60f2f.png,F,5,airwrite,,,
data/raw_airwrite/F/airwrite_F_20260903_150132_881640_0b4432.png,F,5,airwrite,,,
data/raw_airwrite/F/airwrite_F_20260903_150137_138842_f65079.png,F,5,airwrite,,,
data/raw_airwrite/F/airwrite_F_20260903_150141_153060_9f73c3.png,F,5,airwrite,,,
data/raw_airwrite/F/airwrite_F_20260903_150143_081446_9ae766.png,F,5,airwrite,,,
data/raw_airwrite/F/airwrite_F_20260903_150146_809696_ad4e29.png,F,5,airwrite,,,
data/raw_airwrite/F/airwrite_F_20260903_150151_720929_5ce9f1.png,F,5,airwrite,,,
data/raw_airwrite/F/airwrite_F_20260903_150155_191184_01d4b2.png,F,5,airwrite,,,
data/raw_airwrite/F/airwrite_F_20260903_150209_392072_373981.png,F,5,airwrite,,,
data/raw_airwrite/F/airwrite_F_20260903_150214_007563_2a87ed.png,F,5,airwrite,,,
data/raw_airwrite/F/airwrite_F_20260903_150218_302704_cd4347.png,F,5,airwrite,,,
data/raw_airwrite/F/airwrite_F_20260903_150224_523036_aa6d41.png,F,5,airwrite,,,
data/raw_airwrite/F/airwrite_F_20260903_150242_987285_fd43c0.png,F,5,airwrite,,,
data/raw_airwrite/F/airwrite_F_20260903_150245_027966_3bed13.png,F,5,airwrite,,,
data/raw_airwrite/F/airwrite_F_20260903_150251_422870_c65c91.png,F,5,airwrite,,,
data/raw_airwrite/F/airwrite_F_20260903_150254_667508_dd3589.png,F,5,airwrite,,,
data/raw_airwrite/F/airwrite_F_20260903_150300_928754_1cc08e.png,F,5,airwrite,,,
data/raw_airwrite/F/airwrite_F_20260903_150305_005725_04a6b2.png,F,5,airwrite,,,
data/raw_airwrite/F/airwrite_F_20260903_150309_848983_76a707.png,F,5,airwrite,,,
data/raw_airwrite/F/airwrite_F_20260903_150317_369321_734dc0.png,F,5,airwrite,,,
data/raw_airwrite/F/airwrite_F_20260903_150322_530402_ffabfd.png,F,5,airwrite,,,
data/raw_airwrite/F/airwrite_F_20260903_150344_161272_e193f9.png,F,5,airwrite,,,
data/raw_airwrite/F/airwrite_F_20260903_150348_384490_dd9ed5.png,F,5,airwrite,,,
data/raw_airwrite/F/airwrite_F_20260903_150356_267038_137d0d.png,F,5,airwrite,,,
data/raw_airwrite/F/airwrite_F_20260903_150358_124128_85ec54.png,F,5,airwrite,,,
data/raw_airwrite/F/airwrite_F_20260903_150401_517185_7f488b.png,F,5,airwrite,,,
data/raw_airwrite/F/airwrite_lowercase_f_20260805_211004_708671_b02f10 (1).png,F,5,airwrite,,,
data/raw_airwrite/F/airwrite_lowercase_f_20260805_211004_708671_b02f10 (10).png,F,5,airwrite,,,
data/raw_airwrite/F/airwrite_lowercase_f_20260805_211004_708671_b02f10 (11).png,F,5,airwrite,,,
data/raw_airwrite/F/airwrite_lowercase_f_20260805_211004_708671_b02f10 (2).png,F,5,airwrite,,,
data/raw_airwrite/F/airwrite_lowercase_f_20260805_211004_708671_b02f10 (3).png,F,5,airwrite,,,
data/raw_airwrite/F/airwrite_lowercase_f_20260805_211004_708671_b02f10 (4).png,F,5,airwrite,,,
data/raw_airwrite/F/airwrite_lowercase_f_20260805_211004_708671_b02f10 (5).png,F,5,airwrite,,,
data/raw_airwrite/F/airwrite_lowercase_f_20260805_211004_708671_b02f10 (6).png,F,5,airwrite,,,
data/raw_airwrite/F/airwrite_lowercase_f_20260805_211004_708671_b02f10 (7).png,F,5,airwrite,,,
data/raw_airwrite/F/airwrite_lowercase_f_20260805_211004_708671_b02f10 (8).png,F,5,airwrite,,,
data/raw_airwrite/F/airwrite_lowercase_f_20260805_211004_708671_b02f10 (9).png,F,5,airwrite,,,
data/raw_airwrite/G/airwrite_G_20260804_142554_352622_06b74e.png,G,6,airwrite,,,
data/raw_airwrite/G/airwrite_G_20260804_142557_976871_257dc6.png,G,6,airwrite,,,
data/raw_airwrite/G/airwrite_G_20260804_142601_157758_ff6fa6.png,G,6,airwrite,,,
data/raw_airwrite/G/airwrite_G_20260804_142604_483197_aa07b2.png,G,6,airwrite,,,
data/raw_airwrite/G/airwrite_G_20260804_142611_400677_4565d1.png,G,6,airwrite,,,
data/raw_airwrite/G/airwrite_G_20260804_142614_039294_e569ef.png,G,6,airwrite,,,
data/raw_airwrite/G/airwrite_G_20260804_142616_443688_05d3a6.png,G,6,airwrite,,,
data/raw_airwrite/G/airwrite_G_20260804_142618_927028_6a761f.png,G,6,airwrite,,,
data/raw_airwrite/G/airwrite_G_20260804_142626_102901_065cda.png,G,6,airwrite,,,
data/raw_airwrite/G/airwrite_G_20260804_142629_501506_768b71.png,G,6,airwrite,,,
data/raw_airwrite/G/airwrite_G_20260804_142632_986687_176cf7.png,G,6,airwrite,,,
data/raw_airwrite/G/airwrite_G_20260804_142639_893893_02d80a.png,G,6,airwrite,,,
data/raw_airwrite/G/airwrite_G_20260804_142647_245661_699bd5.png,G,6,airwrite,,,
data/raw_airwrite/G/airwrite_G_20260804_142650_928799_96d8d9.png,G,6,airwrite,,,
data/raw_airwrite/G/airwrite_G_20260804_142702_183280_d35925.png,G,6,airwrite,,,
data/raw_airwrite/G/airwrite_G_20260804_142705_588880_588e88.png,G,6,airwrite,,,
data/raw_airwrite/G/airwrite_G_20260804_142732_998571_6a9650.png,G,6,airwrite,,,
data/raw_airwrite/G/airwrite_G_20260804_142803_373663_8a7cb0.png,G,6,airwrite,,,
data/raw_airwrite/G/airwrite_G_20260804_142806_739061_9a1e43.png,G,6,airwrite,,,
data/raw_airwrite/G/airwrite_G_20260804_142810_651033_605d09.png,G,6,airwrite,,,
data/raw_airwrite/G/airwrite_G_20260804_142814_215091_aa00a7.png,G,6,airwrite,,,
data/raw_airwrite/G/airwrite_G_20260804_142830_156636_10d03b.png,G,6,airwrite,,,
data/raw_airwrite/G/airwrite_G_20260804_142833_451912_918e4a.png,G,6,airwrite,,,
data/raw_airwrite/G/airwrite_G_20260804_142857_602347_95478d.png,G,6,airwrite,,,
data/raw_airwrite/G/airwrite_G_20260804_142905_362518_c34268.png,G,6,airwrite,,,
data/raw_airwrite/G/airwrite_G_20260804_142914_554813_a3d424.png,G,6,airwrite,,,
data/raw_airwrite/G/airwrite_G_20260804_142926_220002_0d8bce.png,G,6,airwrite,,,
data/raw_airwrite/G/airwrite_G_20260804_142933_482764_09e00f.png,G,6,airwrite,,,
data/raw_airwrite/G/airwrite_G_20260804_142939_070008_b63e99.png,G,6,airwrite,,,
data/raw_airwrite/G/airwrite_G_20260804_142946_750005_4a2520.png,G,6,airwrite,,,
data/raw_airwrite/G/airwrite_G_20260804_142954_495218_e22123.png,G,6,airwrite,,,
data/raw_airwrite/G/airwrite_G_20260804_142958_868324_ccc7b2.png,G,6,airwrite,,,
data/raw_airwrite/G/airwrite_G_20260804_143002_614764_531686.png,G,6,airwrite,,,
data/raw_airwrite/G/airwrite_G_20260804_143008_497607_e2023e.png,G,6,airwrite,,,
data/raw_airwrite/G/airwrite_G_20260804_143018_216047_87c719.png,G,6,airwrite,,,
data/raw_airwrite/G/airwrite_G_20260804_143027_773701_107da3.png,G,6,airwrite,,,
data/raw_airwrite/G/airwrite_G_20260804_143115_604698_0accab.png,G,6,airwrite,,,
data/raw_airwrite/G/airwrite_G_20260804_143118_779718_16ddd8.png,G,6,airwrite,,,
data/raw_airwrite/G/airwrite_G_20260804_143121_526953_ad328c.png,G,6,airwrite,,,
data/raw_airwrite/G/airwrite_G_20260804_143128_290873_19ee1d.png,G,6,airwrite,,,
data/raw_airwrite/G/airwrite_G_20260804_143131_141499_cfeaec.png,G,6,airwrite,,,
data/raw_airwrite/G/airwrite_G_20260804_143134_005240_0972ac.png,G,6,airwrite,,,
data/raw_airwrite/G/airwrite_G_20260804_143140_752452_ca1b6d.png,G,6,airwrite,,,
data/raw_airwrite/G/airwrite_G_20260804_143143_531650_e8459c.png,G,6,airwrite,,,
data/raw_airwrite/G/airwrite_G_20260804_143146_299969_61f20c.png,G,6,airwrite,,,
data/raw_airwrite/G/airwrite_G_20260804_143149_030052_f3ddc0.png,G,6,airwrite,,,
data/raw_airwrite/G/airwrite_G_20260804_143151_570231_0ae844.png,G,6,airwrite,,,
data/raw_airwrite/G/airwrite_G_20260804_143154_620179_e43b86.png,G,6,airwrite,,,
data/raw_airwrite/G/airwrite_G_20260804_143157_177253_83224a.png,G,6,airwrite,,,
data/raw_airwrite/G/airwrite_G_20260804_143241_633492_43ffae.png,G,6,airwrite,,,
data/raw_airwrite/G/airwrite_G_20260901_162450_040313_dc3c9f.png,G,6,airwrite,,,
data/raw_airwrite/G/airwrite_G_20260901_162454_716673_b1a96b.png,G,6,airwrite,,,
data/raw_airwrite/G/airwrite_G_20260901_162511_230582_7a7fd6.png,G,6,airwrite,,,
data/raw_airwrite/G/airwrite_G_20260901_162515_036221_6d80b5.png,G,6,airwrite,,,
data/raw_airwrite/G/airwrite_G_20260901_162518_808251_eebb13.png,G,6,airwrite,,,
data/raw_airwrite/G/airwrite_G_20260901_162524_737114_58b921.png,G,6,airwrite,,,
data/raw_airwrite/G/airwrite_G_20260901_162528_442466_f7f390.png,G,6,airwrite,,,
data/raw_airwrite/G/airwrite_G_20260901_162533_784268_1808ca.png,G,6,airwrite,,,
data/raw_airwrite/G/airwrite_G_20260901_162537_602475_2cfb61.png,G,6,airwrite,,,
data/raw_airwrite/G/airwrite_G_20260901_162544_118741_fcb808.png,G,6,airwrite,,,
data/raw_airwrite/G/airwrite_G_20260901_162547_371722_32b78b.png,G,6,airwrite,,,
data/raw_airwrite/G/airwrite_G_20260901_162553_041174_428717.png,G,6,airwrite,,,
data/raw_airwrite/G/airwrite_G_20260901_162555_975110_ce6a49.png,G,6,airwrite,,,
data/raw_airwrite/G/airwrite_G_20260901_162600_617661_c228ac.png,G,6,airwrite,,,
data/raw_airwrite/G/airwrite_G_20260901_162604_111097_ffc545.png,G,6,airwrite,,,
data/raw_airwrite/G/airwrite_G_20260901_162610_202514_84ade5.png,G,6,airwrite,,,
data/raw_airwrite/G/airwrite_G_20260901_162613_327493_619db9.png,G,6,airwrite,,,
data/raw_airwrite/G/airwrite_G_20260901_162619_867867_12962e.png,G,6,airwrite,,,
data/raw_airwrite/G/airwrite_G_20260901_162627_429963_086b68.png,G,6,airwrite,,,
data/raw_airwrite/G/airwrite_G_20260901_162629_939216_483052.png,G,6,airwrite,,,
data/raw_airwrite/G/airwrite_G_20260901_162632_585439_302278.png,G,6,airwrite,,,
data/raw_airwrite/G/airwrite_G_20260901_162640_113833_0a1d7d.png,G,6,airwrite,,,
data/raw_airwrite/G/airwrite_G_20260901_162643_358727_7478f9.png,G,6,airwrite,,,
data/raw_airwrite/G/airwrite_G_20260901_162650_028900_0b68ca.png,G,6,airwrite,,,
data/raw_airwrite/G/airwrite_G_20260901_162652_890214_5849f1.png,G,6,airwrite,,,
data/raw_airwrite/G/airwrite_G_20260901_162657_440602_e646a3.png,G,6,airwrite,,,
data/raw_airwrite/G/airwrite_G_20260901_162711_303139_7c1a3a.png,G,6,airwrite,,,
data/raw_airwrite/G/airwrite_G_20260901_162716_945372_157e81.png,G,6,airwrite,,,
data/raw_airwrite/G/airwrite_G_20260901_162719_875730_f6d67d.png,G,6,airwrite,,,
data/raw_airwrite/G/airwrite_G_20260901_162725_831359_5f08ed.png,G,6,airwrite,,,
data/raw_airwrite/G/airwrite_G_20260903_150443_365245_05ea17.png,G,6,airwrite,,,
data/raw_airwrite/G/airwrite_G_20260903_150445_849635_0d4e91.png,G,6,airwrite,,,
data/raw_airwrite/G/airwrite_G_20260903_150449_182875_726134.png,G,6,airwrite,,,
data/raw_airwrite/G/airwrite_G_20260903_150451_249829_eee829.png,G,6,airwrite,,,
data/raw_airwrite/G/airwrite_G_20260903_150453_669894_9472d2.png,G,6,airwrite,,,
data/raw_airwrite/G/airwrite_G_20260903_150500_769703_a625c0.png,G,6,airwrite,,,
data/raw_airwrite/G/airwrite_G_20260903_150503_566809_7d7b1e.png,G,6,airwrite,,,
data/raw_airwrite/G/airwrite_G_20260903_150507_141406_5a306c.png,G,6,airwrite,,,
data/raw_airwrite/G/airwrite_G_20260903_150509_352985_eb1da2.png,G,6,airwrite,,,
data/raw_airwrite/G/airwrite_G_20260903_150515_595625_09dd04.png,G,6,airwrite,,,
data/raw_airwrite/G/airwrite_G_20260903_150524_329059_96e79e.png,G,6,airwrite,,,
data/raw_airwrite/G/airwrite_G_20260903_150528_640948_bb211d.png,G,6,airwrite,,,
data/raw_airwrite/G/airwrite_G_20260903_150530_527163_dfa463.png,G,6,airwrite,,,
data/raw_airwrite/G/airwrite_G_20260903_150534_136009_b07685.png,G,6,airwrite,,,
data/raw_airwrite/G/airwrite_G_20260903_150552_461560_7845c7.png,G,6,airwrite,,,
data/raw_airwrite/G/airwrite_G_20260903_150554_498878_adaf57.png,G,6,airwrite,,,
data/raw_airwrite/G/airwrite_G_20260903_150556_573162_136218.png,G,6,airwrite,,,
data/raw_airwrite/G/airwrite_G_20260903_150558_611255_cf4ebc.png,G,6,airwrite,,,
data/raw_airwrite/G/airwrite_G_20260903_150600_566615_924309.png,G,6,airwrite,,,
data/raw_airwrite/G/airwrite_G_20260903_150605_678948_0c79ef.png,G,6,airwrite,,,
data/raw_airwrite/G/airwrite_G_20260903_150610_051448_0e4476.png,G,6,airwrite,,,
data/raw_airwrite/G/airwrite_G_20260903_150613_265770_ab7774.png,G,6,airwrite,,,
data/raw_airwrite/G/airwrite_G_20260903_150617_779100_ca2bcc.png,G,6,airwrite,,,
data/raw_airwrite/G/airwrite_G_20260903_150620_141594_f87f2d.png,G,6,airwrite,,,
data/raw_airwrite/G/airwrite_G_20260903_150622_599589_1e8028.png,G,6,airwrite,,,
data/raw_airwrite/G/airwrite_G_20260903_150624_948302_8da35d.png,G,6,airwrite,,,
data/raw_airwrite/G/airwrite_G_20260903_150628_500433_5fac67.png,G,6,airwrite,,,
data/raw_airwrite/G/airwrite_G_20260903_150632_617140_b63a2b.png,G,6,airwrite,,,
data/raw_airwrite/G/airwrite_G_20260903_150634_849871_1841e2.png,G,6,airwrite,,,
data/raw_airwrite/G/airwrite_G_20260903_150637_140007_d857e0.png,G,6,airwrite,,,
data/raw_airwrite/G/airwrite_G_20260903_150639_349815_8e5f57.png,G,6,airwrite,,,
data/raw_airwrite/G/airwrite_G_20260903_150646_755670_ff6635.png,G,6,airwrite,,,
data/raw_airwrite/G/airwrite_G_20260903_150652_930818_2608ca.png,G,6,airwrite,,,
data/raw_airwrite/G/airwrite_G_20260903_150655_047552_8b0fb5.png,G,6,airwrite,,,
data/raw_airwrite/G/airwrite_G_20260903_150656_945955_6e1140.png,G,6,airwrite,,,
data/raw_airwrite/G/airwrite_G_20260903_150658_950230_d250fe.png,G,6,airwrite,,,
data/raw_airwrite/G/airwrite_G_20260903_150700_835064_9ce3e3.png,G,6,airwrite,,,
data/raw_airwrite/G/airwrite_G_20260903_150702_741508_24b905.png,G,6,airwrite,,,
data/raw_airwrite/G/airwrite_G_20260903_150704_755823_1dff14.png,G,6,airwrite,,,
data/raw_airwrite/G/airwrite_G_20260903_150706_735111_7d07c3.png,G,6,airwrite,,,
data/raw_airwrite/G/airwrite_G_20260903_150708_458332_94b5bb.png,G,6,airwrite,,,
data/raw_airwrite/G/airwrite_G_20260903_150713_944372_e22cae.png,G,6,airwrite,,,
data/raw_airwrite/G/airwrite_G_20260903_150718_256694_ec363f.png,G,6,airwrite,,,
data/raw_airwrite/G/airwrite_G_20260903_150720_626323_13ca19.png,G,6,airwrite,,,
data/raw_airwrite/G/airwrite_G_20260903_150725_273393_ca8d09.png,G,6,airwrite,,,
data/raw_airwrite/G/airwrite_G_20260903_150737_818115_8ea4ee.png,G,6,airwrite,,,
data/raw_airwrite/G/airwrite_G_20260903_150739_926642_334bb0.png,G,6,airwrite,,,
data/raw_airwrite/G/airwrite_G_20260903_150741_794302_0ffe2a.png,G,6,airwrite,,,
data/raw_airwrite/G/airwrite_G_20260903_150744_055676_e2dc04.png,G,6,airwrite,,,
data/raw_airwrite/G/airwrite_G_20260903_150748_372536_9a6476.png,G,6,airwrite,,,
data/raw_airwrite/G/airwrite_G_20260903_150750_733650_adede5.png,G,6,airwrite,,,
data/raw_airwrite/G/airwrite_G_20260903_150753_866867_144d33.png,G,6,airwrite,,,
data/raw_airwrite/G/airwrite_G_20260903_150756_171690_593d2d.png,G,6,airwrite,,,
data/raw_airwrite/G/airwrite_G_20260903_150803_741305_fa33a9.png,G,6,airwrite,,,
data/raw_airwrite/G/airwrite_G_20260903_150805_964114_0c0049.png,G,6,airwrite,,,
data/raw_airwrite/G/airwrite_G_20260903_150808_976395_510ae8.png,G,6,airwrite,,,
data/raw_airwrite/G/airwrite_G_20260903_150845_120705_cde439.png,G,6,airwrite,,,
data/raw_airwrite/G/airwrite_G_20260903_150849_838482_c2c4f5.png,G,6,airwrite,,,
data/raw_airwrite/G/airwrite_lowercase_g_20260805_211247_566203_e1e8e5.png,G,6,airwrite,,,
data/raw_airwrite/G/airwrite_lowercase_g_20260805_211303_766427_2b5e0f.png,G,6,airwrite,,,
data/raw_airwrite/G/airwrite_lowercase_g_20260805_211307_238584_a2975b.png,G,6,airwrite,,,
data/raw_airwrite/G/airwrite_lowercase_g_20260805_211314_187255_e94634.png,G,6,airwrite,,,
data/raw_airwrite/G/airwrite_lowercase_g_20260805_211317_136847_676a40.png,G,6,airwrite,,,
data/raw_airwrite/G/airwrite_lowercase_g_20260805_211328_391004_38327f.png,G,6,airwrite,,,
data/raw_airwrite/G/airwrite_lowercase_g_20260805_211334_980658_31d183.png,G,6,airwrite,,,
data/raw_airwrite/G/airwrite_lowercase_g_20260805_211347_000062_c5cf09.png,G,6,airwrite,,,
data/raw_airwrite/G/airwrite_lowercase_g_20260805_211358_082508_87838d.png,G,6,airwrite,,,
data/raw_airwrite/G/airwrite_lowercase_g_20260805_211402_111050_80675c.png,G,6,airwrite,,,
data/raw_airwrite/G/airwrite_lowercase_g_20260805_211405_468964_ea5cb5.png,G,6,airwrite,,,
data/raw_airwrite/G/airwrite_lowercase_g_20260805_211414_435969_c89b81.png,G,6,airwrite,,,
data/raw_airwrite/H/airwrite_H_20260804_143330_312022_5a0395.png,H,7,airwrite,,,
data/raw_airwrite/H/airwrite_H_20260804_143336_164813_6de26f.png,H,7,airwrite,,,
data/raw_airwrite/H/airwrite_H_20260804_143340_101672_092c1c.png,H,7,airwrite,,,
data/raw_airwrite/H/airwrite_H_20260804_143343_598249_af1cd3.png,H,7,airwrite,,,
data/raw_airwrite/H/airwrite_H_20260804_143347_153943_ced2b6.png,H,7,airwrite,,,
data/raw_airwrite/H/airwrite_H_20260804_143613_199653_2b2051.png,H,7,airwrite,,,
data/raw_airwrite/H/airwrite_H_20260804_143616_697040_825707.png,H,7,airwrite,,,
data/raw_airwrite/H/airwrite_H_20260804_143619_706780_d25dfd.png,H,7,airwrite,,,
data/raw_airwrite/H/airwrite_H_20260804_143624_863977_5e436d.png,H,7,airwrite,,,
data/raw_airwrite/H/airwrite_H_20260804_143628_218340_43d728.png,H,7,airwrite,,,
data/raw_airwrite/H/airwrite_H_20260804_143631_031981_57adc9.png,H,7,airwrite,,,
data/raw_airwrite/H/airwrite_H_20260804_143633_661801_42407b.png,H,7,airwrite,,,
data/raw_airwrite/H/airwrite_H_20260804_143636_669809_99416e.png,H,7,airwrite,,,
data/raw_airwrite/H/airwrite_H_20260804_143639_548037_cd48f6.png,H,7,airwrite,,,
data/raw_airwrite/H/airwrite_H_20260804_143643_922753_4d620a.png,H,7,airwrite,,,
data/raw_airwrite/H/airwrite_H_20260804_143659_413812_3d3868.png,H,7,airwrite,,,
data/raw_airwrite/H/airwrite_H_20260804_143711_261351_f1c091.png,H,7,airwrite,,,
data/raw_airwrite/H/airwrite_H_20260804_143716_711090_861c00.png,H,7,airwrite,,,
data/raw_airwrite/H/airwrite_H_20260804_143728_457815_d9df57.png,H,7,airwrite,,,
data/raw_airwrite/H/airwrite_H_20260804_143732_297163_1a330d.png,H,7,airwrite,,,
data/raw_airwrite/H/airwrite_H_20260804_143750_467648_7f8a64.png,H,7,airwrite,,,
data/raw_airwrite/H/airwrite_H_20260804_143801_082472_f5d0b3.png,H,7,airwrite,,,
data/raw_airwrite/H/airwrite_H_20260804_143814_250258_ee4881.png,H,7,airwrite,,,
data/raw_airwrite/H/airwrite_H_20260804_143821_910849_f508d7.png,H,7,airwrite,,,
data/raw_airwrite/H/airwrite_H_20260804_143828_670501_d41799.png,H,7,airwrite,,,
data/raw_airwrite/H/airwrite_H_20260804_143832_710157_c7896e.png,H,7,airwrite,,,
data/raw_airwrite/H/airwrite_H_20260804_143837_756046_648371.png,H,7,airwrite,,,
data/raw_airwrite/H/airwrite_H_20260804_143843_048139_734b34.png,H,7,airwrite,,,
data/raw_airwrite/H/airwrite_H_20260804_143851_996774_1b9eb6.png,H,7,airwrite,,,
data/raw_airwrite/H/airwrite_H_20260804_143907_754679_15428f.png,H,7,airwrite,,,
data/raw_airwrite/H/airwrite_H_20260804_143915_851213_f3dedf.png,H,7,airwrite,,,
data/raw_airwrite/H/airwrite_H_20260804_143921_065671_d19580.png,H,7,airwrite,,,
data/raw_airwrite/H/airwrite_H_20260804_143925_171298_290872.png,H,7,airwrite,,,
data/raw_airwrite/H/airwrite_H_20260804_143928_019499_30e399.png,H,7,airwrite,,,
data/raw_airwrite/H/airwrite_H_20260804_143931_096013_653df8.png,H,7,airwrite,,,
data/raw_airwrite/H/airwrite_H_20260804_143933_936018_20ffc9.png,H,7,airwrite,,,
data/raw_airwrite/H/airwrite_H_20260804_143941_212041_66e182.png,H,7,airwrite,,,
data/raw_airwrite/H/airwrite_H_20260804_143944_357003_fb6074.png,H,7,airwrite,,,
data/raw_airwrite/H/airwrite_H_20260804_143954_964884_6b7ef3.png,H,7,airwrite,,,
data/raw_airwrite/H/airwrite_H_20260804_144013_072509_0df2e6.png,H,7,airwrite,,,
data/raw_airwrite/H/airwrite_H_20260804_144047_750805_a63366.png,H,7,airwrite,,,
data/raw_airwrite/H/airwrite_H_20260804_144053_208217_427acd.png,H,7,airwrite,,,
data/raw_airwrite/H/airwrite_H_20260804_144100_839274_157b0c.png,H,7,airwrite,,,
data/raw_airwrite/H/airwrite_H_20260804_144104_847350_8b3d13.png,H,7,airwrite,,,
data/raw_airwrite/H/airwrite_H_20260804_144114_006874_49fe1e.png,H,7,airwrite,,,
data/raw_airwrite/H/airwrite_H_20260804_144124_767690_93606a.png,H,7,airwrite,,,
data/raw_airwrite/H/airwrite_H_20260804_144129_694713_d25696.png,H,7,airwrite,,,
data/raw_airwrite/H/airwrite_H_20260804_144134_279152_6f999f.png,H,7,airwrite,,,
data/raw_airwrite/H/airwrite_H_20260804_144145_054754_683938.png,H,7,airwrite,,,
data/raw_airwrite/H/airwrite_H_20260804_144149_563102_4beff9.png,H,7,airwrite,,,
data/raw_airwrite/H/airwrite_H_20260901_162733_176856_359dd2.png,H,7,airwrite,,,
data/raw_airwrite/H/airwrite_H_20260901_162741_466251_3b3a81.png,H,7,airwrite,,,
data/raw_airwrite/H/airwrite_H_20260901_162745_072963_b70569.png,H,7,airwrite,,,
data/raw_airwrite/H/airwrite_H_20260901_162749_863827_847ae5.png,H,7,airwrite,,,
data/raw_airwrite/H/airwrite_H_20260901_162752_270391_178b82.png,H,7,airwrite,,,
data/raw_airwrite/H/airwrite_H_20260901_162758_009808_e83cd9.png,H,7,airwrite,,,
data/raw_airwrite/H/airwrite_H_20260901_162801_006987_dd2c3d.png,H,7,airwrite,,,
data/raw_airwrite/H/airwrite_H_20260901_162806_310640_08613a.png,H,7,airwrite,,,
data/raw_airwrite/H/airwrite_H_20260901_162809_389595_67f9ba.png,H,7,airwrite,,,
data/raw_airwrite/H/airwrite_H_20260901_162814_277274_eb16b8.png,H,7,airwrite,,,
data/raw_airwrite/H/airwrite_H_20260901_162817_165792_107057.png,H,7,airwrite,,,
data/raw_airwrite/H/airwrite_H_20260901_162821_646007_75a3c8.png,H,7,airwrite,,,
data/raw_airwrite/H/airwrite_H_20260901_162824_243236_eb4ca4.png,H,7,airwrite,,,
data/raw_airwrite/H/airwrite_H_20260901_162828_341028_13d3bc.png,H,7,airwrite,,,
data/raw_airwrite/H/airwrite_H_20260901_162831_048039_a5175c.png,H,7,airwrite,,,
data/raw_airwrite/H/airwrite_H_20260901_162836_634322_3f7997.png,H,7,airwrite,,,
data/raw_airwrite/H/airwrite_H_20260901_162839_275780_2f6455.png,H,7,airwrite,,,
data/raw_airwrite/H/airwrite_H_20260901_162844_638161_41ae29.png,H,7,airwrite,,,
data/raw_airwrite/H/airwrite_H_20260901_162847_369427_2c1a8d.png,H,7,airwrite,,,
data/raw_airwrite/H/airwrite_H_20260901_162851_832324_4b4821.png,H,7,airwrite,,,
data/raw_airwrite/H/airwrite_H_20260901_162854_409588_4d1a47.png,H,7,airwrite,,,
data/raw_airwrite/H/airwrite_H_20260901_162858_559042_277b7c.png,H,7,airwrite,,,
data/raw_airwrite/H/airwrite_H_20260901_162901_882216_783252.png,H,7,airwrite,,,
data/raw_airwrite/H/airwrite_H_20260901_162906_181525_a93d3e.png,H,7,airwrite,,,
data/raw_airwrite/H/airwrite_H_20260901_162908_872912_ed7126.png,H,7,airwrite,,,
data/raw_airwrite/H/airwrite_H_20260901_162912_583372_6d8b08.png,H,7,airwrite,,,
data/raw_airwrite/H/airwrite_H_20260901_162918_442444_9fb0f5.png,H,7,airwrite,,,
data/raw_airwrite/H/airwrite_H_20260901_162922_638550_f49ec4.png,H,7,airwrite,,,
data/raw_airwrite/H/airwrite_H_20260901_162925_770669_d8f387.png,H,7,airwrite,,,
data/raw_airwrite/H/airwrite_H_20260901_162948_085939_6cded7.png,H,7,airwrite,,,
data/raw_airwrite/H/airwrite_H_20260903_151129_167161_880749.png,H,7,airwrite,,,
data/raw_airwrite/H/airwrite_H_20260903_151133_671102_79a206.png,H,7,airwrite,,,
data/raw_airwrite/H/airwrite_H_20260903_151139_136708_1915d2.png,H,7,airwrite,,,
data/raw_airwrite/H/airwrite_H_20260903_151145_194451_3fb7e2.png,H,7,airwrite,,,
data/raw_airwrite/H/airwrite_H_20260903_151148_525109_7198fd.png,H,7,airwrite,,,
data/raw_airwrite/H/airwrite_H_20260903_151154_468151_adb6a6.png,H,7,airwrite,,,
data/raw_airwrite/H/airwrite_H_20260903_151156_829672_d4715b.png,H,7,airwrite,,,
data/raw_airwrite/H/airwrite_H_20260903_151200_950176_53a903.png,H,7,airwrite,,,
data/raw_airwrite/H/airwrite_H_20260903_151203_642827_44854c.png,H,7,airwrite,,,
data/raw_airwrite/H/airwrite_H_20260903_151208_651046_57c1d1.png,H,7,airwrite,,,
data/raw_airwrite/H/airwrite_H_20260903_151211_048021_81b24f.png,H,7,airwrite,,,
data/raw_airwrite/H/airwrite_H_20260903_151218_658511_126885.png,H,7,airwrite,,,
data/raw_airwrite/H/airwrite_H_20260903_151221_690534_5308d3.png,H,7,airwrite,,,
data/raw_airwrite/H/airwrite_H_20260903_151228_925272_242bc4.png,H,7,airwrite,,,
data/raw_airwrite/H/airwrite_H_20260903_151232_478407_a30753.png,H,7,airwrite,,,
data/raw_airwrite/H/airwrite_H_20260903_151235_851963_2a9dd4.png,H,7,airwrite,,,
data/raw_airwrite/H/airwrite_H_20260903_151238_253612_dcc19e.png,H,7,airwrite,,,
data/raw_airwrite/H/airwrite_H_20260903_151242_064540_410dc9.png,H,7,airwrite,,,
data/raw_airwrite/H/airwrite_H_20260903_151244_661524_560062.png,H,7,airwrite,,,
data/raw_airwrite/H/airwrite_H_20260903_151247_769492_137ceb.png,H,7,airwrite,,,
data/raw_airwrite/H/airwrite_H_20260903_151250_384019_a36e15.png,H,7,airwrite,,,
data/raw_airwrite/H/airwrite_H_20260903_151258_698364_935e15.png,H,7,airwrite,,,
data/raw_airwrite/H/airwrite_H_20260903_151301_628768_44b2d4.png,H,7,airwrite,,,
data/raw_airwrite/H/airwrite_H_20260903_151306_769039_47e0c8.png,H,7,airwrite,,,
data/raw_airwrite/H/airwrite_H_20260903_151310_481876_d8e096.png,H,7,airwrite,,,
data/raw_airwrite/H/airwrite_H_20260903_151313_299854_924b3c.png,H,7,airwrite,,,
data/raw_airwrite/H/airwrite_H_20260903_151316_761182_8edcf0.png,H,7,airwrite,,,
data/raw_airwrite/H/airwrite_H_20260903_151332_413048_7ce2c3.png,H,7,airwrite,,,
data/raw_airwrite/H/airwrite_H_20260903_151335_036829_9eb331.png,H,7,airwrite,,,
data/raw_airwrite/H/airwrite_H_20260903_151338_442285_f7b3e6.png,H,7,airwrite,,,
data/raw_airwrite/H/airwrite_H_20260903_151340_841310_5a5e64.png,H,7,airwrite,,,
data/raw_airwrite/H/airwrite_H_20260903_151348_322971_958cf4.png,H,7,airwrite,,,
data/raw_airwrite/H/airwrite_H_20260903_151351_588963_1d6d6a.png,H,7,airwrite,,,
data/raw_airwrite/H/airwrite_H_20260903_151407_382723_664480.png,H,7,airwrite,,,
data/raw_airwrite/H/airwrite_H_20260903_151410_597518_826fa6.png,H,7,airwrite,,,
data/raw_airwrite/H/airwrite_H_20260903_151414_465288_40b8a7.png,H,7,airwrite,,,
data/raw_airwrite/H/airwrite_H_20260903_151421_807764_6da616.png,H,7,airwrite,,,
data/raw_airwrite/H/airwrite_H_20260903_151422_849143_2a7a02.png,H,7,airwrite,,,
data/raw_airwrite/H/airwrite_H_20260903_151426_865558_3e452b.png,H,7,airwrite,,,
data/raw_airwrite/H/airwrite_H_20260903_151429_320093_9170ed.png,H,7,airwrite,,,
data/raw_airwrite/H/airwrite_H_20260903_151433_392628_fb3e49.png,H,7,airwrite,,,
data/raw_airwrite/H/airwrite_H_20260903_151437_812562_ab488d.png,H,7,airwrite,,,
data/raw_airwrite/H/airwrite_H_20260903_151443_344702_91e101.png,H,7,airwrite,,,
data/raw_airwrite/H/airwrite_H_20260903_151455_416123_bc58cf.png,H,7,airwrite,,,
data/raw_airwrite/H/airwrite_H_20260903_151500_223160_11b695.png,H,7,airwrite,,,
data/raw_airwrite/H/airwrite_H_20260903_151502_900994_07b127.png,H,7,airwrite,,,
data/raw_airwrite/H/airwrite_H_20260903_151506_055806_e82c5f.png,H,7,airwrite,,,
data/raw_airwrite/H/airwrite_H_20260903_151510_091061_6a0e46.png,H,7,airwrite,,,
data/raw_airwrite/H/airwrite_H_20260903_151513_777643_ba8eff.png,H,7,airwrite,,,
data/raw_airwrite/H/airwrite_H_20260903_151516_307005_42991c.png,H,7,airwrite,,,
data/raw_airwrite/H/airwrite_H_20260903_151526_990824_4c2095.png,H,7,airwrite,,,
data/raw_airwrite/H/airwrite_H_20260903_151533_927242_9c3636.png,H,7,airwrite,,,
data/raw_airwrite/H/airwrite_H_20260903_151537_458699_d2d2c2.png,H,7,airwrite,,,
data/raw_airwrite/H/airwrite_H_20260903_151539_970666_4d14be.png,H,7,airwrite,,,
data/raw_airwrite/H/airwrite_H_20260903_151543_165708_d4b550.png,H,7,airwrite,,,
data/raw_airwrite/H/airwrite_H_20260903_151545_602335_3f5781.png,H,7,airwrite,,,
data/raw_airwrite/H/airwrite_H_20260903_151549_245745_9426b3.png,H,7,airwrite,,,
data/raw_airwrite/H/airwrite_lowercase_h_20260805_211451_259653_269150.png,H,7,airwrite,,,
data/raw_airwrite/H/airwrite_lowercase_h_20260805_211454_646375_ebae68.png,H,7,airwrite,,,
data/raw_airwrite/H/airwrite_lowercase_h_20260805_211457_685763_14d4e4.png,H,7,airwrite,,,
data/raw_airwrite/H/airwrite_lowercase_h_20260805_211500_979872_f5ac1e.png,H,7,airwrite,,,
data/raw_airwrite/H/airwrite_lowercase_h_20260805_211507_740912_395ad0.png,H,7,airwrite,,,
data/raw_airwrite/H/airwrite_lowercase_h_20260805_211510_658264_dad59e.png,H,7,airwrite,,,
data/raw_airwrite/H/airwrite_lowercase_h_20260805_211513_234955_13ddca.png,H,7,airwrite,,,
data/raw_airwrite/H/airwrite_lowercase_h_20260805_211516_256267_22d7b1.png,H,7,airwrite,,,
data/raw_airwrite/H/airwrite_lowercase_h_20260805_211525_734215_160dda.png,H,7,airwrite,,,
data/raw_airwrite/H/airwrite_lowercase_h_20260805_211530_541430_6eb86f.png,H,7,airwrite,,,
data/raw_airwrite/H/airwrite_lowercase_h_20260805_211533_606929_1583c2.png,H,7,airwrite,,,
data/raw_airwrite/H/airwrite_lowercase_h_20260805_211536_989707_e8b510.png,H,7,airwrite,,,
data/raw_airwrite/I/airwrite_I_20260804_145500_321858_5ab209 (1).png,I,8,airwrite,,,
data/raw_airwrite/I/airwrite_I_20260804_145500_321858_5ab209 (2).png,I,8,airwrite,,,
data/raw_airwrite/I/airwrite_I_20260804_145500_321858_5ab209 (3).png,I,8,airwrite,,,
data/raw_airwrite/I/airwrite_I_20260804_145500_321858_5ab209 (4).png,I,8,airwrite,,,
data/raw_airwrite/I/airwrite_I_20260804_145500_321858_5ab209 (5).png,I,8,airwrite,,,
data/raw_airwrite/I/airwrite_I_20260804_145500_321858_5ab209 (6).png,I,8,airwrite,,,
data/raw_airwrite/I/airwrite_I_20260804_145500_321858_5ab209 (7).png,I,8,airwrite,,,
data/raw_airwrite/I/airwrite_I_20260804_145622_349287_33b152.png,I,8,airwrite,,,
data/raw_airwrite/I/airwrite_I_20260804_145653_698164_8de7f1.png,I,8,airwrite,,,
data/raw_airwrite/I/airwrite_I_20260804_145659_440791_5a420b.png,I,8,airwrite,,,
data/raw_airwrite/I/airwrite_I_20260804_145704_036612_74f6fe.png,I,8,airwrite,,,
data/raw_airwrite/I/airwrite_I_20260804_145708_914268_ca047f.png,I,8,airwrite,,,
data/raw_airwrite/I/airwrite_I_20260804_145712_938490_3fa54c.png,I,8,airwrite,,,
data/raw_airwrite/I/airwrite_I_20260804_145716_457489_c8bf47.png,I,8,airwrite,,,
data/raw_airwrite/I/airwrite_I_20260804_145724_148260_50c649.png,I,8,airwrite,,,
data/raw_airwrite/I/airwrite_I_20260804_145729_981808_8f2e6e.png,I,8,airwrite,,,
data/raw_airwrite/I/airwrite_I_20260804_145739_268866_9b605c.png,I,8,airwrite,,,
data/raw_airwrite/I/airwrite_I_20260804_145758_606329_ca00bd.png,I,8,airwrite,,,
data/raw_airwrite/I/airwrite_I_20260804_145804_073930_8f0737.png,I,8,airwrite,,,
data/raw_airwrite/I/airwrite_I_20260804_145812_630183_566d58.png,I,8,airwrite,,,
data/raw_airwrite/I/airwrite_I_20260804_145818_036188_c8d547.png,I,8,airwrite,,,
data/raw_airwrite/I/airwrite_I_20260804_145826_390455_7b367d.png,I,8,airwrite,,,
data/raw_airwrite/I/airwrite_I_20260804_145833_982453_58ab12.png,I,8,airwrite,,,
data/raw_airwrite/I/airwrite_I_20260804_145850_800170_1a7311.png,I,8,airwrite,,,
data/raw_airwrite/I/airwrite_I_20260804_145858_959660_bb536e.png,I,8,airwrite,,,
data/raw_airwrite/I/airwrite_I_20260804_145910_837454_c04ee7.png,I,8,airwrite,,,
data/raw_airwrite/I/airwrite_I_20260804_145916_210354_15df46.png,I,8,airwrite,,,
data/raw_airwrite/I/airwrite_I_20260804_145917_057692_acc809.png,I,8,airwrite,,,
data/raw_airwrite/I/airwrite_I_20260804_145926_797362_934d9e.png,I,8,airwrite,,,
data/raw_airwrite/I/airwrite_I_20260804_145932_012720_bc43f4.png,I,8,airwrite,,,
data/raw_airwrite/I/airwrite_I_20260804_145935_728953_70c7f6.png,I,8,airwrite,,,
data/raw_airwrite/I/airwrite_I_20260804_145953_925530_7c3b72.png,I,8,airwrite,,,
data/raw_airwrite/I/airwrite_I_20260804_145958_729236_608eb9.png,I,8,airwrite,,,
data/raw_airwrite/I/airwrite_I_20260804_150003_615329_103539.png,I,8,airwrite,,,
data/raw_airwrite/I/airwrite_I_20260804_150008_778576_56d3e6.png,I,8,airwrite,,,
data/raw_airwrite/I/airwrite_I_20260804_150029_207781_38ce37.png,I,8,airwrite,,,
data/raw_airwrite/I/airwrite_I_20260804_150036_544263_1453a5.png,I,8,airwrite,,,
data/raw_airwrite/I/airwrite_I_20260804_150042_218859_2ae5cd.png,I,8,airwrite,,,
data/raw_airwrite/I/airwrite_I_20260804_150047_080970_089f0a.png,I,8,airwrite,,,
data/raw_airwrite/I/airwrite_I_20260804_150054_243908_dc93dc.png,I,8,airwrite,,,
data/raw_airwrite/I/airwrite_I_20260804_150103_902183_cdb407.png,I,8,airwrite,,,
data/raw_airwrite/I/airwrite_I_20260804_150108_575262_71a43d.png,I,8,airwrite,,,
data/raw_airwrite/I/airwrite_I_20260804_150118_324767_88ba99.png,I,8,airwrite,,,
data/raw_airwrite/I/airwrite_I_20260804_150122_754506_dffeaa.png,I,8,airwrite,,,
data/raw_airwrite/I/airwrite_I_20260804_150126_345429_88a33d.png,I,8,airwrite,,,
data/raw_airwrite/I/airwrite_I_20260804_150131_046685_62fdc4.png,I,8,airwrite,,,
data/raw_airwrite/I/airwrite_I_20260804_150134_677198_1fcfca.png,I,8,airwrite,,,
data/raw_airwrite/I/airwrite_I_20260804_150139_725473_23cde9.png,I,8,airwrite,,,
data/raw_airwrite/I/airwrite_I_20260804_150146_577222_fc93fa.png,I,8,airwrite,,,
data/raw_airwrite/I/airwrite_I_20260804_150157_365976_9cafdb.png,I,8,airwrite,,,
data/raw_airwrite/I/airwrite_I_20260901_164303_543255_6f1c3a.png,I,8,airwrite,,,
data/raw_airwrite/I/airwrite_I_20260901_164309_532105_f4707b.png,I,8,airwrite,,,
data/raw_airwrite/I/airwrite_I_20260901_164313_718302_e6d8ce.png,I,8,airwrite,,,
data/raw_airwrite/I/airwrite_I_20260901_164320_154690_8d45c9.png,I,8,airwrite,,,
data/raw_airwrite/I/airwrite_I_20260901_164344_584749_7952ae.png,I,8,airwrite,,,
data/raw_airwrite/I/airwrite_I_20260901_164349_718076_346f71.png,I,8,airwrite,,,
data/raw_airwrite/I/airwrite_I_20260901_164354_285487_a00106.png,I,8,airwrite,,,
data/raw_airwrite/I/airwrite_I_20260901_164402_425877_6b4438.png,I,8,airwrite,,,
data/raw_airwrite/I/airwrite_I_20260901_164406_432809_6d00f0.png,I,8,airwrite,,,
data/raw_airwrite/I/airwrite_I_20260901_164410_462157_9e96bc.png,I,8,airwrite,,,
data/raw_airwrite/I/airwrite_I_20260901_164418_555746_32acb2.png,I,8,airwrite,,,
data/raw_airwrite/I/airwrite_I_20260901_164422_872531_4e0e95.png,I,8,airwrite,,,
data/raw_airwrite/I/airwrite_I_20260901_164427_484780_e5b9e9.png,I,8,airwrite,,,
data/raw_airwrite/I/airwrite_I_20260901_164432_847709_e63c44.png,I,8,airwrite,,,
data/raw_airwrite/I/airwrite_I_20260901_164436_823122_d6d6f6.png,I,8,airwrite,,,
data/raw_airwrite/I/airwrite_I_20260901_164441_548599_ec31c6.png,I,8,airwrite,,,
data/raw_airwrite/I/airwrite_I_20260901_164445_581435_130da9.png,I,8,airwrite,,,
data/raw_airwrite/I/airwrite_I_20260901_164450_790756_1672cc.png,I,8,airwrite,,,
data/raw_airwrite/I/airwrite_I_20260901_164454_898842_d1ebe7.png,I,8,airwrite,,,
data/raw_airwrite/I/airwrite_I_20260901_164459_315560_a69f89.png,I,8,airwrite,,,
data/raw_airwrite/I/airwrite_I_20260901_164504_873629_a4c0cc.png,I,8,airwrite,,,
data/raw_airwrite/I/airwrite_I_20260901_164508_766721_0ec028.png,I,8,airwrite,,,
data/raw_airwrite/I/airwrite_I_20260901_164513_695618_752a60.png,I,8,airwrite,,,
data/raw_airwrite/I/airwrite_I_20260901_164519_446987_c58a84.png,I,8,airwrite,,,
data/raw_airwrite/I/airwrite_I_20260901_164523_233596_171d6b.png,I,8,airwrite,,,
data/raw_airwrite/I/airwrite_I_20260901_164527_159711_b8989e.png,I,8,airwrite,,,
data/raw_airwrite/I/airwrite_I_20260901_164532_720705_f04a4f.png,I,8,airwrite,,,
data/raw_airwrite/I/airwrite_I_20260903_151823_832959_618202.png,I,8,airwrite,,,
data/raw_airwrite/I/airwrite_I_20260903_151830_832110_cb7ac8.png,I,8,airwrite,,,
data/raw_airwrite/I/airwrite_I_20260903_151835_299028_9748f3.png,I,8,airwrite,,,
data/raw_airwrite/I/airwrite_I_20260903_151844_759469_66a0dd.png,I,8,airwrite,,,
data/raw_airwrite/I/airwrite_I_20260903_151849_900010_bc1658.png,I,8,airwrite,,,
data/raw_airwrite/I/airwrite_I_20260903_151857_057864_4ebf3a.png,I,8,airwrite,,,
data/raw_airwrite/I/airwrite_I_20260903_151908_743825_bed55c.png,I,8,airwrite,,,
data/raw_airwrite/I/airwrite_I_20260903_151910_885991_4407a3.png,I,8,airwrite,,,
data/raw_airwrite/I/airwrite_I_20260903_151912_571555_adb731.png,I,8,airwrite,,,
data/raw_airwrite/I/airwrite_I_20260903_151918_198196_ef3059.png,I,8,airwrite,,,
data/raw_airwrite/I/airwrite_I_20260903_151923_189799_234d18.png,I,8,airwrite,,,
data/raw_airwrite/I/airwrite_I_20260903_151929_006202_03761a.png,I,8,airwrite,,,
data/raw_airwrite/I/airwrite_I_20260903_151934_821255_ecad36.png,I,8,airwrite,,,
data/raw_airwrite/I/airwrite_I_20260903_151950_538733_fa4c18.png,I,8,airwrite,,,
data/raw_airwrite/I/airwrite_I_20260903_152003_405063_eb8642.png,I,8,airwrite,,,
data/raw_airwrite/I/airwrite_I_20260903_152008_084790_0d8e98.png,I,8,airwrite,,,
data/raw_airwrite/I/airwrite_I_20260903_152015_870444_674200.png,I,8,airwrite,,,
data/raw_airwrite/I/airwrite_I_20260903_152018_000822_d7da81.png,I,8,airwrite,,,
data/raw_airwrite/I/airwrite_I_20260903_152020_186696_db8b02.png,I,8,airwrite,,,
data/raw_airwrite/I/airwrite_I_20260903_152028_437078_40a9be.png,I,8,airwrite,,,
data/raw_airwrite/I/airwrite_I_20260903_152035_636970_8ab937.png,I,8,airwrite,,,
data/raw_airwrite/I/airwrite_I_20260903_152039_700050_97e5c1.png,I,8,airwrite,,,
data/raw_airwrite/I/airwrite_I_20260903_152043_682166_f3e42d.png,I,8,airwrite,,,
data/raw_airwrite/I/airwrite_I_20260903_152048_853476_fc1e69.png,I,8,airwrite,,,
data/raw_airwrite/I/airwrite_I_20260903_152049_882366_55ca19.png,I,8,airwrite,,,
data/raw_airwrite/I/airwrite_I_20260903_152054_290499_07f4db.png,I,8,airwrite,,,
data/raw_airwrite/I/airwrite_I_20260903_152057_831892_1ac460.png,I,8,airwrite,,,
data/raw_airwrite/I/airwrite_I_20260903_152102_762985_da5027.png,I,8,airwrite,,,
data/raw_airwrite/I/airwrite_I_20260903_152107_764031_f09afa.png,I,8,airwrite,,,
data/raw_airwrite/I/airwrite_I_20260903_152111_149729_d28b66.png,I,8,airwrite,,,
data/raw_airwrite/I/airwrite_I_20260903_152117_569986_1796a8.png,I,8,airwrite,,,
data/raw_airwrite/I/airwrite_I_20260903_152126_105543_ac4bae.png,I,8,airwrite,,,
data/raw_airwrite/I/airwrite_I_20260903_152131_232472_d64217.png,I,8,airwrite,,,
data/raw_airwrite/I/airwrite_I_20260903_152135_218222_ac437c.png,I,8,airwrite,,,
data/raw_airwrite/I/airwrite_I_20260903_152142_847596_2823dc.png,I,8,airwrite,,,
data/raw_airwrite/I/airwrite_I_20260903_152147_296551_734d10.png,I,8,airwrite,,,
data/raw_airwrite/I/airwrite_I_20260903_152151_318978_86a956.png,I,8,airwrite,,,
data/raw_airwrite/I/airwrite_I_20260903_152156_559035_49a99d.png,I,8,airwrite,,,
data/raw_airwrite/I/airwrite_I_20260903_152200_076072_eaf771.png,I,8,airwrite,,,
data/raw_airwrite/I/airwrite_I_20260903_152206_164062_bb38d1.png,I,8,airwrite,,,
data/raw_airwrite/I/airwrite_I_20260903_152211_596818_f3a6df.png,I,8,airwrite,,,
data/raw_airwrite/I/airwrite_I_20260903_152217_167692_fc875b.png,I,8,airwrite,,,
data/raw_airwrite/I/airwrite_I_20260903_152222_323110_0f5221.png,I,8,airwrite,,,
data/raw_airwrite/I/airwrite_I_20260903_152227_519791_b59c2b.png,I,8,airwrite,,,
data/raw_airwrite/I/airwrite_I_20260903_152232_310145_77f0da.png,I,8,airwrite,,,
data/raw_airwrite/I/airwrite_I_20260903_152239_076008_bebab4.png,I,8,airwrite,,,
data/raw_airwrite/I/airwrite_I_20260903_152244_019052_e9b538.png,I,8,airwrite,,,
data/raw_airwrite/I/airwrite_I_20260903_152249_318694_17c741.png,I,8,airwrite,,,
data/raw_airwrite/I/airwrite_I_20260903_152252_815172_97c768.png,I,8,airwrite,,,
data/raw_airwrite/I/airwrite_I_20260903_152258_260105_679bd9.png,I,8,airwrite,,,
data/raw_airwrite/I/airwrite_I_20260903_152301_585122_e9112a.png,I,8,airwrite,,,
data/raw_airwrite/I/airwrite_I_20260903_152307_906861_e4039c.png,I,8,airwrite,,,
data/raw_airwrite/I/airwrite_I_20260903_152321_624136_bfb9f6.png,I,8,airwrite,,,
data/raw_airwrite/I/airwrite_I_20260903_152325_225564_f9451f.png,I,8,airwrite,,,
data/raw_airwrite/I/airwrite_I_20260903_152335_210686_35b286.png,I,8,airwrite,,,
data/raw_airwrite/I/airwrite_I_20260903_152340_396154_77f40f.png,I,8,airwrite,,,
data/raw_airwrite/I/airwrite_I_20260903_152345_523271_84493d.png,I,8,airwrite,,,
data/raw_airwrite/I/airwrite_I_20260903_152351_087363_f7b8e1.png,I,8,airwrite,,,
data/raw_airwrite/I/airwrite_I_20260903_152357_331137_582ce1.png,I,8,airwrite,,,
data/raw_airwrite/I/airwrite_I_20260903_152400_468714_2906a3.png,I,8,airwrite,,,
data/raw_airwrite/I/airwrite_I_20260903_152403_672453_743ad7.png,I,8,airwrite,,,
data/raw_airwrite/I/airwrite_I_20260903_152408_210411_de047e.png,I,8,airwrite,,,
data/raw_airwrite/I/airwrite_I_20260903_152410_029759_945df4.png,I,8,airwrite,,,
data/raw_airwrite/I/airwrite_I_20260903_152411_865260_cd4dfc.png,I,8,airwrite,,,
data/raw_airwrite/I/airwrite_lowercase_i_20260805_211602_725674_292ce9.png,I,8,airwrite,,,
data/raw_airwrite/I/airwrite_lowercase_i_20260805_211607_436291_b80080.png,I,8,airwrite,,,
data/raw_airwrite/I/airwrite_lowercase_i_20260805_211613_351078_fed8b6.png,I,8,airwrite,,,
data/raw_airwrite/I/airwrite_lowercase_i_20260805_211623_064652_65d4a1.png,I,8,airwrite,,,
data/raw_airwrite/I/airwrite_lowercase_i_20260805_211631_312015_90a493.png,I,8,airwrite,,,
data/raw_airwrite/I/airwrite_lowercase_i_20260805_211637_210370_de68d5.png,I,8,airwrite,,,
data/raw_airwrite/I/airwrite_lowercase_i_20260805_211646_066950_b326cf.png,I,8,airwrite,,,
data/raw_airwrite/I/airwrite_lowercase_i_20260805_211658_640495_3c62a0.png,I,8,airwrite,,,
data/raw_airwrite/I/airwrite_lowercase_i_20260805_211713_128255_edc9d1.png,I,8,airwrite,,,
data/raw_airwrite/J/airwrite_J_20260804_150315_384780_9ff109.png,J,9,airwrite,,,
data/raw_airwrite/J/airwrite_J_20260804_150319_906982_4ebeee.png,J,9,airwrite,,,
data/raw_airwrite/J/airwrite_J_20260804_150323_594986_1e9710.png,J,9,airwrite,,,
data/raw_airwrite/J/airwrite_J_20260804_150335_692606_6fcf53.png,J,9,airwrite,,,
data/raw_airwrite/J/airwrite_J_20260804_150342_494987_c391c2.png,J,9,airwrite,,,
data/raw_airwrite/J/airwrite_J_20260804_150346_797244_1f45bb.png,J,9,airwrite,,,
data/raw_airwrite/J/airwrite_J_20260804_150350_613539_65a249.png,J,9,airwrite,,,
data/raw_airwrite/J/airwrite_J_20260804_150356_294946_d8754b.png,J,9,airwrite,,,
data/raw_airwrite/J/airwrite_J_20260804_150403_675580_2cd198.png,J,9,airwrite,,,
data/raw_airwrite/J/airwrite_J_20260804_150407_446770_778998.png,J,9,airwrite,,,
data/raw_airwrite/J/airwrite_J_20260804_150419_908886_d043d0.png,J,9,airwrite,,,
data/raw_airwrite/J/airwrite_J_20260804_150429_375330_fd7093.png,J,9,airwrite,,,
data/raw_airwrite/J/airwrite_J_20260804_150434_220418_b45835.png,J,9,airwrite,,,
data/raw_airwrite/J/airwrite_J_20260804_150439_974209_13d6ff.png,J,9,airwrite,,,
data/raw_airwrite/J/airwrite_J_20260804_150444_951360_c40b75.png,J,9,airwrite,,,
data/raw_airwrite/J/airwrite_J_20260804_150449_070149_5825b1.png,J,9,airwrite,,,
data/raw_airwrite/J/airwrite_J_20260804_150454_889330_44467d.png,J,9,airwrite,,,
data/raw_airwrite/J/airwrite_J_20260804_150504_814850_1265b0.png,J,9,airwrite,,,
data/raw_airwrite/J/airwrite_J_20260804_150509_513992_482deb.png,J,9,airwrite,,,
data/raw_airwrite/J/airwrite_J_20260804_150513_975240_d3b7c3.png,J,9,airwrite,,,
data/raw_airwrite/J/airwrite_J_20260804_150525_730463_908d80.png,J,9,airwrite,,,
data/raw_airwrite/J/airwrite_J_20260804_150535_458052_e309e7.png,J,9,airwrite,,,
data/raw_airwrite/J/airwrite_J_20260804_150539_658778_ff458e.png,J,9,airwrite,,,
data/raw_airwrite/J/airwrite_J_20260804_150549_257213_470a9a.png,J,9,airwrite,,,
data/raw_airwrite/J/airwrite_J_20260804_150559_368796_756385.png,J,9,airwrite,,,
data/raw_airwrite/J/airwrite_J_20260804_150608_192719_ac80f2.png,J,9,airwrite,,,
data/raw_airwrite/J/airwrite_J_20260804_150620_036309_e60220.png,J,9,airwrite,,,
data/raw_airwrite/J/airwrite_J_20260804_150623_189224_376ef3.png,J,9,airwrite,,,
data/raw_airwrite/J/airwrite_J_20260804_150626_334522_20726a.png,J,9,airwrite,,,
data/raw_airwrite/J/airwrite_J_20260804_150629_825756_e0b98a.png,J,9,airwrite,,,
data/raw_airwrite/J/airwrite_J_20260804_150635_504412_b195ea.png,J,9,airwrite,,,
data/raw_airwrite/J/airwrite_J_20260804_150645_603318_68d506.png,J,9,airwrite,,,
data/raw_airwrite/J/airwrite_J_20260804_150653_165077_636d2e.png,J,9,airwrite,,,
data/raw_airwrite/J/airwrite_J_20260804_150656_852880_1f3b34.png,J,9,airwrite,,,
data/raw_airwrite/J/airwrite_J_20260804_150702_176742_921f88.png,J,9,airwrite,,,
data/raw_airwrite/J/airwrite_J_20260804_150707_031495_b8850e.png,J,9,airwrite,,,
data/raw_airwrite/J/airwrite_J_20260804_150716_908454_e032ae.png,J,9,airwrite,,,
data/raw_airwrite/J/airwrite_J_20260804_150723_683010_a6ec2c.png,J,9,airwrite,,,
data/raw_airwrite/J/airwrite_J_20260804_150727_916753_7a86e4.png,J,9,airwrite,,,
data/raw_airwrite/J/airwrite_J_20260804_150731_293795_c3d2fa.png,J,9,airwrite,,,
data/raw_airwrite/J/airwrite_J_20260804_150734_414111_96d209.png,J,9,airwrite,,,
data/raw_airwrite/J/airwrite_J_20260804_150742_414792_db0298.png,J,9,airwrite,,,
data/raw_airwrite/J/airwrite_J_20260804_150748_081515_79054c.png,J,9,airwrite,,,
data/raw_airwrite/J/airwrite_J_20260804_150757_099106_20cb6c.png,J,9,airwrite,,,
data/raw_airwrite/J/airwrite_J_20260804_150802_614753_4825f5.png,J,9,airwrite,,,
data/raw_airwrite/J/airwrite_J_20260804_150808_996980_367dad.png,J,9,airwrite,,,
data/raw_airwrite/J/airwrite_J_20260804_150813_143597_23fe70.png,J,9,airwrite,,,
data/raw_airwrite/J/airwrite_J_20260804_150817_835876_0514bf.png,J,9,airwrite,,,
data/raw_airwrite/J/airwrite_J_20260804_150821_511930_3c76e4.png,J,9,airwrite,,,
data/raw_airwrite/J/airwrite_J_20260804_150824_849278_d2fc1a.png,J,9,airwrite,,,
data/raw_airwrite/J/airwrite_J_20260903_153425_259586_6a56b9.png,J,9,airwrite,,,
data/raw_airwrite/J/airwrite_J_20260903_153428_461616_76aa79.png,J,9,airwrite,,,
data/raw_airwrite/J/airwrite_J_20260903_153431_291776_70cc27.png,J,9,airwrite,,,
data/raw_airwrite/J/airwrite_J_20260903_153434_188168_46264b.png,J,9,airwrite,,,
data/raw_airwrite/J/airwrite_J_20260903_153437_247267_e80e98.png,J,9,airwrite,,,
data/raw_airwrite/J/airwrite_J_20260903_153440_189194_28ab49.png,J,9,airwrite,,,
data/raw_airwrite/J/airwrite_J_20260903_153442_549588_0c913d.png,J,9,airwrite,,,
data/raw_airwrite/J/airwrite_J_20260903_153445_250221_503139.png,J,9,airwrite,,,
data/raw_airwrite/J/airwrite_J_20260903_153448_312542_0efa5c.png,J,9,airwrite,,,
data/raw_airwrite/J/airwrite_J_20260903_153451_052073_0ff869.png,J,9,airwrite,,,
data/raw_airwrite/J/airwrite_J_20260903_153455_363900_2b356f.png,J,9,airwrite,,,
data/raw_airwrite/J/airwrite_J_20260903_153458_439778_9a5431.png,J,9,airwrite,,,
data/raw_airwrite/J/airwrite_J_20260903_153501_090918_93afdc.png,J,9,airwrite,,,
data/raw_airwrite/J/airwrite_J_20260903_153503_546202_cb45ab.png,J,9,airwrite,,,
data/raw_airwrite/J/airwrite_J_20260903_153511_819717_40c82f.png,J,9,airwrite,,,
data/raw_airwrite/J/airwrite_J_20260903_153517_498066_fae342.png,J,9,airwrite,,,
data/raw_airwrite/J/airwrite_J_20260903_153540_836361_b206ca.png,J,9,airwrite,,,
data/raw_airwrite/J/airwrite_J_20260903_153545_409567_abd900.png,J,9,airwrite,,,
data/raw_airwrite/J/airwrite_J_20260903_153547_792920_6d744d.png,J,9,airwrite,,,
data/raw_airwrite/J/airwrite_J_20260903_153550_331653_47141c.png,J,9,airwrite,,,
data/raw_airwrite/J/airwrite_J_20260903_153552_837864_52168a.png,J,9,airwrite,,,
data/raw_airwrite/J/airwrite_J_20260903_153605_755037_e0bcac.png,J,9,airwrite,,,
data/raw_airwrite/J/airwrite_J_20260903_153611_853538_ffc2d8.png,J,9,airwrite,,,
data/raw_airwrite/J/airwrite_J_20260903_153614_457948_5c5d17.png,J,9,airwrite,,,
data/raw_airwrite/J/airwrite_J_20260903_153616_841025_82fa98.png,J,9,airwrite,,,
data/raw_airwrite/J/airwrite_J_20260903_153619_395646_36b3ce.png,J,9,airwrite,,,
data/raw_airwrite/J/airwrite_J_20260903_153622_363357_c29ec7.png,J,9,airwrite,,,
data/raw_airwrite/J/airwrite_J_20260903_153641_296582_33e1c1.png,J,9,airwrite,,,
data/raw_airwrite/J/airwrite_J_20260903_153644_726533_035f91.png,J,9,airwrite,,,
data/raw_airwrite/J/airwrite_J_20260903_153647_303571_7bc502.png,J,9,airwrite,,,
data/raw_airwrite/J/airwrite_J_20260903_153649_444121_811700.png,J,9,airwrite,,,
data/raw_airwrite/J/airwrite_J_20260903_153651_977834_7ecda6.png,J,9,airwrite,,,
data/raw_airwrite/J/airwrite_J_20260903_153654_092523_fa4e95.png,J,9,airwrite,,,
data/raw_airwrite/J/airwrite_J_20260903_153656_314212_bc6d9b.png,J,9,airwrite,,,
data/raw_airwrite/J/airwrite_J_20260903_153658_631587_012a5c.png,J,9,airwrite,,,
data/raw_airwrite/J/airwrite_J_20260903_153703_795891_66fcfc.png,J,9,airwrite,,,
data/raw_airwrite/J/airwrite_J_20260903_153706_642132_27c819.png,J,9,airwrite,,,
data/raw_airwrite/J/airwrite_J_20260903_153710_200643_8c0720.png,J,9,airwrite,,,
data/raw_airwrite/J/airwrite_J_20260903_153713_119696_9fc49e.png,J,9,airwrite,,,
data/raw_airwrite/J/airwrite_J_20260903_153716_177683_44aae6.png,J,9,airwrite,,,
data/raw_airwrite/J/airwrite_J_20260903_153718_932455_6faf9a.png,J,9,airwrite,,,
data/raw_airwrite/J/airwrite_J_20260903_153724_635609_eda53e.png,J,9,airwrite,,,
data/raw_airwrite/J/airwrite_J_20260903_153737_746074_aacf83.png,J,9,airwrite,,,
data/raw_airwrite/J/airwrite_J_20260903_153743_207717_9fca79.png,J,9,airwrite,,,
data/raw_airwrite/J/airwrite_J_20260903_153745_519912_4453f2.png,J,9,airwrite,,,
data/raw_airwrite/J/airwrite_J_20260903_153748_269402_d6a515.png,J,9,airwrite,,,
data/raw_airwrite/J/airwrite_J_20260903_153759_196312_4fb0e8.png,J,9,airwrite,,,
data/raw_airwrite/J/airwrite_J_20260903_153804_419530_e9c2f1.png,J,9,airwrite,,,
data/raw_airwrite/J/airwrite_J_20260903_153806_610683_bbeb5e.png,J,9,airwrite,,,
data/raw_airwrite/J/airwrite_J_20260903_153809_356901_c4087f.png,J,9,airwrite,,,
data/raw_airwrite/J/airwrite_J_20260903_153821_340533_de3455.png,J,9,airwrite,,,
data/raw_airwrite/J/airwrite_J_20260903_153824_934313_2e2626.png,J,9,airwrite,,,
data/raw_airwrite/J/airwrite_J_20260903_153828_730291_7b9e81.png,J,9,airwrite,,,
data/raw_airwrite/J/airwrite_J_20260903_153831_188533_39d4f9.png,J,9,airwrite,,,
data/raw_airwrite/J/airwrite_J_20260903_153846_634095_e0fb8b.png,J,9,airwrite,,,
data/raw_airwrite/J/airwrite_J_20260903_153854_186552_6dd044.png,J,9,airwrite,,,
data/raw_airwrite/J/airwrite_J_20260903_153900_706958_13f9ef.png,J,9,airwrite,,,
data/raw_airwrite/J/airwrite_J_20260903_153903_254192_b8df7a.png,J,9,airwrite,,,
data/raw_airwrite/J/airwrite_J_20260903_153912_197945_9beb11.png,J,9,airwrite,,,
data/raw_airwrite/J/airwrite_J_20260903_153922_970437_55cb78.png,J,9,airwrite,,,
data/raw_airwrite/J/airwrite_J_20260903_153929_068599_d6e2bd.png,J,9,airwrite,,,
data/raw_airwrite/J/airwrite_J_20260903_153931_270655_d6756c.png,J,9,airwrite,,,
data/raw_airwrite/J/airwrite_J_20260903_153933_955363_e3eb0f.png,J,9,airwrite,,,
data/raw_airwrite/J/airwrite_J_20260903_153938_393624_034f85.png,J,9,airwrite,,,
data/raw_airwrite/J/airwrite_J_20260903_153942_126499_6654c1.png,J,9,airwrite,,,
data/raw_airwrite/J/airwrite_J_20260903_153958_139735_c4877e.png,J,9,airwrite,,,
data/raw_airwrite/J/airwrite_J_20260903_154004_049196_ea2ead.png,J,9,airwrite,,,
data/raw_airwrite/J/airwrite_J_20260903_154006_387476_2ec383.png,J,9,airwrite,,,
data/raw_airwrite/J/airwrite_J_20260903_154011_610519_61d728.png,J,9,airwrite,,,
data/raw_airwrite/J/airwrite_J_20260903_154014_063941_327018.png,J,9,airwrite,,,
data/raw_airwrite/J/airwrite_J_20260903_154016_541374_7bd510.png,J,9,airwrite,,,
data/raw_airwrite/J/airwrite_J_20260903_154020_977603_38f257.png,J,9,airwrite,,,
data/raw_airwrite/J/airwrite_J_20260903_154023_439860_95edd7.png,J,9,airwrite,,,
data/raw_airwrite/J/airwrite_J_20260903_154028_132550_9999cf.png,J,9,airwrite,,,
data/raw_airwrite/J/airwrite_J_20260903_154031_003259_88fa24.png,J,9,airwrite,,,
data/raw_airwrite/J/airwrite_J_20260903_154034_254144_7ee9bc.png,J,9,airwrite,,,
data/raw_airwrite/J/airwrite_J_20260903_154037_754226_8dd877.png,J,9,airwrite,,,
data/raw_airwrite/J/airwrite_J_20260903_154042_501301_f96160.png,J,9,airwrite,,,
data/raw_airwrite/J/airwrite_J_20260903_154046_301560_ce9f3d.png,J,9,airwrite,,,
data/raw_airwrite/J/airwrite_J_20260903_154053_331405_1a0334.png,J,9,airwrite,,,
data/raw_airwrite/J/airwrite_J_20260903_154100_760958_72f6e5.png,J,9,airwrite,,,
data/raw_airwrite/J/airwrite_J_20260903_154102_988866_2eab98.png,J,9,airwrite,,,
data/raw_airwrite/J/airwrite_J_20260903_154105_470998_46b9e5.png,J,9,airwrite,,,
data/raw_airwrite/J/airwrite_J_20260903_154109_600628_41fd71.png,J,9,airwrite,,,
data/raw_airwrite/J/airwrite_J_20260903_154111_790011_a14447.png,J,9,airwrite,,,
data/raw_airwrite/J/airwrite_J_20260903_154113_972952_2a4cdf.png,J,9,airwrite,,,
data/raw_airwrite/J/airwrite_J_20260903_154157_518631_678262.png,J,9,airwrite,,,
data/raw_airwrite/J/airwrite_J_20260903_154159_893106_e3ca89.png,J,9,airwrite,,,
data/raw_airwrite/J/airwrite_J_20260903_154215_546241_4d97b5.png,J,9,airwrite,,,
data/raw_airwrite/J/airwrite_J_20260903_154236_408186_a0908e.png,J,9,airwrite,,,
data/raw_airwrite/J/airwrite_lowercase_j_20260805_211737_393211_9fb82b.png,J,9,airwrite,,,
data/raw_airwrite/J/airwrite_lowercase_j_20260805_211743_080400_625edb.png,J,9,airwrite,,,
data/raw_airwrite/J/airwrite_lowercase_j_20260805_211752_185067_575dce.png,J,9,airwrite,,,
data/raw_airwrite/J/airwrite_lowercase_j_20260805_211758_541203_50a1a3.png,J,9,airwrite,,,
data/raw_airwrite/J/airwrite_lowercase_j_20260805_211810_550263_90fd5e.png,J,9,airwrite,,,
data/raw_airwrite/J/airwrite_lowercase_j_20260805_211832_482551_0d7ea5.png,J,9,airwrite,,,
data/raw_airwrite/J/airwrite_lowercase_j_20260805_211846_873342_37a9dd.png,J,9,airwrite,,,
data/raw_airwrite/J/airwrite_lowercase_j_20260805_211912_988717_8eb3c5.png,J,9,airwrite,,,
data/raw_airwrite/J/airwrite_lowercase_j_20260805_211924_175241_47b3db.png,J,9,airwrite,,,
data/raw_airwrite/J/airwrite_lowercase_j_20260805_211945_147465_edd9b0.png,J,9,airwrite,,,
data/raw_airwrite/K/airwrite_K_20260804_150904_280781_cc3489.png,K,10,airwrite,,,
data/raw_airwrite/K/airwrite_K_20260804_150908_894951_e1bfba.png,K,10,airwrite,,,
data/raw_airwrite/K/airwrite_K_20260804_150912_915541_510ae0.png,K,10,airwrite,,,
data/raw_airwrite/K/airwrite_K_20260804_150918_835182_9a608b.png,K,10,airwrite,,,
data/raw_airwrite/K/airwrite_K_20260804_150923_678372_ac0738.png,K,10,airwrite,,,
data/raw_airwrite/K/airwrite_K_20260804_150938_488457_9bf7b8.png,K,10,airwrite,,,
data/raw_airwrite/K/airwrite_K_20260804_150943_010401_a98e56.png,K,10,airwrite,,,
data/raw_airwrite/K/airwrite_K_20260804_150947_525376_2b1094.png,K,10,airwrite,,,
data/raw_airwrite/K/airwrite_K_20260804_150956_704891_89e273.png,K,10,airwrite,,,
data/raw_airwrite/K/airwrite_K_20260804_151007_254972_cc0fa8.png,K,10,airwrite,,,
data/raw_airwrite/K/airwrite_K_20260804_151011_463871_37e832.png,K,10,airwrite,,,
data/raw_airwrite/K/airwrite_K_20260804_151026_619425_857fac.png,K,10,airwrite,,,
data/raw_airwrite/K/airwrite_K_20260804_151029_911343_0006ec.png,K,10,airwrite,,,
data/raw_airwrite/K/airwrite_K_20260804_151036_941714_fc3ce2.png,K,10,airwrite,,,
data/raw_airwrite/K/airwrite_K_20260804_151042_563849_48bdf6.png,K,10,airwrite,,,
data/raw_airwrite/K/airwrite_K_20260804_151049_597429_f1be5f.png,K,10,airwrite,,,
data/raw_airwrite/K/airwrite_K_20260804_151059_185731_be8833.png,K,10,airwrite,,,
data/raw_airwrite/K/airwrite_K_20260804_151108_518033_381d42.png,K,10,airwrite,,,
data/raw_airwrite/K/airwrite_K_20260804_151116_051484_f6faf1.png,K,10,airwrite,,,
data/raw_airwrite/K/airwrite_K_20260804_151119_477029_2dceed.png,K,10,airwrite,,,
data/raw_airwrite/K/airwrite_K_20260804_151124_158245_601c80.png,K,10,airwrite,,,
data/raw_airwrite/K/airwrite_K_20260804_151128_139150_f38b43.png,K,10,airwrite,,,
data/raw_airwrite/K/airwrite_K_20260804_151133_311512_d31a77.png,K,10,airwrite,,,
data/raw_airwrite/K/airwrite_K_20260804_151146_677749_efbb3c.png,K,10,airwrite,,,
data/raw_airwrite/K/airwrite_K_20260804_151150_182458_7ce336.png,K,10,airwrite,,,
data/raw_airwrite/K/airwrite_K_20260804_151153_741101_0cb306.png,K,10,airwrite,,,
data/raw_airwrite/K/airwrite_K_20260804_151159_141050_537877.png,K,10,airwrite,,,
data/raw_airwrite/K/airwrite_K_20260804_151207_817304_85a9a9.png,K,10,airwrite,,,
data/raw_airwrite/K/airwrite_K_20260804_151211_508735_ccfa66.png,K,10,airwrite,,,
data/raw_airwrite/K/airwrite_K_20260804_151215_198549_3c0b56.png,K,10,airwrite,,,
data/raw_airwrite/K/airwrite_K_20260804_151219_239195_446fbb.png,K,10,airwrite,,,
data/raw_airwrite/K/airwrite_K_20260804_151229_438540_d3c74b.png,K,10,airwrite,,,
data/raw_airwrite/K/airwrite_K_20260804_151232_748380_b3306c.png,K,10,airwrite,,,
data/raw_airwrite/K/airwrite_K_20260804_151235_946580_a84706.png,K,10,airwrite,,,
data/raw_airwrite/K/airwrite_K_20260804_151241_648176_14e2ee.png,K,10,airwrite,,,
data/raw_airwrite/K/airwrite_K_20260804_151245_530105_fe4483.png,K,10,airwrite,,,
data/raw_airwrite/K/airwrite_K_20260804_151253_103033_2290db.png,K,10,airwrite,,,
data/raw_airwrite/K/airwrite_K_20260804_151300_588643_05b788.png,K,10,airwrite,,,
data/raw_airwrite/K/airwrite_K_20260804_151304_140260_225e5e.png,K,10,airwrite,,,
data/raw_airwrite/K/airwrite_K_20260804_151308_240688_1f6dab.png,K,10,airwrite,,,
data/raw_airwrite/K/airwrite_K_20260804_151313_700580_50c932.png,K,10,airwrite,,,
data/raw_airwrite/K/airwrite_K_20260804_151319_561694_6ebc9c.png,K,10,airwrite,,,
data/raw_airwrite/K/airwrite_K_20260804_151327_221660_0cd999.png,K,10,airwrite,,,
data/raw_airwrite/K/airwrite_K_20260804_151333_030433_a97045.png,K,10,airwrite,,,
data/raw_airwrite/K/airwrite_K_20260804_151341_065443_9f872e.png,K,10,airwrite,,,
data/raw_airwrite/K/airwrite_K_20260804_151345_527134_395f17.png,K,10,airwrite,,,
data/raw_airwrite/K/airwrite_K_20260804_151351_901001_c38500.png,K,10,airwrite,,,
data/raw_airwrite/K/airwrite_K_20260804_151356_796099_bab0b7.png,K,10,airwrite,,,
data/raw_airwrite/K/airwrite_K_20260804_151402_362506_e87141.png,K,10,airwrite,,,
data/raw_airwrite/K/airwrite_K_20260804_151406_233401_04bdf1.png,K,10,airwrite,,,
data/raw_airwrite/K/airwrite_K_20260901_163036_578934_27e938.png,K,10,airwrite,,,
data/raw_airwrite/K/airwrite_K_20260901_163054_951314_895681.png,K,10,airwrite,,,
data/raw_airwrite/K/airwrite_K_20260901_163100_773723_28b646.png,K,10,airwrite,,,
data/raw_airwrite/K/airwrite_K_20260901_163105_011031_32306d.png,K,10,airwrite,,,
data/raw_airwrite/K/airwrite_K_20260901_163112_165718_a292de.png,K,10,airwrite,,,
data/raw_airwrite/K/airwrite_K_20260901_163130_575025_30d7fb.png,K,10,airwrite,,,
data/raw_airwrite/K/airwrite_K_20260901_163135_463160_a06afc.png,K,10,airwrite,,,
data/raw_airwrite/K/airwrite_K_20260901_163147_549243_b91c0a.png,K,10,airwrite,,,
data/raw_airwrite/K/airwrite_K_20260901_163150_639998_180a4b.png,K,10,airwrite,,,
data/raw_airwrite/K/airwrite_K_20260901_163153_569866_4b1420.png,K,10,airwrite,,,
data/raw_airwrite/K/airwrite_K_20260901_163206_354810_a91707.png,K,10,airwrite,,,
data/raw_airwrite/K/airwrite_K_20260901_163211_370391_b74107.png,K,10,airwrite,,,
data/raw_airwrite/K/airwrite_K_20260901_163215_966398_c7f618.png,K,10,airwrite,,,
data/raw_airwrite/K/airwrite_K_20260901_163219_271514_ceb379.png,K,10,airwrite,,,
data/raw_airwrite/K/airwrite_K_20260901_163229_611573_0f85ad.png,K,10,airwrite,,,
data/raw_airwrite/K/airwrite_K_20260901_163232_669671_cb4154.png,K,10,airwrite,,,
data/raw_airwrite/K/airwrite_K_20260901_163235_358328_55b8f9.png,K,10,airwrite,,,
data/raw_airwrite/K/airwrite_K_20260901_163238_426975_5a0bfa.png,K,10,airwrite,,,
data/raw_airwrite/K/airwrite_K_20260901_163239_495811_2f64e6.png,K,10,airwrite,,,
data/raw_airwrite/K/airwrite_K_20260901_163245_240650_fd7a93.png,K,10,airwrite,,,
data/raw_airwrite/K/airwrite_K_20260901_163248_269758_6a8fc9.png,K,10,airwrite,,,
data/raw_airwrite/K/airwrite_K_20260901_163251_242826_f556d2.png,K,10,airwrite,,,
data/raw_airwrite/K/airwrite_K_20260901_163254_463143_44f7a5.png,K,10,airwrite,,,
data/raw_airwrite/K/airwrite_K_20260901_163301_542559_3714de.png,K,10,airwrite,,,
data/raw_airwrite/K/airwrite_K_20260901_163304_238436_1a4cfa.png,K,10,airwrite,,,
data/raw_airwrite/K/airwrite_K_20260901_163306_757314_e94b11.png,K,10,airwrite,,,
data/raw_airwrite/K/airwrite_K_20260901_163309_419963_be4afa.png,K,10,airwrite,,,
data/raw_airwrite/K/airwrite_K_20260901_163314_463514_e62d51.png,K,10,airwrite,,,
data/raw_airwrite/K/airwrite_K_20260901_163317_582713_f1a4bf.png,K,10,airwrite,,,
data/raw_airwrite/K/airwrite_K_20260901_163320_443143_0b37b4.png,K,10,airwrite,,,
data/raw_airwrite/K/airwrite_K_20260903_154407_412540_2b64c4.png,K,10,airwrite,,,
data/raw_airwrite/K/airwrite_K_20260903_154411_724945_48e2d8.png,K,10,airwrite,,,
data/raw_airwrite/K/airwrite_K_20260903_154415_394841_274437.png,K,10,airwrite,,,
data/raw_airwrite/K/airwrite_K_20260903_154418_929362_39d260.png,K,10,airwrite,,,
data/raw_airwrite/K/airwrite_K_20260903_154422_015267_5c6626.png,K,10,airwrite,,,
data/raw_airwrite/K/airwrite_K_20260903_154442_610261_e2e7ec.png,K,10,airwrite,,,
data/raw_airwrite/K/airwrite_K_20260903_154445_746046_e12f6f.png,K,10,airwrite,,,
data/raw_airwrite/K/airwrite_K_20260903_154449_236329_a61b6d.png,K,10,airwrite,,,
data/raw_airwrite/K/airwrite_K_20260903_154454_546114_f3b41c.png,K,10,airwrite,,,
data/raw_airwrite/K/airwrite_K_20260903_154459_149500_02f801.png,K,10,airwrite,,,
data/raw_airwrite/K/airwrite_K_20260903_154503_003705_61e4dc.png,K,10,airwrite,,,
data/raw_airwrite/K/airwrite_K_20260903_154506_618792_647243.png,K,10,airwrite,,,
data/raw_airwrite/K/airwrite_K_20260903_154510_503059_b37422.png,K,10,airwrite,,,
data/raw_airwrite/K/airwrite_K_20260903_154515_238502_01f1d6.png,K,10,airwrite,,,
data/raw_airwrite/K/airwrite_K_20260903_154516_302454_1a9d8a.png,K,10,airwrite,,,
data/raw_airwrite/K/airwrite_K_20260903_154523_338332_d7d05d.png,K,10,airwrite,,,
data/raw_airwrite/K/airwrite_K_20260903_154526_562264_90c702.png,K,10,airwrite,,,
data/raw_airwrite/K/airwrite_K_20260903_154529_191761_1700e3.png,K,10,airwrite,,,
data/raw_airwrite/K/airwrite_K_20260903_154532_335625_4d10e8.png,K,10,airwrite,,,
data/raw_airwrite/K/airwrite_K_20260903_154535_827252_86b873.png,K,10,airwrite,,,
data/raw_airwrite/K/airwrite_K_20260903_154539_865766_0f34f8.png,K,10,airwrite,,,
data/raw_airwrite/K/airwrite_K_20260903_154543_895694_b17723.png,K,10,airwrite,,,
data/raw_airwrite/K/airwrite_K_20260903_154547_306844_92fac3.png,K,10,airwrite,,,
data/raw_airwrite/K/airwrite_K_20260903_154548_362084_d65ae4.png,K,10,airwrite,,,
data/raw_airwrite/K/airwrite_K_20260903_154552_350361_e3633a.png,K,10,airwrite,,,
data/raw_airwrite/K/airwrite_K_20260903_154555_653213_ac4e31.png,K,10,airwrite,,,
data/raw_airwrite/K/airwrite_K_20260903_154601_123088_69693f.png,K,10,airwrite,,,
data/raw_airwrite/K/airwrite_K_20260903_154603_730360_8a089a.png,K,10,airwrite,,,
data/raw_airwrite/K/airwrite_K_20260903_154608_505506_66538b.png,K,10,airwrite,,,
data/raw_airwrite/K/airwrite_K_20260903_154615_328966_1cba4c.png,K,10,airwrite,,,
data/raw_airwrite/K/airwrite_K_20260903_154618_372717_996f96.png,K,10,airwrite,,,
data/raw_airwrite/K/airwrite_K_20260903_154624_227023_322154.png,K,10,airwrite,,,
data/raw_airwrite/K/airwrite_K_20260903_154627_410902_80eca3.png,K,10,airwrite,,,
data/raw_airwrite/K/airwrite_K_20260903_154630_453017_c085ce.png,K,10,airwrite,,,
data/raw_airwrite/K/airwrite_K_20260903_154635_745717_88eb2d.png,K,10,airwrite,,,
data/raw_airwrite/K/airwrite_K_20260903_154638_943580_efc4ac.png,K,10,airwrite,,,
data/raw_airwrite/K/airwrite_K_20260903_154644_138229_ecf2d7.png,K,10,airwrite,,,
data/raw_airwrite/K/airwrite_K_20260903_154648_399100_f4e978.png,K,10,airwrite,,,
data/raw_airwrite/K/airwrite_K_20260903_154653_175071_7fcc3a.png,K,10,airwrite,,,
data/raw_airwrite/K/airwrite_K_20260903_154656_057565_914ecc.png,K,10,airwrite,,,
data/raw_airwrite/K/airwrite_K_20260903_154659_389598_886d79.png,K,10,airwrite,,,
data/raw_airwrite/K/airwrite_K_20260903_154704_945604_e8e705.png,K,10,airwrite,,,
data/raw_airwrite/K/airwrite_K_20260903_154707_566778_a73ba2.png,K,10,airwrite,,,
data/raw_airwrite/K/airwrite_K_20260903_154711_885214_a6c856.png,K,10,airwrite,,,
data/raw_airwrite/K/airwrite_K_20260903_154714_717000_fe5533.png,K,10,airwrite,,,
data/raw_airwrite/K/airwrite_K_20260903_154720_303159_36a9a8.png,K,10,airwrite,,,
data/raw_airwrite/K/airwrite_K_20260903_154723_256013_c726c8.png,K,10,airwrite,,,
data/raw_airwrite/K/airwrite_K_20260903_154728_792448_c17928.png,K,10,airwrite,,,
data/raw_airwrite/K/airwrite_K_20260903_154731_607339_59a310.png,K,10,airwrite,,,
data/raw_airwrite/K/airwrite_K_20260903_154737_172814_5d3a4c.png,K,10,airwrite,,,
data/raw_airwrite/K/airwrite_K_20260903_154744_002924_a5ee71.png,K,10,airwrite,,,
data/raw_airwrite/K/airwrite_K_20260903_154748_360024_0ecb16.png,K,10,airwrite,,,
data/raw_airwrite/K/airwrite_K_20260903_154756_970384_1d147c.png,K,10,airwrite,,,
data/raw_airwrite/K/airwrite_K_20260903_154805_243922_b6bae2.png,K,10,airwrite,,,
data/raw_airwrite/K/airwrite_K_20260903_154809_785655_f4c850.png,K,10,airwrite,,,
data/raw_airwrite/K/airwrite_K_20260903_154813_294920_970b1d.png,K,10,airwrite,,,
data/raw_airwrite/K/airwrite_K_20260903_154830_094381_27b6a9.png,K,10,airwrite,,,
data/raw_airwrite/K/airwrite_lowercase_K_20260805_213838_972680_eb1ba7 (1).png,K,10,airwrite,,,
data/raw_airwrite/K/airwrite_lowercase_K_20260805_213838_972680_eb1ba7 (2).png,K,10,airwrite,,,
data/raw_airwrite/K/airwrite_lowercase_K_20260805_213838_972680_eb1ba7 (3).png,K,10,airwrite,,,
data/raw_airwrite/K/airwrite_lowercase_K_20260805_213838_972680_eb1ba7 (4).png,K,10,airwrite,,,
data/raw_airwrite/K/airwrite_lowercase_K_20260805_213838_972680_eb1ba7 (5).png,K,10,airwrite,,,
data/raw_airwrite/K/airwrite_lowercase_K_20260805_213838_972680_eb1ba7 (6).png,K,10,airwrite,,,
data/raw_airwrite/K/airwrite_lowercase_K_20260805_213838_972680_eb1ba7 (7).png,K,10,airwrite,,,
data/raw_airwrite/K/airwrite_lowercase_k_20260805_213918_477659_b4d76d.png,K,10,airwrite,,,
data/raw_airwrite/K/airwrite_lowercase_k_20260805_213922_068085_c53808.png,K,10,airwrite,,,
data/raw_airwrite/K/airwrite_lowercase_k_20260805_213926_122664_20eddd.png,K,10,airwrite,,,
data/raw_airwrite/K/airwrite_lowercase_k_20260805_213930_856952_09156d.png,K,10,airwrite,,,
data/raw_airwrite/L/airwrite_L_20260804_151425_704710_8f6f56.png,L,11,airwrite,,,
data/raw_airwrite/L/airwrite_L_20260804_151428_539580_2f2740.png,L,11,airwrite,,,
data/raw_airwrite/L/airwrite_L_20260804_151432_198512_9a7640.png,L,11,airwrite,,,
data/raw_airwrite/L/airwrite_L_20260804_151434_815383_e949b6.png,L,11,airwrite,,,
data/raw_airwrite/L/airwrite_L_20260804_151437_094240_5e6ddc.png,L,11,airwrite,,,
data/raw_airwrite/L/airwrite_L_20260804_151439_024413_0d9d29.png,L,11,airwrite,,,
data/raw_airwrite/L/airwrite_L_20260804_151442_045559_8000ee.png,L,11,airwrite,,,
data/raw_airwrite/L/airwrite_L_20260804_151444_347349_148f87.png,L,11,airwrite,,,
data/raw_airwrite/L/airwrite_L_20260804_151447_480512_6d4872.png,L,11,airwrite,,,
data/raw_airwrite/L/airwrite_L_20260804_151449_637163_de5af3.png,L,11,airwrite,,,
data/raw_airwrite/L/airwrite_L_20260804_151451_587870_d4eccc.png,L,11,airwrite,,,
data/raw_airwrite/L/airwrite_L_20260804_151453_780142_531f1f.png,L,11,airwrite,,,
data/raw_airwrite/L/airwrite_L_20260804_151456_943443_7164dd.png,L,11,airwrite,,,
data/raw_airwrite/L/airwrite_L_20260804_151458_994467_7313eb.png,L,11,airwrite,,,
data/raw_airwrite/L/airwrite_L_20260804_151501_335073_309a43.png,L,11,airwrite,,,
data/raw_airwrite/L/airwrite_L_20260804_151503_398652_8e65b9.png,L,11,airwrite,,,
data/raw_airwrite/L/airwrite_L_20260804_151505_651356_1abdde.png,L,11,airwrite,,,
data/raw_airwrite/L/airwrite_L_20260804_151508_440171_ca9a89.png,L,11,airwrite,,,
data/raw_airwrite/L/airwrite_L_20260804_151510_780840_ee801c.png,L,11,airwrite,,,
data/raw_airwrite/L/airwrite_L_20260804_151512_491606_b1bb51.png,L,11,airwrite,,,
data/raw_airwrite/L/airwrite_L_20260804_151513_277222_41751f.png,L,11,airwrite,,,
data/raw_airwrite/L/airwrite_L_20260804_151527_996081_81b41b.png,L,11,airwrite,,,
data/raw_airwrite/L/airwrite_L_20260804_151530_956886_a0f199.png,L,11,airwrite,,,
data/raw_airwrite/L/airwrite_L_20260804_151533_921764_65fe47.png,L,11,airwrite,,,
data/raw_airwrite/L/airwrite_L_20260804_151537_403266_1ca115.png,L,11,airwrite,,,
data/raw_airwrite/L/airwrite_L_20260804_151544_341771_130aed.png,L,11,airwrite,,,
data/raw_airwrite/L/airwrite_L_20260804_151558_638222_aaf3b8.png,L,11,airwrite,,,
data/raw_airwrite/L/airwrite_L_20260804_151600_838317_132cd6.png,L,11,airwrite,,,
data/raw_airwrite/L/airwrite_L_20260804_151602_649374_d822b1.png,L,11,airwrite,,,
data/raw_airwrite/L/airwrite_L_20260804_151605_089349_58ee83.png,L,11,airwrite,,,
data/raw_airwrite/L/airwrite_L_20260804_151608_114802_dcb6ec.png,L,11,airwrite,,,
data/raw_airwrite/L/airwrite_L_20260804_151613_472958_8dfc36.png,L,11,airwrite,,,
data/raw_airwrite/L/airwrite_L_20260804_151615_531336_e72c5c.png,L,11,airwrite,,,
data/raw_airwrite/L/airwrite_L_20260804_151617_863509_6b7f90.png,L,11,airwrite,,,
data/raw_airwrite/L/airwrite_L_20260804_151627_127502_0f0d85.png,L,11,airwrite,,,
data/raw_airwrite/L/airwrite_L_20260804_151630_152231_5f3093.png,L,11,airwrite,,,
data/raw_airwrite/L/airwrite_L_20260804_151635_080005_0e6ecd.png,L,11,airwrite,,,
data/raw_airwrite/L/airwrite_L_20260804_151640_382880_2be320.png,L,11,airwrite,,,
data/raw_airwrite/L/airwrite_L_20260804_151649_011991_340d8f.png,L,11,airwrite,,,
data/raw_airwrite/L/airwrite_L_20260804_151651_205093_270864.png,L,11,airwrite,,,
data/raw_airwrite/L/airwrite_L_20260804_151653_624675_cf5c1d.png,L,11,airwrite,,,
data/raw_airwrite/L/airwrite_L_20260804_151657_521429_cb5b1b.png,L,11,airwrite,,,
data/raw_airwrite/L/airwrite_L_20260804_151700_820874_1629f5.png,L,11,airwrite,,,
data/raw_airwrite/L/airwrite_L_20260804_151703_346455_7030e6.png,L,11,airwrite,,,
data/raw_airwrite/L/airwrite_L_20260804_151705_474256_bc29ec.png,L,11,airwrite,,,
data/raw_airwrite/L/airwrite_L_20260804_151715_205503_7fb0c9.png,L,11,airwrite,,,
data/raw_airwrite/L/airwrite_L_20260804_151718_460856_157b9a.png,L,11,airwrite,,,
data/raw_airwrite/L/airwrite_L_20260804_151720_844277_3bcd7b.png,L,11,airwrite,,,
data/raw_airwrite/L/airwrite_L_20260804_151723_209777_d9c57a.png,L,11,airwrite,,,
data/raw_airwrite/L/airwrite_L_20260804_151728_847234_9f2936.png,L,11,airwrite,,,
data/raw_airwrite/L/airwrite_L_20260901_164537_087288_f49a46.png,L,11,airwrite,,,
data/raw_airwrite/L/airwrite_L_20260901_164538_977029_e0167d.png,L,11,airwrite,,,
data/raw_airwrite/L/airwrite_L_20260901_164540_791506_f51f31.png,L,11,airwrite,,,
data/raw_airwrite/L/airwrite_L_20260901_164542_946277_fa93c2.png,L,11,airwrite,,,
data/raw_airwrite/L/airwrite_L_20260901_164546_953631_ec6c49.png,L,11,airwrite,,,
data/raw_airwrite/L/airwrite_L_20260901_164548_800673_3501f9.png,L,11,airwrite,,,
data/raw_airwrite/L/airwrite_L_20260901_164550_741488_1cd6bf.png,L,11,airwrite,,,
data/raw_airwrite/L/airwrite_L_20260901_164555_128746_efd6a1.png,L,11,airwrite,,,
data/raw_airwrite/L/airwrite_L_20260901_164557_178548_4e1bd4.png,L,11,airwrite,,,
data/raw_airwrite/L/airwrite_L_20260901_164601_547107_0e4977.png,L,11,airwrite,,,
data/raw_airwrite/L/airwrite_L_20260901_164603_459886_6dd7ee.png,L,11,airwrite,,,
data/raw_airwrite/L/airwrite_L_20260901_164605_390732_f64948.png,L,11,airwrite,,,
data/raw_airwrite/L/airwrite_L_20260901_164608_982658_c27601.png,L,11,airwrite,,,
data/raw_airwrite/L/airwrite_L_20260901_164611_037983_d8c4cf.png,L,11,airwrite,,,
data/raw_airwrite/L/airwrite_L_20260901_164613_249101_dca385.png,L,11,airwrite,,,
data/raw_airwrite/L/airwrite_L_20260901_164616_868895_967e29.png,L,11,airwrite,,,
data/raw_airwrite/L/airwrite_L_20260901_164618_648548_d3eec6.png,L,11,airwrite,,,
data/raw_airwrite/L/airwrite_L_20260901_164620_718445_ca4b22.png,L,11,airwrite,,,
data/raw_airwrite/L/airwrite_L_20260901_164622_511579_d9865f.png,L,11,airwrite,,,
data/raw_airwrite/L/airwrite_L_20260901_164626_858976_c54c25.png,L,11,airwrite,,,
data/raw_airwrite/L/airwrite_L_20260901_164629_411310_bd6a4e.png,L,11,airwrite,,,
data/raw_airwrite/L/airwrite_L_20260901_164631_621762_d3c543.png,L,11,airwrite,,,
data/raw_airwrite/L/airwrite_L_20260901_164633_756739_71385d.png,L,11,airwrite,,,
data/raw_airwrite/L/airwrite_L_20260901_164635_795318_803d3b.png,L,11,airwrite,,,
data/raw_airwrite/L/airwrite_L_20260901_164637_419991_b6b831.png,L,11,airwrite,,,
data/raw_airwrite/L/airwrite_L_20260901_164640_903918_03c0a5.png,L,11,airwrite,,,
data/raw_airwrite/L/airwrite_L_20260901_164642_852953_84522f.png,L,11,airwrite,,,
data/raw_airwrite/L/airwrite_L_20260901_164644_845174_0478d6.png,L,11,airwrite,,,
data/raw_airwrite/L/airwrite_L_20260901_164646_866946_5a5e11.png,L,11,airwrite,,,
data/raw_airwrite/L/airwrite_L_20260903_155355_932358_1f6b20.png,L,11,airwrite,,,
data/raw_airwrite/L/airwrite_L_20260903_155358_159203_dae6bc.png,L,11,airwrite,,,
data/raw_airwrite/L/airwrite_L_20260903_155404_562434_2bd75a.png,L,11,airwrite,,,
data/raw_airwrite/L/airwrite_L_20260903_155409_081656_ffd604.png,L,11,airwrite,,,
data/raw_airwrite/L/airwrite_L_20260903_155412_574961_fb0b51.png,L,11,airwrite,,,
data/raw_airwrite/L/airwrite_L_20260903_155414_915360_56de41.png,L,11,airwrite,,,
data/raw_airwrite/L/airwrite_L_20260903_155419_372079_8d7977.png,L,11,airwrite,,,
data/raw_airwrite/L/airwrite_L_20260903_155444_081736_84ed21.png,L,11,airwrite,,,
data/raw_airwrite/L/airwrite_L_20260903_155450_308103_1e2940.png,L,11,airwrite,,,
data/raw_airwrite/L/airwrite_L_20260903_155452_307792_134ab4.png,L,11,airwrite,,,
data/raw_airwrite/L/airwrite_L_20260903_155456_625088_a768e8.png,L,11,airwrite,,,
data/raw_airwrite/L/airwrite_L_20260903_155503_278899_bb59a7.png,L,11,airwrite,,,
data/raw_airwrite/L/airwrite_L_20260903_155506_005124_a6502e.png,L,11,airwrite,,,
data/raw_airwrite/L/airwrite_L_20260903_155508_771050_26cbec.png,L,11,airwrite,,,
data/raw_airwrite/L/airwrite_L_20260903_155512_071802_4c4749.png,L,11,airwrite,,,
data/raw_airwrite/L/airwrite_L_20260903_155513_872471_65769e.png,L,11,airwrite,,,
data/raw_airwrite/L/airwrite_L_20260903_155515_949865_fb82ac.png,L,11,airwrite,,,
data/raw_airwrite/L/airwrite_L_20260903_155519_645076_d99456.png,L,11,airwrite,,,
data/raw_airwrite/L/airwrite_L_20260903_155521_905593_60e4d5.png,L,11,airwrite,,,
data/raw_airwrite/L/airwrite_L_20260903_155525_534566_7852e8.png,L,11,airwrite,,,
data/raw_airwrite/L/airwrite_L_20260903_155527_611904_4cbe5b.png,L,11,airwrite,,,
data/raw_airwrite/L/airwrite_L_20260903_155530_882019_0f4bb6.png,L,11,airwrite,,,
data/raw_airwrite/L/airwrite_L_20260903_155533_017910_6f7cdd.png,L,11,airwrite,,,
data/raw_airwrite/L/airwrite_L_20260903_155535_747363_6372de.png,L,11,airwrite,,,
data/raw_airwrite/L/airwrite_L_20260903_155539_468538_426a81.png,L,11,airwrite,,,
data/raw_airwrite/L/airwrite_L_20260903_155541_480425_aa0a0a.png,L,11,airwrite,,,
data/raw_airwrite/L/airwrite_L_20260903_155547_588598_393c66.png,L,11,airwrite,,,
data/raw_airwrite/L/airwrite_L_20260903_155551_079060_1201c8.png,L,11,airwrite,,,
data/raw_airwrite/L/airwrite_L_20260903_155554_721570_cbaed4.png,L,11,airwrite,,,
data/raw_airwrite/L/airwrite_L_20260903_155556_553544_9e4676.png,L,11,airwrite,,,
data/raw_airwrite/L/airwrite_L_20260903_155558_643567_f8cf0b.png,L,11,airwrite,,,
data/raw_airwrite/L/airwrite_L_20260903_155600_304091_10c5e0.png,L,11,airwrite,,,
data/raw_airwrite/L/airwrite_L_20260903_155605_372549_b39705.png,L,11,airwrite,,,
data/raw_airwrite/L/airwrite_L_20260903_155607_164600_1e8dc1.png,L,11,airwrite,,,
data/raw_airwrite/L/airwrite_L_20260903_155609_728509_5d01fe.png,L,11,airwrite,,,
data/raw_airwrite/L/airwrite_L_20260903_155611_813448_d595a5.png,L,11,airwrite,,,
data/raw_airwrite/L/airwrite_L_20260903_155622_405083_4d3c41.png,L,11,airwrite,,,
data/raw_airwrite/L/airwrite_L_20260903_155624_303488_652ea5.png,L,11,airwrite,,,
data/raw_airwrite/L/airwrite_L_20260903_155635_971522_f15e99.png,L,11,airwrite,,,
data/raw_airwrite/L/airwrite_L_20260903_155638_211573_2034a0.png,L,11,airwrite,,,
data/raw_airwrite/L/airwrite_L_20260903_155640_316564_86e9c7.png,L,11,airwrite,,,
data/raw_airwrite/L/airwrite_L_20260903_155643_779355_c4428d.png,L,11,airwrite,,,
data/raw_airwrite/L/airwrite_L_20260903_155646_045213_28b275.png,L,11,airwrite,,,
data/raw_airwrite/L/airwrite_L_20260903_155649_607881_e85a9e.png,L,11,airwrite,,,
data/raw_airwrite/L/airwrite_L_20260903_155651_550056_32a09b.png,L,11,airwrite,,,
data/raw_airwrite/L/airwrite_L_20260903_155655_235689_165308.png,L,11,airwrite,,,
data/raw_airwrite/L/airwrite_L_20260903_155657_710804_e763b2.png,L,11,airwrite,,,
data/raw_airwrite/L/airwrite_L_20260903_155701_154462_cddd2f.png,L,11,airwrite,,,
data/raw_airwrite/L/airwrite_L_20260903_155703_137258_567bc7.png,L,11,airwrite,,,
data/raw_airwrite/L/airwrite_L_20260903_155705_078645_03037a.png,L,11,airwrite,,,
data/raw_airwrite/L/airwrite_L_20260903_155709_308269_6f4dd7.png,L,11,airwrite,,,
data/raw_airwrite/L/airwrite_L_20260903_155711_890312_2c55b5.png,L,11,airwrite,,,
data/raw_airwrite/L/airwrite_L_20260903_155713_958623_9907e7.png,L,11,airwrite,,,
data/raw_airwrite/L/airwrite_L_20260903_155718_261439_cdb476.png,L,11,airwrite,,,
data/raw_airwrite/L/airwrite_L_20260903_155721_689124_0ce273.png,L,11,airwrite,,,
data/raw_airwrite/L/airwrite_L_20260903_155725_094566_2883a2.png,L,11,airwrite,,,
data/raw_airwrite/L/airwrite_L_20260903_155727_294848_6dd514.png,L,11,airwrite,,,
data/raw_airwrite/L/airwrite_L_20260903_155731_867573_c6afe6.png,L,11,airwrite,,,
data/raw_airwrite/L/airwrite_L_20260903_155733_793132_a0805b.png,L,11,airwrite,,,
data/raw_airwrite/L/airwrite_L_20260903_155738_476688_41e2ee.png,L,11,airwrite,,,
data/raw_airwrite/L/airwrite_L_20260903_155740_521609_f5001b.png,L,11,airwrite,,,
data/raw_airwrite/L/airwrite_lowercase_l_20260805_213942_656664_eeceb5.png,L,11,airwrite,,,
data/raw_airwrite/L/airwrite_lowercase_l_20260805_213944_756624_ff5171.png,L,11,airwrite,,,
data/raw_airwrite/L/airwrite_lowercase_l_20260805_213953_807491_30904a.png,L,11,airwrite,,,
data/raw_airwrite/L/airwrite_lowercase_l_20260805_213956_580080_c24023.png,L,11,airwrite,,,
data/raw_airwrite/L/airwrite_lowercase_l_20260805_214028_532568_e4cdf6.png,L,11,airwrite,,,
data/raw_airwrite/L/airwrite_lowercase_l_20260805_214031_417954_c9b039.png,L,11,airwrite,,,
data/raw_airwrite/L/airwrite_lowercase_l_20260805_214037_540446_567c4e.png,L,11,airwrite,,,
data/raw_airwrite/L/airwrite_lowercase_l_20260805_214050_704841_495c98.png,L,11,airwrite,,,
data/raw_airwrite/L/airwrite_lowercase_l_20260805_214057_898694_a71916.png,L,11,airwrite,,,
data/raw_airwrite/L/airwrite_lowercase_l_20260805_214100_822257_4b123c.png,L,11,airwrite,,,
data/raw_airwrite/M/airwrite_lowercase_m_20260805_214116_692544_3f5d5b.png,M,12,airwrite,,,
data/raw_airwrite/M/airwrite_lowercase_m_20260805_214119_624537_33fdc9.png,M,12,airwrite,,,
data/raw_airwrite/M/airwrite_lowercase_m_20260805_214124_452949_f94547.png,M,12,airwrite,,,
data/raw_airwrite/M/airwrite_lowercase_m_20260805_214127_270363_421b7e.png,M,12,airwrite,,,
data/raw_airwrite/M/airwrite_lowercase_m_20260805_214131_918025_62b44b.png,M,12,airwrite,,,
data/raw_airwrite/M/airwrite_lowercase_m_20260805_214134_731539_51edd8.png,M,12,airwrite,,,
data/raw_airwrite/M/airwrite_lowercase_m_20260805_214137_465412_f21788.png,M,12,airwrite,,,
data/raw_airwrite/M/airwrite_lowercase_m_20260805_214140_208807_86daf0.png,M,12,airwrite,,,
data/raw_airwrite/M/airwrite_lowercase_m_20260805_214148_555228_fd581c.png,M,12,airwrite,,,
data/raw_airwrite/M/airwrite_lowercase_m_20260805_214150_943842_7451b8.png,M,12,airwrite,,,
data/raw_airwrite/M/airwrite_M_20260804_151749_108238_717eba.png,M,12,airwrite,,,
data/raw_airwrite/M/airwrite_M_20260804_151752_807531_02cadd.png,M,12,airwrite,,,
data/raw_airwrite/M/airwrite_M_20260804_151756_273233_4eff31.png,M,12,airwrite,,,
data/raw_airwrite/M/airwrite_M_20260804_151801_696878_7460e5.png,M,12,airwrite,,,
data/raw_airwrite/M/airwrite_M_20260804_151805_339431_f7dc7c.png,M,12,airwrite,,,
data/raw_airwrite/M/airwrite_M_20260804_151820_981599_b4d299.png,M,12,airwrite,,,
data/raw_airwrite/M/airwrite_M_20260804_151824_370296_712d10.png,M,12,airwrite,,,
data/raw_airwrite/M/airwrite_M_20260804_151826_946405_a82be4.png,M,12,airwrite,,,
data/raw_airwrite/M/airwrite_M_20260804_151827_328218_2a6939.png,M,12,airwrite,,,
data/raw_airwrite/M/airwrite_M_20260804_151830_948724_d1f468.png,M,12,airwrite,,,
data/raw_airwrite/M/airwrite_M_20260804_151834_252779_e642bb.png,M,12,airwrite,,,
data/raw_airwrite/M/airwrite_M_20260804_151837_459503_460b76.png,M,12,airwrite,,,
data/raw_airwrite/M/airwrite_M_20260804_151853_419463_8fa85e.png,M,12,airwrite,,,
data/raw_airwrite/M/airwrite_M_20260804_151857_673974_ae681d.png,M,12,airwrite,,,
data/raw_airwrite/M/airwrite_M_20260804_151906_107132_a06f43.png,M,12,airwrite,,,
data/raw_airwrite/M/airwrite_M_20260804_151910_878013_923c3e.png,M,12,airwrite,,,
data/raw_airwrite/M/airwrite_M_20260804_151918_549930_99f517.png,M,12,airwrite,,,
data/raw_airwrite/M/airwrite_M_20260804_151925_720534_8db918.png,M,12,airwrite,,,
data/raw_airwrite/M/airwrite_M_20260804_151929_489570_33aaea.png,M,12,airwrite,,,
data/raw_airwrite/M/airwrite_M_20260804_151932_405557_672122.png,M,12,airwrite,,,
data/raw_airwrite/M/airwrite_M_20260804_151938_151938_e611ba.png,M,12,airwrite,,,
data/raw_airwrite/M/airwrite_M_20260804_151941_556029_b4ea66.png,M,12,airwrite,,,
data/raw_airwrite/M/airwrite_M_20260804_151944_827717_0a32ce.png,M,12,airwrite,,,
data/raw_airwrite/M/airwrite_M_20260804_151948_101806_d4214e.png,M,12,airwrite,,,
data/raw_airwrite/M/airwrite_M_20260804_151951_376650_d98415.png,M,12,airwrite,,,
data/raw_airwrite/M/airwrite_M_20260804_151954_751065_4619f7.png,M,12,airwrite,,,
data/raw_airwrite/M/airwrite_M_20260804_151957_492124_797c81.png,M,12,airwrite,,,
data/raw_airwrite/M/airwrite_M_20260804_152006_851182_01f596.png,M,12,airwrite,,,
data/raw_airwrite/M/airwrite_M_20260804_152013_996665_0256bb.png,M,12,airwrite,,,
data/raw_airwrite/M/airwrite_M_20260804_152016_657768_f263aa.png,M,12,airwrite,,,
data/raw_airwrite/M/airwrite_M_20260804_152019_178384_e6a94d.png,M,12,airwrite,,,
data/raw_airwrite/M/airwrite_M_20260804_152021_752583_1e4246.png,M,12,airwrite,,,
data/raw_airwrite/M/airwrite_M_20260804_152026_865550_dd3dc8.png,M,12,airwrite,,,
data/raw_airwrite/M/airwrite_M_20260804_152029_672190_6764af.png,M,12,airwrite,,,
data/raw_airwrite/M/airwrite_M_20260804_152032_516272_f94185.png,M,12,airwrite,,,
data/raw_airwrite/M/airwrite_M_20260804_152040_601344_ce5420.png,M,12,airwrite,,,
data/raw_airwrite/M/airwrite_M_20260804_152043_209261_f6c42d.png,M,12,airwrite,,,
data/raw_airwrite/M/airwrite_M_20260804_152045_769170_b81d4b.png,M,12,airwrite,,,
data/raw_airwrite/M/airwrite_M_20260804_152052_348441_061048.png,M,12,airwrite,,,
data/raw_airwrite/M/airwrite_M_20260804_152055_442211_6b197d.png,M,12,airwrite,,,
data/raw_airwrite/M/airwrite_M_20260804_152114_082160_125d56.png,M,12,airwrite,,,
data/raw_airwrite/M/airwrite_M_20260804_152120_506273_a1df6e.png,M,12,airwrite,,,
data/raw_airwrite/M/airwrite_M_20260804_152123_321148_a9cd56.png,M,12,airwrite,,,
data/raw_airwrite/M/airwrite_M_20260804_152126_549357_8ed340.png,M,12,airwrite,,,
data/raw_airwrite/M/airwrite_M_20260804_152129_136462_43bcf6.png,M,12,airwrite,,,
data/raw_airwrite/M/airwrite_M_20260804_152129_301492_f4b2a4.png,M,12,airwrite,,,
data/raw_airwrite/M/airwrite_M_20260804_152136_861405_b6f51c.png,M,12,airwrite,,,
data/raw_airwrite/M/airwrite_M_20260804_152139_303328_d0afc7.png,M,12,airwrite,,,
data/raw_airwrite/M/airwrite_M_20260804_152141_537046_5eaaab.png,M,12,airwrite,,,
data/raw_airwrite/M/airwrite_M_20260903_155853_914336_b71328.png,M,12,airwrite,,,
data/raw_airwrite/M/airwrite_M_20260903_155858_362374_979735.png,M,12,airwrite,,,
data/raw_airwrite/M/airwrite_M_20260903_155901_188985_cf57d4.png,M,12,airwrite,,,
data/raw_airwrite/M/airwrite_M_20260903_155906_220301_3bd0b8.png,M,12,airwrite,,,
data/raw_airwrite/M/airwrite_M_20260903_155909_225450_cfc5c7.png,M,12,airwrite,,,
data/raw_airwrite/M/airwrite_M_20260903_155910_252009_e2f4ce.png,M,12,airwrite,,,
data/raw_airwrite/M/airwrite_M_20260903_155915_483092_4ec510.png,M,12,airwrite,,,
data/raw_airwrite/M/airwrite_M_20260903_155918_949326_7ee597.png,M,12,airwrite,,,
data/raw_airwrite/M/airwrite_M_20260903_155924_224964_69e593.png,M,12,airwrite,,,
data/raw_airwrite/M/airwrite_M_20260903_155927_297004_925cdd.png,M,12,airwrite,,,
data/raw_airwrite/M/airwrite_M_20260903_155932_533434_6e3dc7.png,M,12,airwrite,,,
data/raw_airwrite/M/airwrite_M_20260903_155935_072711_c3db92.png,M,12,airwrite,,,
data/raw_airwrite/M/airwrite_M_20260903_155939_493177_c6c94c.png,M,12,airwrite,,,
data/raw_airwrite/M/airwrite_M_20260903_155942_769588_1da38c.png,M,12,airwrite,,,
data/raw_airwrite/M/airwrite_M_20260903_155946_812904_54a7d6.png,M,12,airwrite,,,
data/raw_airwrite/M/airwrite_M_20260903_155949_501295_dbacc0.png,M,12,airwrite,,,
data/raw_airwrite/M/airwrite_M_20260903_155953_317865_a20ccc.png,M,12,airwrite,,,
data/raw_airwrite/M/airwrite_M_20260903_155956_027330_faa1f3.png,M,12,airwrite,,,
data/raw_airwrite/M/airwrite_M_20260903_160002_102375_feb1f2.png,M,12,airwrite,,,
data/raw_airwrite/M/airwrite_M_20260903_160004_730154_e81f06.png,M,12,airwrite,,,
data/raw_airwrite/M/airwrite_M_20260903_160009_666126_a8a0be.png,M,12,airwrite,,,
data/raw_airwrite/M/airwrite_M_20260903_160012_800897_46c982.png,M,12,airwrite,,,
data/raw_airwrite/M/airwrite_M_20260903_160015_540770_a128c2.png,M,12,airwrite,,,
data/raw_airwrite/M/airwrite_M_20260903_160018_155758_1a027e.png,M,12,airwrite,,,
data/raw_airwrite/M/airwrite_M_20260903_160022_817896_5478c1.png,M,12,airwrite,,,
data/raw_airwrite/M/airwrite_M_20260903_160025_736166_70a07b.png,M,12,airwrite,,,
data/raw_airwrite/M/airwrite_M_20260903_160029_847568_dbabda.png,M,12,airwrite,,,
data/raw_airwrite/M/airwrite_M_20260903_160036_207252_b93b4e.png,M,12,airwrite,,,
data/raw_airwrite/M/airwrite_M_20260903_160040_408803_cde6b1.png,M,12,airwrite,,,
data/raw_airwrite/M/airwrite_M_20260903_160042_941512_cea64b.png,M,12,airwrite,,,
data/raw_airwrite/M/airwrite_M_20260903_160047_083677_889c36.png,M,12,airwrite,,,
data/raw_airwrite/M/airwrite_M_20260903_160053_689113_04f3b8.png,M,12,airwrite,,,
data/raw_airwrite/M/airwrite_M_20260903_160101_555140_4df055.png,M,12,airwrite,,,
data/raw_airwrite/M/airwrite_M_20260903_160107_022453_1d3107.png,M,12,airwrite,,,
data/raw_airwrite/M/airwrite_M_20260903_160116_174143_af52a4.png,M,12,airwrite,,,
data/raw_airwrite/M/airwrite_M_20260903_160119_938691_a0e37f.png,M,12,airwrite,,,
data/raw_airwrite/M/airwrite_M_20260903_160142_297895_0c314d.png,M,12,airwrite,,,
data/raw_airwrite/M/airwrite_M_20260903_160145_773290_ca5574.png,M,12,airwrite,,,
data/raw_airwrite/M/airwrite_M_20260903_160149_385564_7d6fd0.png,M,12,airwrite,,,
data/raw_airwrite/M/airwrite_M_20260903_160152_349240_b77faf.png,M,12,airwrite,,,
data/raw_airwrite/M/airwrite_M_20260903_160154_832786_7115fe.png,M,12,airwrite,,,
data/raw_airwrite/M/airwrite_M_20260903_160157_686709_ca22ef.png,M,12,airwrite,,,
data/raw_airwrite/M/airwrite_M_20260903_160202_675255_1b9e5a.png,M,12,airwrite,,,
data/raw_airwrite/M/airwrite_M_20260903_160205_545400_4c6bc5.png,M,12,airwrite,,,
data/raw_airwrite/M/airwrite_M_20260903_160211_928439_8a97e4.png,M,12,airwrite,,,
data/raw_airwrite/M/airwrite_M_20260903_160215_272701_b2cccd.png,M,12,airwrite,,,
data/raw_airwrite/M/airwrite_M_20260903_160218_794265_2121bd.png,M,12,airwrite,,,
data/raw_airwrite/M/airwrite_M_20260903_160222_564341_179b2e.png,M,12,airwrite,,,
data/raw_airwrite/M/airwrite_M_20260903_160223_593486_e659fb.png,M,12,airwrite,,,
data/raw_airwrite/M/airwrite_M_20260903_160228_584971_63d221.png,M,12,airwrite,,,
data/raw_airwrite/M/airwrite_M_20260903_160234_256528_2d2227.png,M,12,airwrite,,,
data/raw_airwrite/M/airwrite_M_20260903_160237_199749_a4be2f.png,M,12,airwrite,,,
data/raw_airwrite/M/airwrite_M_20260903_160243_781367_372043.png,M,12,airwrite,,,
data/raw_airwrite/M/airwrite_M_20260903_160246_946087_b463ca.png,M,12,airwrite,,,
data/raw_airwrite/M/airwrite_M_20260903_160255_708256_21b44e.png,M,12,airwrite,,,
data/raw_airwrite/M/airwrite_M_20260903_160258_700904_078876.png,M,12,airwrite,,,
data/raw_airwrite/M/airwrite_M_20260903_160303_389731_7bbc02.png,M,12,airwrite,,,
data/raw_airwrite/M/airwrite_M_20260903_160310_394486_5e1959.png,M,12,airwrite,,,
data/raw_airwrite/M/airwrite_M_20260903_160313_713017_ea4a74.png,M,12,airwrite,,,
data/raw_airwrite/M/airwrite_M_20260903_160317_900935_f50d01.png,M,12,airwrite,,,
data/raw_airwrite/M/airwrite_M_20260903_160331_525299_e6c179.png,M,12,airwrite,,,
data/raw_airwrite/M/airwrite_M_20260903_160336_539478_95eeb8.png,M,12,airwrite,,,
data/raw_airwrite/M/airwrite_M_20260903_160339_269341_97a567.png,M,12,airwrite,,,
data/raw_airwrite/M/airwrite_M_20260903_160345_924361_701309.png,M,12,airwrite,,,
data/raw_airwrite/M/airwrite_M_20260903_160349_453228_d714de.png,M,12,airwrite,,,
data/raw_airwrite/M/airwrite_M_20260903_160353_236034_8cca4b.png,M,12,airwrite,,,
data/raw_airwrite/M/airwrite_M_20260903_160359_731237_929028.png,M,12,airwrite,,,
data/raw_airwrite/M/airwrite_M_20260903_160403_190630_787340.png,M,12,airwrite,,,
data/raw_airwrite/M/airwrite_M_20260903_160408_450636_a3e762.png,M,12,airwrite,,,
data/raw_airwrite/M/airwrite_M_20260903_160414_463008_a0fe9b.png,M,12,airwrite,,,
data/raw_airwrite/M/airwrite_M_20260903_160423_592675_384de1.png,M,12,airwrite,,,
data/raw_airwrite/M/airwrite_M_20260903_160435_333807_2aed22.png,M,12,airwrite,,,
data/raw_airwrite/M/airwrite_M_20260903_160438_110188_d0c6e4.png,M,12,airwrite,,,
data/raw_airwrite/M/airwrite_M_20260903_160452_301580_ab3689.png,M,12,airwrite,,,
data/raw_airwrite/M/airwrite_M_20260903_160455_226144_02ccf0.png,M,12,airwrite,,,
data/raw_airwrite/M/airwrite_M_20260903_160501_206812_2d4125.png,M,12,airwrite,,,
data/raw_airwrite/M/airwrite_M_20260903_160505_325398_201992.png,M,12,airwrite,,,
data/raw_airwrite/M/airwrite_M_20260903_160509_829669_89ec61.png,M,12,airwrite,,,
data/raw_airwrite/M/airwrite_M_20260903_160515_248689_acd854.png,M,12,airwrite,,,
data/raw_airwrite/M/airwrite_M_20260903_160518_292011_e4eb82.png,M,12,airwrite,,,
data/raw_airwrite/M/airwrite_M_20260903_160523_166015_418d61.png,M,12,airwrite,,,
data/raw_airwrite/M/airwrite_M_20260903_160525_295512_a66f2e.png,M,12,airwrite,,,
data/raw_airwrite/M/airwrite_M_20260903_160529_197306_397cc2.png,M,12,airwrite,,,
data/raw_airwrite/M/airwrite_M_20260903_160532_244170_f1d939.png,M,12,airwrite,,,
data/raw_airwrite/M/airwrite_M_20260903_160535_156205_7c8fa8.png,M,12,airwrite,,,
data/raw_airwrite/M/airwrite_M_20260903_160541_388086_04c277.png,M,12,airwrite,,,
data/raw_airwrite/M/airwrite_M_20260903_160544_426600_a86e56.png,M,12,airwrite,,,
data/raw_airwrite/M/airwrite_M_20260903_160549_655817_11f35e.png,M,12,airwrite,,,
data/raw_airwrite/M/airwrite_M_20260903_160552_829042_823370.png,M,12,airwrite,,,
data/raw_airwrite/M/airwrite_M_20260903_160557_416968_26da0f.png,M,12,airwrite,,,
data/raw_airwrite/M/airwrite_M_20260903_160600_582205_ffaec8.png,M,12,airwrite,,,
data/raw_airwrite/N/airwrite_lowercase_n_20260805_214157_665807_d08b4f.png,N,13,airwrite,,,
data/raw_airwrite/N/airwrite_lowercase_n_20260805_214159_225705_b99282.png,N,13,airwrite,,,
data/raw_airwrite/N/airwrite_lowercase_n_20260805_214205_980954_abfd36.png,N,13,airwrite,,,
data/raw_airwrite/N/airwrite_lowercase_n_20260805_214208_587503_92836e.png,N,13,airwrite,,,
data/raw_airwrite/N/airwrite_lowercase_n_20260805_214211_453616_75bec7.png,N,13,airwrite,,,
data/raw_airwrite/N/airwrite_lowercase_n_20260805_214214_100645_1d2e62.png,N,13,airwrite,,,
data/raw_airwrite/N/airwrite_lowercase_n_20260805_214218_140606_5ad3b8.png,N,13,airwrite,,,
data/raw_airwrite/N/airwrite_lowercase_n_20260805_214226_961381_80684d.png,N,13,airwrite,,,
data/raw_airwrite/N/airwrite_lowercase_n_20260805_214229_540873_2beaaa.png,N,13,airwrite,,,
data/raw_airwrite/N/airwrite_lowercase_n_20260805_214232_868107_a57f14.png,N,13,airwrite,,,
data/raw_airwrite/N/airwrite_lowercase_n_20260805_214236_458092_a43ea7.png,N,13,airwrite,,,
data/raw_airwrite/N/airwrite_lowercase_N_20260908_142646_203527_2966dc.png,N,13,airwrite,,,
data/raw_airwrite/N/airwrite_lowercase_N_20260908_142648_550486_dafa07.png,N,13,airwrite,,,
data/raw_airwrite/N/airwrite_lowercase_N_20260908_142651_563961_ec5176.png,N,13,airwrite,,,
data/raw_airwrite/N/airwrite_lowercase_N_20260908_142655_235413_09665f.png,N,13,airwrite,,,
data/raw_airwrite/N/airwrite_lowercase_N_20260908_142657_169690_bde9a2.png,N,13,airwrite,,,
data/raw_airwrite/N/airwrite_lowercase_N_20260908_142659_638964_4f73c2.png,N,13,airwrite,,,
data/raw_airwrite/N/airwrite_lowercase_N_20260908_142702_400890_5559fd.png,N,13,airwrite,,,
data/raw_airwrite/N/airwrite_lowercase_N_20260908_142705_979347_b02d49.png,N,13,airwrite,,,
data/raw_airwrite/N/airwrite_lowercase_N_20260908_142718_602689_a62643.png,N,13,airwrite,,,
data/raw_airwrite/N/airwrite_lowercase_N_20260908_142721_267899_5acd7a.png,N,13,airwrite,,,
data/raw_airwrite/N/airwrite_lowercase_N_20260908_142726_221304_58ecb6.png,N,13,airwrite,,,
data/raw_airwrite/N/airwrite_lowercase_N_20260908_142733_481997_318441.png,N,13,airwrite,,,
data/raw_airwrite/N/airwrite_lowercase_N_20260908_142739_835706_f9d0f8.png,N,13,airwrite,,,
data/raw_airwrite/N/airwrite_lowercase_N_20260908_142745_475841_4adf3f.png,N,13,airwrite,,,
data/raw_airwrite/N/airwrite_lowercase_N_20260908_142749_279583_d4de6d.png,N,13,airwrite,,,
data/raw_airwrite/N/airwrite_lowercase_N_20260908_142754_678099_55f4cf.png,N,13,airwrite,,,
data/raw_airwrite/N/airwrite_lowercase_N_20260908_142803_915486_666fe9.png,N,13,airwrite,,,
data/raw_airwrite/N/airwrite_lowercase_N_20260908_142824_592997_7e773d.png,N,13,airwrite,,,
data/raw_airwrite/N/airwrite_lowercase_N_20260908_142826_815272_017566.png,N,13,airwrite,,,
data/raw_airwrite/N/airwrite_lowercase_N_20260908_142859_656316_3c811e.png,N,13,airwrite,,,
data/raw_airwrite/N/airwrite_lowercase_N_20260908_142905_343003_4217b5.png,N,13,airwrite,,,
data/raw_airwrite/N/airwrite_lowercase_N_20260908_142907_988438_e77097.png,N,13,airwrite,,,
data/raw_airwrite/N/airwrite_lowercase_N_20260908_142912_663581_bf8d3d.png,N,13,airwrite,,,
data/raw_airwrite/N/airwrite_lowercase_N_20260908_142915_530982_1365ea.png,N,13,airwrite,,,
data/raw_airwrite/N/airwrite_lowercase_N_20260908_142935_512006_dde818.png,N,13,airwrite,,,
data/raw_airwrite/N/airwrite_lowercase_N_20260908_142938_527077_c8ed2b.png,N,13,airwrite,,,
data/raw_airwrite/N/airwrite_lowercase_N_20260908_142940_989292_234900.png,N,13,airwrite,,,
data/raw_airwrite/N/airwrite_lowercase_N_20260908_142944_569288_c9a915.png,N,13,airwrite,,,
data/raw_airwrite/N/airwrite_lowercase_N_20260908_142951_138564_f1ac19.png,N,13,airwrite,,,
data/raw_airwrite/N/airwrite_lowercase_N_20260908_142953_386612_f9ecfe.png,N,13,airwrite,,,
data/raw_airwrite/N/airwrite_lowercase_N_20260908_142959_002605_695ffa.png,N,13,airwrite,,,
data/raw_airwrite/N/airwrite_lowercase_N_20260908_143001_542365_bab140.png,N,13,airwrite,,,
data/raw_airwrite/N/airwrite_lowercase_N_20260908_143005_540213_e85e6f.png,N,13,airwrite,,,
data/raw_airwrite/N/airwrite_lowercase_N_20260908_143008_559215_527c4a.png,N,13,airwrite,,,
data/raw_airwrite/N/airwrite_lowercase_N_20260908_143012_955717_112e85.png,N,13,airwrite,,,
data/raw_airwrite/N/airwrite_lowercase_N_20260908_143015_158551_5fbb4c.png,N,13,airwrite,,,
data/raw_airwrite/N/airwrite_lowercase_N_20260908_143017_930169_ab34cd.png,N,13,airwrite,,,
data/raw_airwrite/N/airwrite_lowercase_N_20260908_143020_265486_de969e.png,N,13,airwrite,,,
data/raw_airwrite/N/airwrite_lowercase_N_20260908_143022_627431_031922.png,N,13,airwrite,,,
data/raw_airwrite/N/airwrite_lowercase_N_20260908_143025_803679_7b1c6c.png,N,13,airwrite,,,
data/raw_airwrite/N/airwrite_lowercase_N_20260908_143048_394081_3367d8.png,N,13,airwrite,,,
data/raw_airwrite/N/airwrite_lowercase_N_20260908_143050_596153_1b1106.png,N,13,airwrite,,,
data/raw_airwrite/N/airwrite_lowercase_N_20260908_143052_709875_c4bf00.png,N,13,airwrite,,,
data/raw_airwrite/N/airwrite_lowercase_N_20260908_143055_964669_2df48a.png,N,13,airwrite,,,
data/raw_airwrite/N/airwrite_lowercase_N_20260908_143101_017030_09b9af.png,N,13,airwrite,,,
data/raw_airwrite/N/airwrite_lowercase_N_20260908_143104_794557_aa1012.png,N,13,airwrite,,,
data/raw_airwrite/N/airwrite_lowercase_N_20260908_143109_086699_65bba8.png,N,13,airwrite,,,
data/raw_airwrite/N/airwrite_lowercase_N_20260908_143111_480254_628107.png,N,13,airwrite,,,
data/raw_airwrite/N/airwrite_lowercase_N_20260908_143115_952047_143e5e.png,N,13,airwrite,,,
data/raw_airwrite/N/airwrite_lowercase_N_20260908_143118_459841_403c93.png,N,13,airwrite,,,
data/raw_airwrite/N/airwrite_N_20260804_152952_731973_c07ba0.png,N,13,airwrite,,,
data/raw_airwrite/N/airwrite_N_20260804_152955_446829_b0f056.png,N,13,airwrite,,,
data/raw_airwrite/N/airwrite_N_20260804_153226_790758_662deb.png,N,13,airwrite,,,
data/raw_airwrite/N/airwrite_N_20260804_153229_441693_5edb1d.png,N,13,airwrite,,,
data/raw_airwrite/N/airwrite_N_20260804_153233_487986_555672.png,N,13,airwrite,,,
data/raw_airwrite/N/airwrite_N_20260804_153242_954484_e4a942.png,N,13,airwrite,,,
data/raw_airwrite/N/airwrite_N_20260804_153246_228706_a3f2e8.png,N,13,airwrite,,,
data/raw_airwrite/N/airwrite_N_20260804_153256_432001_1a2292.png,N,13,airwrite,,,
data/raw_airwrite/N/airwrite_N_20260804_153311_671707_168f93.png,N,13,airwrite,,,
data/raw_airwrite/N/airwrite_N_20260804_153314_012312_e6a5a9.png,N,13,airwrite,,,
data/raw_airwrite/N/airwrite_N_20260804_153316_692671_010b53.png,N,13,airwrite,,,
data/raw_airwrite/N/airwrite_N_20260804_153327_129551_010777.png,N,13,airwrite,,,
data/raw_airwrite/N/airwrite_N_20260804_153334_526466_91d780.png,N,13,airwrite,,,
data/raw_airwrite/N/airwrite_N_20260804_153337_115329_099ab6.png,N,13,airwrite,,,
data/raw_airwrite/N/airwrite_N_20260804_153339_379352_e24a5e.png,N,13,airwrite,,,
data/raw_airwrite/N/airwrite_N_20260804_153341_563619_59f3bd.png,N,13,airwrite,,,
data/raw_airwrite/N/airwrite_N_20260804_153351_181249_9fe63c.png,N,13,airwrite,,,
data/raw_airwrite/N/airwrite_N_20260804_153353_903717_54c798.png,N,13,airwrite,,,
data/raw_airwrite/N/airwrite_N_20260804_153356_457563_816934.png,N,13,airwrite,,,
data/raw_airwrite/N/airwrite_N_20260804_153359_672885_0a05d8.png,N,13,airwrite,,,
data/raw_airwrite/N/airwrite_N_20260804_153413_712361_51a366.png,N,13,airwrite,,,
data/raw_airwrite/N/airwrite_N_20260804_153416_609080_cbd938.png,N,13,airwrite,,,
data/raw_airwrite/N/airwrite_N_20260804_153420_757323_bef572.png,N,13,airwrite,,,
data/raw_airwrite/N/airwrite_N_20260804_153423_471092_e8c20f.png,N,13,airwrite,,,
data/raw_airwrite/N/airwrite_N_20260804_153438_465400_1f5484.png,N,13,airwrite,,,
data/raw_airwrite/N/airwrite_N_20260804_153446_373918_206834.png,N,13,airwrite,,,
data/raw_airwrite/N/airwrite_N_20260804_153449_479374_4fadd7.png,N,13,airwrite,,,
data/raw_airwrite/N/airwrite_N_20260804_153519_598167_bd7c5c.png,N,13,airwrite,,,
data/raw_airwrite/N/airwrite_N_20260804_153522_645723_c12b19.png,N,13,airwrite,,,
data/raw_airwrite/N/airwrite_N_20260804_153531_536368_b37c43.png,N,13,airwrite,,,
data/raw_airwrite/N/airwrite_N_20260804_153533_929559_50a0af.png,N,13,airwrite,,,
data/raw_airwrite/N/airwrite_N_20260804_153536_837786_7449e8.png,N,13,airwrite,,,
data/raw_airwrite/N/airwrite_N_20260804_153541_405422_0edcb9.png,N,13,airwrite,,,
data/raw_airwrite/N/airwrite_N_20260804_153544_179427_f1fbd9.png,N,13,airwrite,,,
data/raw_airwrite/N/airwrite_N_20260804_153547_147231_40feeb.png,N,13,airwrite,,,
data/raw_airwrite/N/airwrite_N_20260804_153549_691520_a2761f.png,N,13,airwrite,,,
data/raw_airwrite/N/airwrite_N_20260804_153553_067461_242a57.png,N,13,airwrite,,,
data/raw_airwrite/N/airwrite_N_20260804_153555_512524_4de8c7.png,N,13,airwrite,,,
data/raw_airwrite/N/airwrite_N_20260804_153558_127721_e5ca8a.png,N,13,airwrite,,,
data/raw_airwrite/N/airwrite_N_20260804_153601_195812_a26a26.png,N,13,airwrite,,,
data/raw_airwrite/N/airwrite_N_20260804_153606_276876_1e2b8a.png,N,13,airwrite,,,
data/raw_airwrite/N/airwrite_N_20260804_153608_799701_2b3ecd.png,N,13,airwrite,,,
data/raw_airwrite/N/airwrite_N_20260804_153611_869199_ee9e41.png,N,13,airwrite,,,
data/raw_airwrite/N/airwrite_N_20260804_153615_467291_3565f9.png,N,13,airwrite,,,
data/raw_airwrite/N/airwrite_N_20260804_153618_211664_135995.png,N,13,airwrite,,,
data/raw_airwrite/N/airwrite_N_20260804_153621_373224_be0517.png,N,13,airwrite,,,
data/raw_airwrite/N/airwrite_N_20260804_153627_828648_960912.png,N,13,airwrite,,,
data/raw_airwrite/N/airwrite_N_20260804_153632_460579_ef61cc.png,N,13,airwrite,,,
data/raw_airwrite/N/airwrite_N_20260804_153635_056714_efa502.png,N,13,airwrite,,,
data/raw_airwrite/N/airwrite_N_20260804_153639_652603_48794a.png,N,13,airwrite,,,
data/raw_airwrite/N/airwrite_N_20260901_163331_391526_789f17.png,N,13,airwrite,,,
data/raw_airwrite/N/airwrite_N_20260901_163334_050759_cd3146.png,N,13,airwrite,,,
data/raw_airwrite/N/airwrite_N_20260901_163337_141425_43d9fb.png,N,13,airwrite,,,
data/raw_airwrite/N/airwrite_N_20260901_163340_644567_fa8ab3.png,N,13,airwrite,,,
data/raw_airwrite/N/airwrite_N_20260901_163350_741091_ef452a.png,N,13,airwrite,,,
data/raw_airwrite/N/airwrite_N_20260901_163405_518503_5ea8c6.png,N,13,airwrite,,,
data/raw_airwrite/N/airwrite_N_20260901_163408_840884_e78584.png,N,13,airwrite,,,
data/raw_airwrite/N/airwrite_N_20260901_163413_241242_2feb2f.png,N,13,airwrite,,,
data/raw_airwrite/N/airwrite_N_20260901_163417_901861_dba0b3.png,N,13,airwrite,,,
data/raw_airwrite/N/airwrite_N_20260901_163420_187753_c2ec9b.png,N,13,airwrite,,,
data/raw_airwrite/N/airwrite_N_20260901_163428_235812_a8fed8.png,N,13,airwrite,,,
data/raw_airwrite/N/airwrite_N_20260901_163431_861558_120432.png,N,13,airwrite,,,
data/raw_airwrite/N/airwrite_N_20260901_163446_423371_8a231c.png,N,13,airwrite,,,
data/raw_airwrite/N/airwrite_N_20260901_163450_317219_8ff418.png,N,13,airwrite,,,
data/raw_airwrite/N/airwrite_N_20260901_163454_136790_6373ea.png,N,13,airwrite,,,
data/raw_airwrite/N/airwrite_N_20260901_163456_436307_a726bb.png,N,13,airwrite,,,
data/raw_airwrite/N/airwrite_N_20260901_163500_924799_3713ec.png,N,13,airwrite,,,
data/raw_airwrite/N/airwrite_N_20260901_163505_258956_41a6fc.png,N,13,airwrite,,,
data/raw_airwrite/N/airwrite_N_20260901_163507_805663_1da9d2.png,N,13,airwrite,,,
data/raw_airwrite/N/airwrite_N_20260901_163510_972771_6af14d.png,N,13,airwrite,,,
data/raw_airwrite/N/airwrite_N_20260901_163514_032680_228e82.png,N,13,airwrite,,,
data/raw_airwrite/N/airwrite_N_20260901_163518_420480_8d248c.png,N,13,airwrite,,,
data/raw_airwrite/N/airwrite_N_20260901_163521_362513_a2864c.png,N,13,airwrite,,,
data/raw_airwrite/N/airwrite_N_20260901_163523_594520_d3fc72.png,N,13,airwrite,,,
data/raw_airwrite/N/airwrite_N_20260903_161501_706542_f1e9ce.png,N,13,airwrite,,,
data/raw_airwrite/N/airwrite_N_20260903_161505_210531_3cc672.png,N,13,airwrite,,,
data/raw_airwrite/N/airwrite_N_20260903_161511_053967_1d6a30.png,N,13,airwrite,,,
data/raw_airwrite/N/airwrite_N_20260903_161512_809252_83e14d.png,N,13,airwrite,,,
data/raw_airwrite/N/airwrite_N_20260903_161515_690102_36a62d.png,N,13,airwrite,,,
data/raw_airwrite/N/airwrite_N_20260903_161517_339110_95cc16.png,N,13,airwrite,,,
data/raw_airwrite/N/airwrite_N_20260903_161520_884362_3c10bc.png,N,13,airwrite,,,
data/raw_airwrite/N/airwrite_N_20260903_161522_734745_396310.png,N,13,airwrite,,,
data/raw_airwrite/N/airwrite_N_20260903_161528_714516_7dbbed.png,N,13,airwrite,,,
data/raw_airwrite/N/airwrite_N_20260903_161536_276483_e2d6b4.png,N,13,airwrite,,,
data/raw_airwrite/N/airwrite_N_20260903_161542_699520_2e5f6d.png,N,13,airwrite,,,
data/raw_airwrite/N/airwrite_N_20260903_161549_950132_088abf.png,N,13,airwrite,,,
data/raw_airwrite/N/airwrite_N_20260903_161556_046522_14231b.png,N,13,airwrite,,,
data/raw_airwrite/N/airwrite_N_20260903_161603_262952_73cef3.png,N,13,airwrite,,,
data/raw_airwrite/N/airwrite_N_20260903_161607_868537_394ae8.png,N,13,airwrite,,,
data/raw_airwrite/N/airwrite_N_20260903_161617_040962_3c5f92.png,N,13,airwrite,,,
data/raw_airwrite/N/airwrite_N_20260903_161624_591216_65ea06.png,N,13,airwrite,,,
data/raw_airwrite/N/airwrite_N_20260903_161628_926036_9da72c.png,N,13,airwrite,,,
data/raw_airwrite/N/airwrite_N_20260903_161633_323991_9db0a3.png,N,13,airwrite,,,
data/raw_airwrite/N/airwrite_N_20260903_161652_537235_ce875f.png,N,13,airwrite,,,
data/raw_airwrite/N/airwrite_N_20260903_161654_360382_723a3d.png,N,13,airwrite,,,
data/raw_airwrite/N/airwrite_N_20260903_161656_845016_85cab8.png,N,13,airwrite,,,
data/raw_airwrite/N/airwrite_N_20260903_161659_398137_28c8bb.png,N,13,airwrite,,,
data/raw_airwrite/N/airwrite_N_20260903_161707_537656_a4078a.png,N,13,airwrite,,,
data/raw_airwrite/N/airwrite_N_20260903_161709_344215_a52dac.png,N,13,airwrite,,,
data/raw_airwrite/N/airwrite_N_20260903_161711_805690_19977e.png,N,13,airwrite,,,
data/raw_airwrite/N/airwrite_N_20260903_161713_997221_193679.png,N,13,airwrite,,,
data/raw_airwrite/N/airwrite_N_20260903_161716_170072_74b00a.png,N,13,airwrite,,,
data/raw_airwrite/N/airwrite_N_20260903_161725_071280_b18b28.png,N,13,airwrite,,,
data/raw_airwrite/N/airwrite_N_20260903_161729_185308_7f5980.png,N,13,airwrite,,,
data/raw_airwrite/N/airwrite_N_20260903_161738_128325_ee5281.png,N,13,airwrite,,,
data/raw_airwrite/N/airwrite_N_20260903_161743_331096_2ec2a2.png,N,13,airwrite,,,
data/raw_airwrite/N/airwrite_N_20260903_161745_868213_295a08.png,N,13,airwrite,,,
data/raw_airwrite/N/airwrite_N_20260903_161752_840683_1aa535.png,N,13,airwrite,,,
data/raw_airwrite/N/airwrite_N_20260903_161759_451374_c4141c.png,N,13,airwrite,,,
data/raw_airwrite/N/airwrite_N_20260903_161805_742430_88e013.png,N,13,airwrite,,,
data/raw_airwrite/N/airwrite_N_20260903_161808_284599_e342be.png,N,13,airwrite,,,
data/raw_airwrite/N/airwrite_N_20260903_161816_436883_aa8288.png,N,13,airwrite,,,
data/raw_airwrite/N/airwrite_N_20260903_161818_900903_105313.png,N,13,airwrite,,,
data/raw_airwrite/N/airwrite_N_20260903_161820_776692_16fedf.png,N,13,airwrite,,,
data/raw_airwrite/N/airwrite_N_20260903_161823_436502_85ee35.png,N,13,airwrite,,,
data/raw_airwrite/N/airwrite_N_20260903_161826_811370_2ea1a1.png,N,13,airwrite,,,
data/raw_airwrite/N/airwrite_N_20260903_161829_545145_b66270.png,N,13,airwrite,,,
data/raw_airwrite/N/airwrite_N_20260903_161832_193735_6474a1.png,N,13,airwrite,,,
data/raw_airwrite/N/airwrite_N_20260903_161835_168220_4103e4.png,N,13,airwrite,,,
data/raw_airwrite/N/airwrite_N_20260903_161837_607293_d34ddf.png,N,13,airwrite,,,
data/raw_airwrite/N/airwrite_N_20260903_161839_756269_61869c.png,N,13,airwrite,,,
data/raw_airwrite/N/airwrite_N_20260903_161842_150755_a63773.png,N,13,airwrite,,,
data/raw_airwrite/N/airwrite_N_20260903_161844_564859_82741c.png,N,13,airwrite,,,
data/raw_airwrite/N/airwrite_N_20260903_161847_419884_062fe9.png,N,13,airwrite,,,
data/raw_airwrite/N/airwrite_N_20260903_161849_653729_74268b.png,N,13,airwrite,,,
data/raw_airwrite/N/airwrite_N_20260903_161851_180646_d1f11e.png,N,13,airwrite,,,
data/raw_airwrite/N/airwrite_N_20260903_161853_953754_8bf429.png,N,13,airwrite,,,
data/raw_airwrite/N/airwrite_N_20260903_161856_304784_6dd26a.png,N,13,airwrite,,,
data/raw_airwrite/N/airwrite_N_20260903_161858_980717_f53613.png,N,13,airwrite,,,
data/raw_airwrite/N/airwrite_N_20260903_161901_288973_fff6f0.png,N,13,airwrite,,,
data/raw_airwrite/N/airwrite_N_20260903_161903_700508_5645dd.png,N,13,airwrite,,,
data/raw_airwrite/N/airwrite_N_20260903_161905_811353_468b24.png,N,13,airwrite,,,
data/raw_airwrite/N/airwrite_N_20260903_161907_829484_c450a4.png,N,13,airwrite,,,
data/raw_airwrite/N/airwrite_N_20260903_161909_836777_477c3a.png,N,13,airwrite,,,
data/raw_airwrite/N/airwrite_N_20260903_161956_363549_12b851.png,N,13,airwrite,,,
data/raw_airwrite/N/airwrite_N_20260903_161958_384599_1f6f04.png,N,13,airwrite,,,
data/raw_airwrite/N/airwrite_N_20260903_162000_316030_b60c14.png,N,13,airwrite,,,
data/raw_airwrite/N/airwrite_N_20260903_162004_588132_21a26e.png,N,13,airwrite,,,
data/raw_airwrite/N/airwrite_N_20260903_162007_093555_edcaf3.png,N,13,airwrite,,,
data/raw_airwrite/O/airwrite_lowercase_o_20260805_214250_333732_201e35.png,O,14,airwrite,,,
data/raw_airwrite/O/airwrite_lowercase_o_20260805_214256_304813_829449.png,O,14,airwrite,,,
data/raw_airwrite/O/airwrite_lowercase_o_20260805_214258_632883_d70eb4.png,O,14,airwrite,,,
data/raw_airwrite/O/airwrite_lowercase_o_20260805_214300_973397_0ad79a.png,O,14,airwrite,,,
data/raw_airwrite/O/airwrite_lowercase_o_20260805_214303_498884_351248.png,O,14,airwrite,,,
data/raw_airwrite/O/airwrite_lowercase_o_20260805_214306_119592_6920e3.png,O,14,airwrite,,,
data/raw_airwrite/O/airwrite_lowercase_o_20260805_214308_432380_20bddf.png,O,14,airwrite,,,
data/raw_airwrite/O/airwrite_lowercase_o_20260805_214311_157319_95c07e.png,O,14,airwrite,,,
data/raw_airwrite/O/airwrite_lowercase_o_20260805_214313_808445_28df63.png,O,14,airwrite,,,
data/raw_airwrite/O/airwrite_lowercase_o_20260805_214323_867270_43a158.png,O,14,airwrite,,,
data/raw_airwrite/O/airwrite_lowercase_o_20260805_214326_131147_e571e4.png,O,14,airwrite,,,
data/raw_airwrite/O/airwrite_O_20260804_153657_484471_ceecb4.png,O,14,airwrite,,,
data/raw_airwrite/O/airwrite_O_20260804_153700_759774_42d144.png,O,14,airwrite,,,
data/raw_airwrite/O/airwrite_O_20260804_153704_626195_3b22cc.png,O,14,airwrite,,,
data/raw_airwrite/O/airwrite_O_20260804_153706_963887_8260f8.png,O,14,airwrite,,,
data/raw_airwrite/O/airwrite_O_20260804_153709_629407_551c1e.png,O,14,airwrite,,,
data/raw_airwrite/O/airwrite_O_20260804_153711_981033_cf52e9.png,O,14,airwrite,,,
data/raw_airwrite/O/airwrite_O_20260804_153714_549740_e9e5c7.png,O,14,airwrite,,,
data/raw_airwrite/O/airwrite_O_20260804_153717_103780_b5e63c.png,O,14,airwrite,,,
data/raw_airwrite/O/airwrite_O_20260804_153722_197128_f80d89.png,O,14,airwrite,,,
data/raw_airwrite/O/airwrite_O_20260804_153727_295386_344c73.png,O,14,airwrite,,,
data/raw_airwrite/O/airwrite_O_20260804_153727_572982_6df35c.png,O,14,airwrite,,,
data/raw_airwrite/O/airwrite_O_20260804_153727_900484_64a6d2.png,O,14,airwrite,,,
data/raw_airwrite/O/airwrite_O_20260804_153728_067051_6c3005.png,O,14,airwrite,,,
data/raw_airwrite/O/airwrite_O_20260804_153728_231622_001ae1.png,O,14,airwrite,,,
data/raw_airwrite/O/airwrite_O_20260804_153732_515418_d70edd.png,O,14,airwrite,,,
data/raw_airwrite/O/airwrite_O_20260804_153732_681003_f31d15.png,O,14,airwrite,,,
data/raw_airwrite/O/airwrite_O_20260804_153732_840261_f41691.png,O,14,airwrite,,,
data/raw_airwrite/O/airwrite_O_20260804_153733_001356_64b740.png,O,14,airwrite,,,
data/raw_airwrite/O/airwrite_O_20260804_153738_034376_3efc20.png,O,14,airwrite,,,
data/raw_airwrite/O/airwrite_O_20260804_153738_189034_c9b0ab.png,O,14,airwrite,,,
data/raw_airwrite/O/airwrite_O_20260804_153738_394646_22fb03.png,O,14,airwrite,,,
data/raw_airwrite/O/airwrite_O_20260804_153738_495818_3f9e5e.png,O,14,airwrite,,,
data/raw_airwrite/O/airwrite_O_20260804_153741_522856_9bf2bc.png,O,14,airwrite,,,
data/raw_airwrite/O/airwrite_O_20260804_153744_078541_a4a9eb.png,O,14,airwrite,,,
data/raw_airwrite/O/airwrite_O_20260804_153747_987919_a1ac6a.png,O,14,airwrite,,,
data/raw_airwrite/O/airwrite_O_20260804_153750_377108_99ef93.png,O,14,airwrite,,,
data/raw_airwrite/O/airwrite_O_20260804_153755_272193_22f181.png,O,14,airwrite,,,
data/raw_airwrite/O/airwrite_O_20260804_153759_888613_f39ec9.png,O,14,airwrite,,,
data/raw_airwrite/O/airwrite_O_20260804_153811_350963_a752d6.png,O,14,airwrite,,,
data/raw_airwrite/O/airwrite_O_20260804_153814_213133_74aadb.png,O,14,airwrite,,,
data/raw_airwrite/O/airwrite_O_20260804_153818_455505_0ab152.png,O,14,airwrite,,,
data/raw_airwrite/O/airwrite_O_20260804_153837_887755_420e31.png,O,14,airwrite,,,
data/raw_airwrite/O/airwrite_O_20260804_153840_183447_a71c4a.png,O,14,airwrite,,,
data/raw_airwrite/O/airwrite_O_20260804_153846_030886_46724c.png,O,14,airwrite,,,
data/raw_airwrite/O/airwrite_O_20260804_153851_757506_64b783.png,O,14,airwrite,,,
data/raw_airwrite/O/airwrite_O_20260804_154002_889984_768293.png,O,14,airwrite,,,
data/raw_airwrite/O/airwrite_O_20260804_154005_660833_738c16.png,O,14,airwrite,,,
data/raw_airwrite/O/airwrite_O_20260804_154008_250668_7c39f4.png,O,14,airwrite,,,
data/raw_airwrite/O/airwrite_O_20260804_154012_046725_6e340f.png,O,14,airwrite,,,
data/raw_airwrite/O/airwrite_O_20260804_154015_093048_bc79ce.png,O,14,airwrite,,,
data/raw_airwrite/O/airwrite_O_20260804_154017_903988_3f8251.png,O,14,airwrite,,,
data/raw_airwrite/O/airwrite_O_20260804_154034_418769_380787.png,O,14,airwrite,,,
data/raw_airwrite/O/airwrite_O_20260804_154040_076679_d7dbd4.png,O,14,airwrite,,,
data/raw_airwrite/O/airwrite_O_20260804_154050_010542_0db174.png,O,14,airwrite,,,
data/raw_airwrite/O/airwrite_O_20260804_154100_455124_7309c3.png,O,14,airwrite,,,
data/raw_airwrite/O/airwrite_O_20260804_154104_282250_223b6e.png,O,14,airwrite,,,
data/raw_airwrite/O/airwrite_O_20260804_154108_830215_723434.png,O,14,airwrite,,,
data/raw_airwrite/O/airwrite_O_20260804_154111_869623_10b3ab.png,O,14,airwrite,,,
data/raw_airwrite/O/airwrite_O_20260804_154114_311371_55faa2.png,O,14,airwrite,,,
data/raw_airwrite/O/airwrite_O_20260804_154116_919596_dfdf37.png,O,14,airwrite,,,
data/raw_airwrite/O/airwrite_O_20260804_154119_856949_4151aa.png,O,14,airwrite,,,
data/raw_airwrite/O/airwrite_O_20260804_154122_745272_6601d0.png,O,14,airwrite,,,
data/raw_airwrite/O/airwrite_O_20260804_154125_927468_0333eb.png,O,14,airwrite,,,
data/raw_airwrite/O/airwrite_O_20260804_154128_866707_c966e4.png,O,14,airwrite,,,
data/raw_airwrite/O/airwrite_O_20260804_154131_830146_1599e9.png,O,14,airwrite,,,
data/raw_airwrite/O/airwrite_O_20260804_154135_707773_558574.png,O,14,airwrite,,,
data/raw_airwrite/O/airwrite_O_20260903_162104_534886_861f7c.png,O,14,airwrite,,,
data/raw_airwrite/O/airwrite_O_20260903_162106_376193_a75a13.png,O,14,airwrite,,,
data/raw_airwrite/O/airwrite_O_20260903_162108_852720_1e0e2a.png,O,14,airwrite,,,
data/raw_airwrite/O/airwrite_O_20260903_162110_541304_263693.png,O,14,airwrite,,,
data/raw_airwrite/O/airwrite_O_20260903_162112_335768_269823.png,O,14,airwrite,,,
data/raw_airwrite/O/airwrite_O_20260903_162115_186120_881cda.png,O,14,airwrite,,,
data/raw_airwrite/O/airwrite_O_20260903_162118_365410_cca2c9.png,O,14,airwrite,,,
data/raw_airwrite/O/airwrite_O_20260903_162128_162697_20b29c.png,O,14,airwrite,,,
data/raw_airwrite/O/airwrite_O_20260903_162130_119419_bbe87e.png,O,14,airwrite,,,
data/raw_airwrite/O/airwrite_O_20260903_162132_175964_01fc36.png,O,14,airwrite,,,
data/raw_airwrite/O/airwrite_O_20260903_162134_298312_f9457b.png,O,14,airwrite,,,
data/raw_airwrite/O/airwrite_O_20260903_162136_526351_37ff25.png,O,14,airwrite,,,
data/raw_airwrite/O/airwrite_O_20260903_162138_651040_73a1a4.png,O,14,airwrite,,,
data/raw_airwrite/O/airwrite_O_20260903_162140_577052_65e2a8.png,O,14,airwrite,,,
data/raw_airwrite/O/airwrite_O_20260903_162142_776876_b4e0af.png,O,14,airwrite,,,
data/raw_airwrite/O/airwrite_O_20260903_162145_090275_24f859.png,O,14,airwrite,,,
data/raw_airwrite/O/airwrite_O_20260903_162147_375656_bb5fa3.png,O,14,airwrite,,,
data/raw_airwrite/O/airwrite_O_20260903_162157_122974_4a17c5.png,O,14,airwrite,,,
data/raw_airwrite/O/airwrite_O_20260903_162159_190518_958062.png,O,14,airwrite,,,
data/raw_airwrite/O/airwrite_O_20260903_162201_194271_dcb205.png,O,14,airwrite,,,
data/raw_airwrite/O/airwrite_O_20260903_162203_213218_b3abcc.png,O,14,airwrite,,,
data/raw_airwrite/O/airwrite_O_20260903_162206_133219_789e54.png,O,14,airwrite,,,
data/raw_airwrite/O/airwrite_O_20260903_162208_341612_840a05.png,O,14,airwrite,,,
data/raw_airwrite/O/airwrite_O_20260903_162210_495014_0e70d3.png,O,14,airwrite,,,
data/raw_airwrite/O/airwrite_O_20260903_162212_662850_f2afb5.png,O,14,airwrite,,,
data/raw_airwrite/O/airwrite_O_20260903_162216_012011_faf244.png,O,14,airwrite,,,
data/raw_airwrite/O/airwrite_O_20260903_162218_355232_8e4d99.png,O,14,airwrite,,,
data/raw_airwrite/O/airwrite_O_20260903_162221_019244_bd267c.png,O,14,airwrite,,,
data/raw_airwrite/O/airwrite_O_20260903_162226_398853_800b05.png,O,14,airwrite,,,
data/raw_airwrite/O/airwrite_O_20260903_162228_579498_b7f09e.png,O,14,airwrite,,,
data/raw_airwrite/O/airwrite_O_20260903_162230_606504_67c8af.png,O,14,airwrite,,,
data/raw_airwrite/O/airwrite_O_20260903_162236_047581_6b910c.png,O,14,airwrite,,,
data/raw_airwrite/P/airwrite_lowercase_p_20260805_214343_092569_6f1f68.png,P,15,airwrite,,,
data/raw_airwrite/P/airwrite_lowercase_p_20260805_214346_386613_942824.png,P,15,airwrite,,,
data/raw_airwrite/P/airwrite_lowercase_p_20260805_214352_571604_08896b.png,P,15,airwrite,,,
data/raw_airwrite/P/airwrite_lowercase_p_20260805_214404_000160_5849b9.png,P,15,airwrite,,,
data/raw_airwrite/P/airwrite_lowercase_p_20260805_214414_560404_262022.png,P,15,airwrite,,,
data/raw_airwrite/P/airwrite_lowercase_p_20260805_214418_339141_e23120.png,P,15,airwrite,,,
data/raw_airwrite/P/airwrite_lowercase_p_20260805_214422_866039_66b6b6.png,P,15,airwrite,,,
data/raw_airwrite/P/airwrite_lowercase_p_20260805_214429_707166_578f29.png,P,15,airwrite,,,
data/raw_airwrite/P/airwrite_lowercase_p_20260805_214435_155614_69ab1a.png,P,15,airwrite,,,
data/raw_airwrite/P/airwrite_lowercase_p_20260805_214451_539494_d151eb.png,P,15,airwrite,,,
data/raw_airwrite/P/airwrite_P_20260804_154420_906897_73e4b1.png,P,15,airwrite,,,
data/raw_airwrite/P/airwrite_P_20260804_154428_900138_e7b443.png,P,15,airwrite,,,
data/raw_airwrite/P/airwrite_P_20260804_154432_229882_6616d1.png,P,15,airwrite,,,
data/raw_airwrite/P/airwrite_P_20260804_154434_719714_abd458.png,P,15,airwrite,,,
data/raw_airwrite/P/airwrite_P_20260804_154438_415603_b9576f.png,P,15,airwrite,,,
data/raw_airwrite/P/airwrite_P_20260804_154513_577080_95160a.png,P,15,airwrite,,,
data/raw_airwrite/P/airwrite_P_20260804_154516_226978_93903e.png,P,15,airwrite,,,
data/raw_airwrite/P/airwrite_P_20260804_154519_364611_642eaf.png,P,15,airwrite,,,
data/raw_airwrite/P/airwrite_P_20260804_154523_237821_559b51.png,P,15,airwrite,,,
data/raw_airwrite/P/airwrite_P_20260804_154526_878210_43459e.png,P,15,airwrite,,,
data/raw_airwrite/P/airwrite_P_20260804_154531_401076_d43f71.png,P,15,airwrite,,,
data/raw_airwrite/P/airwrite_P_20260804_154534_663130_973dc9.png,P,15,airwrite,,,
data/raw_airwrite/P/airwrite_P_20260804_154538_406968_5e133c.png,P,15,airwrite,,,
data/raw_airwrite/P/airwrite_P_20260804_154545_284002_589df2.png,P,15,airwrite,,,
data/raw_airwrite/P/airwrite_P_20260804_154553_402229_b72dfc.png,P,15,airwrite,,,
data/raw_airwrite/P/airwrite_P_20260804_154556_192105_bf3286.png,P,15,airwrite,,,
data/raw_airwrite/P/airwrite_P_20260804_154559_463064_3542fa.png,P,15,airwrite,,,
data/raw_airwrite/P/airwrite_P_20260804_154602_630480_668bbb.png,P,15,airwrite,,,
data/raw_airwrite/P/airwrite_P_20260804_154605_553847_e858fa.png,P,15,airwrite,,,
data/raw_airwrite/P/airwrite_P_20260804_154610_546952_a7137a.png,P,15,airwrite,,,
data/raw_airwrite/P/airwrite_P_20260804_154619_535550_c39759.png,P,15,airwrite,,,
data/raw_airwrite/P/airwrite_P_20260804_154631_603643_c80b08.png,P,15,airwrite,,,
data/raw_airwrite/P/airwrite_P_20260804_154645_125651_7a2805.png,P,15,airwrite,,,
data/raw_airwrite/P/airwrite_P_20260804_154650_276937_b7a7b7.png,P,15,airwrite,,,
data/raw_airwrite/P/airwrite_P_20260804_154653_169246_fe561f.png,P,15,airwrite,,,
data/raw_airwrite/P/airwrite_P_20260804_154656_837920_ca1564.png,P,15,airwrite,,,
data/raw_airwrite/P/airwrite_P_20260804_154659_830774_0e1682.png,P,15,airwrite,,,
data/raw_airwrite/P/airwrite_P_20260804_154703_442522_6d082e.png,P,15,airwrite,,,
data/raw_airwrite/P/airwrite_P_20260804_154718_263301_3c4ec2.png,P,15,airwrite,,,
data/raw_airwrite/P/airwrite_P_20260804_154758_768766_675789.png,P,15,airwrite,,,
data/raw_airwrite/P/airwrite_P_20260804_154814_134661_e83be2.png,P,15,airwrite,,,
data/raw_airwrite/P/airwrite_P_20260804_154821_555554_7611ec.png,P,15,airwrite,,,
data/raw_airwrite/P/airwrite_P_20260804_154854_559363_01de70.png,P,15,airwrite,,,
data/raw_airwrite/P/airwrite_P_20260804_154858_414420_22cc38.png,P,15,airwrite,,,
data/raw_airwrite/P/airwrite_P_20260804_154907_868898_5e0b03.png,P,15,airwrite,,,
data/raw_airwrite/P/airwrite_P_20260804_154920_343202_5f91dd.png,P,15,airwrite,,,
data/raw_airwrite/P/airwrite_P_20260804_155001_126338_3c8f2b.png,P,15,airwrite,,,
data/raw_airwrite/P/airwrite_P_20260804_155004_377045_98a317.png,P,15,airwrite,,,
data/raw_airwrite/P/airwrite_P_20260804_155007_413487_342d3c.png,P,15,airwrite,,,
data/raw_airwrite/P/airwrite_P_20260804_155012_331079_84f540.png,P,15,airwrite,,,
data/raw_airwrite/P/airwrite_P_20260804_155015_262224_de0054.png,P,15,airwrite,,,
data/raw_airwrite/P/airwrite_P_20260804_155018_702783_4aee8c.png,P,15,airwrite,,,
data/raw_airwrite/P/airwrite_P_20260804_155035_412379_3e7b07.png,P,15,airwrite,,,
data/raw_airwrite/P/airwrite_P_20260804_155045_969317_1e6a17.png,P,15,airwrite,,,
data/raw_airwrite/P/airwrite_P_20260804_155046_533047_7fb2e1.png,P,15,airwrite,,,
data/raw_airwrite/P/airwrite_P_20260804_155118_664102_520c3c.png,P,15,airwrite,,,
data/raw_airwrite/P/airwrite_P_20260804_155229_109326_6ca44a.png,P,15,airwrite,,,
data/raw_airwrite/P/airwrite_P_20260804_155232_607778_d66fb2.png,P,15,airwrite,,,
data/raw_airwrite/P/airwrite_P_20260804_155237_773303_da804f.png,P,15,airwrite,,,
data/raw_airwrite/P/airwrite_P_20260903_162342_416809_13c79f.png,P,15,airwrite,,,
data/raw_airwrite/P/airwrite_P_20260903_162344_868029_09c45d.png,P,15,airwrite,,,
data/raw_airwrite/P/airwrite_P_20260903_162348_600853_d02f99.png,P,15,airwrite,,,
data/raw_airwrite/P/airwrite_P_20260903_162351_008772_a04960.png,P,15,airwrite,,,
data/raw_airwrite/P/airwrite_P_20260903_162353_337037_d4be01.png,P,15,airwrite,,,
data/raw_airwrite/P/airwrite_P_20260903_162357_355173_bc1412.png,P,15,airwrite,,,
data/raw_airwrite/P/airwrite_P_20260903_162359_674654_65608f.png,P,15,airwrite,,,
data/raw_airwrite/P/airwrite_P_20260903_162402_207436_2de9c1.png,P,15,airwrite,,,
data/raw_airwrite/P/airwrite_P_20260903_162404_718583_97a56b.png,P,15,airwrite,,,
data/raw_airwrite/P/airwrite_P_20260903_162407_235206_dbc4fe.png,P,15,airwrite,,,
data/raw_airwrite/P/airwrite_P_20260903_162410_802493_47b049.png,P,15,airwrite,,,
data/raw_airwrite/P/airwrite_P_20260903_162414_145923_edb050.png,P,15,airwrite,,,
data/raw_airwrite/P/airwrite_P_20260903_162418_189208_077b6c.png,P,15,airwrite,,,
data/raw_airwrite/P/airwrite_P_20260903_162422_012819_06c922.png,P,15,airwrite,,,
data/raw_airwrite/P/airwrite_P_20260903_162424_016232_eb6faa.png,P,15,airwrite,,,
data/raw_airwrite/P/airwrite_P_20260903_162426_240667_f7acf9.png,P,15,airwrite,,,
data/raw_airwrite/P/airwrite_P_20260903_162428_570283_ca171d.png,P,15,airwrite,,,
data/raw_airwrite/P/airwrite_P_20260903_162430_599299_ce7ce5.png,P,15,airwrite,,,
data/raw_airwrite/P/airwrite_P_20260903_162434_820095_d9bbce.png,P,15,airwrite,,,
data/raw_airwrite/P/airwrite_P_20260903_162438_439353_fcf147.png,P,15,airwrite,,,
data/raw_airwrite/P/airwrite_P_20260903_162443_007331_e74b6c.png,P,15,airwrite,,,
data/raw_airwrite/P/airwrite_P_20260903_162446_956743_49a452.png,P,15,airwrite,,,
data/raw_airwrite/P/airwrite_P_20260903_162449_063525_466375.png,P,15,airwrite,,,
data/raw_airwrite/P/airwrite_P_20260903_162451_295178_10871e.png,P,15,airwrite,,,
data/raw_airwrite/P/airwrite_P_20260903_162453_629616_a1d755.png,P,15,airwrite,,,
data/raw_airwrite/P/airwrite_P_20260903_162506_915238_402c78.png,P,15,airwrite,,,
data/raw_airwrite/P/airwrite_P_20260903_162509_379818_12d209.png,P,15,airwrite,,,
data/raw_airwrite/P/airwrite_P_20260903_162511_718934_4026ac.png,P,15,airwrite,,,
data/raw_airwrite/P/airwrite_P_20260903_162514_305305_349108.png,P,15,airwrite,,,
data/raw_airwrite/P/airwrite_P_20260903_162516_407270_6c67ce.png,P,15,airwrite,,,
data/raw_airwrite/P/airwrite_P_20260903_162519_879588_b41daf.png,P,15,airwrite,,,
data/raw_airwrite/P/airwrite_P_20260903_162522_436087_a5d3c1.png,P,15,airwrite,,,
data/raw_airwrite/P/airwrite_P_20260903_162524_779237_da507a.png,P,15,airwrite,,,
data/raw_airwrite/P/airwrite_P_20260903_162526_987174_cc6b15.png,P,15,airwrite,,,
data/raw_airwrite/P/airwrite_P_20260903_162530_636310_ce1069.png,P,15,airwrite,,,
data/raw_airwrite/P/airwrite_P_20260903_162535_493875_0a0301.png,P,15,airwrite,,,
data/raw_airwrite/P/airwrite_P_20260903_162537_875810_133dc3.png,P,15,airwrite,,,
data/raw_airwrite/P/airwrite_P_20260903_162540_902948_70023d.png,P,15,airwrite,,,
data/raw_airwrite/P/airwrite_P_20260903_162543_319867_ae4192.png,P,15,airwrite,,,
data/raw_airwrite/P/airwrite_P_20260903_162545_624414_ac7a2e.png,P,15,airwrite,,,
data/raw_airwrite/P/airwrite_P_20260903_162553_998092_a6824f.png,P,15,airwrite,,,
data/raw_airwrite/P/airwrite_P_20260903_162556_225634_f2b38d.png,P,15,airwrite,,,
data/raw_airwrite/P/airwrite_P_20260903_162558_399780_537063.png,P,15,airwrite,,,
data/raw_airwrite/P/airwrite_P_20260903_162600_345097_27baa1.png,P,15,airwrite,,,
data/raw_airwrite/P/airwrite_P_20260903_162602_433017_640d91.png,P,15,airwrite,,,
data/raw_airwrite/P/airwrite_P_20260903_162604_228306_a8d075.png,P,15,airwrite,,,
data/raw_airwrite/P/airwrite_P_20260903_162606_477250_a0ceea.png,P,15,airwrite,,,
data/raw_airwrite/P/airwrite_P_20260903_162608_516860_2cc619.png,P,15,airwrite,,,
data/raw_airwrite/P/airwrite_P_20260903_162611_391749_b1110c.png,P,15,airwrite,,,
data/raw_airwrite/P/airwrite_P_20260903_162614_459615_daa30b.png,P,15,airwrite,,,
data/raw_airwrite/P/airwrite_P_20260903_162616_243931_ffb0d6.png,P,15,airwrite,,,
data/raw_airwrite/P/airwrite_P_20260903_162617_288865_2060b7.png,P,15,airwrite,,,
data/raw_airwrite/P/airwrite_P_20260903_162621_277640_445565.png,P,15,airwrite,,,
data/raw_airwrite/P/airwrite_P_20260903_162627_489868_edddc5.png,P,15,airwrite,,,
data/raw_airwrite/P/airwrite_P_20260903_162629_510711_0b11d1.png,P,15,airwrite,,,
data/raw_airwrite/P/airwrite_P_20260903_162631_661578_cbc829.png,P,15,airwrite,,,
data/raw_airwrite/P/airwrite_P_20260903_162634_808252_faf647.png,P,15,airwrite,,,
data/raw_airwrite/P/airwrite_P_20260903_162637_284133_b9993e.png,P,15,airwrite,,,
data/raw_airwrite/P/airwrite_P_20260903_162639_314759_765a54.png,P,15,airwrite,,,
data/raw_airwrite/P/airwrite_P_20260903_162642_062915_21f34c.png,P,15,airwrite,,,
data/raw_airwrite/P/airwrite_P_20260903_162644_863887_133a53.png,P,15,airwrite,,,
data/raw_airwrite/P/airwrite_P_20260903_162647_640629_22b278.png,P,15,airwrite,,,
data/raw_airwrite/P/airwrite_P_20260903_162650_118825_d1ca97.png,P,15,airwrite,,,
data/raw_airwrite/P/airwrite_P_20260903_162652_260036_0e62dc.png,P,15,airwrite,,,
data/raw_airwrite/P/airwrite_P_20260903_162654_258842_0c9f5d.png,P,15,airwrite,,,
data/raw_airwrite/P/airwrite_P_20260903_162658_052234_777faf.png,P,15,airwrite,,,
data/raw_airwrite/P/airwrite_P_20260903_162700_142263_99a896.png,P,15,airwrite,,,
data/raw_airwrite/P/airwrite_P_20260903_162703_841990_c53496.png,P,15,airwrite,,,
data/raw_airwrite/P/airwrite_P_20260903_162706_355398_089207.png,P,15,airwrite,,,
data/raw_airwrite/P/airwrite_P_20260903_162709_628903_bbcbd3.png,P,15,airwrite,,,
data/raw_airwrite/P/airwrite_P_20260903_162714_032909_fc658a.png,P,15,airwrite,,,
data/raw_airwrite/P/airwrite_P_20260903_162718_701440_5dc088.png,P,15,airwrite,,,
data/raw_airwrite/P/airwrite_P_20260903_162728_960817_769bb4.png,P,15,airwrite,,,
data/raw_airwrite/P/airwrite_P_20260903_162731_233831_1f17d2.png,P,15,airwrite,,,
data/raw_airwrite/P/airwrite_P_20260903_162733_599225_58a94a.png,P,15,airwrite,,,
data/raw_airwrite/P/airwrite_P_20260903_162735_849916_170163.png,P,15,airwrite,,,
data/raw_airwrite/P/airwrite_P_20260903_162739_721718_2e817a.png,P,15,airwrite,,,
data/raw_airwrite/P/airwrite_P_20260903_162741_639785_580c4a.png,P,15,airwrite,,,
data/raw_airwrite/P/airwrite_P_20260903_162744_329811_7616b8.png,P,15,airwrite,,,
data/raw_airwrite/P/airwrite_P_20260903_162746_969692_aa6613.png,P,15,airwrite,,,
data/raw_airwrite/P/airwrite_P_20260903_162749_415278_eef1ea.png,P,15,airwrite,,,
data/raw_airwrite/P/airwrite_P_20260903_162753_562706_24ae5e.png,P,15,airwrite,,,
data/raw_airwrite/P/airwrite_P_20260903_162755_951187_19f4ea.png,P,15,airwrite,,,
data/raw_airwrite/P/airwrite_P_20260903_162758_315880_35e4aa.png,P,15,airwrite,,,
data/raw_airwrite/P/airwrite_P_20260903_162800_896992_48bc19.png,P,15,airwrite,,,
data/raw_airwrite/P/airwrite_P_20260903_162803_377957_9ad5cc.png,P,15,airwrite,,,
data/raw_airwrite/P/airwrite_P_20260903_162808_420272_c39b47.png,P,15,airwrite,,,
data/raw_airwrite/P/airwrite_P_20260903_162828_950991_80209a.png,P,15,airwrite,,,
data/raw_airwrite/P/airwrite_P_20260903_162832_497372_ecca83.png,P,15,airwrite,,,
data/raw_airwrite/P/airwrite_P_20260903_162834_781979_c52445.png,P,15,airwrite,,,
data/raw_airwrite/P/airwrite_P_20260903_162837_055884_ec42e4.png,P,15,airwrite,,,
data/raw_airwrite/Q/airwrite_lowercase_q_20260805_214501_745111_178b0a.png,Q,16,airwrite,,,
data/raw_airwrite/Q/airwrite_lowercase_q_20260805_214504_536386_1cb518.png,Q,16,airwrite,,,
data/raw_airwrite/Q/airwrite_lowercase_q_20260805_214507_998327_f70d79.png,Q,16,airwrite,,,
data/raw_airwrite/Q/airwrite_lowercase_q_20260805_214513_436830_2d3456.png,Q,16,airwrite,,,
data/raw_airwrite/Q/airwrite_lowercase_q_20260805_214516_368172_9a85ef.png,Q,16,airwrite,,,
data/raw_airwrite/Q/airwrite_lowercase_q_20260805_214521_267331_2948a6.png,Q,16,airwrite,,,
data/raw_airwrite/Q/airwrite_lowercase_q_20260805_214525_854620_876fb7.png,Q,16,airwrite,,,
data/raw_airwrite/Q/airwrite_lowercase_q_20260805_214528_403512_858dc8.png,Q,16,airwrite,,,
data/raw_airwrite/Q/airwrite_lowercase_q_20260805_214531_582314_2f12dd.png,Q,16,airwrite,,,
data/raw_airwrite/Q/airwrite_lowercase_q_20260805_214536_126915_c61079.png,Q,16,airwrite,,,
data/raw_airwrite/Q/airwrite_lowercase_q_20260805_214538_955614_e3bd44.png,Q,16,airwrite,,,
data/raw_airwrite/Q/airwrite_lowercase_q_20260805_214541_868396_a531e9.png,Q,16,airwrite,,,
data/raw_airwrite/Q/airwrite_lowercase_q_20260805_214547_405601_d59f06.png,Q,16,airwrite,,,
data/raw_airwrite/Q/airwrite_Q_20260804_155341_398918_09832d.png,Q,16,airwrite,,,
data/raw_airwrite/Q/airwrite_Q_20260804_155359_281483_7e1e8b.png,Q,16,airwrite,,,
data/raw_airwrite/Q/airwrite_Q_20260804_155410_533262_3ff310.png,Q,16,airwrite,,,
data/raw_airwrite/Q/airwrite_Q_20260804_155449_750303_51c79e.png,Q,16,airwrite,,,
data/raw_airwrite/Q/airwrite_Q_20260804_155528_236504_f26641.png,Q,16,airwrite,,,
data/raw_airwrite/Q/airwrite_Q_20260804_155536_979831_6c34b6.png,Q,16,airwrite,,,
data/raw_airwrite/Q/airwrite_Q_20260804_155544_944601_ab60d4.png,Q,16,airwrite,,,
data/raw_airwrite/Q/airwrite_Q_20260804_155549_361163_daaeff.png,Q,16,airwrite,,,
data/raw_airwrite/Q/airwrite_Q_20260804_155554_704897_08d654.png,Q,16,airwrite,,,
data/raw_airwrite/Q/airwrite_Q_20260804_155615_938410_f7a128.png,Q,16,airwrite,,,
data/raw_airwrite/Q/airwrite_Q_20260804_155621_393978_0983c8.png,Q,16,airwrite,,,
data/raw_airwrite/Q/airwrite_Q_20260804_155628_531093_b8e599.png,Q,16,airwrite,,,
data/raw_airwrite/Q/airwrite_Q_20260804_155632_159909_fc7f6f.png,Q,16,airwrite,,,
data/raw_airwrite/Q/airwrite_Q_20260804_155638_061254_13e314.png,Q,16,airwrite,,,
data/raw_airwrite/Q/airwrite_Q_20260804_155643_471426_8290f4.png,Q,16,airwrite,,,
data/raw_airwrite/Q/airwrite_Q_20260804_155659_983332_463b74.png,Q,16,airwrite,,,
data/raw_airwrite/Q/airwrite_Q_20260804_155703_610089_8ca494.png,Q,16,airwrite,,,
data/raw_airwrite/Q/airwrite_Q_20260804_155706_771758_b17c46.png,Q,16,airwrite,,,
data/raw_airwrite/Q/airwrite_Q_20260804_155742_512734_6c889e.png,Q,16,airwrite,,,
data/raw_airwrite/Q/airwrite_Q_20260804_155748_107244_2124b0.png,Q,16,airwrite,,,
data/raw_airwrite/Q/airwrite_Q_20260804_155751_076171_e737f9.png,Q,16,airwrite,,,
data/raw_airwrite/Q/airwrite_Q_20260804_155755_474255_ef9a6d.png,Q,16,airwrite,,,
data/raw_airwrite/Q/airwrite_Q_20260804_155800_224330_fb5398.png,Q,16,airwrite,,,
data/raw_airwrite/Q/airwrite_Q_20260804_155814_891805_7b8256.png,Q,16,airwrite,,,
data/raw_airwrite/Q/airwrite_Q_20260804_155826_036916_055c32.png,Q,16,airwrite,,,
data/raw_airwrite/Q/airwrite_Q_20260804_155831_636840_317729.png,Q,16,airwrite,,,
data/raw_airwrite/Q/airwrite_Q_20260804_155834_765438_642834.png,Q,16,airwrite,,,
data/raw_airwrite/Q/airwrite_Q_20260804_155845_031896_fbe1e8.png,Q,16,airwrite,,,
data/raw_airwrite/Q/airwrite_Q_20260804_155854_132821_58665e.png,Q,16,airwrite,,,
data/raw_airwrite/Q/airwrite_Q_20260804_155903_431157_1c0061.png,Q,16,airwrite,,,
data/raw_airwrite/Q/airwrite_Q_20260804_155907_762946_4d78ff.png,Q,16,airwrite,,,
data/raw_airwrite/Q/airwrite_Q_20260804_155915_633769_286fdb.png,Q,16,airwrite,,,
data/raw_airwrite/Q/airwrite_Q_20260804_155921_289612_e1870f.png,Q,16,airwrite,,,
data/raw_airwrite/Q/airwrite_Q_20260804_155926_181224_480ca7.png,Q,16,airwrite,,,
data/raw_airwrite/Q/airwrite_Q_20260804_155932_325407_3888bd.png,Q,16,airwrite,,,
data/raw_airwrite/Q/airwrite_Q_20260804_160001_985186_a14a63.png,Q,16,airwrite,,,
data/raw_airwrite/Q/airwrite_Q_20260804_160006_151112_613d6b.png,Q,16,airwrite,,,
data/raw_airwrite/Q/airwrite_Q_20260804_160010_090862_eb8198.png,Q,16,airwrite,,,
data/raw_airwrite/Q/airwrite_Q_20260804_160021_832857_b0de97.png,Q,16,airwrite,,,
data/raw_airwrite/Q/airwrite_Q_20260804_160025_233364_d3b394.png,Q,16,airwrite,,,
data/raw_airwrite/Q/airwrite_Q_20260804_160029_141236_281d8e.png,Q,16,airwrite,,,
data/raw_airwrite/Q/airwrite_Q_20260804_160032_693136_2f9b19.png,Q,16,airwrite,,,
data/raw_airwrite/Q/airwrite_Q_20260804_160036_838397_330798.png,Q,16,airwrite,,,
data/raw_airwrite/Q/airwrite_Q_20260804_160040_424185_5feddf.png,Q,16,airwrite,,,
data/raw_airwrite/Q/airwrite_Q_20260804_160045_574144_1856bb.png,Q,16,airwrite,,,
data/raw_airwrite/Q/airwrite_Q_20260804_160049_896535_d17d3b.png,Q,16,airwrite,,,
data/raw_airwrite/Q/airwrite_Q_20260804_160055_130882_95273a.png,Q,16,airwrite,,,
data/raw_airwrite/Q/airwrite_Q_20260804_160100_635443_b62ae8.png,Q,16,airwrite,,,
data/raw_airwrite/Q/airwrite_Q_20260903_162922_944349_d7b6a8.png,Q,16,airwrite,,,
data/raw_airwrite/Q/airwrite_Q_20260903_162925_035972_329116.png,Q,16,airwrite,,,
data/raw_airwrite/Q/airwrite_Q_20260903_162927_018085_c182de.png,Q,16,airwrite,,,
data/raw_airwrite/Q/airwrite_Q_20260903_162930_281538_c7fed1.png,Q,16,airwrite,,,
data/raw_airwrite/Q/airwrite_Q_20260903_162933_484851_f5b650.png,Q,16,airwrite,,,
data/raw_airwrite/Q/airwrite_Q_20260903_162936_768948_b818c7.png,Q,16,airwrite,,,
data/raw_airwrite/Q/airwrite_Q_20260903_162940_021165_b7a64b.png,Q,16,airwrite,,,
data/raw_airwrite/Q/airwrite_Q_20260903_162942_146029_fc0437.png,Q,16,airwrite,,,
data/raw_airwrite/Q/airwrite_Q_20260903_162947_574315_1c9fde.png,Q,16,airwrite,,,
data/raw_airwrite/Q/airwrite_Q_20260903_162950_198103_4bc4e2.png,Q,16,airwrite,,,
data/raw_airwrite/Q/airwrite_Q_20260903_162956_374260_e72e22.png,Q,16,airwrite,,,
data/raw_airwrite/Q/airwrite_Q_20260903_162957_425232_3ef863.png,Q,16,airwrite,,,
data/raw_airwrite/Q/airwrite_Q_20260903_163006_588351_fa4db2.png,Q,16,airwrite,,,
data/raw_airwrite/Q/airwrite_Q_20260903_163009_311064_44e652.png,Q,16,airwrite,,,
data/raw_airwrite/Q/airwrite_Q_20260903_163011_968481_7c4fb3.png,Q,16,airwrite,,,
data/raw_airwrite/Q/airwrite_Q_20260903_163014_796804_348c36.png,Q,16,airwrite,,,
data/raw_airwrite/Q/airwrite_Q_20260903_163016_852506_f08988.png,Q,16,airwrite,,,
data/raw_airwrite/Q/airwrite_Q_20260903_163019_281170_92098a.png,Q,16,airwrite,,,
data/raw_airwrite/Q/airwrite_Q_20260903_163021_455546_15e02a.png,Q,16,airwrite,,,
data/raw_airwrite/Q/airwrite_Q_20260903_163024_674918_b0c175.png,Q,16,airwrite,,,
data/raw_airwrite/Q/airwrite_Q_20260903_163027_866952_736a75.png,Q,16,airwrite,,,
data/raw_airwrite/Q/airwrite_Q_20260903_163031_063579_1026b8.png,Q,16,airwrite,,,
data/raw_airwrite/Q/airwrite_Q_20260903_163034_229057_b739fe.png,Q,16,airwrite,,,
data/raw_airwrite/Q/airwrite_Q_20260903_163036_913492_cafe38.png,Q,16,airwrite,,,
data/raw_airwrite/Q/airwrite_Q_20260903_163038_919456_75d730.png,Q,16,airwrite,,,
data/raw_airwrite/Q/airwrite_Q_20260903_163040_993908_4d0fc9.png,Q,16,airwrite,,,
data/raw_airwrite/Q/airwrite_Q_20260903_163045_234285_e66f5b.png,Q,16,airwrite,,,
data/raw_airwrite/Q/airwrite_Q_20260903_163047_573873_d64dcc.png,Q,16,airwrite,,,
data/raw_airwrite/Q/airwrite_Q_20260903_163050_199188_6beb55.png,Q,16,airwrite,,,
data/raw_airwrite/Q/airwrite_Q_20260903_163052_697561_12d5e4.png,Q,16,airwrite,,,
data/raw_airwrite/Q/airwrite_Q_20260903_163056_319511_617f93.png,Q,16,airwrite,,,
data/raw_airwrite/Q/airwrite_Q_20260903_163058_643796_4a2ede.png,Q,16,airwrite,,,
data/raw_airwrite/Q/airwrite_Q_20260903_163100_997366_6db3fb.png,Q,16,airwrite,,,
data/raw_airwrite/Q/airwrite_Q_20260903_163103_494771_aa652f.png,Q,16,airwrite,,,
data/raw_airwrite/Q/airwrite_Q_20260903_163107_802072_8ed778.png,Q,16,airwrite,,,
data/raw_airwrite/Q/airwrite_Q_20260903_163113_264465_af8282.png,Q,16,airwrite,,,
data/raw_airwrite/Q/airwrite_Q_20260903_163115_336761_6bb49c.png,Q,16,airwrite,,,
data/raw_airwrite/Q/airwrite_Q_20260903_163117_477300_dabac4.png,Q,16,airwrite,,,
data/raw_airwrite/Q/airwrite_Q_20260903_163119_349684_0673d1.png,Q,16,airwrite,,,
data/raw_airwrite/Q/airwrite_Q_20260903_163121_663025_d777e7.png,Q,16,airwrite,,,
data/raw_airwrite/Q/airwrite_Q_20260903_163126_536781_89b7bc.png,Q,16,airwrite,,,
data/raw_airwrite/Q/airwrite_Q_20260903_163128_676688_89c49f.png,Q,16,airwrite,,,
data/raw_airwrite/Q/airwrite_Q_20260903_163131_778531_b25dcd.png,Q,16,airwrite,,,
data/raw_airwrite/Q/airwrite_Q_20260903_163134_997194_de3ee9.png,Q,16,airwrite,,,
data/raw_airwrite/Q/airwrite_Q_20260903_163137_212863_cdba3f.png,Q,16,airwrite,,,
data/raw_airwrite/Q/airwrite_Q_20260903_163139_351872_dd6a2e.png,Q,16,airwrite,,,
data/raw_airwrite/Q/airwrite_Q_20260903_163141_391529_374469.png,Q,16,airwrite,,,
data/raw_airwrite/Q/airwrite_Q_20260903_163143_301771_8a6643.png,Q,16,airwrite,,,
data/raw_airwrite/Q/airwrite_Q_20260903_163145_247541_49c2f7.png,Q,16,airwrite,,,
data/raw_airwrite/Q/airwrite_Q_20260903_163147_560197_5d9c3f.png,Q,16,airwrite,,,
data/raw_airwrite/Q/airwrite_Q_20260903_163153_526011_ac94ae.png,Q,16,airwrite,,,
data/raw_airwrite/Q/airwrite_Q_20260903_163156_848527_ce022d.png,Q,16,airwrite,,,
data/raw_airwrite/Q/airwrite_Q_20260903_163200_901592_083553.png,Q,16,airwrite,,,
data/raw_airwrite/Q/airwrite_Q_20260903_163204_605200_10058a.png,Q,16,airwrite,,,
data/raw_airwrite/Q/airwrite_Q_20260903_163207_540461_d1ff6b.png,Q,16,airwrite,,,
data/raw_airwrite/Q/airwrite_Q_20260903_163209_763549_3d0785.png,Q,16,airwrite,,,
data/raw_airwrite/Q/airwrite_Q_20260903_163212_275015_613db6.png,Q,16,airwrite,,,
data/raw_airwrite/Q/airwrite_Q_20260903_163214_609406_fe97a8.png,Q,16,airwrite,,,
data/raw_airwrite/Q/airwrite_Q_20260903_163216_819056_55b984.png,Q,16,airwrite,,,
data/raw_airwrite/Q/airwrite_Q_20260903_163225_278295_4e3b72.png,Q,16,airwrite,,,
data/raw_airwrite/Q/airwrite_Q_20260903_163227_245310_5bf03f.png,Q,16,airwrite,,,
data/raw_airwrite/Q/airwrite_Q_20260903_163229_288000_809ed3.png,Q,16,airwrite,,,
data/raw_airwrite/Q/airwrite_Q_20260903_163231_627056_c43315.png,Q,16,airwrite,,,
data/raw_airwrite/Q/airwrite_Q_20260903_163233_812735_85d8d8.png,Q,16,airwrite,,,
data/raw_airwrite/Q/airwrite_Q_20260903_163237_142868_4a167a.png,Q,16,airwrite,,,
data/raw_airwrite/Q/airwrite_Q_20260903_163239_287749_d45f64.png,Q,16,airwrite,,,
data/raw_airwrite/Q/airwrite_Q_20260903_163242_335655_79ceab.png,Q,16,airwrite,,,
data/raw_airwrite/Q/airwrite_Q_20260903_163244_443415_f57efa.png,Q,16,airwrite,,,
data/raw_airwrite/Q/airwrite_Q_20260903_163255_604723_8f74c8.png,Q,16,airwrite,,,
data/raw_airwrite/Q/airwrite_Q_20260903_163258_446960_63ab43.png,Q,16,airwrite,,,
data/raw_airwrite/Q/airwrite_Q_20260903_163307_150907_bf8a0d.png,Q,16,airwrite,,,
data/raw_airwrite/Q/airwrite_Q_20260903_163316_467945_c3ad2b.png,Q,16,airwrite,,,
data/raw_airwrite/Q/airwrite_Q_20260903_163319_501697_95e3f4.png,Q,16,airwrite,,,
data/raw_airwrite/Q/airwrite_Q_20260903_163323_429108_3610eb.png,Q,16,airwrite,,,
data/raw_airwrite/Q/airwrite_Q_20260903_163328_760885_6b116c.png,Q,16,airwrite,,,
data/raw_airwrite/Q/airwrite_Q_20260903_163331_600426_8eecb9.png,Q,16,airwrite,,,
data/raw_airwrite/Q/airwrite_Q_20260903_163346_481562_7cb124.png,Q,16,airwrite,,,
data/raw_airwrite/Q/airwrite_Q_20260903_163348_999618_d1a2d8.png,Q,16,airwrite,,,
data/raw_airwrite/Q/airwrite_Q_20260903_163351_685245_b3807c.png,Q,16,airwrite,,,
data/raw_airwrite/Q/airwrite_Q_20260903_163353_871101_3e6af0.png,Q,16,airwrite,,,
data/raw_airwrite/Q/airwrite_Q_20260903_163358_902183_dfd9d2.png,Q,16,airwrite,,,
data/raw_airwrite/Q/airwrite_Q_20260903_163401_517669_ca6464.png,Q,16,airwrite,,,
data/raw_airwrite/Q/airwrite_Q_20260903_163404_549215_48c252.png,Q,16,airwrite,,,
data/raw_airwrite/Q/airwrite_Q_20260903_163409_649874_ed0d07.png,Q,16,airwrite,,,
data/raw_airwrite/Q/airwrite_Q_20260903_163413_479521_2acf5d.png,Q,16,airwrite,,,
data/raw_airwrite/Q/airwrite_Q_20260903_163416_466053_34eee1.png,Q,16,airwrite,,,
data/raw_airwrite/Q/airwrite_Q_20260903_163418_330426_f44a05.png,Q,16,airwrite,,,
data/raw_airwrite/Q/airwrite_Q_20260903_163419_903058_6b9b9a.png,Q,16,airwrite,,,
data/raw_airwrite/R/airwrite_lowercase_r_20260805_214605_319853_c34fbf.png,R,17,airwrite,,,
data/raw_airwrite/R/airwrite_lowercase_r_20260805_214609_896908_f1b835.png,R,17,airwrite,,,
data/raw_airwrite/R/airwrite_lowercase_r_20260805_214615_321178_36240d.png,R,17,airwrite,,,
data/raw_airwrite/R/airwrite_lowercase_r_20260805_214618_043583_a9d4bd.png,R,17,airwrite,,,
data/raw_airwrite/R/airwrite_lowercase_r_20260805_214621_136088_cc4d56.png,R,17,airwrite,,,
data/raw_airwrite/R/airwrite_lowercase_r_20260805_214629_542426_7adb8d.png,R,17,airwrite,,,
data/raw_airwrite/R/airwrite_lowercase_r_20260805_214633_321650_21a3f5.png,R,17,airwrite,,,
data/raw_airwrite/R/airwrite_lowercase_r_20260805_214636_325057_012eaf.png,R,17,airwrite,,,
data/raw_airwrite/R/airwrite_lowercase_r_20260805_214639_024129_f05611.png,R,17,airwrite,,,
data/raw_airwrite/R/airwrite_lowercase_r_20260805_214645_923774_3618f4.png,R,17,airwrite,,,
data/raw_airwrite/R/airwrite_lowercase_R_20260908_141227_900633_2e8482.png,R,17,airwrite,,,
data/raw_airwrite/R/airwrite_lowercase_R_20260908_141326_675459_64b03c.png,R,17,airwrite,,,
data/raw_airwrite/R/airwrite_lowercase_R_20260908_141336_203151_132b9e.png,R,17,airwrite,,,
data/raw_airwrite/R/airwrite_lowercase_R_20260908_141338_513978_005068.png,R,17,airwrite,,,
data/raw_airwrite/R/airwrite_lowercase_R_20260908_141343_336921_90a95a.png,R,17,airwrite,,,
data/raw_airwrite/R/airwrite_lowercase_R_20260908_141345_642448_6086c9.png,R,17,airwrite,,,
data/raw_airwrite/R/airwrite_lowercase_R_20260908_141350_553124_6b7479.png,R,17,airwrite,,,
data/raw_airwrite/R/airwrite_lowercase_R_20260908_141557_031980_2e594f.png,R,17,airwrite,,,
data/raw_airwrite/R/airwrite_lowercase_R_20260908_141606_502687_560cca.png,R,17,airwrite,,,
data/raw_airwrite/R/airwrite_lowercase_R_20260908_141614_322366_0e2d1c.png,R,17,airwrite,,,
data/raw_airwrite/R/airwrite_lowercase_R_20260908_141621_139247_03c4eb.png,R,17,airwrite,,,
data/raw_airwrite/R/airwrite_lowercase_R_20260908_141623_257607_bb7365.png,R,17,airwrite,,,
data/raw_airwrite/R/airwrite_lowercase_R_20260908_141625_568610_82d561.png,R,17,airwrite,,,
data/raw_airwrite/R/airwrite_lowercase_R_20260908_141630_534693_28c573.png,R,17,airwrite,,,
data/raw_airwrite/R/airwrite_lowercase_R_20260908_141633_115682_e3afd3.png,R,17,airwrite,,,
data/raw_airwrite/R/airwrite_lowercase_R_20260908_141638_887102_6ed98c.png,R,17,airwrite,,,
data/raw_airwrite/R/airwrite_lowercase_R_20260908_141642_766331_3b1a6a.png,R,17,airwrite,,,
data/raw_airwrite/R/airwrite_lowercase_R_20260908_141644_880107_04d3a5.png,R,17,airwrite,,,
data/raw_airwrite/R/airwrite_lowercase_R_20260908_141646_980312_a353c7.png,R,17,airwrite,,,
data/raw_airwrite/R/airwrite_lowercase_R_20260908_141655_723747_a0f1b3.png,R,17,airwrite,,,
data/raw_airwrite/R/airwrite_lowercase_R_20260908_141657_952957_33dd29.png,R,17,airwrite,,,
data/raw_airwrite/R/airwrite_lowercase_R_20260908_141700_062090_bb1bb5.png,R,17,airwrite,,,
data/raw_airwrite/R/airwrite_lowercase_R_20260908_141704_779739_f4e923.png,R,17,airwrite,,,
data/raw_airwrite/R/airwrite_lowercase_R_20260908_141713_457180_02d5de.png,R,17,airwrite,,,
data/raw_airwrite/R/airwrite_lowercase_R_20260908_141715_461630_62807a.png,R,17,airwrite,,,
data/raw_airwrite/R/airwrite_lowercase_R_20260908_141736_980049_a96e6a.png,R,17,airwrite,,,
data/raw_airwrite/R/airwrite_lowercase_R_20260908_141739_136485_044e22.png,R,17,airwrite,,,
data/raw_airwrite/R/airwrite_lowercase_R_20260908_141740_909965_a08d9a.png,R,17,airwrite,,,
data/raw_airwrite/R/airwrite_lowercase_R_20260908_141742_889015_b4ed50.png,R,17,airwrite,,,
data/raw_airwrite/R/airwrite_lowercase_R_20260908_141744_962479_1e2bff.png,R,17,airwrite,,,
data/raw_airwrite/R/airwrite_lowercase_R_20260908_141755_080195_0551a8.png,R,17,airwrite,,,
data/raw_airwrite/R/airwrite_lowercase_R_20260908_141809_177397_b6b899.png,R,17,airwrite,,,
data/raw_airwrite/R/airwrite_lowercase_R_20260908_141812_558377_1307c9.png,R,17,airwrite,,,
data/raw_airwrite/R/airwrite_lowercase_R_20260908_141814_868853_b87377.png,R,17,airwrite,,,
data/raw_airwrite/R/airwrite_lowercase_R_20260908_141818_392289_2bc958.png,R,17,airwrite,,,
data/raw_airwrite/R/airwrite_lowercase_R_20260908_141822_367596_aea271.png,R,17,airwrite,,,
data/raw_airwrite/R/airwrite_lowercase_R_20260908_141824_528899_ab8077.png,R,17,airwrite,,,
data/raw_airwrite/R/airwrite_lowercase_R_20260908_141829_319754_0c764a.png,R,17,airwrite,,,
data/raw_airwrite/R/airwrite_lowercase_R_20260908_141834_346537_e8f78e.png,R,17,airwrite,,,
data/raw_airwrite/R/airwrite_lowercase_R_20260908_141838_341861_14ec3b.png,R,17,airwrite,,,
data/raw_airwrite/R/airwrite_lowercase_R_20260908_141906_686330_b0755c.png,R,17,airwrite,,,
data/raw_airwrite/R/airwrite_lowercase_R_20260908_141908_882191_90a797.png,R,17,airwrite,,,
data/raw_airwrite/R/airwrite_lowercase_R_20260908_141911_323731_94c7a5.png,R,17,airwrite,,,
data/raw_airwrite/R/airwrite_lowercase_R_20260908_141913_669721_54b04e.png,R,17,airwrite,,,
data/raw_airwrite/R/airwrite_lowercase_R_20260908_141933_083293_53e509.png,R,17,airwrite,,,
data/raw_airwrite/R/airwrite_lowercase_R_20260908_141935_231323_8352ff.png,R,17,airwrite,,,
data/raw_airwrite/R/airwrite_lowercase_R_20260908_141937_336692_4fc47b.png,R,17,airwrite,,,
data/raw_airwrite/R/airwrite_lowercase_R_20260908_141945_035827_b40f32.png,R,17,airwrite,,,
data/raw_airwrite/R/airwrite_lowercase_R_20260908_141952_061823_20f792.png,R,17,airwrite,,,
data/raw_airwrite/R/airwrite_lowercase_R_20260908_141954_260587_c8a9ed.png,R,17,airwrite,,,
data/raw_airwrite/R/airwrite_lowercase_R_20260908_142000_266896_532875.png,R,17,airwrite,,,
data/raw_airwrite/R/airwrite_lowercase_R_20260908_142002_400429_187db3.png,R,17,airwrite,,,
data/raw_airwrite/R/airwrite_lowercase_R_20260908_142007_199133_58697a.png,R,17,airwrite,,,
data/raw_airwrite/R/airwrite_lowercase_R_20260908_142040_841937_d366f5.png,R,17,airwrite,,,
data/raw_airwrite/R/airwrite_lowercase_R_20260908_142046_519938_2e8def.png,R,17,airwrite,,,
data/raw_airwrite/R/airwrite_lowercase_R_20260908_142104_019802_0d6f1c.png,R,17,airwrite,,,
data/raw_airwrite/R/airwrite_lowercase_R_20260908_142107_233176_93654d.png,R,17,airwrite,,,
data/raw_airwrite/R/airwrite_lowercase_R_20260908_142134_511463_93babf.png,R,17,airwrite,,,
data/raw_airwrite/R/airwrite_lowercase_R_20260908_142140_213115_c5c43b.png,R,17,airwrite,,,
data/raw_airwrite/R/airwrite_lowercase_R_20260908_142147_626112_2b0bdb.png,R,17,airwrite,,,
data/raw_airwrite/R/airwrite_lowercase_R_20260908_142151_974473_6bebb9.png,R,17,airwrite,,,
data/raw_airwrite/R/airwrite_lowercase_R_20260908_142156_524469_1d85e3.png,R,17,airwrite,,,
data/raw_airwrite/R/airwrite_lowercase_R_20260908_142200_268888_b68adb.png,R,17,airwrite,,,
data/raw_airwrite/R/airwrite_lowercase_R_20260908_142204_838009_6f575e.png,R,17,airwrite,,,
data/raw_airwrite/R/airwrite_lowercase_R_20260908_142211_724584_3c3065.png,R,17,airwrite,,,
data/raw_airwrite/R/airwrite_lowercase_R_20260908_142216_008964_e74776.png,R,17,airwrite,,,
data/raw_airwrite/R/airwrite_lowercase_R_20260908_142218_754786_d72722.png,R,17,airwrite,,,
data/raw_airwrite/R/airwrite_lowercase_R_20260908_142225_124629_e54488.png,R,17,airwrite,,,
data/raw_airwrite/R/airwrite_lowercase_R_20260908_142227_577188_fd950f.png,R,17,airwrite,,,
data/raw_airwrite/R/airwrite_lowercase_R_20260908_142231_211689_f0bed2.png,R,17,airwrite,,,
data/raw_airwrite/R/airwrite_lowercase_R_20260908_142237_181872_294fd7.png,R,17,airwrite,,,
data/raw_airwrite/R/airwrite_lowercase_R_20260908_142303_800035_586af2.png,R,17,airwrite,,,
data/raw_airwrite/R/airwrite_lowercase_R_20260908_142310_649744_7f94f8.png,R,17,airwrite,,,
data/raw_airwrite/R/airwrite_lowercase_R_20260908_142314_009134_5584b2.png,R,17,airwrite,,,
data/raw_airwrite/R/airwrite_lowercase_R_20260908_142318_850365_211224.png,R,17,airwrite,,,
data/raw_airwrite/R/airwrite_lowercase_R_20260908_142322_473833_9befdf.png,R,17,airwrite,,,
data/raw_airwrite/R/airwrite_lowercase_R_20260908_142326_504026_a97c6d.png,R,17,airwrite,,,
data/raw_airwrite/R/airwrite_lowercase_R_20260908_142331_013448_bef179.png,R,17,airwrite,,,
data/raw_airwrite/R/airwrite_lowercase_R_20260908_142333_748702_017cff.png,R,17,airwrite,,,
data/raw_airwrite/R/airwrite_lowercase_R_20260908_142337_348884_b09652.png,R,17,airwrite,,,
data/raw_airwrite/R/airwrite_lowercase_R_20260908_142339_955152_5b9c21.png,R,17,airwrite,,,
data/raw_airwrite/R/airwrite_lowercase_R_20260908_142343_401714_1cd75c.png,R,17,airwrite,,,
data/raw_airwrite/R/airwrite_lowercase_R_20260908_142350_307006_e0f089.png,R,17,airwrite,,,
data/raw_airwrite/R/airwrite_lowercase_R_20260908_142353_006749_2f89d5.png,R,17,airwrite,,,
data/raw_airwrite/R/airwrite_lowercase_R_20260908_142357_644507_572933.png,R,17,airwrite,,,
data/raw_airwrite/R/airwrite_lowercase_R_20260908_142400_243224_e7ffac.png,R,17,airwrite,,,
data/raw_airwrite/R/airwrite_lowercase_R_20260908_142404_113400_7d8eed.png,R,17,airwrite,,,
data/raw_airwrite/R/airwrite_lowercase_R_20260908_142406_673564_04fdeb.png,R,17,airwrite,,,
data/raw_airwrite/R/airwrite_lowercase_R_20260908_142409_205395_2424cb.png,R,17,airwrite,,,
data/raw_airwrite/R/airwrite_lowercase_R_20260908_142438_533164_ac66a8.png,R,17,airwrite,,,
data/raw_airwrite/R/airwrite_lowercase_R_20260908_142442_884663_fa0c3c.png,R,17,airwrite,,,
data/raw_airwrite/R/airwrite_lowercase_R_20260908_142445_252156_8c474c.png,R,17,airwrite,,,
data/raw_airwrite/R/airwrite_lowercase_R_20260908_142451_076539_d79826.png,R,17,airwrite,,,
data/raw_airwrite/R/airwrite_lowercase_R_20260908_142453_516913_cfee8d.png,R,17,airwrite,,,
data/raw_airwrite/R/airwrite_lowercase_R_20260908_142458_880400_5c0a79.png,R,17,airwrite,,,
data/raw_airwrite/R/airwrite_lowercase_R_20260908_142501_497590_b1228b.png,R,17,airwrite,,,
data/raw_airwrite/R/airwrite_lowercase_R_20260908_142509_630211_7f8e2f.png,R,17,airwrite,,,
data/raw_airwrite/R/airwrite_lowercase_R_20260908_142512_322593_b43a1e.png,R,17,airwrite,,,
data/raw_airwrite/R/airwrite_lowercase_R_20260908_142516_048025_0c4c92.png,R,17,airwrite,,,
data/raw_airwrite/R/airwrite_lowercase_R_20260908_142518_681361_92687c.png,R,17,airwrite,,,
data/raw_airwrite/R/airwrite_lowercase_R_20260908_142522_034187_ceea23.png,R,17,airwrite,,,
data/raw_airwrite/R/airwrite_lowercase_R_20260908_142524_340662_1b99d0.png,R,17,airwrite,,,
data/raw_airwrite/R/airwrite_R_20260804_160110_106506_fe7c63.png,R,17,airwrite,,,
data/raw_airwrite/R/airwrite_R_20260804_160113_191252_8be047.png,R,17,airwrite,,,
data/raw_airwrite/R/airwrite_R_20260804_160115_983931_150ae8.png,R,17,airwrite,,,
data/raw_airwrite/R/airwrite_R_20260804_160118_688163_0f7b5d.png,R,17,airwrite,,,
data/raw_airwrite/R/airwrite_R_20260804_160121_478394_285212.png,R,17,airwrite,,,
data/raw_airwrite/R/airwrite_R_20260804_160124_591351_c8fb19.png,R,17,airwrite,,,
data/raw_airwrite/R/airwrite_R_20260804_160129_224371_07a89c.png,R,17,airwrite,,,
data/raw_airwrite/R/airwrite_R_20260804_160132_311407_a6cbdc.png,R,17,airwrite,,,
data/raw_airwrite/R/airwrite_R_20260804_160135_419752_09fcc3.png,R,17,airwrite,,,
data/raw_airwrite/R/airwrite_R_20260804_160153_348991_ecd7ce.png,R,17,airwrite,,,
data/raw_airwrite/R/airwrite_R_20260804_160245_217720_be6fb5.png,R,17,airwrite,,,
data/raw_airwrite/R/airwrite_R_20260804_160248_015505_cee085.png,R,17,airwrite,,,
data/raw_airwrite/R/airwrite_R_20260804_160253_912189_b05cd8.png,R,17,airwrite,,,
data/raw_airwrite/R/airwrite_R_20260804_160257_316590_f41734.png,R,17,airwrite,,,
data/raw_airwrite/R/airwrite_R_20260804_160306_803082_a2c68a.png,R,17,airwrite,,,
data/raw_airwrite/R/airwrite_R_20260804_160310_126072_480e52.png,R,17,airwrite,,,
data/raw_airwrite/R/airwrite_R_20260804_160313_236349_198361.png,R,17,airwrite,,,
data/raw_airwrite/R/airwrite_R_20260804_160317_378178_2bfbca.png,R,17,airwrite,,,
data/raw_airwrite/R/airwrite_R_20260804_160320_416131_fb9c54.png,R,17,airwrite,,,
data/raw_airwrite/R/airwrite_R_20260804_160323_334167_202ae6.png,R,17,airwrite,,,
data/raw_airwrite/R/airwrite_R_20260804_160326_699425_cfd763.png,R,17,airwrite,,,
data/raw_airwrite/R/airwrite_R_20260804_160329_487061_bee0c3.png,R,17,airwrite,,,
data/raw_airwrite/R/airwrite_R_20260804_160334_634007_d3f8e2.png,R,17,airwrite,,,
data/raw_airwrite/R/airwrite_R_20260804_160337_853653_2132ed.png,R,17,airwrite,,,
data/raw_airwrite/R/airwrite_R_20260804_160340_967362_d16564.png,R,17,airwrite,,,
data/raw_airwrite/R/airwrite_R_20260804_160345_048070_c1a37c.png,R,17,airwrite,,,
data/raw_airwrite/R/airwrite_R_20260804_160347_744424_5e44b6.png,R,17,airwrite,,,
data/raw_airwrite/R/airwrite_R_20260804_160352_566304_9cb74f.png,R,17,airwrite,,,
data/raw_airwrite/R/airwrite_R_20260804_160355_072374_0331ad.png,R,17,airwrite,,,
data/raw_airwrite/R/airwrite_R_20260804_160357_878913_c78e8d.png,R,17,airwrite,,,
data/raw_airwrite/R/airwrite_R_20260804_160400_557037_054259.png,R,17,airwrite,,,
data/raw_airwrite/R/airwrite_R_20260804_160403_391285_7f0dad.png,R,17,airwrite,,,
data/raw_airwrite/R/airwrite_R_20260804_160410_691147_bbc21c.png,R,17,airwrite,,,
data/raw_airwrite/R/airwrite_R_20260804_160416_649181_961004.png,R,17,airwrite,,,
data/raw_airwrite/R/airwrite_R_20260804_160419_749299_c53fc6.png,R,17,airwrite,,,
data/raw_airwrite/R/airwrite_R_20260804_160425_039190_3029a9.png,R,17,airwrite,,,
data/raw_airwrite/R/airwrite_R_20260804_160427_829021_930e50.png,R,17,airwrite,,,
data/raw_airwrite/R/airwrite_R_20260804_160430_751965_03dac1.png,R,17,airwrite,,,
data/raw_airwrite/R/airwrite_R_20260804_160433_873030_748a22.png,R,17,airwrite,,,
data/raw_airwrite/R/airwrite_R_20260804_160437_025711_80dc1e.png,R,17,airwrite,,,
data/raw_airwrite/R/airwrite_R_20260804_160441_867996_cc2396.png,R,17,airwrite,,,
data/raw_airwrite/R/airwrite_R_20260804_160445_084938_9d46e1.png,R,17,airwrite,,,
data/raw_airwrite/R/airwrite_R_20260804_160448_099983_7841ff.png,R,17,airwrite,,,
data/raw_airwrite/R/airwrite_R_20260804_160451_040950_54efaf.png,R,17,airwrite,,,
data/raw_airwrite/R/airwrite_R_20260804_160455_651992_ef4387.png,R,17,airwrite,,,
data/raw_airwrite/R/airwrite_R_20260804_160458_477297_a2c2cf.png,R,17,airwrite,,,
data/raw_airwrite/R/airwrite_R_20260804_160501_490950_4798eb.png,R,17,airwrite,,,
data/raw_airwrite/R/airwrite_R_20260804_160506_177469_b55816.png,R,17,airwrite,,,
data/raw_airwrite/R/airwrite_R_20260804_160509_232703_ac6844.png,R,17,airwrite,,,
data/raw_airwrite/R/airwrite_R_20260903_163733_894691_08e747.png,R,17,airwrite,,,
data/raw_airwrite/R/airwrite_R_20260903_163735_796175_366af2.png,R,17,airwrite,,,
data/raw_airwrite/R/airwrite_R_20260903_163739_645551_e861c7.png,R,17,airwrite,,,
data/raw_airwrite/R/airwrite_R_20260903_163743_608717_6f4edb.png,R,17,airwrite,,,
data/raw_airwrite/R/airwrite_R_20260903_163749_000157_e4d284.png,R,17,airwrite,,,
data/raw_airwrite/R/airwrite_R_20260903_163752_534337_881b5f.png,R,17,airwrite,,,
data/raw_airwrite/R/airwrite_R_20260903_163755_926173_6a5582.png,R,17,airwrite,,,
data/raw_airwrite/R/airwrite_R_20260903_163800_253029_5ae555.png,R,17,airwrite,,,
data/raw_airwrite/R/airwrite_R_20260903_163807_934173_6c8a39.png,R,17,airwrite,,,
data/raw_airwrite/R/airwrite_R_20260903_163812_062940_61c43f.png,R,17,airwrite,,,
data/raw_airwrite/R/airwrite_R_20260903_163814_792937_6ed39f.png,R,17,airwrite,,,
data/raw_airwrite/R/airwrite_R_20260903_163816_972067_272171.png,R,17,airwrite,,,
data/raw_airwrite/R/airwrite_R_20260903_163819_379374_57b2a8.png,R,17,airwrite,,,
data/raw_airwrite/R/airwrite_R_20260903_163837_865708_c11551.png,R,17,airwrite,,,
data/raw_airwrite/R/airwrite_R_20260903_163845_040259_7554a5.png,R,17,airwrite,,,
data/raw_airwrite/R/airwrite_R_20260903_163852_211268_28db69.png,R,17,airwrite,,,
data/raw_airwrite/R/airwrite_R_20260903_163856_291678_dbfe1f.png,R,17,airwrite,,,
data/raw_airwrite/R/airwrite_R_20260903_163900_053370_81f04b.png,R,17,airwrite,,,
data/raw_airwrite/R/airwrite_R_20260903_163904_360064_442410.png,R,17,airwrite,,,
data/raw_airwrite/R/airwrite_R_20260903_163907_004836_df219d.png,R,17,airwrite,,,
data/raw_airwrite/R/airwrite_R_20260903_163909_202832_7516ea.png,R,17,airwrite,,,
data/raw_airwrite/R/airwrite_R_20260903_163912_710551_4c8221.png,R,17,airwrite,,,
data/raw_airwrite/R/airwrite_R_20260903_163917_063645_a9867f.png,R,17,airwrite,,,
data/raw_airwrite/R/airwrite_R_20260903_163920_650465_75a3dc.png,R,17,airwrite,,,
data/raw_airwrite/R/airwrite_R_20260903_163925_022104_25940b.png,R,17,airwrite,,,
data/raw_airwrite/R/airwrite_R_20260903_163927_407710_f227a0.png,R,17,airwrite,,,
data/raw_airwrite/R/airwrite_R_20260903_163929_812358_067a39.png,R,17,airwrite,,,
data/raw_airwrite/R/airwrite_R_20260903_163931_987588_eb77eb.png,R,17,airwrite,,,
data/raw_airwrite/R/airwrite_R_20260903_163937_158605_cc32c1.png,R,17,airwrite,,,
data/raw_airwrite/R/airwrite_R_20260903_163939_457889_3cb476.png,R,17,airwrite,,,
data/raw_airwrite/R/airwrite_R_20260903_163942_741465_d1e443.png,R,17,airwrite,,,
data/raw_airwrite/R/airwrite_R_20260903_163945_430510_28cad8.png,R,17,airwrite,,,
data/raw_airwrite/R/airwrite_R_20260903_163950_285974_31f189.png,R,17,airwrite,,,
data/raw_airwrite/R/airwrite_R_20260903_164003_568416_261915.png,R,17,airwrite,,,
data/raw_airwrite/R/airwrite_R_20260903_164007_886566_acdd2a.png,R,17,airwrite,,,
data/raw_airwrite/R/airwrite_R_20260903_164017_397422_54a61f.png,R,17,airwrite,,,
data/raw_airwrite/R/airwrite_R_20260903_164033_565221_5f7725.png,R,17,airwrite,,,
data/raw_airwrite/R/airwrite_R_20260903_164036_177882_9d85fa.png,R,17,airwrite,,,
data/raw_airwrite/R/airwrite_R_20260903_164038_757360_96614b.png,R,17,airwrite,,,
data/raw_airwrite/R/airwrite_R_20260903_164049_487859_1abf1d.png,R,17,airwrite,,,
data/raw_airwrite/R/airwrite_R_20260903_164052_184436_fbfd18.png,R,17,airwrite,,,
data/raw_airwrite/R/airwrite_R_20260903_164104_289059_493d85.png,R,17,airwrite,,,
data/raw_airwrite/R/airwrite_R_20260903_164106_910504_be880d.png,R,17,airwrite,,,
data/raw_airwrite/R/airwrite_R_20260903_164108_503803_d95c07.png,R,17,airwrite,,,
data/raw_airwrite/R/airwrite_R_20260903_164111_392754_7ff342.png,R,17,airwrite,,,
data/raw_airwrite/R/airwrite_R_20260903_164113_152129_449c9e.png,R,17,airwrite,,,
data/raw_airwrite/R/airwrite_R_20260903_164116_501270_e06241.png,R,17,airwrite,,,
data/raw_airwrite/R/airwrite_R_20260903_164118_304856_b91137.png,R,17,airwrite,,,
data/raw_airwrite/R/airwrite_R_20260903_164122_161256_09cc12.png,R,17,airwrite,,,
data/raw_airwrite/R/airwrite_R_20260903_164127_234588_7f473f.png,R,17,airwrite,,,
data/raw_airwrite/R/airwrite_R_20260903_164129_141333_e2aec4.png,R,17,airwrite,,,
data/raw_airwrite/R/airwrite_R_20260903_164131_149353_080632.png,R,17,airwrite,,,
data/raw_airwrite/R/airwrite_R_20260903_164143_953286_23c4b7.png,R,17,airwrite,,,
data/raw_airwrite/R/airwrite_R_20260903_164145_992866_67b6fa.png,R,17,airwrite,,,
data/raw_airwrite/R/airwrite_R_20260903_164148_310323_ff46cf.png,R,17,airwrite,,,
data/raw_airwrite/R/airwrite_R_20260903_164153_211649_dec89a.png,R,17,airwrite,,,
data/raw_airwrite/R/airwrite_R_20260903_164155_346207_7d45a8.png,R,17,airwrite,,,
data/raw_airwrite/R/airwrite_R_20260903_164157_588600_9d73e2.png,R,17,airwrite,,,
data/raw_airwrite/R/airwrite_R_20260903_164203_938467_5c32a4.png,R,17,airwrite,,,
data/raw_airwrite/R/airwrite_R_20260903_164208_299395_688085.png,R,17,airwrite,,,
data/raw_airwrite/R/airwrite_R_20260903_164210_659623_14ced2.png,R,17,airwrite,,,
data/raw_airwrite/R/airwrite_R_20260903_164212_834213_22ac3d.png,R,17,airwrite,,,
data/raw_airwrite/R/airwrite_R_20260903_164223_968920_cf9cbe.png,R,17,airwrite,,,
data/raw_airwrite/R/airwrite_R_20260903_164226_051292_c5e7b7.png,R,17,airwrite,,,
data/raw_airwrite/R/airwrite_R_20260903_164228_504157_be94c8.png,R,17,airwrite,,,
data/raw_airwrite/R/airwrite_R_20260903_164233_539676_40ff7c.png,R,17,airwrite,,,
data/raw_airwrite/R/airwrite_R_20260903_164242_184718_7b9df6.png,R,17,airwrite,,,
data/raw_airwrite/R/airwrite_R_20260903_164251_801306_9a099b.png,R,17,airwrite,,,
data/raw_airwrite/R/airwrite_R_20260903_164255_490891_797b8d.png,R,17,airwrite,,,
data/raw_airwrite/R/airwrite_R_20260903_164303_471282_915eab.png,R,17,airwrite,,,
data/raw_airwrite/R/airwrite_R_20260903_164308_259114_f6153c.png,R,17,airwrite,,,
data/raw_airwrite/R/airwrite_R_20260903_164311_137916_6d9d77.png,R,17,airwrite,,,
data/raw_airwrite/R/airwrite_R_20260903_164313_321360_039a1e.png,R,17,airwrite,,,
data/raw_airwrite/R/airwrite_R_20260903_164316_596899_56d744.png,R,17,airwrite,,,
data/raw_airwrite/R/airwrite_R_20260903_164318_860008_1d6380.png,R,17,airwrite,,,
data/raw_airwrite/R/airwrite_R_20260903_164327_141121_368ff9.png,R,17,airwrite,,,
data/raw_airwrite/R/airwrite_R_20260903_164329_438425_03af6a.png,R,17,airwrite,,,
data/raw_airwrite/R/airwrite_R_20260903_164331_423682_506ad4.png,R,17,airwrite,,,
data/raw_airwrite/R/airwrite_R_20260903_164333_536709_76d3ca.png,R,17,airwrite,,,
data/raw_airwrite/R/airwrite_R_20260903_164335_806255_bdb99b.png,R,17,airwrite,,,
data/raw_airwrite/R/airwrite_R_20260903_164340_190201_efb75b.png,R,17,airwrite,,,
data/raw_airwrite/R/airwrite_R_20260903_164342_526152_e6aac6.png,R,17,airwrite,,,
data/raw_airwrite/R/airwrite_R_20260903_164344_526705_06eb36.png,R,17,airwrite,,,
data/raw_airwrite/R/airwrite_R_20260903_164422_224920_0df152.png,R,17,airwrite,,,
data/raw_airwrite/R/airwrite_R_20260903_164425_386377_4a17e3.png,R,17,airwrite,,,
data/raw_airwrite/R/airwrite_R_20260903_164427_319526_650a51.png,R,17,airwrite,,,
data/raw_airwrite/R/airwrite_R_20260903_164428_951339_b60145.png,R,17,airwrite,,,
data/raw_airwrite/R/airwrite_R_20260903_164432_226340_323210.png,R,17,airwrite,,,
data/raw_airwrite/R/airwrite_R_20260903_164434_348871_72e21b.png,R,17,airwrite,,,
data/raw_airwrite/R/airwrite_R_20260903_164436_509291_ae9f4c.png,R,17,airwrite,,,
data/raw_airwrite/S/airwrite_lowercase_s_20260805_214704_542680_15d253.png,S,18,airwrite,,,
data/raw_airwrite/S/airwrite_lowercase_s_20260805_214708_869534_c56ef9.png,S,18,airwrite,,,
data/raw_airwrite/S/airwrite_lowercase_s_20260805_214711_321242_1a6112.png,S,18,airwrite,,,
data/raw_airwrite/S/airwrite_lowercase_s_20260805_214713_323567_3beb4c.png,S,18,airwrite,,,
data/raw_airwrite/S/airwrite_lowercase_s_20260805_214722_780990_3a8248.png,S,18,airwrite,,,
data/raw_airwrite/S/airwrite_lowercase_s_20260805_214726_674925_b0dc94.png,S,18,airwrite,,,
data/raw_airwrite/S/airwrite_lowercase_s_20260805_214730_222285_c2d2f2.png,S,18,airwrite,,,
data/raw_airwrite/S/airwrite_lowercase_s_20260805_214733_598329_ee13de.png,S,18,airwrite,,,
data/raw_airwrite/S/airwrite_lowercase_s_20260805_214737_665974_d56e5b.png,S,18,airwrite,,,
data/raw_airwrite/S/airwrite_lowercase_s_20260805_214740_403920_7d40cf.png,S,18,airwrite,,,
data/raw_airwrite/S/airwrite_lowercase_s_20260805_214742_878662_57c7e8.png,S,18,airwrite,,,
data/raw_airwrite/S/airwrite_S_20260804_160517_755292_d88a2e.png,S,18,airwrite,,,
data/raw_airwrite/S/airwrite_S_20260804_160521_964597_35e7e9.png,S,18,airwrite,,,
data/raw_airwrite/S/airwrite_S_20260804_160523_520835_9cb675.png,S,18,airwrite,,,
data/raw_airwrite/S/airwrite_S_20260804_160524_873016_4ed076.png,S,18,airwrite,,,
data/raw_airwrite/S/airwrite_S_20260804_160526_213384_7871aa.png,S,18,airwrite,,,
data/raw_airwrite/S/airwrite_S_20260804_160533_349189_0e0b92.png,S,18,airwrite,,,
data/raw_airwrite/S/airwrite_S_20260804_160535_408024_a75705.png,S,18,airwrite,,,
data/raw_airwrite/S/airwrite_S_20260804_160543_793637_4d9a9a.png,S,18,airwrite,,,
data/raw_airwrite/S/airwrite_S_20260804_160550_863117_ca7fef.png,S,18,airwrite,,,
data/raw_airwrite/S/airwrite_S_20260804_160555_422235_e0ffab.png,S,18,airwrite,,,
data/raw_airwrite/S/airwrite_S_20260804_160557_739987_faf48d.png,S,18,airwrite,,,
data/raw_airwrite/S/airwrite_S_20260804_160601_072728_715692.png,S,18,airwrite,,,
data/raw_airwrite/S/airwrite_S_20260804_160602_594315_184ce2.png,S,18,airwrite,,,
data/raw_airwrite/S/airwrite_S_20260804_160606_316327_8a2849.png,S,18,airwrite,,,
data/raw_airwrite/S/airwrite_S_20260804_160608_237524_0d1baa.png,S,18,airwrite,,,
data/raw_airwrite/S/airwrite_S_20260804_160609_863138_e0260b.png,S,18,airwrite,,,
data/raw_airwrite/S/airwrite_S_20260804_160612_001914_332b03.png,S,18,airwrite,,,
data/raw_airwrite/S/airwrite_S_20260804_160623_615286_e0da46.png,S,18,airwrite,,,
data/raw_airwrite/S/airwrite_S_20260804_160625_640011_061c1e.png,S,18,airwrite,,,
data/raw_airwrite/S/airwrite_S_20260804_160627_291047_9d4c9a.png,S,18,airwrite,,,
data/raw_airwrite/S/airwrite_S_20260804_160628_923074_8ef93e.png,S,18,airwrite,,,
data/raw_airwrite/S/airwrite_S_20260804_160631_131922_45a98d.png,S,18,airwrite,,,
data/raw_airwrite/S/airwrite_S_20260804_160635_553110_76fc9f.png,S,18,airwrite,,,
data/raw_airwrite/S/airwrite_S_20260804_160638_934055_6860d6.png,S,18,airwrite,,,
data/raw_airwrite/S/airwrite_S_20260804_160641_175039_7bcf38.png,S,18,airwrite,,,
data/raw_airwrite/S/airwrite_S_20260804_160643_167543_0c5135.png,S,18,airwrite,,,
data/raw_airwrite/S/airwrite_S_20260804_160645_491002_e79156.png,S,18,airwrite,,,
data/raw_airwrite/S/airwrite_S_20260804_160651_583203_3eace8.png,S,18,airwrite,,,
data/raw_airwrite/S/airwrite_S_20260804_160653_277704_068b7c.png,S,18,airwrite,,,
data/raw_airwrite/S/airwrite_S_20260804_160655_676756_887e67.png,S,18,airwrite,,,
data/raw_airwrite/S/airwrite_S_20260804_160700_383892_82f25d.png,S,18,airwrite,,,
data/raw_airwrite/S/airwrite_S_20260804_160703_903226_1d6901.png,S,18,airwrite,,,
data/raw_airwrite/S/airwrite_S_20260804_160705_436278_8ca11b.png,S,18,airwrite,,,
data/raw_airwrite/S/airwrite_S_20260804_160707_069945_f2e6a1.png,S,18,airwrite,,,
data/raw_airwrite/S/airwrite_S_20260804_160708_686967_88010a.png,S,18,airwrite,,,
data/raw_airwrite/S/airwrite_S_20260804_160710_772123_857dff.png,S,18,airwrite,,,
data/raw_airwrite/S/airwrite_S_20260804_160722_308529_74ae06.png,S,18,airwrite,,,
data/raw_airwrite/S/airwrite_S_20260804_160724_083206_6867ba.png,S,18,airwrite,,,
data/raw_airwrite/S/airwrite_S_20260804_160731_779228_91efcb.png,S,18,airwrite,,,
data/raw_airwrite/S/airwrite_S_20260804_160733_462741_5d34e0.png,S,18,airwrite,,,
data/raw_airwrite/S/airwrite_S_20260804_160735_354344_c530a9.png,S,18,airwrite,,,
data/raw_airwrite/S/airwrite_S_20260804_160737_070085_13970c.png,S,18,airwrite,,,
data/raw_airwrite/S/airwrite_S_20260804_160739_033125_376ab8.png,S,18,airwrite,,,
data/raw_airwrite/S/airwrite_S_20260804_160740_796895_9a71d0.png,S,18,airwrite,,,
data/raw_airwrite/S/airwrite_S_20260804_160747_679107_ded6ff.png,S,18,airwrite,,,
data/raw_airwrite/S/airwrite_S_20260804_160751_404194_414c51.png,S,18,airwrite,,,
data/raw_airwrite/S/airwrite_S_20260903_164510_948547_cc5abc.png,S,18,airwrite,,,
data/raw_airwrite/S/airwrite_S_20260903_164513_950109_4c9f5a.png,S,18,airwrite,,,
data/raw_airwrite/S/airwrite_S_20260903_164515_338340_5d7bfd.png,S,18,airwrite,,,
data/raw_airwrite/S/airwrite_S_20260903_164518_103221_07e6af.png,S,18,airwrite,,,
data/raw_airwrite/S/airwrite_S_20260903_164519_585630_0fe06b.png,S,18,airwrite,,,
data/raw_airwrite/S/airwrite_S_20260903_164523_393200_16598b.png,S,18,airwrite,,,
data/raw_airwrite/S/airwrite_S_20260903_164529_115703_ea6d1b.png,S,18,airwrite,,,
data/raw_airwrite/S/airwrite_S_20260903_164530_528447_96d2c4.png,S,18,airwrite,,,
data/raw_airwrite/S/airwrite_S_20260903_164531_897380_9a9fed.png,S,18,airwrite,,,
data/raw_airwrite/S/airwrite_S_20260903_164533_580548_a4814b.png,S,18,airwrite,,,
data/raw_airwrite/S/airwrite_S_20260903_164535_278167_a26f39.png,S,18,airwrite,,,
data/raw_airwrite/S/airwrite_S_20260903_164537_056245_5bb013.png,S,18,airwrite,,,
data/raw_airwrite/S/airwrite_S_20260903_164539_161164_3b9289.png,S,18,airwrite,,,
data/raw_airwrite/S/airwrite_S_20260903_164543_229493_a52efb.png,S,18,airwrite,,,
data/raw_airwrite/S/airwrite_S_20260903_164545_735925_7b8259.png,S,18,airwrite,,,
data/raw_airwrite/S/airwrite_S_20260903_164548_877431_237e05.png,S,18,airwrite,,,
data/raw_airwrite/S/airwrite_S_20260903_164550_765373_e7db31.png,S,18,airwrite,,,
data/raw_airwrite/S/airwrite_S_20260903_164552_101370_b1a892.png,S,18,airwrite,,,
data/raw_airwrite/S/airwrite_S_20260903_164553_532153_6a66e7.png,S,18,airwrite,,,
data/raw_airwrite/S/airwrite_S_20260903_164554_818490_4a5ee0.png,S,18,airwrite,,,
data/raw_airwrite/S/airwrite_S_20260903_164556_047907_5d383c.png,S,18,airwrite,,,
data/raw_airwrite/S/airwrite_S_20260903_164557_232533_464583.png,S,18,airwrite,,,
data/raw_airwrite/S/airwrite_S_20260903_164559_049580_61c598.png,S,18,airwrite,,,
data/raw_airwrite/S/airwrite_S_20260903_164600_521224_a330bb.png,S,18,airwrite,,,
data/raw_airwrite/S/airwrite_S_20260903_164602_148074_ef393e.png,S,18,airwrite,,,
data/raw_airwrite/S/airwrite_S_20260903_164606_572478_433fc9.png,S,18,airwrite,,,
data/raw_airwrite/S/airwrite_S_20260903_164608_383230_3639ba.png,S,18,airwrite,,,
data/raw_airwrite/S/airwrite_S_20260903_164613_116436_7ee9aa.png,S,18,airwrite,,,
data/raw_airwrite/S/airwrite_S_20260903_164615_583651_cbac9c.png,S,18,airwrite,,,
data/raw_airwrite/S/airwrite_S_20260903_164617_297975_8befd3.png,S,18,airwrite,,,
data/raw_airwrite/S/airwrite_S_20260903_164618_544646_024f62.png,S,18,airwrite,,,
data/raw_airwrite/S/airwrite_S_20260903_164620_382619_a9ce36.png,S,18,airwrite,,,
data/raw_airwrite/S/airwrite_S_20260903_164622_098953_12e118.png,S,18,airwrite,,,
data/raw_airwrite/S/airwrite_S_20260903_164624_846891_b63baa.png,S,18,airwrite,,,
data/raw_airwrite/S/airwrite_S_20260903_164627_010755_dee436.png,S,18,airwrite,,,
data/raw_airwrite/S/airwrite_S_20260903_164629_031746_eee5c9.png,S,18,airwrite,,,
data/raw_airwrite/S/airwrite_S_20260903_164630_652727_ce94f3.png,S,18,airwrite,,,
data/raw_airwrite/S/airwrite_S_20260903_164632_342834_962ef2.png,S,18,airwrite,,,
data/raw_airwrite/S/airwrite_S_20260903_164633_988132_936e32.png,S,18,airwrite,,,
data/raw_airwrite/S/airwrite_S_20260903_164635_963107_f26ebd.png,S,18,airwrite,,,
data/raw_airwrite/S/airwrite_S_20260903_164637_676005_0c18a2.png,S,18,airwrite,,,
data/raw_airwrite/S/airwrite_S_20260903_164640_056028_e40eb9.png,S,18,airwrite,,,
data/raw_airwrite/S/airwrite_S_20260903_164642_228639_769848.png,S,18,airwrite,,,
data/raw_airwrite/S/airwrite_S_20260903_164646_412606_29ddc6.png,S,18,airwrite,,,
data/raw_airwrite/S/airwrite_S_20260903_164651_112165_f43a23.png,S,18,airwrite,,,
data/raw_airwrite/S/airwrite_S_20260903_164653_077520_1b659e.png,S,18,airwrite,,,
data/raw_airwrite/S/airwrite_S_20260903_164654_991924_813482.png,S,18,airwrite,,,
data/raw_airwrite/S/airwrite_S_20260903_164656_891652_305025.png,S,18,airwrite,,,
data/raw_airwrite/S/airwrite_S_20260903_164658_236721_8e951d.png,S,18,airwrite,,,
data/raw_airwrite/S/airwrite_S_20260903_164702_783976_581d9a.png,S,18,airwrite,,,
data/raw_airwrite/S/airwrite_S_20260903_164704_368158_05861c.png,S,18,airwrite,,,
data/raw_airwrite/S/airwrite_S_20260903_164706_103558_0f8c6d.png,S,18,airwrite,,,
data/raw_airwrite/S/airwrite_S_20260903_164707_908367_b49607.png,S,18,airwrite,,,
data/raw_airwrite/S/airwrite_S_20260903_164709_815513_cec2af.png,S,18,airwrite,,,
data/raw_airwrite/S/airwrite_S_20260903_164711_630338_b7426a.png,S,18,airwrite,,,
data/raw_airwrite/S/airwrite_S_20260903_164713_294613_4caf82.png,S,18,airwrite,,,
data/raw_airwrite/S/airwrite_S_20260903_164715_170639_85e439.png,S,18,airwrite,,,
data/raw_airwrite/S/airwrite_S_20260903_164716_727471_922a37.png,S,18,airwrite,,,
data/raw_airwrite/S/airwrite_S_20260903_164718_490053_2b2711.png,S,18,airwrite,,,
data/raw_airwrite/S/airwrite_S_20260903_164720_025585_c102ed.png,S,18,airwrite,,,
data/raw_airwrite/S/airwrite_S_20260903_164721_737848_4a4ef4.png,S,18,airwrite,,,
data/raw_airwrite/S/airwrite_S_20260903_164723_495794_9b317a.png,S,18,airwrite,,,
data/raw_airwrite/S/airwrite_S_20260903_164725_108931_423860.png,S,18,airwrite,,,
data/raw_airwrite/S/airwrite_S_20260903_164726_695043_bf7fa9.png,S,18,airwrite,,,
data/raw_airwrite/S/airwrite_S_20260903_164728_266970_be1e07.png,S,18,airwrite,,,
data/raw_airwrite/S/airwrite_S_20260903_164730_060770_c15e71.png,S,18,airwrite,,,
data/raw_airwrite/S/airwrite_S_20260903_164731_466237_bbaad1.png,S,18,airwrite,,,
data/raw_airwrite/S/airwrite_S_20260903_164732_931156_ec64d3.png,S,18,airwrite,,,
data/raw_airwrite/S/airwrite_S_20260903_164734_266251_a363ab.png,S,18,airwrite,,,
data/raw_airwrite/S/airwrite_S_20260903_164735_718347_394021.png,S,18,airwrite,,,
data/raw_airwrite/S/airwrite_S_20260903_164737_453058_8e88d6.png,S,18,airwrite,,,
data/raw_airwrite/S/airwrite_S_20260903_164738_971387_708f16.png,S,18,airwrite,,,
data/raw_airwrite/S/airwrite_S_20260903_164741_960798_805d6e.png,S,18,airwrite,,,
data/raw_airwrite/S/airwrite_S_20260903_164743_484680_35fc78.png,S,18,airwrite,,,
data/raw_airwrite/S/airwrite_S_20260903_164745_182457_3833bb.png,S,18,airwrite,,,
data/raw_airwrite/S/airwrite_S_20260903_164746_778062_eb8165.png,S,18,airwrite,,,
data/raw_airwrite/S/airwrite_S_20260903_164748_375438_77bb21.png,S,18,airwrite,,,
data/raw_airwrite/S/airwrite_S_20260903_164751_626770_8bee7a.png,S,18,airwrite,,,
data/raw_airwrite/S/airwrite_S_20260903_164753_196839_54c61f.png,S,18,airwrite,,,
data/raw_airwrite/S/airwrite_S_20260903_164754_749072_0b1146.png,S,18,airwrite,,,
data/raw_airwrite/S/airwrite_S_20260903_164756_269600_3c4d4d.png,S,18,airwrite,,,
data/raw_airwrite/S/airwrite_S_20260903_164757_993600_ef6d11.png,S,18,airwrite,,,
data/raw_airwrite/S/airwrite_S_20260903_164759_616606_7f5916.png,S,18,airwrite,,,
data/raw_airwrite/S/airwrite_S_20260903_164801_196868_7108cd.png,S,18,airwrite,,,
data/raw_airwrite/S/airwrite_S_20260903_164803_143919_0b0676.png,S,18,airwrite,,,
data/raw_airwrite/S/airwrite_S_20260903_164804_880874_b19332.png,S,18,airwrite,,,
data/raw_airwrite/S/airwrite_S_20260903_164806_572965_50d82a.png,S,18,airwrite,,,
data/raw_airwrite/S/airwrite_S_20260903_164808_183680_04eb4c.png,S,18,airwrite,,,
data/raw_airwrite/S/airwrite_S_20260903_164809_920381_69c780.png,S,18,airwrite,,,
data/raw_airwrite/S/airwrite_S_20260903_164811_296079_67f98f.png,S,18,airwrite,,,
data/raw_airwrite/S/airwrite_S_20260903_164813_006379_283b7e.png,S,18,airwrite,,,
data/raw_airwrite/S/airwrite_S_20260903_164814_841582_68c8a8.png,S,18,airwrite,,,
data/raw_airwrite/S/airwrite_S_20260903_164816_478186_5e03f0.png,S,18,airwrite,,,
data/raw_airwrite/T/airwrite_lowercase_t_20260805_214801_715268_184baf.png,T,19,airwrite,,,
data/raw_airwrite/T/airwrite_lowercase_t_20260805_214805_439172_b0fcc4.png,T,19,airwrite,,,
data/raw_airwrite/T/airwrite_lowercase_t_20260805_214810_801863_bc27e2.png,T,19,airwrite,,,
data/raw_airwrite/T/airwrite_lowercase_t_20260805_214819_766608_f783e0.png,T,19,airwrite,,,
data/raw_airwrite/T/airwrite_lowercase_t_20260805_214823_368068_60b429.png,T,19,airwrite,,,
data/raw_airwrite/T/airwrite_lowercase_t_20260805_214827_019603_f3f27b.png,T,19,airwrite,,,
data/raw_airwrite/T/airwrite_lowercase_t_20260805_214830_369772_f836a9.png,T,19,airwrite,,,
data/raw_airwrite/T/airwrite_lowercase_t_20260805_214842_723191_bff66c.png,T,19,airwrite,,,
data/raw_airwrite/T/airwrite_lowercase_t_20260805_214846_024111_4f7562.png,T,19,airwrite,,,
data/raw_airwrite/T/airwrite_lowercase_t_20260805_214855_229445_bf9432.png,T,19,airwrite,,,
data/raw_airwrite/T/airwrite_lowercase_t_20260805_214858_214679_3848a0.png,T,19,airwrite,,,
data/raw_airwrite/T/airwrite_T_20260804_160821_963070_d4d529.png,T,19,airwrite,,,
data/raw_airwrite/T/airwrite_T_20260804_160829_338033_a05cab.png,T,19,airwrite,,,
data/raw_airwrite/T/airwrite_T_20260804_160832_264338_c6be39.png,T,19,airwrite,,,
data/raw_airwrite/T/airwrite_T_20260804_160835_682648_d3360f.png,T,19,airwrite,,,
data/raw_airwrite/T/airwrite_T_20260804_160839_698394_d9924e.png,T,19,airwrite,,,
data/raw_airwrite/T/airwrite_T_20260804_160843_042200_212d9d.png,T,19,airwrite,,,
data/raw_airwrite/T/airwrite_T_20260804_160845_549084_0f7343.png,T,19,airwrite,,,
data/raw_airwrite/T/airwrite_T_20260804_160848_258112_ca5987.png,T,19,airwrite,,,
data/raw_airwrite/T/airwrite_T_20260804_160852_995828_a4fc90.png,T,19,airwrite,,,
data/raw_airwrite/T/airwrite_T_20260804_160855_802010_d9941b.png,T,19,airwrite,,,
data/raw_airwrite/T/airwrite_T_20260804_160905_285586_c04640.png,T,19,airwrite,,,
data/raw_airwrite/T/airwrite_T_20260804_160912_218424_957c68.png,T,19,airwrite,,,
data/raw_airwrite/T/airwrite_T_20260804_160916_381367_6b1d02.png,T,19,airwrite,,,
data/raw_airwrite/T/airwrite_T_20260804_160921_487235_346d05.png,T,19,airwrite,,,
data/raw_airwrite/T/airwrite_T_20260804_160925_118883_cb2f0e.png,T,19,airwrite,,,
data/raw_airwrite/T/airwrite_T_20260804_160930_897858_58ffd7.png,T,19,airwrite,,,
data/raw_airwrite/T/airwrite_T_20260804_160959_266985_7b4cb0.png,T,19,airwrite,,,
data/raw_airwrite/T/airwrite_T_20260804_161001_862539_d1e206.png,T,19,airwrite,,,
data/raw_airwrite/T/airwrite_T_20260804_161004_282706_3a4fed.png,T,19,airwrite,,,
data/raw_airwrite/T/airwrite_T_20260804_161006_467677_fc8ccd.png,T,19,airwrite,,,
data/raw_airwrite/T/airwrite_T_20260804_161009_159857_136051.png,T,19,airwrite,,,
data/raw_airwrite/T/airwrite_T_20260804_161011_993068_e69ab4.png,T,19,airwrite,,,
data/raw_airwrite/T/airwrite_T_20260804_161014_819685_f15e3d.png,T,19,airwrite,,,
data/raw_airwrite/T/airwrite_T_20260804_161019_079338_cfa1a1.png,T,19,airwrite,,,
data/raw_airwrite/T/airwrite_T_20260804_161021_704934_c4e46e.png,T,19,airwrite,,,
data/raw_airwrite/T/airwrite_T_20260804_161023_918372_0df39d.png,T,19,airwrite,,,
data/raw_airwrite/T/airwrite_T_20260804_161026_091197_0cd1bd.png,T,19,airwrite,,,
data/raw_airwrite/T/airwrite_T_20260804_161028_426038_6ee333.png,T,19,airwrite,,,
data/raw_airwrite/T/airwrite_T_20260804_161030_779875_f567c0.png,T,19,airwrite,,,
data/raw_airwrite/T/airwrite_T_20260804_161033_021915_6b44d2.png,T,19,airwrite,,,
data/raw_airwrite/T/airwrite_T_20260804_161035_356846_6a095a.png,T,19,airwrite,,,
data/raw_airwrite/T/airwrite_T_20260804_161037_586251_c5b1f3.png,T,19,airwrite,,,
data/raw_airwrite/T/airwrite_T_20260804_161039_163100_e5ad32.png,T,19,airwrite,,,
data/raw_airwrite/T/airwrite_T_20260804_161042_323999_4799df.png,T,19,airwrite,,,
data/raw_airwrite/T/airwrite_T_20260804_161045_114015_c5535a.png,T,19,airwrite,,,
data/raw_airwrite/T/airwrite_T_20260804_161047_655683_30e28f.png,T,19,airwrite,,,
data/raw_airwrite/T/airwrite_T_20260804_161049_845133_717e7c.png,T,19,airwrite,,,
data/raw_airwrite/T/airwrite_T_20260804_161052_196349_169e33.png,T,19,airwrite,,,
data/raw_airwrite/T/airwrite_T_20260804_161055_287617_f37760.png,T,19,airwrite,,,
data/raw_airwrite/T/airwrite_T_20260804_161058_097609_5a1198.png,T,19,airwrite,,,
data/raw_airwrite/T/airwrite_T_20260804_161106_187792_8fed68.png,T,19,airwrite,,,
data/raw_airwrite/T/airwrite_T_20260804_161108_778270_545b72.png,T,19,airwrite,,,
data/raw_airwrite/T/airwrite_T_20260804_161111_172908_b4400a.png,T,19,airwrite,,,
data/raw_airwrite/T/airwrite_T_20260804_161113_322138_2f5d08.png,T,19,airwrite,,,
data/raw_airwrite/T/airwrite_T_20260804_161117_753224_7542fc.png,T,19,airwrite,,,
data/raw_airwrite/T/airwrite_T_20260804_161119_518507_f6f138.png,T,19,airwrite,,,
data/raw_airwrite/T/airwrite_T_20260804_161135_002099_43f628.png,T,19,airwrite,,,
data/raw_airwrite/T/airwrite_T_20260804_161137_291123_195590.png,T,19,airwrite,,,
data/raw_airwrite/T/airwrite_T_20260804_161139_209162_c2e1a8.png,T,19,airwrite,,,
data/raw_airwrite/T/airwrite_T_20260804_161142_773750_e9ea70.png,T,19,airwrite,,,
data/raw_airwrite/T/airwrite_T_20260804_161144_875105_fc9c8f.png,T,19,airwrite,,,
data/raw_airwrite/T/airwrite_T_20260903_164910_374002_a8a681.png,T,19,airwrite,,,
data/raw_airwrite/T/airwrite_T_20260903_164916_144791_2b1dd2.png,T,19,airwrite,,,
data/raw_airwrite/T/airwrite_T_20260903_164919_047134_86808f.png,T,19,airwrite,,,
data/raw_airwrite/T/airwrite_T_20260903_164921_843146_a7b87d.png,T,19,airwrite,,,
data/raw_airwrite/T/airwrite_T_20260903_164925_356666_e8d4c0.png,T,19,airwrite,,,
data/raw_airwrite/T/airwrite_T_20260903_164928_442594_96a7e9.png,T,19,airwrite,,,
data/raw_airwrite/T/airwrite_T_20260903_164931_998631_d1ce61.png,T,19,airwrite,,,
data/raw_airwrite/T/airwrite_T_20260903_164934_533923_9368c3.png,T,19,airwrite,,,
data/raw_airwrite/T/airwrite_T_20260903_164937_614720_e94c6d.png,T,19,airwrite,,,
data/raw_airwrite/T/airwrite_T_20260903_164939_611617_713136.png,T,19,airwrite,,,
data/raw_airwrite/T/airwrite_T_20260903_164941_633000_168471.png,T,19,airwrite,,,
data/raw_airwrite/T/airwrite_T_20260903_164949_266994_8a0640.png,T,19,airwrite,,,
data/raw_airwrite/T/airwrite_T_20260903_164951_926645_9aafc1.png,T,19,airwrite,,,
data/raw_airwrite/T/airwrite_T_20260903_164954_384043_40ec68.png,T,19,airwrite,,,
data/raw_airwrite/T/airwrite_T_20260903_164957_314993_b484c8.png,T,19,airwrite,,,
data/raw_airwrite/T/airwrite_T_20260903_164959_024322_9aff46.png,T,19,airwrite,,,
data/raw_airwrite/T/airwrite_T_20260903_165001_288392_c36491.png,T,19,airwrite,,,
data/raw_airwrite/T/airwrite_T_20260903_165003_526142_1dcefe.png,T,19,airwrite,,,
data/raw_airwrite/T/airwrite_T_20260903_165007_279672_593d6e.png,T,19,airwrite,,,
data/raw_airwrite/T/airwrite_T_20260903_165009_729102_9d78c4.png,T,19,airwrite,,,
data/raw_airwrite/T/airwrite_T_20260903_165016_710107_44e105.png,T,19,airwrite,,,
data/raw_airwrite/T/airwrite_T_20260903_165019_142009_8fd394.png,T,19,airwrite,,,
data/raw_airwrite/T/airwrite_T_20260903_165022_530223_5d46ef.png,T,19,airwrite,,,
data/raw_airwrite/T/airwrite_T_20260903_165024_921365_4d8565.png,T,19,airwrite,,,
data/raw_airwrite/T/airwrite_T_20260903_165027_196698_4f5a27.png,T,19,airwrite,,,
data/raw_airwrite/T/airwrite_T_20260903_165029_481114_4a5ccf.png,T,19,airwrite,,,
data/raw_airwrite/T/airwrite_T_20260903_165033_216499_91a5ea.png,T,19,airwrite,,,
data/raw_airwrite/T/airwrite_T_20260903_165035_618582_ac08b7.png,T,19,airwrite,,,
data/raw_airwrite/T/airwrite_T_20260903_165037_912331_2201f3.png,T,19,airwrite,,,
data/raw_airwrite/T/airwrite_T_20260903_165041_653871_810b5d.png,T,19,airwrite,,,
data/raw_airwrite/T/airwrite_T_20260903_165044_147993_acb984.png,T,19,airwrite,,,
data/raw_airwrite/T/airwrite_T_20260903_165046_518422_98d17e.png,T,19,airwrite,,,
data/raw_airwrite/T/airwrite_T_20260903_165048_818294_009b48.png,T,19,airwrite,,,
data/raw_airwrite/T/airwrite_T_20260903_165051_135501_75f76e.png,T,19,airwrite,,,
data/raw_airwrite/T/airwrite_T_20260903_165053_377881_cbfa1f.png,T,19,airwrite,,,
data/raw_airwrite/T/airwrite_T_20260903_165057_902266_fb8d53.png,T,19,airwrite,,,
data/raw_airwrite/T/airwrite_T_20260903_165104_243860_4fe131.png,T,19,airwrite,,,
data/raw_airwrite/T/airwrite_T_20260903_165106_656364_20af93.png,T,19,airwrite,,,
data/raw_airwrite/T/airwrite_T_20260903_165109_004391_2a1008.png,T,19,airwrite,,,
data/raw_airwrite/T/airwrite_T_20260903_165111_190731_098ada.png,T,19,airwrite,,,
data/raw_airwrite/T/airwrite_T_20260903_165113_229387_de8ea8.png,T,19,airwrite,,,
data/raw_airwrite/T/airwrite_T_20260903_165115_750643_123066.png,T,19,airwrite,,,
data/raw_airwrite/T/airwrite_T_20260903_165117_954891_621957.png,T,19,airwrite,,,
data/raw_airwrite/T/airwrite_T_20260903_165119_873806_f4f4a2.png,T,19,airwrite,,,
data/raw_airwrite/T/airwrite_T_20260903_165122_299275_6bac04.png,T,19,airwrite,,,
data/raw_airwrite/T/airwrite_T_20260903_165124_535586_713706.png,T,19,airwrite,,,
data/raw_airwrite/T/airwrite_T_20260903_165127_026348_f7e49f.png,T,19,airwrite,,,
data/raw_airwrite/T/airwrite_T_20260903_165129_304178_cbf161.png,T,19,airwrite,,,
data/raw_airwrite/T/airwrite_T_20260903_165131_777169_0ebded.png,T,19,airwrite,,,
data/raw_airwrite/T/airwrite_T_20260903_165133_858115_f5557a.png,T,19,airwrite,,,
data/raw_airwrite/T/airwrite_T_20260903_165135_995540_6a481d.png,T,19,airwrite,,,
data/raw_airwrite/T/airwrite_T_20260903_165137_848314_25a68c.png,T,19,airwrite,,,
data/raw_airwrite/T/airwrite_T_20260903_165139_903850_614ae7.png,T,19,airwrite,,,
data/raw_airwrite/T/airwrite_T_20260903_165141_790503_17485a.png,T,19,airwrite,,,
data/raw_airwrite/T/airwrite_T_20260903_165144_123306_08eb86.png,T,19,airwrite,,,
data/raw_airwrite/T/airwrite_T_20260903_165152_595420_49fe41.png,T,19,airwrite,,,
data/raw_airwrite/T/airwrite_T_20260903_165154_811093_1a4b9c.png,T,19,airwrite,,,
data/raw_airwrite/T/airwrite_T_20260903_165159_076465_448e2b.png,T,19,airwrite,,,
data/raw_airwrite/T/airwrite_T_20260903_165202_830433_afeb4a.png,T,19,airwrite,,,
data/raw_airwrite/T/airwrite_T_20260903_165205_165546_2515ad.png,T,19,airwrite,,,
data/raw_airwrite/T/airwrite_T_20260903_165207_256482_397acf.png,T,19,airwrite,,,
data/raw_airwrite/T/airwrite_T_20260903_165209_191805_a1aa4e.png,T,19,airwrite,,,
data/raw_airwrite/T/airwrite_T_20260903_165211_327060_1a1186.png,T,19,airwrite,,,
data/raw_airwrite/T/airwrite_T_20260903_165213_629217_28d036.png,T,19,airwrite,,,
data/raw_airwrite/T/airwrite_T_20260903_165216_062243_e13223.png,T,19,airwrite,,,
data/raw_airwrite/T/airwrite_T_20260903_165220_589580_f6b868.png,T,19,airwrite,,,
data/raw_airwrite/T/airwrite_T_20260903_165222_856944_68c0c4.png,T,19,airwrite,,,
data/raw_airwrite/T/airwrite_T_20260903_165225_199278_6e771f.png,T,19,airwrite,,,
data/raw_airwrite/T/airwrite_T_20260903_165227_311373_f8f9aa.png,T,19,airwrite,,,
data/raw_airwrite/T/airwrite_T_20260903_165229_774078_c0b827.png,T,19,airwrite,,,
data/raw_airwrite/T/airwrite_T_20260903_165232_108739_90ab75.png,T,19,airwrite,,,
data/raw_airwrite/T/airwrite_T_20260903_165234_275929_67d3f1.png,T,19,airwrite,,,
data/raw_airwrite/T/airwrite_T_20260903_165236_667572_0bed04.png,T,19,airwrite,,,
data/raw_airwrite/T/airwrite_T_20260903_165240_044029_1f7ad1.png,T,19,airwrite,,,
data/raw_airwrite/T/airwrite_T_20260903_165242_750608_6828fd.png,T,19,airwrite,,,
data/raw_airwrite/T/airwrite_T_20260903_165245_370693_d9a9d2.png,T,19,airwrite,,,
data/raw_airwrite/T/airwrite_T_20260903_165247_842216_6cf0e3.png,T,19,airwrite,,,
data/raw_airwrite/T/airwrite_T_20260903_165250_212977_0d273c.png,T,19,airwrite,,,
data/raw_airwrite/T/airwrite_T_20260903_165252_370208_de292b.png,T,19,airwrite,,,
data/raw_airwrite/T/airwrite_T_20260903_165254_661492_af7d82.png,T,19,airwrite,,,
data/raw_airwrite/T/airwrite_T_20260903_165257_072490_c64353.png,T,19,airwrite,,,
data/raw_airwrite/T/airwrite_T_20260903_165259_390841_0da510.png,T,19,airwrite,,,
data/raw_airwrite/T/airwrite_T_20260903_165301_647535_80b343.png,T,19,airwrite,,,
data/raw_airwrite/T/airwrite_T_20260903_165303_857221_713cff.png,T,19,airwrite,,,
data/raw_airwrite/T/airwrite_T_20260903_165306_114698_847bb9.png,T,19,airwrite,,,
data/raw_airwrite/T/airwrite_T_20260903_165308_080198_af621a.png,T,19,airwrite,,,
data/raw_airwrite/T/airwrite_T_20260903_165312_651715_738516.png,T,19,airwrite,,,
data/raw_airwrite/U/airwrite_lowercase_u_20260805_214916_208840_329276.png,U,20,airwrite,,,
data/raw_airwrite/U/airwrite_lowercase_u_20260805_214923_513586_602996.png,U,20,airwrite,,,
data/raw_airwrite/U/airwrite_lowercase_u_20260805_214929_124985_17bf97.png,U,20,airwrite,,,
data/raw_airwrite/U/airwrite_lowercase_u_20260805_214936_558076_0e7ba6.png,U,20,airwrite,,,
data/raw_airwrite/U/airwrite_lowercase_u_20260805_214942_049571_d83567.png,U,20,airwrite,,,
data/raw_airwrite/U/airwrite_lowercase_u_20260805_214944_886384_e85abc.png,U,20,airwrite,,,
data/raw_airwrite/U/airwrite_lowercase_u_20260805_214953_025579_5494da.png,U,20,airwrite,,,
data/raw_airwrite/U/airwrite_lowercase_u_20260805_214956_632099_693b3d.png,U,20,airwrite,,,
data/raw_airwrite/U/airwrite_lowercase_u_20260805_215000_792151_3d6909.png,U,20,airwrite,,,
data/raw_airwrite/U/airwrite_lowercase_u_20260805_215003_481795_01e1fe.png,U,20,airwrite,,,
data/raw_airwrite/U/airwrite_U_20260804_161202_487827_8e8714.png,U,20,airwrite,,,
data/raw_airwrite/U/airwrite_U_20260804_161204_757804_81a38c.png,U,20,airwrite,,,
data/raw_airwrite/U/airwrite_U_20260804_161206_523166_41da9b.png,U,20,airwrite,,,
data/raw_airwrite/U/airwrite_U_20260804_161208_244064_3b5730.png,U,20,airwrite,,,
data/raw_airwrite/U/airwrite_U_20260804_161210_880957_eb0456.png,U,20,airwrite,,,
data/raw_airwrite/U/airwrite_U_20260804_161217_148297_dffced.png,U,20,airwrite,,,
data/raw_airwrite/U/airwrite_U_20260804_161219_373813_f943a3.png,U,20,airwrite,,,
data/raw_airwrite/U/airwrite_U_20260804_161221_760143_c07740.png,U,20,airwrite,,,
data/raw_airwrite/U/airwrite_U_20260804_161226_697372_205d38.png,U,20,airwrite,,,
data/raw_airwrite/U/airwrite_U_20260804_161228_802740_90dcf9.png,U,20,airwrite,,,
data/raw_airwrite/U/airwrite_U_20260804_161234_364657_a42be6.png,U,20,airwrite,,,
data/raw_airwrite/U/airwrite_U_20260804_161237_291212_6238c5.png,U,20,airwrite,,,
data/raw_airwrite/U/airwrite_U_20260804_161241_311408_07725d.png,U,20,airwrite,,,
data/raw_airwrite/U/airwrite_U_20260804_161244_026313_b522ba.png,U,20,airwrite,,,
data/raw_airwrite/U/airwrite_U_20260804_161251_006280_1367d0.png,U,20,airwrite,,,
data/raw_airwrite/U/airwrite_U_20260804_161343_616238_e891fb.png,U,20,airwrite,,,
data/raw_airwrite/U/airwrite_U_20260804_161346_104634_04b543.png,U,20,airwrite,,,
data/raw_airwrite/U/airwrite_U_20260804_161349_572915_b39696.png,U,20,airwrite,,,
data/raw_airwrite/U/airwrite_U_20260804_161352_350937_da2a6f.png,U,20,airwrite,,,
data/raw_airwrite/U/airwrite_U_20260804_161356_478939_995c3b.png,U,20,airwrite,,,
data/raw_airwrite/U/airwrite_U_20260804_161359_945664_6d4368.png,U,20,airwrite,,,
data/raw_airwrite/U/airwrite_U_20260804_161403_687584_adefc4.png,U,20,airwrite,,,
data/raw_airwrite/U/airwrite_U_20260804_161409_902898_c3ffc3.png,U,20,airwrite,,,
data/raw_airwrite/U/airwrite_U_20260804_161421_544238_503da4.png,U,20,airwrite,,,
data/raw_airwrite/U/airwrite_U_20260804_161433_927040_f4401c.png,U,20,airwrite,,,
data/raw_airwrite/U/airwrite_U_20260804_161438_870441_d9d7d3.png,U,20,airwrite,,,
data/raw_airwrite/U/airwrite_U_20260804_161525_633744_329cef.png,U,20,airwrite,,,
data/raw_airwrite/U/airwrite_U_20260804_161528_027227_27c5bc.png,U,20,airwrite,,,
data/raw_airwrite/U/airwrite_U_20260804_161531_220052_539733.png,U,20,airwrite,,,
data/raw_airwrite/U/airwrite_U_20260804_161534_775091_c36bfc.png,U,20,airwrite,,,
data/raw_airwrite/U/airwrite_U_20260804_161541_649223_7f848d.png,U,20,airwrite,,,
data/raw_airwrite/U/airwrite_U_20260804_161543_980168_b9ae1a.png,U,20,airwrite,,,
data/raw_airwrite/U/airwrite_U_20260804_161554_213764_84901f.png,U,20,airwrite,,,
data/raw_airwrite/U/airwrite_U_20260804_161600_852205_a97f1e.png,U,20,airwrite,,,
data/raw_airwrite/U/airwrite_U_20260804_161605_437343_519e32.png,U,20,airwrite,,,
data/raw_airwrite/U/airwrite_U_20260804_161607_485021_d3c587.png,U,20,airwrite,,,
data/raw_airwrite/U/airwrite_U_20260804_161609_635312_b8bf55.png,U,20,airwrite,,,
data/raw_airwrite/U/airwrite_U_20260804_161621_958963_507182.png,U,20,airwrite,,,
data/raw_airwrite/U/airwrite_U_20260804_161624_000860_bdc577.png,U,20,airwrite,,,
data/raw_airwrite/U/airwrite_U_20260804_161626_971225_6a1667.png,U,20,airwrite,,,
data/raw_airwrite/U/airwrite_U_20260804_161630_270558_e873c0.png,U,20,airwrite,,,
data/raw_airwrite/U/airwrite_U_20260804_161633_684029_9d15b9.png,U,20,airwrite,,,
data/raw_airwrite/U/airwrite_U_20260804_161636_937617_49bb29.png,U,20,airwrite,,,
data/raw_airwrite/U/airwrite_U_20260804_161640_439291_a621fc.png,U,20,airwrite,,,
data/raw_airwrite/U/airwrite_U_20260804_161643_965269_358937.png,U,20,airwrite,,,
data/raw_airwrite/U/airwrite_U_20260804_161653_468516_3537ff.png,U,20,airwrite,,,
data/raw_airwrite/U/airwrite_U_20260804_161655_807995_a888f9.png,U,20,airwrite,,,
data/raw_airwrite/U/airwrite_U_20260804_161703_074617_c6b542.png,U,20,airwrite,,,
data/raw_airwrite/U/airwrite_U_20260804_161705_285768_b7fe95.png,U,20,airwrite,,,
data/raw_airwrite/U/airwrite_U_20260903_205137_386249_bfba52.png,U,20,airwrite,,,
data/raw_airwrite/U/airwrite_U_20260904_145318_793580_31fb12.png,U,20,airwrite,,,
data/raw_airwrite/U/airwrite_U_20260904_145322_994930_02111d.png,U,20,airwrite,,,
data/raw_airwrite/U/airwrite_U_20260904_145325_551936_21419e.png,U,20,airwrite,,,
data/raw_airwrite/U/airwrite_U_20260904_145332_173181_dd23de.png,U,20,airwrite,,,
data/raw_airwrite/U/airwrite_U_20260904_145337_462179_ee6b48.png,U,20,airwrite,,,
data/raw_airwrite/U/airwrite_U_20260904_145341_424013_f5371b.png,U,20,airwrite,,,
data/raw_airwrite/U/airwrite_U_20260904_145343_382088_7a02ef.png,U,20,airwrite,,,
data/raw_airwrite/U/airwrite_U_20260904_145350_085508_dc0abd.png,U,20,airwrite,,,
data/raw_airwrite/U/airwrite_U_20260904_145358_762332_148adf.png,U,20,airwrite,,,
data/raw_airwrite/U/airwrite_U_20260904_145403_606712_78dea2.png,U,20,airwrite,,,
data/raw_airwrite/U/airwrite_U_20260904_145408_605723_947b8a.png,U,20,airwrite,,,
data/raw_airwrite/U/airwrite_U_20260904_145413_217674_79ce0b.png,U,20,airwrite,,,
data/raw_airwrite/U/airwrite_U_20260904_145421_122017_fd0287.png,U,20,airwrite,,,
data/raw_airwrite/U/airwrite_U_20260904_145429_926206_6f0f2c.png,U,20,airwrite,,,
data/raw_airwrite/U/airwrite_U_20260904_145458_655350_94e773.png,U,20,airwrite,,,
data/raw_airwrite/U/airwrite_U_20260904_145501_261801_fcd7a3.png,U,20,airwrite,,,
data/raw_airwrite/U/airwrite_U_20260904_145505_621854_7aac07.png,U,20,airwrite,,,
data/raw_airwrite/U/airwrite_U_20260904_145507_662397_cb2525.png,U,20,airwrite,,,
data/raw_airwrite/U/airwrite_U_20260904_145509_712132_9d2faf.png,U,20,airwrite,,,
data/raw_airwrite/U/airwrite_U_20260904_145514_367195_d107ed.png,U,20,airwrite,,,
data/raw_airwrite/U/airwrite_U_20260904_145516_552672_0a454d.png,U,20,airwrite,,,
data/raw_airwrite/U/airwrite_U_20260904_145525_315368_b674cd.png,U,20,airwrite,,,
data/raw_airwrite/U/airwrite_U_20260904_145528_251783_278eea.png,U,20,airwrite,,,
data/raw_airwrite/U/airwrite_U_20260904_145532_993720_93fad0.png,U,20,airwrite,,,
data/raw_airwrite/U/airwrite_U_20260904_145538_098364_dcf78b.png,U,20,airwrite,,,
data/raw_airwrite/U/airwrite_U_20260904_145540_734449_134fb8.png,U,20,airwrite,,,
data/raw_airwrite/U/airwrite_U_20260904_145547_065264_9f5eb2.png,U,20,airwrite,,,
data/raw_airwrite/U/airwrite_U_20260904_145549_845319_a7a602.png,U,20,airwrite,,,
data/raw_airwrite/U/airwrite_U_20260904_145553_631859_05d7c7.png,U,20,airwrite,,,
data/raw_airwrite/U/airwrite_U_20260904_145557_594095_b8d895.png,U,20,airwrite,,,
data/raw_airwrite/U/airwrite_U_20260904_145600_992992_a81652.png,U,20,airwrite,,,
data/raw_airwrite/U/airwrite_U_20260904_145607_503241_191370.png,U,20,airwrite,,,
data/raw_airwrite/U/airwrite_U_20260904_145621_172087_26f838.png,U,20,airwrite,,,
data/raw_airwrite/U/airwrite_U_20260904_145623_197941_590578.png,U,20,airwrite,,,
data/raw_airwrite/U/airwrite_U_20260904_145625_431939_2d7a1b.png,U,20,airwrite,,,
data/raw_airwrite/U/airwrite_U_20260904_145637_151922_33f805.png,U,20,airwrite,,,
data/raw_airwrite/U/airwrite_U_20260904_145642_949787_310484.png,U,20,airwrite,,,
data/raw_airwrite/U/airwrite_U_20260904_145647_681867_aa4bf3.png,U,20,airwrite,,,
data/raw_airwrite/U/airwrite_U_20260904_145656_698119_272a37.png,U,20,airwrite,,,
data/raw_airwrite/U/airwrite_U_20260904_145701_051953_60ab70.png,U,20,airwrite,,,
data/raw_airwrite/U/airwrite_U_20260904_145712_415467_12f76e.png,U,20,airwrite,,,
data/raw_airwrite/U/airwrite_U_20260904_145717_691919_dae3aa.png,U,20,airwrite,,,
data/raw_airwrite/U/airwrite_U_20260904_145725_875637_a0a047.png,U,20,airwrite,,,
data/raw_airwrite/U/airwrite_U_20260904_145730_177421_157016.png,U,20,airwrite,,,
data/raw_airwrite/U/airwrite_U_20260904_145734_025346_596504.png,U,20,airwrite,,,
data/raw_airwrite/U/airwrite_U_20260904_145738_191744_c3ad2b.png,U,20,airwrite,,,
data/raw_airwrite/U/airwrite_U_20260904_145740_355783_f3a6eb.png,U,20,airwrite,,,
data/raw_airwrite/U/airwrite_U_20260904_145742_382080_f6b964.png,U,20,airwrite,,,
data/raw_airwrite/U/airwrite_U_20260904_145745_965407_4edac9.png,U,20,airwrite,,,
data/raw_airwrite/U/airwrite_U_20260904_145810_067886_48ac53.png,U,20,airwrite,,,
data/raw_airwrite/U/airwrite_U_20260904_145813_082087_5f05fd.png,U,20,airwrite,,,
data/raw_airwrite/U/airwrite_U_20260904_145816_414739_f0b542.png,U,20,airwrite,,,
data/raw_airwrite/U/airwrite_U_20260904_145818_625967_3b0f4e.png,U,20,airwrite,,,
data/raw_airwrite/U/airwrite_U_20260904_145821_664279_546194.png,U,20,airwrite,,,
data/raw_airwrite/U/airwrite_U_20260904_145826_009275_b4f07d.png,U,20,airwrite,,,
data/raw_airwrite/U/airwrite_U_20260904_145827_984699_b118d4.png,U,20,airwrite,,,
data/raw_airwrite/U/airwrite_U_20260904_145833_262014_e9cea8.png,U,20,airwrite,,,
data/raw_airwrite/U/airwrite_U_20260904_145836_976654_e209b8.png,U,20,airwrite,,,
data/raw_airwrite/U/airwrite_U_20260904_145846_332463_cb007c.png,U,20,airwrite,,,
data/raw_airwrite/U/airwrite_U_20260904_145849_992099_f8622e.png,U,20,airwrite,,,
data/raw_airwrite/U/airwrite_U_20260904_145855_201868_8ee857.png,U,20,airwrite,,,
data/raw_airwrite/U/airwrite_U_20260904_145902_011836_884265.png,U,20,airwrite,,,
data/raw_airwrite/U/airwrite_U_20260904_145908_453917_1ea838.png,U,20,airwrite,,,
data/raw_airwrite/U/airwrite_U_20260904_145912_402192_00879e.png,U,20,airwrite,,,
data/raw_airwrite/U/airwrite_U_20260904_145917_011722_29fd2f.png,U,20,airwrite,,,
data/raw_airwrite/U/airwrite_U_20260904_145919_553239_7da3bf.png,U,20,airwrite,,,
data/raw_airwrite/U/airwrite_U_20260904_145924_893539_f89f1e.png,U,20,airwrite,,,
data/raw_airwrite/U/airwrite_U_20260904_145931_985306_6f95d4.png,U,20,airwrite,,,
data/raw_airwrite/U/airwrite_U_20260904_145949_782768_f443ab.png,U,20,airwrite,,,
data/raw_airwrite/U/airwrite_U_20260904_145952_217430_8f9260.png,U,20,airwrite,,,
data/raw_airwrite/U/airwrite_U_20260904_145955_431851_dd876a.png,U,20,airwrite,,,
data/raw_airwrite/U/airwrite_U_20260904_145959_512202_a54153.png,U,20,airwrite,,,
data/raw_airwrite/U/airwrite_U_20260904_150002_092049_6a7cd6.png,U,20,airwrite,,,
data/raw_airwrite/U/airwrite_U_20260904_150006_145714_52fc48.png,U,20,airwrite,,,
data/raw_airwrite/U/airwrite_U_20260904_150010_088443_b0f6eb.png,U,20,airwrite,,,
data/raw_airwrite/U/airwrite_U_20260904_150016_385786_720384.png,U,20,airwrite,,,
data/raw_airwrite/U/airwrite_U_20260904_150020_822269_68cedc.png,U,20,airwrite,,,
data/raw_airwrite/U/airwrite_U_20260904_150025_791848_b41a68.png,U,20,airwrite,,,
data/raw_airwrite/U/airwrite_U_20260904_150032_421945_448ddd.png,U,20,airwrite,,,
data/raw_airwrite/U/airwrite_U_20260904_150034_272181_ea6092.png,U,20,airwrite,,,
data/raw_airwrite/U/airwrite_U_20260904_150038_963639_475a53.png,U,20,airwrite,,,
data/raw_airwrite/U/airwrite_U_20260904_150043_202202_596da6.png,U,20,airwrite,,,
data/raw_airwrite/U/airwrite_U_20260904_150048_856432_c87cf8.png,U,20,airwrite,,,
data/raw_airwrite/U/airwrite_U_20260904_150052_741953_13a35d.png,U,20,airwrite,,,
data/raw_airwrite/U/airwrite_U_20260904_150056_533645_61a281.png,U,20,airwrite,,,
data/raw_airwrite/U/airwrite_U_20260904_150100_005568_7182e5.png,U,20,airwrite,,,
data/raw_airwrite/V/airwrite_lowercase_v_20260805_215012_461936_b00444 (1).png,V,21,airwrite,,,
data/raw_airwrite/V/airwrite_lowercase_v_20260805_215012_461936_b00444 (16).png,V,21,airwrite,,,
data/raw_airwrite/V/airwrite_lowercase_v_20260805_215012_461936_b00444 (17).png,V,21,airwrite,,,
data/raw_airwrite/V/airwrite_lowercase_v_20260805_215012_461936_b00444 (18).png,V,21,airwrite,,,
data/raw_airwrite/V/airwrite_lowercase_v_20260805_215012_461936_b00444 (19).png,V,21,airwrite,,,
data/raw_airwrite/V/airwrite_lowercase_v_20260805_215012_461936_b00444 (20).png,V,21,airwrite,,,
data/raw_airwrite/V/airwrite_lowercase_v_20260805_215012_461936_b00444 (21).png,V,21,airwrite,,,
data/raw_airwrite/V/airwrite_lowercase_v_20260805_215012_461936_b00444 (22).png,V,21,airwrite,,,
data/raw_airwrite/V/airwrite_lowercase_v_20260805_215012_461936_b00444 (23).png,V,21,airwrite,,,
data/raw_airwrite/V/airwrite_lowercase_v_20260805_215012_461936_b00444 (24).png,V,21,airwrite,,,
data/raw_airwrite/V/airwrite_lowercase_v_20260805_215012_461936_b00444 (25).png,V,21,airwrite,,,
data/raw_airwrite/V/airwrite_lowercase_v_20260805_215012_461936_b00444 (26).png,V,21,airwrite,,,
data/raw_airwrite/V/airwrite_lowercase_v_20260805_215012_461936_b00444 (27).png,V,21,airwrite,,,
data/raw_airwrite/V/airwrite_lowercase_v_20260805_215012_461936_b00444 (28).png,V,21,airwrite,,,
data/raw_airwrite/V/airwrite_lowercase_v_20260805_215012_461936_b00444 (29).png,V,21,airwrite,,,
data/raw_airwrite/V/airwrite_V_20260804_161715_589059_b5bc5f.png,V,21,airwrite,,,
data/raw_airwrite/V/airwrite_V_20260804_161717_261289_fc716c.png,V,21,airwrite,,,
data/raw_airwrite/V/airwrite_V_20260804_161719_073676_03b476.png,V,21,airwrite,,,
data/raw_airwrite/V/airwrite_V_20260804_161720_794329_cd641f.png,V,21,airwrite,,,
data/raw_airwrite/V/airwrite_V_20260804_161722_609209_30a0bb.png,V,21,airwrite,,,
data/raw_airwrite/V/airwrite_V_20260804_161724_378371_706726.png,V,21,airwrite,,,
data/raw_airwrite/V/airwrite_V_20260804_161728_611072_45f6a9.png,V,21,airwrite,,,
data/raw_airwrite/V/airwrite_V_20260804_161732_986921_72d286.png,V,21,airwrite,,,
data/raw_airwrite/V/airwrite_V_20260804_161736_711306_f60ac3.png,V,21,airwrite,,,
data/raw_airwrite/V/airwrite_V_20260804_161737_957615_71a14b.png,V,21,airwrite,,,
data/raw_airwrite/V/airwrite_V_20260804_161740_733974_e2077e.png,V,21,airwrite,,,
data/raw_airwrite/V/airwrite_V_20260804_161742_624990_fa838d.png,V,21,airwrite,,,
data/raw_airwrite/V/airwrite_V_20260804_161744_397567_60f5ad.png,V,21,airwrite,,,
data/raw_airwrite/V/airwrite_V_20260804_161746_238299_af81d4.png,V,21,airwrite,,,
data/raw_airwrite/V/airwrite_V_20260804_161747_984686_47a37b.png,V,21,airwrite,,,
data/raw_airwrite/V/airwrite_V_20260804_161753_868734_1a9e72.png,V,21,airwrite,,,
data/raw_airwrite/V/airwrite_V_20260804_161802_456759_cdd55f.png,V,21,airwrite,,,
data/raw_airwrite/V/airwrite_V_20260804_161807_301418_70a546.png,V,21,airwrite,,,
data/raw_airwrite/V/airwrite_V_20260804_161809_182180_6049fc.png,V,21,airwrite,,,
data/raw_airwrite/V/airwrite_V_20260804_161815_756170_748e63.png,V,21,airwrite,,,
data/raw_airwrite/V/airwrite_V_20260804_161817_789325_d1db5f.png,V,21,airwrite,,,
data/raw_airwrite/V/airwrite_V_20260804_161819_633187_86db03.png,V,21,airwrite,,,
data/raw_airwrite/V/airwrite_V_20260804_161824_460744_69c1b4.png,V,21,airwrite,,,
data/raw_airwrite/V/airwrite_V_20260804_161826_439562_9732e1.png,V,21,airwrite,,,
data/raw_airwrite/V/airwrite_V_20260804_161847_384029_10cf76.png,V,21,airwrite,,,
data/raw_airwrite/V/airwrite_V_20260804_161849_192177_5ca15e.png,V,21,airwrite,,,
data/raw_airwrite/V/airwrite_V_20260804_161853_874663_a7e2f1.png,V,21,airwrite,,,
data/raw_airwrite/V/airwrite_V_20260804_161855_794404_bad6bb.png,V,21,airwrite,,,
data/raw_airwrite/V/airwrite_V_20260804_162001_992663_048252.png,V,21,airwrite,,,
data/raw_airwrite/V/airwrite_V_20260804_162038_896781_85300b.png,V,21,airwrite,,,
data/raw_airwrite/V/airwrite_V_20260804_162040_727173_4a230d.png,V,21,airwrite,,,
data/raw_airwrite/V/airwrite_V_20260804_162050_497818_14dc9b.png,V,21,airwrite,,,
data/raw_airwrite/V/airwrite_V_20260804_162056_073828_a4dc84.png,V,21,airwrite,,,
data/raw_airwrite/V/airwrite_V_20260804_162058_563002_00ac93.png,V,21,airwrite,,,
data/raw_airwrite/V/airwrite_V_20260804_162106_590106_cc1434.png,V,21,airwrite,,,
data/raw_airwrite/V/airwrite_V_20260804_162110_966542_a02be7.png,V,21,airwrite,,,
data/raw_airwrite/V/airwrite_V_20260804_162112_846639_65b597.png,V,21,airwrite,,,
data/raw_airwrite/V/airwrite_V_20260804_162117_071362_6617ad.png,V,21,airwrite,,,
data/raw_airwrite/V/airwrite_V_20260804_162132_205497_7f5de0.png,V,21,airwrite,,,
data/raw_airwrite/V/airwrite_V_20260804_162135_875266_6325d5.png,V,21,airwrite,,,
data/raw_airwrite/V/airwrite_V_20260804_162137_805415_41f9e7.png,V,21,airwrite,,,
data/raw_airwrite/V/airwrite_V_20260804_162139_828391_c09674.png,V,21,airwrite,,,
data/raw_airwrite/V/airwrite_V_20260804_162142_004436_206158.png,V,21,airwrite,,,
data/raw_airwrite/V/airwrite_V_20260804_162144_989043_ae2ce4.png,V,21,airwrite,,,
data/raw_airwrite/V/airwrite_V_20260804_162147_088090_5ad01d.png,V,21,airwrite,,,
data/raw_airwrite/V/airwrite_V_20260804_162155_427639_960f27.png,V,21,airwrite,,,
data/raw_airwrite/V/airwrite_V_20260804_162201_828117_9052b7.png,V,21,airwrite,,,
data/raw_airwrite/V/airwrite_V_20260804_162212_503509_4110d5.png,V,21,airwrite,,,
data/raw_airwrite/V/airwrite_V_20260901_163607_095265_699d0a.png,V,21,airwrite,,,
data/raw_airwrite/V/airwrite_V_20260901_163643_539678_2e2e4a.png,V,21,airwrite,,,
data/raw_airwrite/V/airwrite_V_20260901_163645_356526_6995be.png,V,21,airwrite,,,
data/raw_airwrite/V/airwrite_V_20260901_163647_356017_f71266.png,V,21,airwrite,,,
data/raw_airwrite/V/airwrite_V_20260901_163651_041993_f53b68.png,V,21,airwrite,,,
data/raw_airwrite/V/airwrite_V_20260901_163653_149960_788717.png,V,21,airwrite,,,
data/raw_airwrite/V/airwrite_V_20260901_163655_101108_9d32fa.png,V,21,airwrite,,,
data/raw_airwrite/V/airwrite_V_20260901_163656_879554_735748.png,V,21,airwrite,,,
data/raw_airwrite/V/airwrite_V_20260901_163700_050287_6e5393.png,V,21,airwrite,,,
data/raw_airwrite/V/airwrite_V_20260901_163702_009073_50cf4b.png,V,21,airwrite,,,
data/raw_airwrite/V/airwrite_V_20260901_163704_005096_b6582e.png,V,21,airwrite,,,
data/raw_airwrite/V/airwrite_V_20260901_163705_762701_fd2e59.png,V,21,airwrite,,,
data/raw_airwrite/V/airwrite_V_20260901_163707_675664_fb72a8.png,V,21,airwrite,,,
data/raw_airwrite/V/airwrite_V_20260901_163712_129710_d33ec9.png,V,21,airwrite,,,
data/raw_airwrite/V/airwrite_V_20260901_163713_501439_c2284a.png,V,21,airwrite,,,
data/raw_airwrite/V/airwrite_V_20260901_163714_709820_94b82f.png,V,21,airwrite,,,
data/raw_airwrite/V/airwrite_V_20260901_163716_140793_cda568.png,V,21,airwrite,,,
data/raw_airwrite/V/airwrite_V_20260901_163718_036276_9b79ef.png,V,21,airwrite,,,
data/raw_airwrite/V/airwrite_V_20260901_163721_530664_d50b69.png,V,21,airwrite,,,
data/raw_airwrite/V/airwrite_V_20260901_163723_392541_4d6231.png,V,21,airwrite,,,
data/raw_airwrite/V/airwrite_V_20260901_163724_682294_f04598.png,V,21,airwrite,,,
data/raw_airwrite/V/airwrite_V_20260901_163726_058052_1746d4.png,V,21,airwrite,,,
data/raw_airwrite/V/airwrite_V_20260901_163727_468493_74c535.png,V,21,airwrite,,,
data/raw_airwrite/V/airwrite_V_20260901_163729_321828_d12c13.png,V,21,airwrite,,,
data/raw_airwrite/V/airwrite_V_20260901_163732_662397_0efb3f.png,V,21,airwrite,,,
data/raw_airwrite/V/airwrite_V_20260903_165425_690754_a00939.png,V,21,airwrite,,,
data/raw_airwrite/V/airwrite_V_20260903_165428_614159_60af46.png,V,21,airwrite,,,
data/raw_airwrite/V/airwrite_V_20260903_165431_503543_cafc41.png,V,21,airwrite,,,
data/raw_airwrite/V/airwrite_V_20260903_165435_198786_7168d5.png,V,21,airwrite,,,
data/raw_airwrite/V/airwrite_V_20260903_165436_569010_da83e4.png,V,21,airwrite,,,
data/raw_airwrite/V/airwrite_V_20260903_165437_818213_d76c95.png,V,21,airwrite,,,
data/raw_airwrite/V/airwrite_V_20260903_165442_997308_6accfe.png,V,21,airwrite,,,
data/raw_airwrite/V/airwrite_V_20260903_165444_301946_97d16b.png,V,21,airwrite,,,
data/raw_airwrite/V/airwrite_V_20260903_165447_820145_62dac8.png,V,21,airwrite,,,
data/raw_airwrite/V/airwrite_V_20260903_165449_436582_4e8cb5.png,V,21,airwrite,,,
data/raw_airwrite/V/airwrite_V_20260903_165452_717711_4b090d.png,V,21,airwrite,,,
data/raw_airwrite/V/airwrite_V_20260903_165454_231082_afc17a.png,V,21,airwrite,,,
data/raw_airwrite/V/airwrite_V_20260903_165455_932961_00829f.png,V,21,airwrite,,,
data/raw_airwrite/V/airwrite_V_20260903_165458_882017_5c6528.png,V,21,airwrite,,,
data/raw_airwrite/V/airwrite_V_20260903_165502_957322_1fd9fe.png,V,21,airwrite,,,
data/raw_airwrite/V/airwrite_V_20260903_165505_256027_f061e4.png,V,21,airwrite,,,
data/raw_airwrite/V/airwrite_V_20260903_165519_385441_f169cb.png,V,21,airwrite,,,
data/raw_airwrite/V/airwrite_V_20260903_165524_008206_e97ff3.png,V,21,airwrite,,,
data/raw_airwrite/V/airwrite_V_20260903_165526_938070_9b9941.png,V,21,airwrite,,,
data/raw_airwrite/V/airwrite_V_20260903_165528_305050_d38a00.png,V,21,airwrite,,,
data/raw_airwrite/V/airwrite_V_20260903_165529_659627_2cb26b.png,V,21,airwrite,,,
data/raw_airwrite/V/airwrite_V_20260903_165530_912024_68e926.png,V,21,airwrite,,,
data/raw_airwrite/V/airwrite_V_20260903_165535_635721_186ee9.png,V,21,airwrite,,,
data/raw_airwrite/V/airwrite_V_20260903_165537_335379_114a6a.png,V,21,airwrite,,,
data/raw_airwrite/V/airwrite_V_20260903_165542_870619_19a6dd.png,V,21,airwrite,,,
data/raw_airwrite/V/airwrite_V_20260903_165544_400428_e05ff0.png,V,21,airwrite,,,
data/raw_airwrite/V/airwrite_V_20260903_165545_666710_4abea2.png,V,21,airwrite,,,
data/raw_airwrite/V/airwrite_V_20260903_165547_168668_1d70aa.png,V,21,airwrite,,,
data/raw_airwrite/V/airwrite_V_20260903_165548_406037_eb8f10.png,V,21,airwrite,,,
data/raw_airwrite/V/airwrite_V_20260903_165550_059206_59ba93.png,V,21,airwrite,,,
data/raw_airwrite/V/airwrite_V_20260903_165551_889036_e7d06e.png,V,21,airwrite,,,
data/raw_airwrite/V/airwrite_V_20260903_165553_966454_7bef25.png,V,21,airwrite,,,
data/raw_airwrite/V/airwrite_V_20260903_165555_638658_c0fd8c.png,V,21,airwrite,,,
data/raw_airwrite/V/airwrite_V_20260903_165556_923439_8c3eb1.png,V,21,airwrite,,,
data/raw_airwrite/V/airwrite_V_20260903_165558_307793_c0cab2.png,V,21,airwrite,,,
data/raw_airwrite/V/airwrite_V_20260903_165559_677112_92edb0.png,V,21,airwrite,,,
data/raw_airwrite/V/airwrite_V_20260903_165600_862139_c69860.png,V,21,airwrite,,,
data/raw_airwrite/V/airwrite_V_20260903_165605_934893_ad59b3.png,V,21,airwrite,,,
data/raw_airwrite/V/airwrite_V_20260903_165609_225762_d30660.png,V,21,airwrite,,,
data/raw_airwrite/V/airwrite_V_20260903_165610_643035_4090e3.png,V,21,airwrite,,,
data/raw_airwrite/V/airwrite_V_20260903_165617_854757_ed3c87.png,V,21,airwrite,,,
data/raw_airwrite/V/airwrite_V_20260903_165622_370151_3a67af.png,V,21,airwrite,,,
data/raw_airwrite/V/airwrite_V_20260903_165626_508831_a80842.png,V,21,airwrite,,,
data/raw_airwrite/V/airwrite_V_20260903_165628_522564_561e77.png,V,21,airwrite,,,
data/raw_airwrite/V/airwrite_V_20260903_165629_863407_3099a0.png,V,21,airwrite,,,
data/raw_airwrite/V/airwrite_V_20260903_165637_529911_9ad0f0.png,V,21,airwrite,,,
data/raw_airwrite/V/airwrite_V_20260903_165639_002940_788753.png,V,21,airwrite,,,
data/raw_airwrite/V/airwrite_V_20260903_165640_486534_16c67b.png,V,21,airwrite,,,
data/raw_airwrite/V/airwrite_V_20260903_165644_360727_9b5976.png,V,21,airwrite,,,
data/raw_airwrite/V/airwrite_V_20260903_165645_575046_6c3f71.png,V,21,airwrite,,,
data/raw_airwrite/V/airwrite_V_20260903_165649_374482_b740fa.png,V,21,airwrite,,,
data/raw_airwrite/V/airwrite_V_20260903_165651_731021_e79cfc.png,V,21,airwrite,,,
data/raw_airwrite/V/airwrite_V_20260903_165653_923248_ae1de7.png,V,21,airwrite,,,
data/raw_airwrite/V/airwrite_V_20260903_165655_069132_ffde88.png,V,21,airwrite,,,
data/raw_airwrite/V/airwrite_V_20260903_165658_175914_db4b89.png,V,21,airwrite,,,
data/raw_airwrite/V/airwrite_V_20260903_165659_652435_53019e.png,V,21,airwrite,,,
data/raw_airwrite/V/airwrite_V_20260903_165700_606075_ae400b.png,V,21,airwrite,,,
data/raw_airwrite/V/airwrite_V_20260903_165704_191618_835898.png,V,21,airwrite,,,
data/raw_airwrite/V/airwrite_V_20260903_165705_664787_1e7d47.png,V,21,airwrite,,,
data/raw_airwrite/V/airwrite_V_20260903_165707_388806_9c5ed8.png,V,21,airwrite,,,
data/raw_airwrite/W/airwrite_lowercase_w_20260805_215215_646817_1856f7.png,W,22,airwrite,,,
data/raw_airwrite/W/airwrite_lowercase_w_20260805_215217_830448_fda808.png,W,22,airwrite,,,
data/raw_airwrite/W/airwrite_lowercase_w_20260805_215220_032550_b24c01.png,W,22,airwrite,,,
data/raw_airwrite/W/airwrite_lowercase_w_20260805_215225_814509_41583f.png,W,22,airwrite,,,
data/raw_airwrite/W/airwrite_lowercase_w_20260805_215228_244886_ecd17d.png,W,22,airwrite,,,
data/raw_airwrite/W/airwrite_lowercase_w_20260805_215236_064029_a60d8b.png,W,22,airwrite,,,
data/raw_airwrite/W/airwrite_lowercase_w_20260805_215238_170511_c447ec.png,W,22,airwrite,,,
data/raw_airwrite/W/airwrite_lowercase_w_20260805_215240_235549_29e90e.png,W,22,airwrite,,,
data/raw_airwrite/W/airwrite_lowercase_w_20260805_215248_130425_f915cf.png,W,22,airwrite,,,
data/raw_airwrite/W/airwrite_lowercase_w_20260805_215251_262562_960de6.png,W,22,airwrite,,,
data/raw_airwrite/W/airwrite_W_20260804_162252_936754_63480f.png,W,22,airwrite,,,
data/raw_airwrite/W/airwrite_W_20260804_162255_776955_324e35.png,W,22,airwrite,,,
data/raw_airwrite/W/airwrite_W_20260804_162259_169339_bc4741.png,W,22,airwrite,,,
data/raw_airwrite/W/airwrite_W_20260804_162301_446671_c584ad.png,W,22,airwrite,,,
data/raw_airwrite/W/airwrite_W_20260804_162306_625410_f6f14a.png,W,22,airwrite,,,
data/raw_airwrite/W/airwrite_W_20260804_162309_310357_438327.png,W,22,airwrite,,,
data/raw_airwrite/W/airwrite_W_20260804_162313_123341_3b85a3.png,W,22,airwrite,,,
data/raw_airwrite/W/airwrite_W_20260804_162324_361657_d2f07a.png,W,22,airwrite,,,
data/raw_airwrite/W/airwrite_W_20260804_162328_559035_b94528.png,W,22,airwrite,,,
data/raw_airwrite/W/airwrite_W_20260804_162331_216900_1e529c.png,W,22,airwrite,,,
data/raw_airwrite/W/airwrite_W_20260804_162513_761706_61e850.png,W,22,airwrite,,,
data/raw_airwrite/W/airwrite_W_20260804_162515_815316_51d1f6.png,W,22,airwrite,,,
data/raw_airwrite/W/airwrite_W_20260804_162519_094399_2a5eca.png,W,22,airwrite,,,
data/raw_airwrite/W/airwrite_W_20260804_162521_290645_ecd9d1.png,W,22,airwrite,,,
data/raw_airwrite/W/airwrite_W_20260804_162524_372518_f18b38.png,W,22,airwrite,,,
data/raw_airwrite/W/airwrite_W_20260804_162527_578529_993946.png,W,22,airwrite,,,
data/raw_airwrite/W/airwrite_W_20260804_162530_680236_f059b0.png,W,22,airwrite,,,
data/raw_airwrite/W/airwrite_W_20260804_162536_812590_43c361.png,W,22,airwrite,,,
data/raw_airwrite/W/airwrite_W_20260804_162540_665465_a64b88.png,W,22,airwrite,,,
data/raw_airwrite/W/airwrite_W_20260804_162544_730610_bfd670.png,W,22,airwrite,,,
data/raw_airwrite/W/airwrite_W_20260804_162556_876985_ddeafb.png,W,22,airwrite,,,
data/raw_airwrite/W/airwrite_W_20260804_162616_141791_daa51a.png,W,22,airwrite,,,
data/raw_airwrite/W/airwrite_W_20260804_162621_136511_f65512.png,W,22,airwrite,,,
data/raw_airwrite/W/airwrite_W_20260804_162624_336564_6aa802.png,W,22,airwrite,,,
data/raw_airwrite/W/airwrite_W_20260804_162649_422918_45ad4d.png,W,22,airwrite,,,
data/raw_airwrite/W/airwrite_W_20260804_162652_222718_df8d76.png,W,22,airwrite,,,
data/raw_airwrite/W/airwrite_W_20260804_162701_598221_ea64ce.png,W,22,airwrite,,,
data/raw_airwrite/W/airwrite_W_20260804_162707_288060_c631bf.png,W,22,airwrite,,,
data/raw_airwrite/W/airwrite_W_20260804_162710_191525_38c909.png,W,22,airwrite,,,
data/raw_airwrite/W/airwrite_W_20260804_162713_287956_4bbc11.png,W,22,airwrite,,,
data/raw_airwrite/W/airwrite_W_20260804_162717_162573_a51353.png,W,22,airwrite,,,
data/raw_airwrite/W/airwrite_W_20260804_162719_555483_ce1e71.png,W,22,airwrite,,,
data/raw_airwrite/W/airwrite_W_20260804_162725_706842_8a01ee.png,W,22,airwrite,,,
data/raw_airwrite/W/airwrite_W_20260804_162731_112685_7fa85e.png,W,22,airwrite,,,
data/raw_airwrite/W/airwrite_W_20260804_162733_396740_d22817.png,W,22,airwrite,,,
data/raw_airwrite/W/airwrite_W_20260804_162735_798889_620780.png,W,22,airwrite,,,
data/raw_airwrite/W/airwrite_W_20260804_162739_394950_af615c.png,W,22,airwrite,,,
data/raw_airwrite/W/airwrite_W_20260804_162742_192956_da1a84.png,W,22,airwrite,,,
data/raw_airwrite/W/airwrite_W_20260804_162806_429121_5cbc68.png,W,22,airwrite,,,
data/raw_airwrite/W/airwrite_W_20260804_162812_681880_561151.png,W,22,airwrite,,,
data/raw_airwrite/W/airwrite_W_20260804_162815_687342_b9d3b0.png,W,22,airwrite,,,
data/raw_airwrite/W/airwrite_W_20260804_162818_187613_5edd8b.png,W,22,airwrite,,,
data/raw_airwrite/W/airwrite_W_20260804_162820_538048_baf0ef.png,W,22,airwrite,,,
data/raw_airwrite/W/airwrite_W_20260804_162831_399257_de6786.png,W,22,airwrite,,,
data/raw_airwrite/W/airwrite_W_20260804_162832_901899_5664d7.png,W,22,airwrite,,,
data/raw_airwrite/W/airwrite_W_20260804_162844_632776_651517.png,W,22,airwrite,,,
data/raw_airwrite/W/airwrite_W_20260804_162852_278274_a7bc6d.png,W,22,airwrite,,,
data/raw_airwrite/W/airwrite_W_20260804_162906_103882_a55696.png,W,22,airwrite,,,
data/raw_airwrite/W/airwrite_W_20260804_162909_955783_6e47e5.png,W,22,airwrite,,,
data/raw_airwrite/W/airwrite_W_20260804_162913_574974_8bb914.png,W,22,airwrite,,,
data/raw_airwrite/W/airwrite_W_20260901_163735_233107_617168.png,W,22,airwrite,,,
data/raw_airwrite/W/airwrite_W_20260901_163738_362423_127317.png,W,22,airwrite,,,
data/raw_airwrite/W/airwrite_W_20260901_163740_395062_14f8e1.png,W,22,airwrite,,,
data/raw_airwrite/W/airwrite_W_20260901_163742_326425_88fee9.png,W,22,airwrite,,,
data/raw_airwrite/W/airwrite_W_20260901_163744_479765_5e723d.png,W,22,airwrite,,,
data/raw_airwrite/W/airwrite_W_20260901_163748_098242_59bba5.png,W,22,airwrite,,,
data/raw_airwrite/W/airwrite_W_20260901_163750_030905_19d90c.png,W,22,airwrite,,,
data/raw_airwrite/W/airwrite_W_20260901_163752_073581_6e1c9a.png,W,22,airwrite,,,
data/raw_airwrite/W/airwrite_W_20260901_163756_002902_3733f9.png,W,22,airwrite,,,
data/raw_airwrite/W/airwrite_W_20260901_163758_067536_294bd6.png,W,22,airwrite,,,
data/raw_airwrite/W/airwrite_W_20260901_163759_915740_d90f0a.png,W,22,airwrite,,,
data/raw_airwrite/W/airwrite_W_20260901_163803_248677_e33bee.png,W,22,airwrite,,,
data/raw_airwrite/W/airwrite_W_20260901_163805_824830_5a7602.png,W,22,airwrite,,,
data/raw_airwrite/W/airwrite_W_20260901_163808_046599_fb3f73.png,W,22,airwrite,,,
data/raw_airwrite/W/airwrite_W_20260901_163814_240498_1454b0.png,W,22,airwrite,,,
data/raw_airwrite/W/airwrite_W_20260901_163816_557465_e8d9d3.png,W,22,airwrite,,,
data/raw_airwrite/W/airwrite_W_20260901_163819_112827_d63d2a.png,W,22,airwrite,,,
data/raw_airwrite/W/airwrite_W_20260901_163821_248988_79f25a.png,W,22,airwrite,,,
data/raw_airwrite/W/airwrite_W_20260901_163827_901447_3a6729.png,W,22,airwrite,,,
data/raw_airwrite/W/airwrite_W_20260901_163830_000685_8cf612.png,W,22,airwrite,,,
data/raw_airwrite/W/airwrite_W_20260901_163832_085930_194457.png,W,22,airwrite,,,
data/raw_airwrite/W/airwrite_W_20260901_163834_092675_9db49e.png,W,22,airwrite,,,
data/raw_airwrite/W/airwrite_W_20260901_163836_335591_4e169e.png,W,22,airwrite,,,
data/raw_airwrite/W/airwrite_W_20260901_163838_554759_84fa8e.png,W,22,airwrite,,,
data/raw_airwrite/W/airwrite_W_20260901_163840_747112_30be66.png,W,22,airwrite,,,
data/raw_airwrite/W/airwrite_W_20260901_163843_203334_16aedb.png,W,22,airwrite,,,
data/raw_airwrite/W/airwrite_W_20260901_163845_805648_cc620d.png,W,22,airwrite,,,
data/raw_airwrite/W/airwrite_W_20260901_163851_865204_7c6dd7.png,W,22,airwrite,,,
data/raw_airwrite/W/airwrite_W_20260901_163854_185570_0ad4d8.png,W,22,airwrite,,,
data/raw_airwrite/W/airwrite_W_20260904_150226_774910_24ce47.png,W,22,airwrite,,,
data/raw_airwrite/W/airwrite_W_20260904_150231_312057_15640d.png,W,22,airwrite,,,
data/raw_airwrite/W/airwrite_W_20260904_150254_491967_f3e570.png,W,22,airwrite,,,
data/raw_airwrite/W/airwrite_W_20260904_150256_721979_273c93.png,W,22,airwrite,,,
data/raw_airwrite/W/airwrite_W_20260904_150259_972065_f9caa3.png,W,22,airwrite,,,
data/raw_airwrite/W/airwrite_W_20260904_150301_729219_d00158.png,W,22,airwrite,,,
data/raw_airwrite/W/airwrite_W_20260904_150306_096490_2cff98.png,W,22,airwrite,,,
data/raw_airwrite/W/airwrite_W_20260904_150312_090607_1bf563.png,W,22,airwrite,,,
data/raw_airwrite/W/airwrite_W_20260904_150315_231234_26729f.png,W,22,airwrite,,,
data/raw_airwrite/W/airwrite_W_20260904_150318_463138_e26a24.png,W,22,airwrite,,,
data/raw_airwrite/W/airwrite_W_20260904_150325_977648_bbd071.png,W,22,airwrite,,,
data/raw_airwrite/W/airwrite_W_20260904_150329_682878_f5d108.png,W,22,airwrite,,,
data/raw_airwrite/W/airwrite_W_20260904_150331_693158_66a078.png,W,22,airwrite,,,
data/raw_airwrite/W/airwrite_W_20260904_150336_462714_39ccfc.png,W,22,airwrite,,,
data/raw_airwrite/W/airwrite_W_20260904_150338_314482_c8f829.png,W,22,airwrite,,,
data/raw_airwrite/W/airwrite_W_20260904_150346_046780_318190.png,W,22,airwrite,,,
data/raw_airwrite/W/airwrite_W_20260904_150354_524308_a8d8b3.png,W,22,airwrite,,,
data/raw_airwrite/W/airwrite_W_20260904_150356_670664_b53d91.png,W,22,airwrite,,,
data/raw_airwrite/W/airwrite_W_20260904_150456_776453_b11fde.png,W,22,airwrite,,,
data/raw_airwrite/W/airwrite_W_20260904_150458_626041_d26c65.png,W,22,airwrite,,,
data/raw_airwrite/W/airwrite_W_20260904_150501_676085_ab340c.png,W,22,airwrite,,,
data/raw_airwrite/W/airwrite_W_20260904_150503_876210_8de037.png,W,22,airwrite,,,
data/raw_airwrite/W/airwrite_W_20260904_150507_611103_bbb6de.png,W,22,airwrite,,,
data/raw_airwrite/W/airwrite_W_20260904_150510_245983_b4c313.png,W,22,airwrite,,,
data/raw_airwrite/W/airwrite_W_20260904_150513_297808_fdffe9.png,W,22,airwrite,,,
data/raw_airwrite/W/airwrite_W_20260904_150515_081241_22b723.png,W,22,airwrite,,,
data/raw_airwrite/W/airwrite_W_20260904_150517_795270_f27e38.png,W,22,airwrite,,,
data/raw_airwrite/W/airwrite_W_20260904_150519_455242_4dd114.png,W,22,airwrite,,,
data/raw_airwrite/W/airwrite_W_20260904_150524_716218_efa774.png,W,22,airwrite,,,
data/raw_airwrite/W/airwrite_W_20260904_150526_245129_21b109.png,W,22,airwrite,,,
data/raw_airwrite/W/airwrite_W_20260904_150529_570342_0db83f.png,W,22,airwrite,,,
data/raw_airwrite/W/airwrite_W_20260904_150532_290546_bcd2b4.png,W,22,airwrite,,,
data/raw_airwrite/W/airwrite_W_20260904_150535_328312_db2ca6.png,W,22,airwrite,,,
data/raw_airwrite/W/airwrite_W_20260904_150538_075107_88be97.png,W,22,airwrite,,,
data/raw_airwrite/W/airwrite_W_20260904_150539_611725_3eb382.png,W,22,airwrite,,,
data/raw_airwrite/W/airwrite_W_20260904_150542_411866_261d72.png,W,22,airwrite,,,
data/raw_airwrite/W/airwrite_W_20260904_150544_227322_877f51.png,W,22,airwrite,,,
data/raw_airwrite/W/airwrite_W_20260904_150547_422738_ed2844.png,W,22,airwrite,,,
data/raw_airwrite/W/airwrite_W_20260904_150549_235384_a2418c.png,W,22,airwrite,,,
data/raw_airwrite/W/airwrite_W_20260904_150553_146535_5f3fc7.png,W,22,airwrite,,,
data/raw_airwrite/W/airwrite_W_20260904_150557_356759_83bef1.png,W,22,airwrite,,,
data/raw_airwrite/W/airwrite_W_20260904_150559_915314_42406a.png,W,22,airwrite,,,
data/raw_airwrite/W/airwrite_W_20260904_150604_049400_4f40e5.png,W,22,airwrite,,,
data/raw_airwrite/W/airwrite_W_20260904_150605_839729_eee9a0.png,W,22,airwrite,,,
data/raw_airwrite/W/airwrite_W_20260904_150608_862573_59d983.png,W,22,airwrite,,,
data/raw_airwrite/W/airwrite_W_20260904_150610_715407_084d7a.png,W,22,airwrite,,,
data/raw_airwrite/W/airwrite_W_20260904_150613_613761_757e10.png,W,22,airwrite,,,
data/raw_airwrite/W/airwrite_W_20260904_150615_272149_2b70f0.png,W,22,airwrite,,,
data/raw_airwrite/W/airwrite_W_20260904_150622_320448_16521b.png,W,22,airwrite,,,
data/raw_airwrite/W/airwrite_W_20260904_150624_071247_c97dd6.png,W,22,airwrite,,,
data/raw_airwrite/W/airwrite_W_20260904_150626_765800_64fdb4.png,W,22,airwrite,,,
data/raw_airwrite/W/airwrite_W_20260904_150628_342163_d95d75.png,W,22,airwrite,,,
data/raw_airwrite/W/airwrite_W_20260904_150631_231926_e70533.png,W,22,airwrite,,,
data/raw_airwrite/W/airwrite_W_20260904_150632_750493_b22e26.png,W,22,airwrite,,,
data/raw_airwrite/W/airwrite_W_20260904_150637_523992_059fb1.png,W,22,airwrite,,,
data/raw_airwrite/W/airwrite_W_20260904_150639_046416_d5b236.png,W,22,airwrite,,,
data/raw_airwrite/W/airwrite_W_20260904_150643_676056_435a13.png,W,22,airwrite,,,
data/raw_airwrite/W/airwrite_W_20260904_150742_590809_b4299d.png,W,22,airwrite,,,
data/raw_airwrite/W/airwrite_W_20260904_150744_650896_947138.png,W,22,airwrite,,,
data/raw_airwrite/W/airwrite_W_20260904_150747_325116_4b520e.png,W,22,airwrite,,,
data/raw_airwrite/W/airwrite_W_20260904_150749_043852_b45654.png,W,22,airwrite,,,
data/raw_airwrite/X/airwrite_lowercase_x_20260805_215304_395010_220319.png,X,23,airwrite,,,
data/raw_airwrite/X/airwrite_lowercase_x_20260805_215308_825243_80b086.png,X,23,airwrite,,,
data/raw_airwrite/X/airwrite_lowercase_x_20260805_215313_581171_15f0b9.png,X,23,airwrite,,,
data/raw_airwrite/X/airwrite_lowercase_x_20260805_215322_431461_30d370.png,X,23,airwrite,,,
data/raw_airwrite/X/airwrite_lowercase_x_20260805_215326_428685_9bbcdc.png,X,23,airwrite,,,
data/raw_airwrite/X/airwrite_lowercase_x_20260805_215330_388444_9e2b83.png,X,23,airwrite,,,
data/raw_airwrite/X/airwrite_lowercase_x_20260805_215334_079326_2af510.png,X,23,airwrite,,,
data/raw_airwrite/X/airwrite_lowercase_x_20260805_215342_147988_5c71b8.png,X,23,airwrite,,,
data/raw_airwrite/X/airwrite_lowercase_x_20260805_215346_051275_d935e7.png,X,23,airwrite,,,
data/raw_airwrite/X/airwrite_lowercase_x_20260805_215352_273096_519443.png,X,23,airwrite,,,
data/raw_airwrite/X/airwrite_lowercase_x_20260805_215400_006818_a1abf8.png,X,23,airwrite,,,
data/raw_airwrite/X/airwrite_X_20260804_163019_501458_1e5d34.png,X,23,airwrite,,,
data/raw_airwrite/X/airwrite_X_20260804_163030_218089_494693.png,X,23,airwrite,,,
data/raw_airwrite/X/airwrite_X_20260804_163033_473763_9774a7.png,X,23,airwrite,,,
data/raw_airwrite/X/airwrite_X_20260804_163038_206339_3148cd.png,X,23,airwrite,,,
data/raw_airwrite/X/airwrite_X_20260804_163114_565905_c5cfde.png,X,23,airwrite,,,
data/raw_airwrite/X/airwrite_X_20260804_163121_480246_f4d13c.png,X,23,airwrite,,,
data/raw_airwrite/X/airwrite_X_20260804_163124_234515_dad4b2.png,X,23,airwrite,,,
data/raw_airwrite/X/airwrite_X_20260804_163155_993488_85f74e.png,X,23,airwrite,,,
data/raw_airwrite/X/airwrite_X_20260804_163159_504613_a0c999.png,X,23,airwrite,,,
data/raw_airwrite/X/airwrite_X_20260804_163202_300207_76b043.png,X,23,airwrite,,,
data/raw_airwrite/X/airwrite_X_20260804_163208_140554_0f6a69.png,X,23,airwrite,,,
data/raw_airwrite/X/airwrite_X_20260804_163213_589665_7efdfb.png,X,23,airwrite,,,
data/raw_airwrite/X/airwrite_X_20260804_163216_749544_096f2f.png,X,23,airwrite,,,
data/raw_airwrite/X/airwrite_X_20260804_163223_190359_c9889b.png,X,23,airwrite,,,
data/raw_airwrite/X/airwrite_X_20260804_163228_512789_2cabd8.png,X,23,airwrite,,,
data/raw_airwrite/X/airwrite_X_20260804_163231_212927_44788a.png,X,23,airwrite,,,
data/raw_airwrite/X/airwrite_X_20260804_163233_578929_b704c9.png,X,23,airwrite,,,
data/raw_airwrite/X/airwrite_X_20260804_163241_312521_e4d2a2.png,X,23,airwrite,,,
data/raw_airwrite/X/airwrite_X_20260804_163245_813062_6d54d1.png,X,23,airwrite,,,
data/raw_airwrite/X/airwrite_X_20260804_163249_307852_71e77d.png,X,23,airwrite,,,
data/raw_airwrite/X/airwrite_X_20260804_163253_632808_9a7f6a.png,X,23,airwrite,,,
data/raw_airwrite/X/airwrite_X_20260804_163307_633529_e5f461.png,X,23,airwrite,,,
data/raw_airwrite/X/airwrite_X_20260804_163311_414939_94265d.png,X,23,airwrite,,,
data/raw_airwrite/X/airwrite_X_20260804_163317_537920_e57d10.png,X,23,airwrite,,,
data/raw_airwrite/X/airwrite_X_20260804_163320_885590_5580d7.png,X,23,airwrite,,,
data/raw_airwrite/X/airwrite_X_20260804_163323_761412_5fdb8b.png,X,23,airwrite,,,
data/raw_airwrite/X/airwrite_X_20260804_163328_267028_346273.png,X,23,airwrite,,,
data/raw_airwrite/X/airwrite_X_20260804_163332_065675_4b20d1.png,X,23,airwrite,,,
data/raw_airwrite/X/airwrite_X_20260804_163335_494550_d1daf2.png,X,23,airwrite,,,
data/raw_airwrite/X/airwrite_X_20260804_163339_306173_654aab.png,X,23,airwrite,,,
data/raw_airwrite/X/airwrite_X_20260804_163357_362687_bf3742.png,X,23,airwrite,,,
data/raw_airwrite/X/airwrite_X_20260804_163359_970536_0c9767.png,X,23,airwrite,,,
data/raw_airwrite/X/airwrite_X_20260804_163402_461126_072480.png,X,23,airwrite,,,
data/raw_airwrite/X/airwrite_X_20260804_163404_657664_16f945.png,X,23,airwrite,,,
data/raw_airwrite/X/airwrite_X_20260804_163407_337776_da949e.png,X,23,airwrite,,,
data/raw_airwrite/X/airwrite_X_20260804_163410_661111_87049a.png,X,23,airwrite,,,
data/raw_airwrite/X/airwrite_X_20260804_163412_813765_4dfef4.png,X,23,airwrite,,,
data/raw_airwrite/X/airwrite_X_20260804_163415_202166_f9cd7e.png,X,23,airwrite,,,
data/raw_airwrite/X/airwrite_X_20260804_163417_694276_8dcc3c.png,X,23,airwrite,,,
data/raw_airwrite/X/airwrite_X_20260804_163419_882887_0d7ec6.png,X,23,airwrite,,,
data/raw_airwrite/X/airwrite_X_20260804_163422_347513_c74de9.png,X,23,airwrite,,,
data/raw_airwrite/X/airwrite_X_20260804_163424_636197_a82ce9.png,X,23,airwrite,,,
data/raw_airwrite/X/airwrite_X_20260804_163429_211264_6c534c.png,X,23,airwrite,,,
data/raw_airwrite/X/airwrite_X_20260804_163431_994880_efb5f4.png,X,23,airwrite,,,
data/raw_airwrite/X/airwrite_X_20260804_163434_392685_035219.png,X,23,airwrite,,,
data/raw_airwrite/X/airwrite_X_20260804_163437_051644_311fe3.png,X,23,airwrite,,,
data/raw_airwrite/X/airwrite_X_20260804_163439_624617_1fc47e.png,X,23,airwrite,,,
data/raw_airwrite/X/airwrite_X_20260804_163441_676058_40d516.png,X,23,airwrite,,,
data/raw_airwrite/X/airwrite_X_20260804_163446_612613_d38e71.png,X,23,airwrite,,,
data/raw_airwrite/X/airwrite_X_20260804_163449_180081_b5b063.png,X,23,airwrite,,,
data/raw_airwrite/X/airwrite_X_20260804_163451_169183_466b9a.png,X,23,airwrite,,,
data/raw_airwrite/X/airwrite_X_20260804_163453_173581_ae6f22.png,X,23,airwrite,,,
data/raw_airwrite/X/airwrite_X_20260804_163455_369348_9e9c88.png,X,23,airwrite,,,
data/raw_airwrite/X/airwrite_X_20260904_151711_362583_30b498.png,X,23,airwrite,,,
data/raw_airwrite/X/airwrite_X_20260904_151716_573250_ea982a.png,X,23,airwrite,,,
data/raw_airwrite/X/airwrite_X_20260904_151718_985505_c4ff71.png,X,23,airwrite,,,
data/raw_airwrite/X/airwrite_X_20260904_151720_796101_8bdb9f.png,X,23,airwrite,,,
data/raw_airwrite/X/airwrite_X_20260904_151723_308729_f73e25.png,X,23,airwrite,,,
data/raw_airwrite/X/airwrite_X_20260904_151726_259365_e00b5f.png,X,23,airwrite,,,
data/raw_airwrite/X/airwrite_X_20260904_151728_836510_af9931.png,X,23,airwrite,,,
data/raw_airwrite/X/airwrite_X_20260904_151731_876544_f370a0.png,X,23,airwrite,,,
data/raw_airwrite/X/airwrite_X_20260904_151738_010458_0b4140.png,X,23,airwrite,,,
data/raw_airwrite/X/airwrite_X_20260904_151745_410530_09b970.png,X,23,airwrite,,,
data/raw_airwrite/X/airwrite_X_20260904_151748_745666_0ce3d7.png,X,23,airwrite,,,
data/raw_airwrite/X/airwrite_X_20260904_151751_595836_da68e5.png,X,23,airwrite,,,
data/raw_airwrite/X/airwrite_X_20260904_151803_135927_06b3ba.png,X,23,airwrite,,,
data/raw_airwrite/X/airwrite_X_20260904_151805_575587_39b4dc.png,X,23,airwrite,,,
data/raw_airwrite/X/airwrite_X_20260904_151808_448943_1da3bb.png,X,23,airwrite,,,
data/raw_airwrite/X/airwrite_X_20260904_151810_826784_b79f79.png,X,23,airwrite,,,
data/raw_airwrite/X/airwrite_X_20260904_151814_795644_8fe4e7.png,X,23,airwrite,,,
data/raw_airwrite/X/airwrite_X_20260904_151821_213908_e36920.png,X,23,airwrite,,,
data/raw_airwrite/X/airwrite_X_20260904_151824_110480_118a6d.png,X,23,airwrite,,,
data/raw_airwrite/X/airwrite_X_20260904_151828_951296_efa87d.png,X,23,airwrite,,,
data/raw_airwrite/X/airwrite_X_20260904_151841_115396_ebd1d8.png,X,23,airwrite,,,
data/raw_airwrite/X/airwrite_X_20260904_151844_084209_23ae2b.png,X,23,airwrite,,,
data/raw_airwrite/X/airwrite_X_20260904_151846_831987_7db3f7.png,X,23,airwrite,,,
data/raw_airwrite/X/airwrite_X_20260904_151851_122370_f4459b.png,X,23,airwrite,,,
data/raw_airwrite/X/airwrite_X_20260904_151853_740928_0a04b1.png,X,23,airwrite,,,
data/raw_airwrite/X/airwrite_X_20260904_151856_726172_b3e953.png,X,23,airwrite,,,
data/raw_airwrite/X/airwrite_X_20260904_151859_299191_298421.png,X,23,airwrite,,,
data/raw_airwrite/X/airwrite_X_20260904_151906_267961_585948.png,X,23,airwrite,,,
data/raw_airwrite/X/airwrite_X_20260904_151909_039747_c68a60.png,X,23,airwrite,,,
data/raw_airwrite/X/airwrite_X_20260904_151911_713035_7a2e99.png,X,23,airwrite,,,
data/raw_airwrite/X/airwrite_X_20260904_151920_117920_323982.png,X,23,airwrite,,,
data/raw_airwrite/X/airwrite_X_20260904_151922_696597_9a8c52.png,X,23,airwrite,,,
data/raw_airwrite/X/airwrite_X_20260904_151933_040550_8bd0b6.png,X,23,airwrite,,,
data/raw_airwrite/X/airwrite_X_20260904_152004_995684_8e639f.png,X,23,airwrite,,,
data/raw_airwrite/X/airwrite_X_20260904_152007_106185_5dddbb.png,X,23,airwrite,,,
data/raw_airwrite/X/airwrite_X_20260904_152009_182754_04412c.png,X,23,airwrite,,,
data/raw_airwrite/X/airwrite_X_20260904_152014_472871_3b7971.png,X,23,airwrite,,,
data/raw_airwrite/X/airwrite_X_20260904_152016_619028_6962bf.png,X,23,airwrite,,,
data/raw_airwrite/X/airwrite_X_20260904_152019_871402_396a95.png,X,23,airwrite,,,
data/raw_airwrite/X/airwrite_X_20260904_152022_793491_f81a1d.png,X,23,airwrite,,,
data/raw_airwrite/X/airwrite_X_20260904_152026_957533_da5077.png,X,23,airwrite,,,
data/raw_airwrite/X/airwrite_X_20260904_152033_450599_de8d13.png,X,23,airwrite,,,
data/raw_airwrite/X/airwrite_X_20260904_152037_160406_659900.png,X,23,airwrite,,,
data/raw_airwrite/X/airwrite_X_20260904_152041_001518_0db5f7.png,X,23,airwrite,,,
data/raw_airwrite/X/airwrite_X_20260904_152043_951871_e05aee.png,X,23,airwrite,,,
data/raw_airwrite/X/airwrite_X_20260904_152053_166851_62d57f.png,X,23,airwrite,,,
data/raw_airwrite/X/airwrite_X_20260904_152055_933589_43b7fd.png,X,23,airwrite,,,
data/raw_airwrite/X/airwrite_X_20260904_152101_048168_e26663.png,X,23,airwrite,,,
data/raw_airwrite/X/airwrite_X_20260904_152104_128830_a9cda7.png,X,23,airwrite,,,
data/raw_airwrite/X/airwrite_X_20260904_152117_415274_97f90a.png,X,23,airwrite,,,
data/raw_airwrite/X/airwrite_X_20260904_152120_430456_583dfd.png,X,23,airwrite,,,
data/raw_airwrite/X/airwrite_X_20260904_152123_404815_5c1e85.png,X,23,airwrite,,,
data/raw_airwrite/X/airwrite_X_20260904_152129_677381_e76102.png,X,23,airwrite,,,
data/raw_airwrite/X/airwrite_X_20260904_152133_527699_45dd7e.png,X,23,airwrite,,,
data/raw_airwrite/X/airwrite_X_20260904_152150_760501_ccf15e.png,X,23,airwrite,,,
data/raw_airwrite/X/airwrite_X_20260904_152153_879123_e37663.png,X,23,airwrite,,,
data/raw_airwrite/X/airwrite_X_20260904_152157_117453_89a38a.png,X,23,airwrite,,,
data/raw_airwrite/X/airwrite_X_20260904_152200_560636_899c38.png,X,23,airwrite,,,
data/raw_airwrite/X/airwrite_X_20260904_152203_489012_66098c.png,X,23,airwrite,,,
data/raw_airwrite/X/airwrite_X_20260904_152207_023625_0fd566.png,X,23,airwrite,,,
data/raw_airwrite/X/airwrite_X_20260904_152211_604383_b22da4.png,X,23,airwrite,,,
data/raw_airwrite/X/airwrite_X_20260904_152215_100210_88796c.png,X,23,airwrite,,,
data/raw_airwrite/X/airwrite_X_20260904_152220_700505_662469.png,X,23,airwrite,,,
data/raw_airwrite/X/airwrite_X_20260904_152224_837047_f4508a.png,X,23,airwrite,,,
data/raw_airwrite/X/airwrite_X_20260904_152228_191248_6450eb.png,X,23,airwrite,,,
data/raw_airwrite/X/airwrite_X_20260904_152233_562657_32d9e6.png,X,23,airwrite,,,
data/raw_airwrite/X/airwrite_X_20260904_152236_720783_e9dca2.png,X,23,airwrite,,,
data/raw_airwrite/X/airwrite_X_20260904_152240_316591_d8a2c3.png,X,23,airwrite,,,
data/raw_airwrite/X/airwrite_X_20260904_152245_924614_4065c0.png,X,23,airwrite,,,
data/raw_airwrite/X/airwrite_X_20260904_152255_509539_40afa8.png,X,23,airwrite,,,
data/raw_airwrite/X/airwrite_X_20260904_152305_601655_fa6ff6.png,X,23,airwrite,,,
data/raw_airwrite/X/airwrite_X_20260904_152311_302259_d8719f.png,X,23,airwrite,,,
data/raw_airwrite/X/airwrite_X_20260904_152314_247141_86fe42.png,X,23,airwrite,,,
data/raw_airwrite/X/airwrite_X_20260904_152323_047583_98e0b1.png,X,23,airwrite,,,
data/raw_airwrite/X/airwrite_X_20260904_152328_414602_aab66e.png,X,23,airwrite,,,
data/raw_airwrite/X/airwrite_X_20260904_152333_495620_a73ff6.png,X,23,airwrite,,,
data/raw_airwrite/X/airwrite_X_20260904_152337_223378_84feb9.png,X,23,airwrite,,,
data/raw_airwrite/X/airwrite_X_20260904_152339_614202_558de5.png,X,23,airwrite,,,
data/raw_airwrite/X/airwrite_X_20260904_152341_638327_9f92ab.png,X,23,airwrite,,,
data/raw_airwrite/X/airwrite_X_20260904_152343_918808_fbb8ba.png,X,23,airwrite,,,
data/raw_airwrite/X/airwrite_X_20260904_152349_261480_cb8627.png,X,23,airwrite,,,
data/raw_airwrite/X/airwrite_X_20260904_152351_354160_9728e3.png,X,23,airwrite,,,
data/raw_airwrite/X/airwrite_X_20260904_152353_684340_574c06.png,X,23,airwrite,,,
data/raw_airwrite/X/airwrite_X_20260904_152355_959539_8a9e4c.png,X,23,airwrite,,,
data/raw_airwrite/X/airwrite_X_20260904_152358_319765_9cb47f.png,X,23,airwrite,,,
data/raw_airwrite/X/airwrite_X_20260904_152402_560097_4c28ea.png,X,23,airwrite,,,
data/raw_airwrite/Y/airwrite_lowercase_y_20260805_215411_245532_c8a591.png,Y,24,airwrite,,,
data/raw_airwrite/Y/airwrite_lowercase_y_20260805_215415_467186_bc9b0b.png,Y,24,airwrite,,,
data/raw_airwrite/Y/airwrite_lowercase_y_20260805_215425_421950_159ee6.png,Y,24,airwrite,,,
data/raw_airwrite/Y/airwrite_lowercase_y_20260805_215428_915743_738363.png,Y,24,airwrite,,,
data/raw_airwrite/Y/airwrite_lowercase_y_20260805_215434_262784_4d0a81.png,Y,24,airwrite,,,
data/raw_airwrite/Y/airwrite_lowercase_y_20260805_215440_765794_b08c71.png,Y,24,airwrite,,,
data/raw_airwrite/Y/airwrite_lowercase_y_20260805_215443_560722_50ba32.png,Y,24,airwrite,,,
data/raw_airwrite/Y/airwrite_lowercase_y_20260805_215450_437404_47de47.png,Y,24,airwrite,,,
data/raw_airwrite/Y/airwrite_lowercase_y_20260805_215501_524061_069a89.png,Y,24,airwrite,,,
data/raw_airwrite/Y/airwrite_lowercase_y_20260805_215508_694487_d24960.png,Y,24,airwrite,,,
data/raw_airwrite/Y/airwrite_Y_20260804_163603_324336_c78eb9.png,Y,24,airwrite,,,
data/raw_airwrite/Y/airwrite_Y_20260804_163607_224635_048b7f.png,Y,24,airwrite,,,
data/raw_airwrite/Y/airwrite_Y_20260804_163609_785230_9afd22.png,Y,24,airwrite,,,
data/raw_airwrite/Y/airwrite_Y_20260804_163612_705893_478184.png,Y,24,airwrite,,,
data/raw_airwrite/Y/airwrite_Y_20260804_163619_492647_081370.png,Y,24,airwrite,,,
data/raw_airwrite/Y/airwrite_Y_20260804_163622_189584_c49692.png,Y,24,airwrite,,,
data/raw_airwrite/Y/airwrite_Y_20260804_163625_468013_20b214.png,Y,24,airwrite,,,
data/raw_airwrite/Y/airwrite_Y_20260804_163628_338242_209434.png,Y,24,airwrite,,,
data/raw_airwrite/Y/airwrite_Y_20260804_163634_535868_365a08.png,Y,24,airwrite,,,
data/raw_airwrite/Y/airwrite_Y_20260804_163638_092617_3b38bd.png,Y,24,airwrite,,,
data/raw_airwrite/Y/airwrite_Y_20260804_163643_537375_abcd66.png,Y,24,airwrite,,,
data/raw_airwrite/Y/airwrite_Y_20260804_163656_924955_8166c0.png,Y,24,airwrite,,,
data/raw_airwrite/Y/airwrite_Y_20260804_163703_933418_fe03b9.png,Y,24,airwrite,,,
data/raw_airwrite/Y/airwrite_Y_20260804_163707_812875_0aa14b.png,Y,24,airwrite,,,
data/raw_airwrite/Y/airwrite_Y_20260804_163716_384970_a27c9f.png,Y,24,airwrite,,,
data/raw_airwrite/Y/airwrite_Y_20260804_163720_205896_a32ab7.png,Y,24,airwrite,,,
data/raw_airwrite/Y/airwrite_Y_20260804_163729_657771_9ef6ad.png,Y,24,airwrite,,,
data/raw_airwrite/Y/airwrite_Y_20260804_163733_195786_b7f846.png,Y,24,airwrite,,,
data/raw_airwrite/Y/airwrite_Y_20260804_163752_324222_0d29d1.png,Y,24,airwrite,,,
data/raw_airwrite/Y/airwrite_Y_20260804_163758_977699_02d5c2.png,Y,24,airwrite,,,
data/raw_airwrite/Y/airwrite_Y_20260804_163802_704255_3a413f.png,Y,24,airwrite,,,
data/raw_airwrite/Y/airwrite_Y_20260804_163808_663158_8fdfec.png,Y,24,airwrite,,,
data/raw_airwrite/Y/airwrite_Y_20260804_163811_816031_39c326.png,Y,24,airwrite,,,
data/raw_airwrite/Y/airwrite_Y_20260804_163815_360597_d32ce0.png,Y,24,airwrite,,,
data/raw_airwrite/Y/airwrite_Y_20260804_163821_980119_d0db4c.png,Y,24,airwrite,,,
data/raw_airwrite/Y/airwrite_Y_20260804_163825_423096_93395f.png,Y,24,airwrite,,,
data/raw_airwrite/Y/airwrite_Y_20260804_163829_307096_f87a3d.png,Y,24,airwrite,,,
data/raw_airwrite/Y/airwrite_Y_20260804_163836_071015_8abb3b.png,Y,24,airwrite,,,
data/raw_airwrite/Y/airwrite_Y_20260804_163847_799336_637ecb.png,Y,24,airwrite,,,
data/raw_airwrite/Y/airwrite_Y_20260804_163847_933744_279ddf.png,Y,24,airwrite,,,
data/raw_airwrite/Y/airwrite_Y_20260804_163848_107711_447782.png,Y,24,airwrite,,,
data/raw_airwrite/Y/airwrite_Y_20260804_163851_851457_f0e73c.png,Y,24,airwrite,,,
data/raw_airwrite/Y/airwrite_Y_20260804_163851_986865_fa103e.png,Y,24,airwrite,,,
data/raw_airwrite/Y/airwrite_Y_20260804_163852_201048_66f3ab.png,Y,24,airwrite,,,
data/raw_airwrite/Y/airwrite_Y_20260804_163855_449787_68ef30.png,Y,24,airwrite,,,
data/raw_airwrite/Y/airwrite_Y_20260804_163855_612614_65466c.png,Y,24,airwrite,,,
data/raw_airwrite/Y/airwrite_Y_20260804_163858_886581_2c8cf2.png,Y,24,airwrite,,,
data/raw_airwrite/Y/airwrite_Y_20260804_163904_576602_d48728.png,Y,24,airwrite,,,
data/raw_airwrite/Y/airwrite_Y_20260804_163909_705572_2ae520.png,Y,24,airwrite,,,
data/raw_airwrite/Y/airwrite_Y_20260804_163909_830314_2c5847.png,Y,24,airwrite,,,
data/raw_airwrite/Y/airwrite_Y_20260804_163914_234622_56fac9.png,Y,24,airwrite,,,
data/raw_airwrite/Y/airwrite_Y_20260804_163914_364481_4e573e.png,Y,24,airwrite,,,
data/raw_airwrite/Y/airwrite_Y_20260804_163918_641143_df9f34.png,Y,24,airwrite,,,
data/raw_airwrite/Y/airwrite_Y_20260901_163908_099146_936f9f.png,Y,24,airwrite,,,
data/raw_airwrite/Y/airwrite_Y_20260901_163911_424140_856d1f.png,Y,24,airwrite,,,
data/raw_airwrite/Y/airwrite_Y_20260901_163915_990094_c66b17.png,Y,24,airwrite,,,
data/raw_airwrite/Y/airwrite_Y_20260901_163919_393884_7fe93d.png,Y,24,airwrite,,,
data/raw_airwrite/Y/airwrite_Y_20260901_163923_267767_6de79b.png,Y,24,airwrite,,,
data/raw_airwrite/Y/airwrite_Y_20260901_163926_126369_0b1d20.png,Y,24,airwrite,,,
data/raw_airwrite/Y/airwrite_Y_20260901_163938_142983_e78a98.png,Y,24,airwrite,,,
data/raw_airwrite/Y/airwrite_Y_20260901_163940_976353_298f1e.png,Y,24,airwrite,,,
data/raw_airwrite/Y/airwrite_Y_20260901_163943_846359_c41646.png,Y,24,airwrite,,,
data/raw_airwrite/Y/airwrite_Y_20260901_163952_136643_fb9c68.png,Y,24,airwrite,,,
data/raw_airwrite/Y/airwrite_Y_20260901_163954_837725_53317e.png,Y,24,airwrite,,,
data/raw_airwrite/Y/airwrite_Y_20260901_163959_532647_4072a1.png,Y,24,airwrite,,,
data/raw_airwrite/Y/airwrite_Y_20260901_164003_218164_681fa7.png,Y,24,airwrite,,,
data/raw_airwrite/Y/airwrite_Y_20260901_164005_392092_ba0dde.png,Y,24,airwrite,,,
data/raw_airwrite/Y/airwrite_Y_20260901_164008_935627_c2be79.png,Y,24,airwrite,,,
data/raw_airwrite/Y/airwrite_Y_20260901_164011_823626_0566d6.png,Y,24,airwrite,,,
data/raw_airwrite/Y/airwrite_Y_20260901_164015_037150_dcae6f.png,Y,24,airwrite,,,
data/raw_airwrite/Y/airwrite_Y_20260901_164020_427349_a2f09a.png,Y,24,airwrite,,,
data/raw_airwrite/Y/airwrite_Y_20260901_164023_254041_3a0636.png,Y,24,airwrite,,,
data/raw_airwrite/Y/airwrite_Y_20260901_164026_102053_c39816.png,Y,24,airwrite,,,
data/raw_airwrite/Y/airwrite_Y_20260901_164030_303735_7ad73a.png,Y,24,airwrite,,,
data/raw_airwrite/Y/airwrite_Y_20260901_164034_831202_ebd85a.png,Y,24,airwrite,,,
data/raw_airwrite/Y/airwrite_Y_20260901_164037_837739_a277fb.png,Y,24,airwrite,,,
data/raw_airwrite/Y/airwrite_Y_20260901_164042_190806_ea197c.png,Y,24,airwrite,,,
data/raw_airwrite/Y/airwrite_Y_20260901_164048_349457_7c6117.png,Y,24,airwrite,,,
data/raw_airwrite/Y/airwrite_Y_20260901_164051_289427_fb9c09.png,Y,24,airwrite,,,
data/raw_airwrite/Y/airwrite_Y_20260901_164053_998590_fa5d8a.png,Y,24,airwrite,,,
data/raw_airwrite/Y/airwrite_Y_20260901_164056_582114_5f1991.png,Y,24,airwrite,,,
data/raw_airwrite/Y/airwrite_Y_20260901_164100_733562_0c257c.png,Y,24,airwrite,,,
data/raw_airwrite/Y/airwrite_Y_20260904_151152_640586_a371d4.png,Y,24,airwrite,,,
data/raw_airwrite/Y/airwrite_Y_20260904_151154_758344_2c8d3b.png,Y,24,airwrite,,,
data/raw_airwrite/Y/airwrite_Y_20260904_151156_816246_45f337.png,Y,24,airwrite,,,
data/raw_airwrite/Y/airwrite_Y_20260904_151204_099429_9252db.png,Y,24,airwrite,,,
data/raw_airwrite/Y/airwrite_Y_20260904_151205_981096_2f4652.png,Y,24,airwrite,,,
data/raw_airwrite/Y/airwrite_Y_20260904_151208_570505_2d1348.png,Y,24,airwrite,,,
data/raw_airwrite/Y/airwrite_Y_20260904_151210_670736_6f9929.png,Y,24,airwrite,,,
data/raw_airwrite/Y/airwrite_Y_20260904_151213_957956_b33c41.png,Y,24,airwrite,,,
data/raw_airwrite/Y/airwrite_Y_20260904_151216_931024_cf6039.png,Y,24,airwrite,,,
data/raw_airwrite/Y/airwrite_Y_20260904_151219_156651_bd3bae.png,Y,24,airwrite,,,
data/raw_airwrite/Y/airwrite_Y_20260904_151224_487477_6d84c0.png,Y,24,airwrite,,,
data/raw_airwrite/Y/airwrite_Y_20260904_151226_605939_199953.png,Y,24,airwrite,,,
data/raw_airwrite/Y/airwrite_Y_20260904_151229_594842_b3d876.png,Y,24,airwrite,,,
data/raw_airwrite/Y/airwrite_Y_20260904_151231_856996_ed4161.png,Y,24,airwrite,,,
data/raw_airwrite/Y/airwrite_Y_20260904_151235_333994_91d3b4.png,Y,24,airwrite,,,
data/raw_airwrite/Y/airwrite_Y_20260904_151240_868340_854b35.png,Y,24,airwrite,,,
data/raw_airwrite/Y/airwrite_Y_20260904_151243_087725_ec4b4c.png,Y,24,airwrite,,,
data/raw_airwrite/Y/airwrite_Y_20260904_151248_842804_07d85a.png,Y,24,airwrite,,,
data/raw_airwrite/Y/airwrite_Y_20260904_151254_124871_a5b048.png,Y,24,airwrite,,,
data/raw_airwrite/Y/airwrite_Y_20260904_151256_913612_009f08.png,Y,24,airwrite,,,
data/raw_airwrite/Y/airwrite_Y_20260904_151259_526336_fcf4ea.png,Y,24,airwrite,,,
data/raw_airwrite/Y/airwrite_Y_20260904_151303_446000_6962e3.png,Y,24,airwrite,,,
data/raw_airwrite/Y/airwrite_Y_20260904_151306_699939_05d4db.png,Y,24,airwrite,,,
data/raw_airwrite/Y/airwrite_Y_20260904_151313_014392_e5f3e3.png,Y,24,airwrite,,,
data/raw_airwrite/Y/airwrite_Y_20260904_151316_862284_d1b37b.png,Y,24,airwrite,,,
data/raw_airwrite/Y/airwrite_Y_20260904_151318_893291_4017c9.png,Y,24,airwrite,,,
data/raw_airwrite/Y/airwrite_Y_20260904_151322_726187_40b405.png,Y,24,airwrite,,,
data/raw_airwrite/Y/airwrite_Y_20260904_151325_218274_f3b3d8.png,Y,24,airwrite,,,
data/raw_airwrite/Y/airwrite_Y_20260904_151330_215297_63df5f.png,Y,24,airwrite,,,
data/raw_airwrite/Y/airwrite_Y_20260904_151332_194264_66747c.png,Y,24,airwrite,,,
data/raw_airwrite/Y/airwrite_Y_20260904_151333_218820_b7b26c.png,Y,24,airwrite,,,
data/raw_airwrite/Y/airwrite_Y_20260904_151336_222534_d45a12.png,Y,24,airwrite,,,
data/raw_airwrite/Y/airwrite_Y_20260904_151344_120099_2361e0.png,Y,24,airwrite,,,
data/raw_airwrite/Y/airwrite_Y_20260904_151349_562278_2caefc.png,Y,24,airwrite,,,
data/raw_airwrite/Y/airwrite_Y_20260904_151353_956191_99b939.png,Y,24,airwrite,,,
data/raw_airwrite/Y/airwrite_Y_20260904_151401_358916_9f0eb9.png,Y,24,airwrite,,,
data/raw_airwrite/Y/airwrite_Y_20260904_151407_450015_0c816b.png,Y,24,airwrite,,,
data/raw_airwrite/Y/airwrite_Y_20260904_151408_986912_26b16b.png,Y,24,airwrite,,,
data/raw_airwrite/Y/airwrite_Y_20260904_151410_587897_4c9dfd.png,Y,24,airwrite,,,
data/raw_airwrite/Y/airwrite_Y_20260904_151414_036010_049232.png,Y,24,airwrite,,,
data/raw_airwrite/Y/airwrite_Y_20260904_151422_787146_c9d3cb.png,Y,24,airwrite,,,
data/raw_airwrite/Y/airwrite_Y_20260904_151425_652354_a9f96d.png,Y,24,airwrite,,,
data/raw_airwrite/Y/airwrite_Y_20260904_151427_965379_826ba5.png,Y,24,airwrite,,,
data/raw_airwrite/Y/airwrite_Y_20260904_151431_588287_724ae2.png,Y,24,airwrite,,,
data/raw_airwrite/Y/airwrite_Y_20260904_151434_559303_c8bdd3.png,Y,24,airwrite,,,
data/raw_airwrite/Y/airwrite_Y_20260904_151437_950686_a0bc88.png,Y,24,airwrite,,,
data/raw_airwrite/Y/airwrite_Y_20260904_151445_436470_c08a9f.png,Y,24,airwrite,,,
data/raw_airwrite/Y/airwrite_Y_20260904_151448_405398_dd9219.png,Y,24,airwrite,,,
data/raw_airwrite/Y/airwrite_Y_20260904_151452_615272_20ff8f.png,Y,24,airwrite,,,
data/raw_airwrite/Y/airwrite_Y_20260904_151456_022334_b87bf1.png,Y,24,airwrite,,,
data/raw_airwrite/Y/airwrite_Y_20260904_151459_660501_0da887.png,Y,24,airwrite,,,
data/raw_airwrite/Y/airwrite_Y_20260904_151503_741956_9aa021.png,Y,24,airwrite,,,
data/raw_airwrite/Y/airwrite_Y_20260904_151507_767707_912240.png,Y,24,airwrite,,,
data/raw_airwrite/Y/airwrite_Y_20260904_151510_248630_192128.png,Y,24,airwrite,,,
data/raw_airwrite/Y/airwrite_Y_20260904_151512_948621_f893d5.png,Y,24,airwrite,,,
data/raw_airwrite/Y/airwrite_Y_20260904_151517_435207_64cc98.png,Y,24,airwrite,,,
data/raw_airwrite/Y/airwrite_Y_20260904_151521_444500_91ed80.png,Y,24,airwrite,,,
data/raw_airwrite/Y/airwrite_Y_20260904_151531_092331_cc4c55.png,Y,24,airwrite,,,
data/raw_airwrite/Y/airwrite_Y_20260904_151534_155250_737c7b.png,Y,24,airwrite,,,
data/raw_airwrite/Y/airwrite_Y_20260904_151538_106345_1ba285.png,Y,24,airwrite,,,
data/raw_airwrite/Y/airwrite_Y_20260904_151540_008201_6c33d4.png,Y,24,airwrite,,,
data/raw_airwrite/Y/airwrite_Y_20260904_151541_910427_12ee41.png,Y,24,airwrite,,,
data/raw_airwrite/Y/airwrite_Y_20260904_151544_519959_e664d1.png,Y,24,airwrite,,,
data/raw_airwrite/Y/airwrite_Y_20260904_151549_266287_96f1b0.png,Y,24,airwrite,,,
data/raw_airwrite/Y/airwrite_Y_20260904_151551_270354_d441dc.png,Y,24,airwrite,,,
data/raw_airwrite/Y/airwrite_Y_20260904_151553_501916_cf55f6.png,Y,24,airwrite,,,
data/raw_airwrite/Y/airwrite_Y_20260904_151556_931989_b1eee4.png,Y,24,airwrite,,,
data/raw_airwrite/Z/airwrite_lowercase_z_20260805_215519_448897_d6c507.png,Z,25,airwrite,,,
data/raw_airwrite/Z/airwrite_lowercase_z_20260805_215523_959771_f537fe.png,Z,25,airwrite,,,
data/raw_airwrite/Z/airwrite_lowercase_z_20260805_215525_961589_b594fc.png,Z,25,airwrite,,,
data/raw_airwrite/Z/airwrite_lowercase_z_20260805_215532_607914_de9dd5.png,Z,25,airwrite,,,
data/raw_airwrite/Z/airwrite_lowercase_z_20260805_215534_906415_4eea4d.png,Z,25,airwrite,,,
data/raw_airwrite/Z/airwrite_lowercase_z_20260805_215537_788944_2e6e03.png,Z,25,airwrite,,,
data/raw_airwrite/Z/airwrite_lowercase_z_20260805_215544_645249_5bcada.png,Z,25,airwrite,,,
data/raw_airwrite/Z/airwrite_lowercase_z_20260805_215547_468215_4bc044.png,Z,25,airwrite,,,
data/raw_airwrite/Z/airwrite_lowercase_z_20260805_215550_083998_0805ab.png,Z,25,airwrite,,,
data/raw_airwrite/Z/airwrite_lowercase_z_20260805_215552_550576_b8201a.png,Z,25,airwrite,,,
data/raw_airwrite/Z/airwrite_Z_20260804_163935_965125_0792d1.png,Z,25,airwrite,,,
data/raw_airwrite/Z/airwrite_Z_20260804_163938_124979_be8f75.png,Z,25,airwrite,,,
data/raw_airwrite/Z/airwrite_Z_20260804_163940_025465_56155d.png,Z,25,airwrite,,,
data/raw_airwrite/Z/airwrite_Z_20260804_163941_693073_9f28b4.png,Z,25,airwrite,,,
data/raw_airwrite/Z/airwrite_Z_20260804_163943_390218_bf0d27.png,Z,25,airwrite,,,
data/raw_airwrite/Z/airwrite_Z_20260804_163945_212592_4b3b79.png,Z,25,airwrite,,,
data/raw_airwrite/Z/airwrite_Z_20260804_163947_005821_aeb71d.png,Z,25,airwrite,,,
data/raw_airwrite/Z/airwrite_Z_20260804_163948_856278_85d0d1.png,Z,25,airwrite,,,
data/raw_airwrite/Z/airwrite_Z_20260804_163950_642963_63b1e1.png,Z,25,airwrite,,,
data/raw_airwrite/Z/airwrite_Z_20260804_163952_412950_9feff7.png,Z,25,airwrite,,,
data/raw_airwrite/Z/airwrite_Z_20260804_163954_177947_58e420.png,Z,25,airwrite,,,
data/raw_airwrite/Z/airwrite_Z_20260804_163957_547997_ad9b93.png,Z,25,airwrite,,,
data/raw_airwrite/Z/airwrite_Z_20260804_163959_613167_e23bd0.png,Z,25,airwrite,,,
data/raw_airwrite/Z/airwrite_Z_20260804_164002_087550_8d5346.png,Z,25,airwrite,,,
data/raw_airwrite/Z/airwrite_Z_20260804_164007_160128_553300.png,Z,25,airwrite,,,
data/raw_airwrite/Z/airwrite_Z_20260804_164011_331808_8ac372.png,Z,25,airwrite,,,
data/raw_airwrite/Z/airwrite_Z_20260804_164015_854397_7337da.png,Z,25,airwrite,,,
data/raw_airwrite/Z/airwrite_Z_20260804_164017_876298_dc041b.png,Z,25,airwrite,,,
data/raw_airwrite/Z/airwrite_Z_20260804_164019_753001_e11ac4.png,Z,25,airwrite,,,
data/raw_airwrite/Z/airwrite_Z_20260804_164022_308831_efeb6c.png,Z,25,airwrite,,,
data/raw_airwrite/Z/airwrite_Z_20260804_164024_313421_56320a.png,Z,25,airwrite,,,
data/raw_airwrite/Z/airwrite_Z_20260804_164028_980172_78f8ed.png,Z,25,airwrite,,,
data/raw_airwrite/Z/airwrite_Z_20260804_164030_680868_ecdb79.png,Z,25,airwrite,,,
data/raw_airwrite/Z/airwrite_Z_20260804_164032_278791_71b189.png,Z,25,airwrite,,,
data/raw_airwrite/Z/airwrite_Z_20260804_164036_563107_1d910f.png,Z,25,airwrite,,,
data/raw_airwrite/Z/airwrite_Z_20260804_164038_461883_d9246f.png,Z,25,airwrite,,,
data/raw_airwrite/Z/airwrite_Z_20260804_164053_142796_503044.png,Z,25,airwrite,,,
data/raw_airwrite/Z/airwrite_Z_20260804_164055_102859_cacdac.png,Z,25,airwrite,,,
data/raw_airwrite/Z/airwrite_Z_20260804_164057_063047_000b77.png,Z,25,airwrite,,,
data/raw_airwrite/Z/airwrite_Z_20260804_164058_726628_088413.png,Z,25,airwrite,,,
data/raw_airwrite/Z/airwrite_Z_20260804_164101_034299_204f33.png,Z,25,airwrite,,,
data/raw_airwrite/Z/airwrite_Z_20260804_164102_857661_735303.png,Z,25,airwrite,,,
data/raw_airwrite/Z/airwrite_Z_20260804_164104_533477_0ea96d.png,Z,25,airwrite,,,
data/raw_airwrite/Z/airwrite_Z_20260804_164108_812580_01af11.png,Z,25,airwrite,,,
data/raw_airwrite/Z/airwrite_Z_20260804_164110_874836_2547d1.png,Z,25,airwrite,,,
data/raw_airwrite/Z/airwrite_Z_20260804_164112_804610_0fcdf3.png,Z,25,airwrite,,,
data/raw_airwrite/Z/airwrite_Z_20260804_164132_913085_b69d29.png,Z,25,airwrite,,,
data/raw_airwrite/Z/airwrite_Z_20260804_164141_025163_a77160.png,Z,25,airwrite,,,
data/raw_airwrite/Z/airwrite_Z_20260804_164143_138274_7ea732.png,Z,25,airwrite,,,
data/raw_airwrite/Z/airwrite_Z_20260804_164145_266900_312802.png,Z,25,airwrite,,,
data/raw_airwrite/Z/airwrite_Z_20260804_164147_810571_a253fd.png,Z,25,airwrite,,,
data/raw_airwrite/Z/airwrite_Z_20260804_164149_825996_8ba78c.png,Z,25,airwrite,,,
data/raw_airwrite/Z/airwrite_Z_20260804_164154_682824_9fb013.png,Z,25,airwrite,,,
data/raw_airwrite/Z/airwrite_Z_20260804_164157_389642_8feed4.png,Z,25,airwrite,,,
data/raw_airwrite/Z/airwrite_Z_20260804_164159_204300_c7fbca.png,Z,25,airwrite,,,
data/raw_airwrite/Z/airwrite_Z_20260804_164201_109789_81ff8a.png,Z,25,airwrite,,,
data/raw_airwrite/Z/airwrite_Z_20260804_164203_149752_857706.png,Z,25,airwrite,,,
data/raw_airwrite/Z/airwrite_Z_20260804_164205_063091_534c23.png,Z,25,airwrite,,,
data/raw_airwrite/Z/airwrite_Z_20260901_164104_440727_e2c7d0.png,Z,25,airwrite,,,
data/raw_airwrite/Z/airwrite_Z_20260901_164106_049106_c9b596.png,Z,25,airwrite,,,
data/raw_airwrite/Z/airwrite_Z_20260901_164112_829644_6e27fa.png,Z,25,airwrite,,,
data/raw_airwrite/Z/airwrite_Z_20260901_164114_337551_1bf79e.png,Z,25,airwrite,,,
data/raw_airwrite/Z/airwrite_Z_20260901_164123_088798_e9a7cc.png,Z,25,airwrite,,,
data/raw_airwrite/Z/airwrite_Z_20260901_164124_812537_9d70fb.png,Z,25,airwrite,,,
data/raw_airwrite/Z/airwrite_Z_20260901_164126_373659_60f6b4.png,Z,25,airwrite,,,
data/raw_airwrite/Z/airwrite_Z_20260901_164130_725005_96d3b9.png,Z,25,airwrite,,,
data/raw_airwrite/Z/airwrite_Z_20260901_164132_185002_1a1e48.png,Z,25,airwrite,,,
data/raw_airwrite/Z/airwrite_Z_20260901_164133_523241_1e265b.png,Z,25,airwrite,,,
data/raw_airwrite/Z/airwrite_Z_20260901_164134_932546_dd069e.png,Z,25,airwrite,,,
data/raw_airwrite/Z/airwrite_Z_20260901_164136_395829_18e05d.png,Z,25,airwrite,,,
data/raw_airwrite/Z/airwrite_Z_20260901_164141_084219_7977e1.png,Z,25,airwrite,,,
data/raw_airwrite/Z/airwrite_Z_20260901_164142_681698_ce9273.png,Z,25,airwrite,,,
data/raw_airwrite/Z/airwrite_Z_20260901_164144_418157_0680c3.png,Z,25,airwrite,,,
data/raw_airwrite/Z/airwrite_Z_20260901_164149_838206_4862ac.png,Z,25,airwrite,,,
data/raw_airwrite/Z/airwrite_Z_20260901_164155_211139_f2ac89.png,Z,25,airwrite,,,
data/raw_airwrite/Z/airwrite_Z_20260901_164157_171988_5187df.png,Z,25,airwrite,,,
data/raw_airwrite/Z/airwrite_Z_20260901_164202_127265_300e0e.png,Z,25,airwrite,,,
data/raw_airwrite/Z/airwrite_Z_20260901_164204_057433_b05987.png,Z,25,airwrite,,,
data/raw_airwrite/Z/airwrite_Z_20260901_164212_248386_b2f8a7.png,Z,25,airwrite,,,
data/raw_airwrite/Z/airwrite_Z_20260901_164213_754808_2b58ac.png,Z,25,airwrite,,,
data/raw_airwrite/Z/airwrite_Z_20260901_164215_564607_3d8449.png,Z,25,airwrite,,,
data/raw_airwrite/Z/airwrite_Z_20260901_164217_340477_d948a6.png,Z,25,airwrite,,,
data/raw_airwrite/Z/airwrite_Z_20260901_164219_549888_b97edd.png,Z,25,airwrite,,,
data/raw_airwrite/Z/airwrite_Z_20260901_164222_611047_f6337e.png,Z,25,airwrite,,,
data/raw_airwrite/Z/airwrite_Z_20260901_164224_366612_2ed00a.png,Z,25,airwrite,,,
data/raw_airwrite/Z/airwrite_Z_20260901_164226_270553_ebb0cf.png,Z,25,airwrite,,,
data/raw_airwrite/Z/airwrite_Z_20260901_164227_851660_a6773c.png,Z,25,airwrite,,,
data/raw_airwrite/Z/airwrite_Z_20260904_150848_434790_2f67c0.png,Z,25,airwrite,,,
data/raw_airwrite/Z/airwrite_Z_20260904_150851_005110_80e011.png,Z,25,airwrite,,,
data/raw_airwrite/Z/airwrite_Z_20260904_150852_390056_bfb242.png,Z,25,airwrite,,,
data/raw_airwrite/Z/airwrite_Z_20260904_150853_872090_edfce3.png,Z,25,airwrite,,,
data/raw_airwrite/Z/airwrite_Z_20260904_150856_646574_4c062d.png,Z,25,airwrite,,,
data/raw_airwrite/Z/airwrite_Z_20260904_150859_432687_0c7088.png,Z,25,airwrite,,,
data/raw_airwrite/Z/airwrite_Z_20260904_150900_875889_ad7cf9.png,Z,25,airwrite,,,
data/raw_airwrite/Z/airwrite_Z_20260904_150902_342082_654cc5.png,Z,25,airwrite,,,
data/raw_airwrite/Z/airwrite_Z_20260904_150906_733086_87253d.png,Z,25,airwrite,,,
data/raw_airwrite/Z/airwrite_Z_20260904_150908_122676_5f3270.png,Z,25,airwrite,,,
data/raw_airwrite/Z/airwrite_Z_20260904_150909_466346_c1e8b9.png,Z,25,airwrite,,,
data/raw_airwrite/Z/airwrite_Z_20260904_150912_632058_c64169.png,Z,25,airwrite,,,
data/raw_airwrite/Z/airwrite_Z_20260904_150918_004796_712981.png,Z,25,airwrite,,,
data/raw_airwrite/Z/airwrite_Z_20260904_150919_625110_2a8ae0.png,Z,25,airwrite,,,
data/raw_airwrite/Z/airwrite_Z_20260904_150920_930689_5fc3d5.png,Z,25,airwrite,,,
data/raw_airwrite/Z/airwrite_Z_20260904_150923_285349_445809.png,Z,25,airwrite,,,
data/raw_airwrite/Z/airwrite_Z_20260904_150925_840786_10919f.png,Z,25,airwrite,,,
data/raw_airwrite/Z/airwrite_Z_20260904_150927_046639_0e9da6.png,Z,25,airwrite,,,
data/raw_airwrite/Z/airwrite_Z_20260904_150928_470104_e95544.png,Z,25,airwrite,,,
data/raw_airwrite/Z/airwrite_Z_20260904_150932_566114_e3f07f.png,Z,25,airwrite,,,
data/raw_airwrite/Z/airwrite_Z_20260904_150933_972048_f6d545.png,Z,25,airwrite,,,
data/raw_airwrite/Z/airwrite_Z_20260904_150935_408064_f3ad19.png,Z,25,airwrite,,,
data/raw_airwrite/Z/airwrite_Z_20260904_150937_786916_2441be.png,Z,25,airwrite,,,
data/raw_airwrite/Z/airwrite_Z_20260904_150939_208146_1850dd.png,Z,25,airwrite,,,
data/raw_airwrite/Z/airwrite_Z_20260904_150941_374655_7d9f2e.png,Z,25,airwrite,,,
data/raw_airwrite/Z/airwrite_Z_20260904_150945_500298_60c159.png,Z,25,airwrite,,,
data/raw_airwrite/Z/airwrite_Z_20260904_150948_816917_117314.png,Z,25,airwrite,,,
data/raw_airwrite/Z/airwrite_Z_20260904_150951_263375_602dca.png,Z,25,airwrite,,,
data/raw_airwrite/Z/airwrite_Z_20260904_150952_796643_3bb2d8.png,Z,25,airwrite,,,
data/raw_airwrite/Z/airwrite_Z_20260904_150954_078868_1f166a.png,Z,25,airwrite,,,
data/raw_airwrite/Z/airwrite_Z_20260904_150956_422331_22533d.png,Z,25,airwrite,,,
data/raw_airwrite/Z/airwrite_Z_20260904_150957_834005_e1d3e8.png,Z,25,airwrite,,,
data/raw_airwrite/Z/airwrite_Z_20260904_150959_378309_82808e.png,Z,25,airwrite,,,
data/raw_airwrite/Z/airwrite_Z_20260904_151001_098858_54e48f.png,Z,25,airwrite,,,
data/raw_airwrite/Z/airwrite_Z_20260904_151002_754421_3fe518.png,Z,25,airwrite,,,
data/raw_airwrite/Z/airwrite_Z_20260904_151005_449524_fd9292.png,Z,25,airwrite,,,
data/raw_airwrite/Z/airwrite_Z_20260904_151006_985539_f84a00.png,Z,25,airwrite,,,
data/raw_airwrite/Z/airwrite_Z_20260904_151008_493433_a4c150.png,Z,25,airwrite,,,
data/raw_airwrite/Z/airwrite_Z_20260904_151010_553942_4dbff8.png,Z,25,airwrite,,,
data/raw_airwrite/Z/airwrite_Z_20260904_151015_158728_6608cc.png,Z,25,airwrite,,,
data/raw_airwrite/Z/airwrite_Z_20260904_151019_242910_070564.png,Z,25,airwrite,,,
data/raw_airwrite/Z/airwrite_Z_20260904_151020_658809_afdf08.png,Z,25,airwrite,,,
data/raw_airwrite/Z/airwrite_Z_20260904_151023_298188_fce48e.png,Z,25,airwrite,,,
data/raw_airwrite/Z/airwrite_Z_20260904_151024_753410_363dab.png,Z,25,airwrite,,,
data/raw_airwrite/Z/airwrite_Z_20260904_151026_813433_7a941f.png,Z,25,airwrite,,,
data/raw_airwrite/Z/airwrite_Z_20260904_151028_110407_cd4ae9.png,Z,25,airwrite,,,
data/raw_airwrite/Z/airwrite_Z_20260904_151029_571976_fe3994.png,Z,25,airwrite,,,
data/raw_airwrite/Z/airwrite_Z_20260904_151030_827767_4f03bf.png,Z,25,airwrite,,,
data/raw_airwrite/Z/airwrite_Z_20260904_151033_979762_e81bd5.png,Z,25,airwrite,,,
data/raw_airwrite/Z/airwrite_Z_20260904_151040_200525_e88df9.png,Z,25,airwrite,,,
data/raw_airwrite/Z/airwrite_Z_20260904_151041_448695_32f1a2.png,Z,25,airwrite,,,
data/raw_airwrite/Z/airwrite_Z_20260904_151042_916141_c11c4b.png,Z,25,airwrite,,,
data/raw_airwrite/Z/airwrite_Z_20260904_151046_469582_4b3a9e.png,Z,25,airwrite,,,
data/raw_airwrite/Z/airwrite_Z_20260904_151047_633172_8a82e8.png,Z,25,airwrite,,,
data/raw_airwrite/Z/airwrite_Z_20260904_151050_364880_f04854.png,Z,25,airwrite,,,
data/raw_airwrite/Z/airwrite_Z_20260904_151053_631875_196348.png,Z,25,airwrite,,,
data/raw_airwrite/Z/airwrite_Z_20260904_151054_921811_3e9022.png,Z,25,airwrite,,,
data/raw_airwrite/Z/airwrite_Z_20260904_151056_283105_8556ec.png,Z,25,airwrite,,,
data/raw_airwrite/Z/airwrite_Z_20260904_151100_827578_f8da28.png,Z,25,airwrite,,,
data/raw_airwrite/Z/airwrite_Z_20260904_151106_729029_1db3ca.png,Z,25,airwrite,,,
data/raw_airwrite/Z/airwrite_Z_20260904_151108_048514_9789a5.png,Z,25,airwrite,,,
data/raw_airwrite/Z/airwrite_Z_20260904_151109_967415_d8f01a.png,Z,25,airwrite,,,
data/raw_airwrite/Z/airwrite_Z_20260904_151113_008372_b47d1d.png,Z,25,airwrite,,,
