image_path,label,label_index,source,writer_id,session_id,split
data/raw_airwrite/A/airwrite_A_20260728_215529_839191_25d943.png,A,0,airwrite,,,train
data/raw_airwrite/A/airwrite_A_20260728_220246_222552_84089a.png,A,0,airwrite,,,train
data/raw_airwrite/A/airwrite_A_20260728_220252_328092_202fa5.png,A,0,airwrite,,,train
data/raw_airwrite/A/airwrite_A_20260728_220440_416995_0a199a.png,A,0,airwrite,,,train
data/raw_airwrite/A/airwrite_A_20260728_220448_579039_0d61fa.png,A,0,airwrite,,,train
data/raw_airwrite/A/airwrite_A_20260728_220458_661282_5da8ff.png,A,0,airwrite,,,train
data/raw_airwrite/A/airwrite_A_20260728_220511_253089_2cda08.png,A,0,airwrite,,,train
data/raw_airwrite/A/airwrite_A_20260728_220516_688131_23112b.png,A,0,airwrite,,,train
data/raw_airwrite/A/airwrite_A_20260728_220555_174007_b66440.png,A,0,airwrite,,,train
data/raw_airwrite/A/airwrite_A_20260728_220608_597731_21bbbf.png,A,0,airwrite,,,train
data/raw_airwrite/A/airwrite_A_20260728_220615_633247_b74777.png,A,0,airwrite,,,train
data/raw_airwrite/A/airwrite_A_20260728_220622_351571_6f0b4a.png,A,0,airwrite,,,train
data/raw_airwrite/A/airwrite_A_20260728_220731_055106_887354.png,A,0,airwrite,,,train
data/raw_airwrite/A/airwrite_A_20260728_220741_852313_8dd31e.png,A,0,airwrite,,,train
data/raw_airwrite/A/airwrite_A_20260728_220802_188167_5787b2.png,A,0,airwrite,,,train
data/raw_airwrite/A/airwrite_A_20260728_220808_467685_c77a5a.png,A,0,airwrite,,,train
data/raw_airwrite/A/airwrite_A_20260728_220818_591210_a82418.png,A,0,airwrite,,,train
data/raw_airwrite/A/airwrite_A_20260728_220830_230461_61066d.png,A,0,airwrite,,,train
data/raw_airwrite/A/airwrite_A_20260728_220843_569944_9ea75c.png,A,0,airwrite,,,train
data/raw_airwrite/A/airwrite_A_20260728_220855_284469_4136d0.png,A,0,airwrite,,,train
data/raw_airwrite/A/airwrite_A_20260728_220905_909299_7518fe.png,A,0,airwrite,,,train
data/raw_airwrite/A/airwrite_A_20260728_220917_990103_0f54b1.png,A,0,airwrite,,,train
data/raw_airwrite/A/airwrite_A_20260728_220926_782562_660163.png,A,0,airwrite,,,train
data/raw_airwrite/A/airwrite_A_20260728_220943_320091_460834.png,A,0,airwrite,,,train
data/raw_airwrite/A/airwrite_A_20260728_221015_119888_480335.png,A,0,airwrite,,,train
data/raw_airwrite/A/airwrite_A_20260728_221239_873570_036951.png,A,0,airwrite,,,train
data/raw_airwrite/A/airwrite_A_20260728_221255_533951_3f69d3.png,A,0,airwrite,,,train
data/raw_airwrite/A/airwrite_A_20260728_221302_711607_6f9d86.png,A,0,airwrite,,,train
data/raw_airwrite/A/airwrite_A_20260728_221316_929475_c12536.png,A,0,airwrite,,,train
data/raw_airwrite/A/airwrite_A_20260728_221328_271610_1c6f98.png,A,0,airwrite,,,train
data/raw_airwrite/A/airwrite_A_20260728_221335_445282_c45926.png,A,0,airwrite,,,train
data/raw_airwrite/A/airwrite_A_20260728_221346_447982_f06ef3.png,A,0,airwrite,,,train
data/raw_airwrite/A/airwrite_A_20260728_221434_777678_d89c51.png,A,0,airwrite,,,train
data/raw_airwrite/A/airwrite_A_20260728_221439_756362_1d2f08.png,A,0,airwrite,,,train
data/raw_airwrite/B/airwrite_B_20260728_221525_720449_41dad4.png,B,1,airwrite,,,train
data/raw_airwrite/B/airwrite_B_20260728_221601_658453_b20d87.png,B,1,airwrite,,,train
data/raw_airwrite/B/airwrite_B_20260728_221606_694578_045716.png,B,1,airwrite,,,train
data/raw_airwrite/B/airwrite_B_20260728_221615_004225_4d0b0f.png,B,1,airwrite,,,train
data/raw_airwrite/B/airwrite_B_20260728_221624_811338_815349.png,B,1,airwrite,,,train
data/raw_airwrite/B/airwrite_B_20260728_221640_990416_f77c78.png,B,1,airwrite,,,train
data/raw_airwrite/B/airwrite_B_20260728_221648_420409_d43914.png,B,1,airwrite,,,train
data/raw_airwrite/B/airwrite_B_20260728_221654_757876_2779ec.png,B,1,airwrite,,,train
data/raw_airwrite/B/airwrite_B_20260728_221659_107526_ae488a.png,B,1,airwrite,,,train
data/raw_airwrite/B/airwrite_B_20260728_221729_954581_67bae1.png,B,1,airwrite,,,train
data/raw_airwrite/B/airwrite_B_20260728_221734_186515_be1bb5.png,B,1,airwrite,,,train
data/raw_airwrite/B/airwrite_B_20260728_221738_105784_c90775.png,B,1,airwrite,,,train
data/raw_airwrite/B/airwrite_B_20260728_221742_311049_0c41f5.png,B,1,airwrite,,,train
data/raw_airwrite/B/airwrite_B_20260728_221745_724572_378f57.png,B,1,airwrite,,,train
data/raw_airwrite/B/airwrite_B_20260728_221756_228890_7c740b.png,B,1,airwrite,,,train
data/raw_airwrite/B/airwrite_B_20260728_221803_260191_3fb83b.png,B,1,airwrite,,,train
data/raw_airwrite/B/airwrite_B_20260728_221808_190055_c509a3.png,B,1,airwrite,,,train
data/raw_airwrite/B/airwrite_B_20260728_221821_213496_e5b633.png,B,1,airwrite,,,train
data/raw_airwrite/B/airwrite_B_20260728_221833_168645_a38bb9.png,B,1,airwrite,,,train
data/raw_airwrite/B/airwrite_B_20260728_221909_220927_aa6f89.png,B,1,airwrite,,,train
data/raw_airwrite/B/airwrite_B_20260728_221913_854634_3629d7.png,B,1,airwrite,,,train
data/raw_airwrite/B/airwrite_B_20260728_221918_849215_92400b.png,B,1,airwrite,,,train
data/raw_airwrite/B/airwrite_B_20260728_221923_132684_e587de.png,B,1,airwrite,,,train
data/raw_airwrite/B/airwrite_B_20260728_221930_158716_0c1b72.png,B,1,airwrite,,,train
data/raw_airwrite/B/airwrite_B_20260728_221950_833530_5ec9ed.png,B,1,airwrite,,,train
data/raw_airwrite/B/airwrite_B_20260728_222001_186910_246743.png,B,1,airwrite,,,train
data/raw_airwrite/B/airwrite_B_20260728_222004_248545_9d8ddc.png,B,1,airwrite,,,train
data/raw_airwrite/B/airwrite_B_20260728_222013_903257_65334c.png,B,1,airwrite,,,train
data/raw_airwrite/B/airwrite_B_20260728_222020_710344_8fc84f.png,B,1,airwrite,,,train
data/raw_airwrite/B/airwrite_B_20260728_222030_787101_d9197f.png,B,1,airwrite,,,train
data/raw_airwrite/B/airwrite_B_20260728_222038_987627_3e6ea9.png,B,1,airwrite,,,train
data/raw_airwrite/B/airwrite_B_20260728_222048_058022_e238f5.png,B,1,airwrite,,,train
data/raw_airwrite/B/airwrite_B_20260728_222126_164013_0eb88d.png,B,1,airwrite,,,train
data/raw_airwrite/B/airwrite_B_20260728_222135_832841_0b0446.png,B,1,airwrite,,,train
data/raw_airwrite/B/airwrite_B_20260728_222145_979392_3e3c6b.png,B,1,airwrite,,,train
data/raw_airwrite/B/airwrite_B_20260728_222206_506363_dc8901.png,B,1,airwrite,,,train
data/raw_airwrite/B/airwrite_B_20260728_222224_958391_4d0544.png,B,1,airwrite,,,train
data/raw_airwrite/B/airwrite_B_20260728_222228_056025_253f1d.png,B,1,airwrite,,,train
data/raw_airwrite/C/airwrite_C_20260728_222302_837097_511b18.png,C,2,airwrite,,,train
data/raw_airwrite/C/airwrite_C_20260728_222306_177553_6e7f15.png,C,2,airwrite,,,train
data/raw_airwrite/C/airwrite_C_20260728_222312_114102_ddc129.png,C,2,airwrite,,,train
data/raw_airwrite/C/airwrite_C_20260728_222328_716088_7f663a.png,C,2,airwrite,,,train
data/raw_airwrite/C/airwrite_C_20260728_222407_649369_047554.png,C,2,airwrite,,,train
data/raw_airwrite/C/airwrite_C_20260728_222409_970899_58b5db.png,C,2,airwrite,,,train
data/raw_airwrite/C/airwrite_C_20260728_222418_704001_23e030.png,C,2,airwrite,,,train
data/raw_airwrite/C/airwrite_C_20260728_222421_293824_9b8e29.png,C,2,airwrite,,,train
data/raw_airwrite/C/airwrite_C_20260728_222435_294915_9bc633.png,C,2,airwrite,,,train
data/raw_airwrite/C/airwrite_C_20260728_222437_610624_bd3110.png,C,2,airwrite,,,train
data/raw_airwrite/C/airwrite_C_20260728_222439_897593_b2a120.png,C,2,airwrite,,,train
data/raw_airwrite/C/airwrite_C_20260728_222446_014822_1c0094.png,C,2,airwrite,,,train
data/raw_airwrite/C/airwrite_C_20260728_222448_150899_0fa204.png,C,2,airwrite,,,train
data/raw_airwrite/C/airwrite_C_20260728_222450_235507_51ea45.png,C,2,airwrite,,,train
data/raw_airwrite/C/airwrite_C_20260728_222530_455169_dc190d.png,C,2,airwrite,,,train
data/raw_airwrite/C/airwrite_C_20260728_222532_418158_00c46d.png,C,2,airwrite,,,train
data/raw_airwrite/C/airwrite_C_20260728_222540_665810_24d36f.png,C,2,airwrite,,,train
data/raw_airwrite/C/airwrite_C_20260728_222549_377306_2cc565.png,C,2,airwrite,,,train
data/raw_airwrite/C/airwrite_C_20260728_222551_954828_459eb6.png,C,2,airwrite,,,train
data/raw_airwrite/C/airwrite_C_20260728_222554_623618_647b21.png,C,2,airwrite,,,train
data/raw_airwrite/C/airwrite_C_20260728_222559_775855_ad2f74.png,C,2,airwrite,,,train
data/raw_airwrite/C/airwrite_C_20260728_222604_070918_b8e5d4.png,C,2,airwrite,,,train
data/raw_airwrite/C/airwrite_C_20260728_222606_555289_e99a66.png,C,2,airwrite,,,train
data/raw_airwrite/C/airwrite_C_20260728_222659_116006_113226.png,C,2,airwrite,,,train
data/raw_airwrite/C/airwrite_C_20260728_222712_167593_1be284.png,C,2,airwrite,,,train
data/raw_airwrite/C/airwrite_C_20260728_222720_524527_18fc2d.png,C,2,airwrite,,,train
data/raw_airwrite/C/airwrite_C_20260728_222733_434982_d5b24b.png,C,2,airwrite,,,train
data/raw_airwrite/C/airwrite_C_20260728_222742_640936_96fdd7.png,C,2,airwrite,,,train
data/raw_airwrite/C/airwrite_C_20260728_222745_723116_17c786.png,C,2,airwrite,,,train
data/raw_airwrite/C/airwrite_C_20260728_222751_249770_f089b3.png,C,2,airwrite,,,train
data/raw_airwrite/C/airwrite_C_20260728_222819_871152_d3c246.png,C,2,airwrite,,,train
data/raw_airwrite/C/airwrite_C_20260728_222835_749624_d51726.png,C,2,airwrite,,,train
data/raw_airwrite/C/airwrite_C_20260728_222847_527640_2c4c0a.png,C,2,airwrite,,,train
data/raw_airwrite/C/airwrite_C_20260728_222855_617407_a2b958.png,C,2,airwrite,,,train
data/raw_airwrite/D/airwrite_D_20260728_222955_452384_aed6fc.png,D,3,airwrite,,,train
data/raw_airwrite/D/airwrite_D_20260728_223001_520918_39e87f.png,D,3,airwrite,,,train
data/raw_airwrite/D/airwrite_D_20260728_223019_071091_163116.png,D,3,airwrite,,,train
data/raw_airwrite/D/airwrite_D_20260728_223033_306621_e94f5d.png,D,3,airwrite,,,train
data/raw_airwrite/D/airwrite_D_20260728_223058_087222_00295f.png,D,3,airwrite,,,train
data/raw_airwrite/D/airwrite_D_20260728_223103_421793_e58e37.png,D,3,airwrite,,,train
data/raw_airwrite/D/airwrite_D_20260728_223131_451420_e9c612.png,D,3,airwrite,,,train
data/raw_airwrite/D/airwrite_D_20260728_223136_682702_9d250f.png,D,3,airwrite,,,train
data/raw_airwrite/D/airwrite_D_20260728_223142_163119_d12f39.png,D,3,airwrite,,,train
data/raw_airwrite/D/airwrite_D_20260728_223205_349193_e36664.png,D,3,airwrite,,,train
data/raw_airwrite/D/airwrite_D_20260728_223222_375788_4f3db3.png,D,3,airwrite,,,train
data/raw_airwrite/D/airwrite_D_20260728_223315_835324_8e9a79.png,D,3,airwrite,,,train
data/raw_airwrite/D/airwrite_D_20260728_223340_760912_135f8a.png,D,3,airwrite,,,train
data/raw_airwrite/D/airwrite_D_20260728_223347_752609_bb0f4f.png,D,3,airwrite,,,train
data/raw_airwrite/D/airwrite_D_20260728_223354_730344_ad3fd4.png,D,3,airwrite,,,train
data/raw_airwrite/D/airwrite_D_20260728_223359_334877_a99274.png,D,3,airwrite,,,train
data/raw_airwrite/D/airwrite_D_20260728_223417_007938_b0aebe.png,D,3,airwrite,,,train
data/raw_airwrite/D/airwrite_D_20260728_223439_804397_fa3b60.png,D,3,airwrite,,,train
data/raw_airwrite/D/airwrite_D_20260728_223448_554546_81c95f.png,D,3,airwrite,,,train
data/raw_airwrite/D/airwrite_D_20260728_223549_954517_f0ef21.png,D,3,airwrite,,,train
data/raw_airwrite/D/airwrite_D_20260728_223603_709283_7120ae.png,D,3,airwrite,,,train
data/raw_airwrite/D/airwrite_D_20260728_223610_989905_837c04.png,D,3,airwrite,,,train
data/raw_airwrite/D/airwrite_D_20260728_223738_952652_f5f2e8.png,D,3,airwrite,,,train
data/raw_airwrite/D/airwrite_D_20260728_223743_653596_bd3a84.png,D,3,airwrite,,,train
data/raw_airwrite/D/airwrite_D_20260728_223752_434643_11e112.png,D,3,airwrite,,,train
data/raw_airwrite/D/airwrite_D_20260728_223758_726196_af18af.png,D,3,airwrite,,,train
data/raw_airwrite/D/airwrite_D_20260728_223804_553798_0c0add.png,D,3,airwrite,,,train
data/raw_airwrite/D/airwrite_D_20260728_223825_542136_eeabbd.png,D,3,airwrite,,,train
data/raw_airwrite/D/airwrite_D_20260728_223830_778064_b0fc42.png,D,3,airwrite,,,train
data/raw_airwrite/D/airwrite_D_20260728_223836_957311_e511cf.png,D,3,airwrite,,,train
data/raw_airwrite/D/airwrite_D_20260728_223842_344255_a92d03.png,D,3,airwrite,,,train
data/raw_airwrite/E/airwrite_E_20260804_140735_335639_53d6cc.png,E,4,airwrite,,,train
data/raw_airwrite/E/airwrite_E_20260804_140904_213637_4df47e.png,E,4,airwrite,,,train
data/raw_airwrite/E/airwrite_E_20260804_140926_846898_e54534.png,E,4,airwrite,,,train
data/raw_airwrite/E/airwrite_E_20260804_141009_544274_5c05ba.png,E,4,airwrite,,,train
data/raw_airwrite/E/airwrite_E_20260804_141015_745840_f54e3a.png,E,4,airwrite,,,train
data/raw_airwrite/E/airwrite_E_20260804_141020_888047_455d9c.png,E,4,airwrite,,,train
data/raw_airwrite/E/airwrite_E_20260804_141046_709126_cc47a9.png,E,4,airwrite,,,train
data/raw_airwrite/E/airwrite_E_20260804_141058_917642_1297be.png,E,4,airwrite,,,train
data/raw_airwrite/E/airwrite_E_20260804_141107_647498_2190c6.png,E,4,airwrite,,,train
data/raw_airwrite/E/airwrite_E_20260804_141222_049998_f7b4f2.png,E,4,airwrite,,,train
data/raw_airwrite/E/airwrite_E_20260804_141233_273401_c458d2.png,E,4,airwrite,,,train
data/raw_airwrite/E/airwrite_E_20260804_141240_754372_961c43.png,E,4,airwrite,,,train
data/raw_airwrite/E/airwrite_E_20260804_141247_597391_740209.png,E,4,airwrite,,,train
data/raw_airwrite/E/airwrite_E_20260804_141255_606046_24bce0.png,E,4,airwrite,,,train
data/raw_airwrite/E/airwrite_E_20260804_141305_032344_ff9841.png,E,4,airwrite,,,train
data/raw_airwrite/E/airwrite_E_20260804_141311_191338_d9c64e.png,E,4,airwrite,,,train
data/raw_airwrite/E/airwrite_E_20260804_141337_984909_15df1b.png,E,4,airwrite,,,train
data/raw_airwrite/E/airwrite_E_20260804_141420_637113_795997.png,E,4,airwrite,,,train
data/raw_airwrite/E/airwrite_E_20260804_141430_311497_ee7ca7.png,E,4,airwrite,,,train
data/raw_airwrite/E/airwrite_E_20260804_141439_965121_b21595.png,E,4,airwrite,,,train
data/raw_airwrite/E/airwrite_E_20260804_141523_450519_e33f79.png,E,4,airwrite,,,train
data/raw_airwrite/E/airwrite_E_20260804_141529_555267_60b583.png,E,4,airwrite,,,train
data/raw_airwrite/E/airwrite_E_20260804_141536_689247_084ef9.png,E,4,airwrite,,,train
data/raw_airwrite/E/airwrite_E_20260804_141547_160826_940a4a.png,E,4,airwrite,,,train
data/raw_airwrite/E/airwrite_E_20260804_141610_647249_0e914e.png,E,4,airwrite,,,train
data/raw_airwrite/E/airwrite_E_20260804_141617_588967_14b2b0.png,E,4,airwrite,,,train
data/raw_airwrite/E/airwrite_E_20260804_141622_851232_3d7e97.png,E,4,airwrite,,,train
data/raw_airwrite/E/airwrite_E_20260804_141650_107830_a79a51.png,E,4,airwrite,,,train
data/raw_airwrite/E/airwrite_E_20260804_141714_424524_6fff32.png,E,4,airwrite,,,train
data/raw_airwrite/E/airwrite_E_20260804_141746_400799_6f4313.png,E,4,airwrite,,,train
data/raw_airwrite/E/airwrite_E_20260804_141753_090527_e46517.png,E,4,airwrite,,,train
data/raw_airwrite/E/airwrite_E_20260804_141802_583508_781075.png,E,4,airwrite,,,train
data/raw_airwrite/E/airwrite_E_20260804_141846_364829_b38fb9.png,E,4,airwrite,,,train
data/raw_airwrite/F/airwrite_F_20260804_141915_004901_66084d.png,F,5,airwrite,,,train
data/raw_airwrite/F/airwrite_F_20260804_141945_427693_74a176.png,F,5,airwrite,,,train
data/raw_airwrite/F/airwrite_F_20260804_141956_002110_173e6e.png,F,5,airwrite,,,train
data/raw_airwrite/F/airwrite_F_20260804_142008_515303_c90d39.png,F,5,airwrite,,,train
data/raw_airwrite/F/airwrite_F_20260804_142014_201131_dc307a.png,F,5,airwrite,,,train
data/raw_airwrite/F/airwrite_F_20260804_142019_290844_402f6a.png,F,5,airwrite,,,train
data/raw_airwrite/F/airwrite_F_20260804_142024_393772_fcadc9.png,F,5,airwrite,,,train
data/raw_airwrite/F/airwrite_F_20260804_142032_691548_8a89bd.png,F,5,airwrite,,,train
data/raw_airwrite/F/airwrite_F_20260804_142040_184668_e3bf7e.png,F,5,airwrite,,,train
data/raw_airwrite/F/airwrite_F_20260804_142045_970242_a0b894.png,F,5,airwrite,,,train
data/raw_airwrite/F/airwrite_F_20260804_142109_934702_653369.png,F,5,airwrite,,,train
data/raw_airwrite/F/airwrite_F_20260804_142113_691035_ed41b1.png,F,5,airwrite,,,train
data/raw_airwrite/F/airwrite_F_20260804_142121_614540_1261cd.png,F,5,airwrite,,,train
data/raw_airwrite/F/airwrite_F_20260804_142125_962206_4cb45a.png,F,5,airwrite,,,train
data/raw_airwrite/F/airwrite_F_20260804_142129_450592_a3cf9b.png,F,5,airwrite,,,train
data/raw_airwrite/F/airwrite_F_20260804_142134_745116_32f6a7.png,F,5,airwrite,,,train
data/raw_airwrite/F/airwrite_F_20260804_142208_573111_cea1a6.png,F,5,airwrite,,,train
data/raw_airwrite/F/airwrite_F_20260804_142244_914766_4c805e.png,F,5,airwrite,,,train
data/raw_airwrite/F/airwrite_F_20260804_142256_460836_ed10b1.png,F,5,airwrite,,,train
data/raw_airwrite/F/airwrite_F_20260804_142300_734438_4859eb.png,F,5,airwrite,,,train
data/raw_airwrite/F/airwrite_F_20260804_142318_031660_3641fe.png,F,5,airwrite,,,train
data/raw_airwrite/F/airwrite_F_20260804_142321_965205_dcc8a5.png,F,5,airwrite,,,train
data/raw_airwrite/F/airwrite_F_20260804_142420_087156_e17a17.png,F,5,airwrite,,,train
data/raw_airwrite/F/airwrite_F_20260804_142424_860150_ee1416.png,F,5,airwrite,,,train
data/raw_airwrite/F/airwrite_F_20260804_142436_864528_722387.png,F,5,airwrite,,,train
data/raw_airwrite/F/airwrite_F_20260804_142450_106703_01292f.png,F,5,airwrite,,,train
data/raw_airwrite/F/airwrite_F_20260804_142453_685737_e1ab9d.png,F,5,airwrite,,,train
data/raw_airwrite/F/airwrite_F_20260804_142457_272893_dd6859.png,F,5,airwrite,,,train
data/raw_airwrite/F/airwrite_F_20260804_142500_260586_b81b6c.png,F,5,airwrite,,,train
data/raw_airwrite/F/airwrite_F_20260804_142511_958653_e8986d.png,F,5,airwrite,,,train
data/raw_airwrite/F/airwrite_F_20260804_142516_072213_a4afd6.png,F,5,airwrite,,,train
data/raw_airwrite/F/airwrite_F_20260804_142520_497386_375bc8.png,F,5,airwrite,,,train
data/raw_airwrite/F/airwrite_F_20260804_142524_149134_b303a5.png,F,5,airwrite,,,train
data/raw_airwrite/F/airwrite_F_20260804_142527_694588_534705.png,F,5,airwrite,,,train
data/raw_airwrite/F/airwrite_F_20260804_142532_038374_719de5.png,F,5,airwrite,,,train
data/raw_airwrite/G/airwrite_G_20260804_142554_352622_06b74e.png,G,6,airwrite,,,train
data/raw_airwrite/G/airwrite_G_20260804_142557_976871_257dc6.png,G,6,airwrite,,,train
data/raw_airwrite/G/airwrite_G_20260804_142601_157758_ff6fa6.png,G,6,airwrite,,,train
data/raw_airwrite/G/airwrite_G_20260804_142604_483197_aa07b2.png,G,6,airwrite,,,train
data/raw_airwrite/G/airwrite_G_20260804_142611_400677_4565d1.png,G,6,airwrite,,,train
data/raw_airwrite/G/airwrite_G_20260804_142614_039294_e569ef.png,G,6,airwrite,,,train
data/raw_airwrite/G/airwrite_G_20260804_142618_927028_6a761f.png,G,6,airwrite,,,train
data/raw_airwrite/G/airwrite_G_20260804_142639_893893_02d80a.png,G,6,airwrite,,,train
data/raw_airwrite/G/airwrite_G_20260804_142705_588880_588e88.png,G,6,airwrite,,,train
data/raw_airwrite/G/airwrite_G_20260804_142732_998571_6a9650.png,G,6,airwrite,,,train
data/raw_airwrite/G/airwrite_G_20260804_142803_373663_8a7cb0.png,G,6,airwrite,,,train
data/raw_airwrite/G/airwrite_G_20260804_142806_739061_9a1e43.png,G,6,airwrite,,,train
data/raw_airwrite/G/airwrite_G_20260804_142830_156636_10d03b.png,G,6,airwrite,,,train
data/raw_airwrite/G/airwrite_G_20260804_142833_451912_918e4a.png,G,6,airwrite,,,train
data/raw_airwrite/G/airwrite_G_20260804_142857_602347_95478d.png,G,6,airwrite,,,train
data/raw_airwrite/G/airwrite_G_20260804_142905_362518_c34268.png,G,6,airwrite,,,train
data/raw_airwrite/G/airwrite_G_20260804_142914_554813_a3d424.png,G,6,airwrite,,,train
data/raw_airwrite/G/airwrite_G_20260804_142926_220002_0d8bce.png,G,6,airwrite,,,train
data/raw_airwrite/G/airwrite_G_20260804_142939_070008_b63e99.png,G,6,airwrite,,,train
data/raw_airwrite/G/airwrite_G_20260804_142946_750005_4a2520.png,G,6,airwrite,,,train
data/raw_airwrite/G/airwrite_G_20260804_142954_495218_e22123.png,G,6,airwrite,,,train
data/raw_airwrite/G/airwrite_G_20260804_143008_497607_e2023e.png,G,6,airwrite,,,train
data/raw_airwrite/G/airwrite_G_20260804_143115_604698_0accab.png,G,6,airwrite,,,train
data/raw_airwrite/G/airwrite_G_20260804_143118_779718_16ddd8.png,G,6,airwrite,,,train
data/raw_airwrite/G/airwrite_G_20260804_143121_526953_ad328c.png,G,6,airwrite,,,train
data/raw_airwrite/G/airwrite_G_20260804_143128_290873_19ee1d.png,G,6,airwrite,,,train
data/raw_airwrite/G/airwrite_G_20260804_143131_141499_cfeaec.png,G,6,airwrite,,,train
data/raw_airwrite/G/airwrite_G_20260804_143134_005240_0972ac.png,G,6,airwrite,,,train
data/raw_airwrite/G/airwrite_G_20260804_143140_752452_ca1b6d.png,G,6,airwrite,,,train
data/raw_airwrite/G/airwrite_G_20260804_143143_531650_e8459c.png,G,6,airwrite,,,train
data/raw_airwrite/G/airwrite_G_20260804_143146_299969_61f20c.png,G,6,airwrite,,,train
data/raw_airwrite/G/airwrite_G_20260804_143151_570231_0ae844.png,G,6,airwrite,,,train
data/raw_airwrite/G/airwrite_G_20260804_143154_620179_e43b86.png,G,6,airwrite,,,train
data/raw_airwrite/G/airwrite_G_20260804_143157_177253_83224a.png,G,6,airwrite,,,train
data/raw_airwrite/H/airwrite_H_20260804_143330_312022_5a0395.png,H,7,airwrite,,,train
data/raw_airwrite/H/airwrite_H_20260804_143336_164813_6de26f.png,H,7,airwrite,,,train
data/raw_airwrite/H/airwrite_H_20260804_143613_199653_2b2051.png,H,7,airwrite,,,train
data/raw_airwrite/H/airwrite_H_20260804_143616_697040_825707.png,H,7,airwrite,,,train
data/raw_airwrite/H/airwrite_H_20260804_143624_863977_5e436d.png,H,7,airwrite,,,train
data/raw_airwrite/H/airwrite_H_20260804_143631_031981_57adc9.png,H,7,airwrite,,,train
data/raw_airwrite/H/airwrite_H_20260804_143633_661801_42407b.png,H,7,airwrite,,,train
data/raw_airwrite/H/airwrite_H_20260804_143636_669809_99416e.png,H,7,airwrite,,,train
data/raw_airwrite/H/airwrite_H_20260804_143639_548037_cd48f6.png,H,7,airwrite,,,train
data/raw_airwrite/H/airwrite_H_20260804_143659_413812_3d3868.png,H,7,airwrite,,,train
data/raw_airwrite/H/airwrite_H_20260804_143711_261351_f1c091.png,H,7,airwrite,,,train
data/raw_airwrite/H/airwrite_H_20260804_143728_457815_d9df57.png,H,7,airwrite,,,train
data/raw_airwrite/H/airwrite_H_20260804_143732_297163_1a330d.png,H,7,airwrite,,,train
data/raw_airwrite/H/airwrite_H_20260804_143801_082472_f5d0b3.png,H,7,airwrite,,,train
data/raw_airwrite/H/airwrite_H_20260804_143821_910849_f508d7.png,H,7,airwrite,,,train
data/raw_airwrite/H/airwrite_H_20260804_143828_670501_d41799.png,H,7,airwrite,,,train
data/raw_airwrite/H/airwrite_H_20260804_143832_710157_c7896e.png,H,7,airwrite,,,train
data/raw_airwrite/H/airwrite_H_20260804_143843_048139_734b34.png,H,7,airwrite,,,train
data/raw_airwrite/H/airwrite_H_20260804_143851_996774_1b9eb6.png,H,7,airwrite,,,train
data/raw_airwrite/H/airwrite_H_20260804_143915_851213_f3dedf.png,H,7,airwrite,,,train
data/raw_airwrite/H/airwrite_H_20260804_143918_292573_fdd3d8.png,H,7,airwrite,,,train
data/raw_airwrite/H/airwrite_H_20260804_143925_171298_290872.png,H,7,airwrite,,,train
data/raw_airwrite/H/airwrite_H_20260804_143933_936018_20ffc9.png,H,7,airwrite,,,train
data/raw_airwrite/H/airwrite_H_20260804_143941_212041_66e182.png,H,7,airwrite,,,train
data/raw_airwrite/H/airwrite_H_20260804_143944_357003_fb6074.png,H,7,airwrite,,,train
data/raw_airwrite/H/airwrite_H_20260804_143954_964884_6b7ef3.png,H,7,airwrite,,,train
data/raw_airwrite/H/airwrite_H_20260804_144013_072509_0df2e6.png,H,7,airwrite,,,train
data/raw_airwrite/H/airwrite_H_20260804_144047_750805_a63366.png,H,7,airwrite,,,train
data/raw_airwrite/H/airwrite_H_20260804_144100_839274_157b0c.png,H,7,airwrite,,,train
data/raw_airwrite/H/airwrite_H_20260804_144114_006874_49fe1e.png,H,7,airwrite,,,train
data/raw_airwrite/H/airwrite_H_20260804_144124_767690_93606a.png,H,7,airwrite,,,train
data/raw_airwrite/H/airwrite_H_20260804_144129_694713_d25696.png,H,7,airwrite,,,train
data/raw_airwrite/H/airwrite_H_20260804_144134_279152_6f999f.png,H,7,airwrite,,,train
data/raw_airwrite/H/airwrite_H_20260804_144145_054754_683938.png,H,7,airwrite,,,train
data/raw_airwrite/H/airwrite_H_20260804_144149_563102_4beff9.png,H,7,airwrite,,,train
data/raw_airwrite/I/airwrite_I_20260804_145500_321858_5ab209 (1).png,I,8,airwrite,,,train
data/raw_airwrite/I/airwrite_I_20260804_145500_321858_5ab209 (2).png,I,8,airwrite,,,train
data/raw_airwrite/I/airwrite_I_20260804_145500_321858_5ab209 (3).png,I,8,airwrite,,,train
data/raw_airwrite/I/airwrite_I_20260804_145500_321858_5ab209 (4).png,I,8,airwrite,,,train
data/raw_airwrite/I/airwrite_I_20260804_145500_321858_5ab209 (5).png,I,8,airwrite,,,train
data/raw_airwrite/I/airwrite_I_20260804_145500_321858_5ab209 (7).png,I,8,airwrite,,,train
data/raw_airwrite/I/airwrite_I_20260804_145622_349287_33b152.png,I,8,airwrite,,,train
data/raw_airwrite/I/airwrite_I_20260804_145653_698164_8de7f1.png,I,8,airwrite,,,train
data/raw_airwrite/I/airwrite_I_20260804_145704_036612_74f6fe.png,I,8,airwrite,,,train
data/raw_airwrite/I/airwrite_I_20260804_145708_914268_ca047f.png,I,8,airwrite,,,train
data/raw_airwrite/I/airwrite_I_20260804_145712_938490_3fa54c.png,I,8,airwrite,,,train
data/raw_airwrite/I/airwrite_I_20260804_145716_457489_c8bf47.png,I,8,airwrite,,,train
data/raw_airwrite/I/airwrite_I_20260804_145739_268866_9b605c.png,I,8,airwrite,,,train
data/raw_airwrite/I/airwrite_I_20260804_145804_073930_8f0737.png,I,8,airwrite,,,train
data/raw_airwrite/I/airwrite_I_20260804_145812_630183_566d58.png,I,8,airwrite,,,train
data/raw_airwrite/I/airwrite_I_20260804_145858_959660_bb536e.png,I,8,airwrite,,,train
data/raw_airwrite/I/airwrite_I_20260804_145910_837454_c04ee7.png,I,8,airwrite,,,train
data/raw_airwrite/I/airwrite_I_20260804_145916_210354_15df46.png,I,8,airwrite,,,train
data/raw_airwrite/I/airwrite_I_20260804_145917_057692_acc809.png,I,8,airwrite,,,train
data/raw_airwrite/I/airwrite_I_20260804_145926_797362_934d9e.png,I,8,airwrite,,,train
data/raw_airwrite/I/airwrite_I_20260804_145932_012720_bc43f4.png,I,8,airwrite,,,train
data/raw_airwrite/I/airwrite_I_20260804_145958_729236_608eb9.png,I,8,airwrite,,,train
data/raw_airwrite/I/airwrite_I_20260804_150003_615329_103539.png,I,8,airwrite,,,train
data/raw_airwrite/I/airwrite_I_20260804_150036_544263_1453a5.png,I,8,airwrite,,,train
data/raw_airwrite/I/airwrite_I_20260804_150042_218859_2ae5cd.png,I,8,airwrite,,,train
data/raw_airwrite/I/airwrite_I_20260804_150047_080970_089f0a.png,I,8,airwrite,,,train
data/raw_airwrite/I/airwrite_I_20260804_150054_243908_dc93dc.png,I,8,airwrite,,,train
data/raw_airwrite/I/airwrite_I_20260804_150118_324767_88ba99.png,I,8,airwrite,,,train
data/raw_airwrite/I/airwrite_I_20260804_150122_754506_dffeaa.png,I,8,airwrite,,,train
data/raw_airwrite/I/airwrite_I_20260804_150131_046685_62fdc4.png,I,8,airwrite,,,train
data/raw_airwrite/I/airwrite_I_20260804_150134_677198_1fcfca.png,I,8,airwrite,,,train
data/raw_airwrite/I/airwrite_I_20260804_150139_725473_23cde9.png,I,8,airwrite,,,train
data/raw_airwrite/I/airwrite_I_20260804_150146_577222_fc93fa.png,I,8,airwrite,,,train
data/raw_airwrite/I/airwrite_I_20260804_150157_365976_9cafdb.png,I,8,airwrite,,,train
data/raw_airwrite/J/airwrite_J_20260804_150315_384780_9ff109.png,J,9,airwrite,,,train
data/raw_airwrite/J/airwrite_J_20260804_150319_906982_4ebeee.png,J,9,airwrite,,,train
data/raw_airwrite/J/airwrite_J_20260804_150323_594986_1e9710.png,J,9,airwrite,,,train
data/raw_airwrite/J/airwrite_J_20260804_150335_692606_6fcf53.png,J,9,airwrite,,,train
data/raw_airwrite/J/airwrite_J_20260804_150342_494987_c391c2.png,J,9,airwrite,,,train
data/raw_airwrite/J/airwrite_J_20260804_150346_797244_1f45bb.png,J,9,airwrite,,,train
data/raw_airwrite/J/airwrite_J_20260804_150350_613539_65a249.png,J,9,airwrite,,,train
data/raw_airwrite/J/airwrite_J_20260804_150356_294946_d8754b.png,J,9,airwrite,,,train
data/raw_airwrite/J/airwrite_J_20260804_150403_675580_2cd198.png,J,9,airwrite,,,train
data/raw_airwrite/J/airwrite_J_20260804_150407_446770_778998.png,J,9,airwrite,,,train
data/raw_airwrite/J/airwrite_J_20260804_150429_375330_fd7093.png,J,9,airwrite,,,train
data/raw_airwrite/J/airwrite_J_20260804_150434_220418_b45835.png,J,9,airwrite,,,train
data/raw_airwrite/J/airwrite_J_20260804_150439_974209_13d6ff.png,J,9,airwrite,,,train
data/raw_airwrite/J/airwrite_J_20260804_150504_814850_1265b0.png,J,9,airwrite,,,train
data/raw_airwrite/J/airwrite_J_20260804_150509_513992_482deb.png,J,9,airwrite,,,train
data/raw_airwrite/J/airwrite_J_20260804_150513_975240_d3b7c3.png,J,9,airwrite,,,train
data/raw_airwrite/J/airwrite_J_20260804_150525_730463_908d80.png,J,9,airwrite,,,train
data/raw_airwrite/J/airwrite_J_20260804_150539_658778_ff458e.png,J,9,airwrite,,,train
data/raw_airwrite/J/airwrite_J_20260804_150620_036309_e60220.png,J,9,airwrite,,,train
data/raw_airwrite/J/airwrite_J_20260804_150623_189224_376ef3.png,J,9,airwrite,,,train
data/raw_airwrite/J/airwrite_J_20260804_150626_334522_20726a.png,J,9,airwrite,,,train
data/raw_airwrite/J/airwrite_J_20260804_150635_504412_b195ea.png,J,9,airwrite,,,train
data/raw_airwrite/J/airwrite_J_20260804_150645_603318_68d506.png,J,9,airwrite,,,train
data/raw_airwrite/J/airwrite_J_20260804_150702_176742_921f88.png,J,9,airwrite,,,train
data/raw_airwrite/J/airwrite_J_20260804_150716_908454_e032ae.png,J,9,airwrite,,,train
data/raw_airwrite/J/airwrite_J_20260804_150723_683010_a6ec2c.png,J,9,airwrite,,,train
data/raw_airwrite/J/airwrite_J_20260804_150727_916753_7a86e4.png,J,9,airwrite,,,train
data/raw_airwrite/J/airwrite_J_20260804_150731_293795_c3d2fa.png,J,9,airwrite,,,train
data/raw_airwrite/J/airwrite_J_20260804_150742_414792_db0298.png,J,9,airwrite,,,train
data/raw_airwrite/J/airwrite_J_20260804_150748_081515_79054c.png,J,9,airwrite,,,train
data/raw_airwrite/J/airwrite_J_20260804_150802_614753_4825f5.png,J,9,airwrite,,,train
data/raw_airwrite/J/airwrite_J_20260804_150808_996980_367dad.png,J,9,airwrite,,,train
data/raw_airwrite/J/airwrite_J_20260804_150813_143597_23fe70.png,J,9,airwrite,,,train
data/raw_airwrite/J/airwrite_J_20260804_150821_511930_3c76e4.png,J,9,airwrite,,,train
data/raw_airwrite/K/airwrite_K_20260804_150908_894951_e1bfba.png,K,10,airwrite,,,train
data/raw_airwrite/K/airwrite_K_20260804_150923_678372_ac0738.png,K,10,airwrite,,,train
data/raw_airwrite/K/airwrite_K_20260804_150938_488457_9bf7b8.png,K,10,airwrite,,,train
data/raw_airwrite/K/airwrite_K_20260804_150943_010401_a98e56.png,K,10,airwrite,,,train
data/raw_airwrite/K/airwrite_K_20260804_150947_525376_2b1094.png,K,10,airwrite,,,train
data/raw_airwrite/K/airwrite_K_20260804_151007_254972_cc0fa8.png,K,10,airwrite,,,train
data/raw_airwrite/K/airwrite_K_20260804_151029_911343_0006ec.png,K,10,airwrite,,,train
data/raw_airwrite/K/airwrite_K_20260804_151036_941714_fc3ce2.png,K,10,airwrite,,,train
data/raw_airwrite/K/airwrite_K_20260804_151042_563849_48bdf6.png,K,10,airwrite,,,train
data/raw_airwrite/K/airwrite_K_20260804_151049_597429_f1be5f.png,K,10,airwrite,,,train
data/raw_airwrite/K/airwrite_K_20260804_151059_185731_be8833.png,K,10,airwrite,,,train
data/raw_airwrite/K/airwrite_K_20260804_151116_051484_f6faf1.png,K,10,airwrite,,,train
data/raw_airwrite/K/airwrite_K_20260804_151119_477029_2dceed.png,K,10,airwrite,,,train
data/raw_airwrite/K/airwrite_K_20260804_151124_158245_601c80.png,K,10,airwrite,,,train
data/raw_airwrite/K/airwrite_K_20260804_151128_139150_f38b43.png,K,10,airwrite,,,train
data/raw_airwrite/K/airwrite_K_20260804_151150_182458_7ce336.png,K,10,airwrite,,,train
data/raw_airwrite/K/airwrite_K_20260804_151153_741101_0cb306.png,K,10,airwrite,,,train
data/raw_airwrite/K/airwrite_K_20260804_151207_817304_85a9a9.png,K,10,airwrite,,,train
data/raw_airwrite/K/airwrite_K_20260804_151215_198549_3c0b56.png,K,10,airwrite,,,train
data/raw_airwrite/K/airwrite_K_20260804_151229_438540_d3c74b.png,K,10,airwrite,,,train
data/raw_airwrite/K/airwrite_K_20260804_151235_946580_a84706.png,K,10,airwrite,,,train
data/raw_airwrite/K/airwrite_K_20260804_151241_648176_14e2ee.png,K,10,airwrite,,,train
data/raw_airwrite/K/airwrite_K_20260804_151245_530105_fe4483.png,K,10,airwrite,,,train
data/raw_airwrite/K/airwrite_K_20260804_151253_103033_2290db.png,K,10,airwrite,,,train
data/raw_airwrite/K/airwrite_K_20260804_151300_588643_05b788.png,K,10,airwrite,,,train
data/raw_airwrite/K/airwrite_K_20260804_151304_140260_225e5e.png,K,10,airwrite,,,train
data/raw_airwrite/K/airwrite_K_20260804_151308_240688_1f6dab.png,K,10,airwrite,,,train
data/raw_airwrite/K/airwrite_K_20260804_151313_700580_50c932.png,K,10,airwrite,,,train
data/raw_airwrite/K/airwrite_K_20260804_151319_561694_6ebc9c.png,K,10,airwrite,,,train
data/raw_airwrite/K/airwrite_K_20260804_151341_065443_9f872e.png,K,10,airwrite,,,train
data/raw_airwrite/K/airwrite_K_20260804_151345_527134_395f17.png,K,10,airwrite,,,train
data/raw_airwrite/K/airwrite_K_20260804_151356_796099_bab0b7.png,K,10,airwrite,,,train
data/raw_airwrite/K/airwrite_K_20260804_151402_362506_e87141.png,K,10,airwrite,,,train
data/raw_airwrite/K/airwrite_K_20260804_151406_233401_04bdf1.png,K,10,airwrite,,,train
data/raw_airwrite/L/airwrite_L_20260804_151425_704710_8f6f56.png,L,11,airwrite,,,train
data/raw_airwrite/L/airwrite_L_20260804_151437_094240_5e6ddc.png,L,11,airwrite,,,train
data/raw_airwrite/L/airwrite_L_20260804_151439_024413_0d9d29.png,L,11,airwrite,,,train
data/raw_airwrite/L/airwrite_L_20260804_151442_045559_8000ee.png,L,11,airwrite,,,train
data/raw_airwrite/L/airwrite_L_20260804_151444_347349_148f87.png,L,11,airwrite,,,train
data/raw_airwrite/L/airwrite_L_20260804_151449_637163_de5af3.png,L,11,airwrite,,,train
data/raw_airwrite/L/airwrite_L_20260804_151453_780142_531f1f.png,L,11,airwrite,,,train
data/raw_airwrite/L/airwrite_L_20260804_151456_943443_7164dd.png,L,11,airwrite,,,train
data/raw_airwrite/L/airwrite_L_20260804_151501_335073_309a43.png,L,11,airwrite,,,train
data/raw_airwrite/L/airwrite_L_20260804_151503_398652_8e65b9.png,L,11,airwrite,,,train
data/raw_airwrite/L/airwrite_L_20260804_151508_440171_ca9a89.png,L,11,airwrite,,,train
data/raw_airwrite/L/airwrite_L_20260804_151510_780840_ee801c.png,L,11,airwrite,,,train
data/raw_airwrite/L/airwrite_L_20260804_151512_491606_b1bb51.png,L,11,airwrite,,,train
data/raw_airwrite/L/airwrite_L_20260804_151513_277222_41751f.png,L,11,airwrite,,,train
data/raw_airwrite/L/airwrite_L_20260804_151527_996081_81b41b.png,L,11,airwrite,,,train
data/raw_airwrite/L/airwrite_L_20260804_151537_403266_1ca115.png,L,11,airwrite,,,train
data/raw_airwrite/L/airwrite_L_20260804_151544_341771_130aed.png,L,11,airwrite,,,train
data/raw_airwrite/L/airwrite_L_20260804_151558_638222_aaf3b8.png,L,11,airwrite,,,train
data/raw_airwrite/L/airwrite_L_20260804_151600_838317_132cd6.png,L,11,airwrite,,,train
data/raw_airwrite/L/airwrite_L_20260804_151602_649374_d822b1.png,L,11,airwrite,,,train
data/raw_airwrite/L/airwrite_L_20260804_151613_472958_8dfc36.png,L,11,airwrite,,,train
data/raw_airwrite/L/airwrite_L_20260804_151627_127502_0f0d85.png,L,11,airwrite,,,train
data/raw_airwrite/L/airwrite_L_20260804_151630_152231_5f3093.png,L,11,airwrite,,,train
data/raw_airwrite/L/airwrite_L_20260804_151635_080005_0e6ecd.png,L,11,airwrite,,,train
data/raw_airwrite/L/airwrite_L_20260804_151640_382880_2be320.png,L,11,airwrite,,,train
data/raw_airwrite/L/airwrite_L_20260804_151649_011991_340d8f.png,L,11,airwrite,,,train
data/raw_airwrite/L/airwrite_L_20260804_151653_624675_cf5c1d.png,L,11,airwrite,,,train
data/raw_airwrite/L/airwrite_L_20260804_151657_521429_cb5b1b.png,L,11,airwrite,,,train
data/raw_airwrite/L/airwrite_L_20260804_151700_820874_1629f5.png,L,11,airwrite,,,train
data/raw_airwrite/L/airwrite_L_20260804_151703_346455_7030e6.png,L,11,airwrite,,,train
data/raw_airwrite/L/airwrite_L_20260804_151705_474256_bc29ec.png,L,11,airwrite,,,train
data/raw_airwrite/L/airwrite_L_20260804_151718_460856_157b9a.png,L,11,airwrite,,,train
data/raw_airwrite/L/airwrite_L_20260804_151723_209777_d9c57a.png,L,11,airwrite,,,train
data/raw_airwrite/L/airwrite_L_20260804_151728_847234_9f2936.png,L,11,airwrite,,,train
data/raw_airwrite/M/airwrite_M_20260804_151749_108238_717eba.png,M,12,airwrite,,,train
data/raw_airwrite/M/airwrite_M_20260804_151752_807531_02cadd.png,M,12,airwrite,,,train
data/raw_airwrite/M/airwrite_M_20260804_151756_273233_4eff31.png,M,12,airwrite,,,train
data/raw_airwrite/M/airwrite_M_20260804_151801_696878_7460e5.png,M,12,airwrite,,,train
data/raw_airwrite/M/airwrite_M_20260804_151805_339431_f7dc7c.png,M,12,airwrite,,,train
data/raw_airwrite/M/airwrite_M_20260804_151820_981599_b4d299.png,M,12,airwrite,,,train
data/raw_airwrite/M/airwrite_M_20260804_151824_370296_712d10.png,M,12,airwrite,,,train
data/raw_airwrite/M/airwrite_M_20260804_151826_946405_a82be4.png,M,12,airwrite,,,train
data/raw_airwrite/M/airwrite_M_20260804_151830_948724_d1f468.png,M,12,airwrite,,,train
data/raw_airwrite/M/airwrite_M_20260804_151834_252779_e642bb.png,M,12,airwrite,,,train
data/raw_airwrite/M/airwrite_M_20260804_151837_459503_460b76.png,M,12,airwrite,,,train
data/raw_airwrite/M/airwrite_M_20260804_151910_878013_923c3e.png,M,12,airwrite,,,train
data/raw_airwrite/M/airwrite_M_20260804_151918_549930_99f517.png,M,12,airwrite,,,train
data/raw_airwrite/M/airwrite_M_20260804_151925_720534_8db918.png,M,12,airwrite,,,train
data/raw_airwrite/M/airwrite_M_20260804_151929_489570_33aaea.png,M,12,airwrite,,,train
data/raw_airwrite/M/airwrite_M_20260804_151938_151938_e611ba.png,M,12,airwrite,,,train
data/raw_airwrite/M/airwrite_M_20260804_151944_827717_0a32ce.png,M,12,airwrite,,,train
data/raw_airwrite/M/airwrite_M_20260804_151948_101806_d4214e.png,M,12,airwrite,,,train
data/raw_airwrite/M/airwrite_M_20260804_151954_751065_4619f7.png,M,12,airwrite,,,train
data/raw_airwrite/M/airwrite_M_20260804_151957_492124_797c81.png,M,12,airwrite,,,train
data/raw_airwrite/M/airwrite_M_20260804_152006_851182_01f596.png,M,12,airwrite,,,train
data/raw_airwrite/M/airwrite_M_20260804_152016_657768_f263aa.png,M,12,airwrite,,,train
data/raw_airwrite/M/airwrite_M_20260804_152026_865550_dd3dc8.png,M,12,airwrite,,,train
data/raw_airwrite/M/airwrite_M_20260804_152029_672190_6764af.png,M,12,airwrite,,,train
data/raw_airwrite/M/airwrite_M_20260804_152032_516272_f94185.png,M,12,airwrite,,,train
data/raw_airwrite/M/airwrite_M_20260804_152045_769170_b81d4b.png,M,12,airwrite,,,train
data/raw_airwrite/M/airwrite_M_20260804_152052_348441_061048.png,M,12,airwrite,,,train
data/raw_airwrite/M/airwrite_M_20260804_152055_442211_6b197d.png,M,12,airwrite,,,train
data/raw_airwrite/M/airwrite_M_20260804_152107_328821_6d2c45.png,M,12,airwrite,,,train
data/raw_airwrite/M/airwrite_M_20260804_152114_082160_125d56.png,M,12,airwrite,,,train
data/raw_airwrite/M/airwrite_M_20260804_152120_506273_a1df6e.png,M,12,airwrite,,,train
data/raw_airwrite/M/airwrite_M_20260804_152126_549357_8ed340.png,M,12,airwrite,,,train
data/raw_airwrite/M/airwrite_M_20260804_152129_136462_43bcf6.png,M,12,airwrite,,,train
data/raw_airwrite/M/airwrite_M_20260804_152129_301492_f4b2a4.png,M,12,airwrite,,,train
data/raw_airwrite/M/airwrite_M_20260804_152136_861405_b6f51c.png,M,12,airwrite,,,train
data/raw_airwrite/M/airwrite_M_20260804_152141_537046_5eaaab.png,M,12,airwrite,,,train
data/raw_airwrite/N/airwrite_N_20260804_152952_731973_c07ba0.png,N,13,airwrite,,,train
data/raw_airwrite/N/airwrite_N_20260804_152955_446829_b0f056.png,N,13,airwrite,,,train
data/raw_airwrite/N/airwrite_N_20260804_153226_790758_662deb.png,N,13,airwrite,,,train
data/raw_airwrite/N/airwrite_N_20260804_153229_441693_5edb1d.png,N,13,airwrite,,,train
data/raw_airwrite/N/airwrite_N_20260804_153233_487986_555672.png,N,13,airwrite,,,train
data/raw_airwrite/N/airwrite_N_20260804_153246_228706_a3f2e8.png,N,13,airwrite,,,train
data/raw_airwrite/N/airwrite_N_20260804_153256_432001_1a2292.png,N,13,airwrite,,,train
data/raw_airwrite/N/airwrite_N_20260804_153311_671707_168f93.png,N,13,airwrite,,,train
data/raw_airwrite/N/airwrite_N_20260804_153316_692671_010b53.png,N,13,airwrite,,,train
data/raw_airwrite/N/airwrite_N_20260804_153337_115329_099ab6.png,N,13,airwrite,,,train
data/raw_airwrite/N/airwrite_N_20260804_153339_379352_e24a5e.png,N,13,airwrite,,,train
data/raw_airwrite/N/airwrite_N_20260804_153341_563619_59f3bd.png,N,13,airwrite,,,train
data/raw_airwrite/N/airwrite_N_20260804_153351_181249_9fe63c.png,N,13,airwrite,,,train
data/raw_airwrite/N/airwrite_N_20260804_153353_903717_54c798.png,N,13,airwrite,,,train
data/raw_airwrite/N/airwrite_N_20260804_153356_457563_816934.png,N,13,airwrite,,,train
data/raw_airwrite/N/airwrite_N_20260804_153413_712361_51a366.png,N,13,airwrite,,,train
data/raw_airwrite/N/airwrite_N_20260804_153416_609080_cbd938.png,N,13,airwrite,,,train
data/raw_airwrite/N/airwrite_N_20260804_153423_471092_e8c20f.png,N,13,airwrite,,,train
data/raw_airwrite/N/airwrite_N_20260804_153446_373918_206834.png,N,13,airwrite,,,train
data/raw_airwrite/N/airwrite_N_20260804_153449_479374_4fadd7.png,N,13,airwrite,,,train
data/raw_airwrite/N/airwrite_N_20260804_153519_598167_bd7c5c.png,N,13,airwrite,,,train
data/raw_airwrite/N/airwrite_N_20260804_153522_645723_c12b19.png,N,13,airwrite,,,train
data/raw_airwrite/N/airwrite_N_20260804_153531_536368_b37c43.png,N,13,airwrite,,,train
data/raw_airwrite/N/airwrite_N_20260804_153536_837786_7449e8.png,N,13,airwrite,,,train
data/raw_airwrite/N/airwrite_N_20260804_153544_179427_f1fbd9.png,N,13,airwrite,,,train
data/raw_airwrite/N/airwrite_N_20260804_153549_691520_a2761f.png,N,13,airwrite,,,train
data/raw_airwrite/N/airwrite_N_20260804_153553_067461_242a57.png,N,13,airwrite,,,train
data/raw_airwrite/N/airwrite_N_20260804_153555_512524_4de8c7.png,N,13,airwrite,,,train
data/raw_airwrite/N/airwrite_N_20260804_153601_195812_a26a26.png,N,13,airwrite,,,train
data/raw_airwrite/N/airwrite_N_20260804_153606_276876_1e2b8a.png,N,13,airwrite,,,train
data/raw_airwrite/N/airwrite_N_20260804_153608_799701_2b3ecd.png,N,13,airwrite,,,train
data/raw_airwrite/N/airwrite_N_20260804_153611_869199_ee9e41.png,N,13,airwrite,,,train
data/raw_airwrite/N/airwrite_N_20260804_153615_467291_3565f9.png,N,13,airwrite,,,train
data/raw_airwrite/N/airwrite_N_20260804_153618_211664_135995.png,N,13,airwrite,,,train
data/raw_airwrite/N/airwrite_N_20260804_153632_460579_ef61cc.png,N,13,airwrite,,,train
data/raw_airwrite/N/airwrite_N_20260804_153635_056714_efa502.png,N,13,airwrite,,,train
data/raw_airwrite/O/airwrite_O_20260804_153700_759774_42d144.png,O,14,airwrite,,,train
data/raw_airwrite/O/airwrite_O_20260804_153704_626195_3b22cc.png,O,14,airwrite,,,train
data/raw_airwrite/O/airwrite_O_20260804_153706_963887_8260f8.png,O,14,airwrite,,,train
data/raw_airwrite/O/airwrite_O_20260804_153711_981033_cf52e9.png,O,14,airwrite,,,train
data/raw_airwrite/O/airwrite_O_20260804_153717_103780_b5e63c.png,O,14,airwrite,,,train
data/raw_airwrite/O/airwrite_O_20260804_153722_197128_f80d89.png,O,14,airwrite,,,train
data/raw_airwrite/O/airwrite_O_20260804_153727_295386_344c73.png,O,14,airwrite,,,train
data/raw_airwrite/O/airwrite_O_20260804_153727_572982_6df35c.png,O,14,airwrite,,,train
data/raw_airwrite/O/airwrite_O_20260804_153727_900484_64a6d2.png,O,14,airwrite,,,train
data/raw_airwrite/O/airwrite_O_20260804_153728_067051_6c3005.png,O,14,airwrite,,,train
data/raw_airwrite/O/airwrite_O_20260804_153728_231622_001ae1.png,O,14,airwrite,,,train
data/raw_airwrite/O/airwrite_O_20260804_153732_681003_f31d15.png,O,14,airwrite,,,train
data/raw_airwrite/O/airwrite_O_20260804_153732_840261_f41691.png,O,14,airwrite,,,train
data/raw_airwrite/O/airwrite_O_20260804_153733_001356_64b740.png,O,14,airwrite,,,train
data/raw_airwrite/O/airwrite_O_20260804_153738_034376_3efc20.png,O,14,airwrite,,,train
data/raw_airwrite/O/airwrite_O_20260804_153738_394646_22fb03.png,O,14,airwrite,,,train
data/raw_airwrite/O/airwrite_O_20260804_153741_522856_9bf2bc.png,O,14,airwrite,,,train
data/raw_airwrite/O/airwrite_O_20260804_153747_987919_a1ac6a.png,O,14,airwrite,,,train
data/raw_airwrite/O/airwrite_O_20260804_153750_377108_99ef93.png,O,14,airwrite,,,train
data/raw_airwrite/O/airwrite_O_20260804_153759_888613_f39ec9.png,O,14,airwrite,,,train
data/raw_airwrite/O/airwrite_O_20260804_153811_350963_a752d6.png,O,14,airwrite,,,train
data/raw_airwrite/O/airwrite_O_20260804_153814_213133_74aadb.png,O,14,airwrite,,,train
data/raw_airwrite/O/airwrite_O_20260804_153837_887755_420e31.png,O,14,airwrite,,,train
data/raw_airwrite/O/airwrite_O_20260804_153840_183447_a71c4a.png,O,14,airwrite,,,train
data/raw_airwrite/O/airwrite_O_20260804_154005_660833_738c16.png,O,14,airwrite,,,train
data/raw_airwrite/O/airwrite_O_20260804_154008_250668_7c39f4.png,O,14,airwrite,,,train
data/raw_airwrite/O/airwrite_O_20260804_154012_046725_6e340f.png,O,14,airwrite,,,train
data/raw_airwrite/O/airwrite_O_20260804_154017_903988_3f8251.png,O,14,airwrite,,,train
data/raw_airwrite/O/airwrite_O_20260804_154040_076679_d7dbd4.png,O,14,airwrite,,,train
data/raw_airwrite/O/airwrite_O_20260804_154050_010542_0db174.png,O,14,airwrite,,,train
data/raw_airwrite/O/airwrite_O_20260804_154100_455124_7309c3.png,O,14,airwrite,,,train
data/raw_airwrite/O/airwrite_O_20260804_154108_830215_723434.png,O,14,airwrite,,,train
data/raw_airwrite/O/airwrite_O_20260804_154111_869623_10b3ab.png,O,14,airwrite,,,train
data/raw_airwrite/O/airwrite_O_20260804_154114_311371_55faa2.png,O,14,airwrite,,,train
data/raw_airwrite/O/airwrite_O_20260804_154116_919596_dfdf37.png,O,14,airwrite,,,train
data/raw_airwrite/O/airwrite_O_20260804_154119_856949_4151aa.png,O,14,airwrite,,,train
data/raw_airwrite/O/airwrite_O_20260804_154122_745272_6601d0.png,O,14,airwrite,,,train
data/raw_airwrite/O/airwrite_O_20260804_154125_927468_0333eb.png,O,14,airwrite,,,train
data/raw_airwrite/O/airwrite_O_20260804_154128_866707_c966e4.png,O,14,airwrite,,,train
data/raw_airwrite/O/airwrite_O_20260804_154135_707773_558574.png,O,14,airwrite,,,train
data/raw_airwrite/P/airwrite_P_20260804_154420_906897_73e4b1.png,P,15,airwrite,,,train
data/raw_airwrite/P/airwrite_P_20260804_154434_719714_abd458.png,P,15,airwrite,,,train
data/raw_airwrite/P/airwrite_P_20260804_154438_415603_b9576f.png,P,15,airwrite,,,train
data/raw_airwrite/P/airwrite_P_20260804_154513_577080_95160a.png,P,15,airwrite,,,train
data/raw_airwrite/P/airwrite_P_20260804_154516_226978_93903e.png,P,15,airwrite,,,train
data/raw_airwrite/P/airwrite_P_20260804_154519_364611_642eaf.png,P,15,airwrite,,,train
data/raw_airwrite/P/airwrite_P_20260804_154523_237821_559b51.png,P,15,airwrite,,,train
data/raw_airwrite/P/airwrite_P_20260804_154526_878210_43459e.png,P,15,airwrite,,,train
data/raw_airwrite/P/airwrite_P_20260804_154534_663130_973dc9.png,P,15,airwrite,,,train
data/raw_airwrite/P/airwrite_P_20260804_154538_406968_5e133c.png,P,15,airwrite,,,train
data/raw_airwrite/P/airwrite_P_20260804_154545_284002_589df2.png,P,15,airwrite,,,train
data/raw_airwrite/P/airwrite_P_20260804_154556_192105_bf3286.png,P,15,airwrite,,,train
data/raw_airwrite/P/airwrite_P_20260804_154559_463064_3542fa.png,P,15,airwrite,,,train
data/raw_airwrite/P/airwrite_P_20260804_154602_630480_668bbb.png,P,15,airwrite,,,train
data/raw_airwrite/P/airwrite_P_20260804_154610_546952_a7137a.png,P,15,airwrite,,,train
data/raw_airwrite/P/airwrite_P_20260804_154631_603643_c80b08.png,P,15,airwrite,,,train
data/raw_airwrite/P/airwrite_P_20260804_154645_125651_7a2805.png,P,15,airwrite,,,train
data/raw_airwrite/P/airwrite_P_20260804_154656_837920_ca1564.png,P,15,airwrite,,,train
data/raw_airwrite/P/airwrite_P_20260804_154659_830774_0e1682.png,P,15,airwrite,,,train
data/raw_airwrite/P/airwrite_P_20260804_154718_263301_3c4ec2.png,P,15,airwrite,,,train
data/raw_airwrite/P/airwrite_P_20260804_154758_768766_675789.png,P,15,airwrite,,,train
data/raw_airwrite/P/airwrite_P_20260804_154817_574686_43bc3b.png,P,15,airwrite,,,train
data/raw_airwrite/P/airwrite_P_20260804_154854_559363_01de70.png,P,15,airwrite,,,train
data/raw_airwrite/P/airwrite_P_20260804_154858_414420_22cc38.png,P,15,airwrite,,,train
data/raw_airwrite/P/airwrite_P_20260804_154907_868898_5e0b03.png,P,15,airwrite,,,train
data/raw_airwrite/P/airwrite_P_20260804_154920_343202_5f91dd.png,P,15,airwrite,,,train
data/raw_airwrite/P/airwrite_P_20260804_155007_413487_342d3c.png,P,15,airwrite,,,train
data/raw_airwrite/P/airwrite_P_20260804_155012_331079_84f540.png,P,15,airwrite,,,train
data/raw_airwrite/P/airwrite_P_20260804_155015_262224_de0054.png,P,15,airwrite,,,train
data/raw_airwrite/P/airwrite_P_20260804_155018_702783_4aee8c.png,P,15,airwrite,,,train
data/raw_airwrite/P/airwrite_P_20260804_155035_412379_3e7b07.png,P,15,airwrite,,,train
data/raw_airwrite/P/airwrite_P_20260804_155045_969317_1e6a17.png,P,15,airwrite,,,train
data/raw_airwrite/P/airwrite_P_20260804_155118_664102_520c3c.png,P,15,airwrite,,,train
data/raw_airwrite/P/airwrite_P_20260804_155229_109326_6ca44a.png,P,15,airwrite,,,train
data/raw_airwrite/P/airwrite_P_20260804_155232_607778_d66fb2.png,P,15,airwrite,,,train
data/raw_airwrite/P/airwrite_P_20260804_155237_773303_da804f.png,P,15,airwrite,,,train
data/raw_airwrite/Q/airwrite_Q_20260804_155341_398918_09832d.png,Q,16,airwrite,,,train
data/raw_airwrite/Q/airwrite_Q_20260804_155359_281483_7e1e8b.png,Q,16,airwrite,,,train
data/raw_airwrite/Q/airwrite_Q_20260804_155449_750303_51c79e.png,Q,16,airwrite,,,train
data/raw_airwrite/Q/airwrite_Q_20260804_155528_236504_f26641.png,Q,16,airwrite,,,train
data/raw_airwrite/Q/airwrite_Q_20260804_155536_979831_6c34b6.png,Q,16,airwrite,,,train
data/raw_airwrite/Q/airwrite_Q_20260804_155544_944601_ab60d4.png,Q,16,airwrite,,,train
data/raw_airwrite/Q/airwrite_Q_20260804_155549_361163_daaeff.png,Q,16,airwrite,,,train
data/raw_airwrite/Q/airwrite_Q_20260804_155554_704897_08d654.png,Q,16,airwrite,,,train
data/raw_airwrite/Q/airwrite_Q_20260804_155615_938410_f7a128.png,Q,16,airwrite,,,train
data/raw_airwrite/Q/airwrite_Q_20260804_155621_393978_0983c8.png,Q,16,airwrite,,,train
data/raw_airwrite/Q/airwrite_Q_20260804_155628_531093_b8e599.png,Q,16,airwrite,,,train
data/raw_airwrite/Q/airwrite_Q_20260804_155643_471426_8290f4.png,Q,16,airwrite,,,train
data/raw_airwrite/Q/airwrite_Q_20260804_155659_983332_463b74.png,Q,16,airwrite,,,train
data/raw_airwrite/Q/airwrite_Q_20260804_155706_771758_b17c46.png,Q,16,airwrite,,,train
data/raw_airwrite/Q/airwrite_Q_20260804_155748_107244_2124b0.png,Q,16,airwrite,,,train
data/raw_airwrite/Q/airwrite_Q_20260804_155751_076171_e737f9.png,Q,16,airwrite,,,train
data/raw_airwrite/Q/airwrite_Q_20260804_155755_474255_ef9a6d.png,Q,16,airwrite,,,train
data/raw_airwrite/Q/airwrite_Q_20260804_155803_834916_fd37b7.png,Q,16,airwrite,,,train
data/raw_airwrite/Q/airwrite_Q_20260804_155814_891805_7b8256.png,Q,16,airwrite,,,train
data/raw_airwrite/Q/airwrite_Q_20260804_155834_765438_642834.png,Q,16,airwrite,,,train
data/raw_airwrite/Q/airwrite_Q_20260804_155854_132821_58665e.png,Q,16,airwrite,,,train
data/raw_airwrite/Q/airwrite_Q_20260804_155903_431157_1c0061.png,Q,16,airwrite,,,train
data/raw_airwrite/Q/airwrite_Q_20260804_155907_762946_4d78ff.png,Q,16,airwrite,,,train
data/raw_airwrite/Q/airwrite_Q_20260804_155915_633769_286fdb.png,Q,16,airwrite,,,train
data/raw_airwrite/Q/airwrite_Q_20260804_155921_289612_e1870f.png,Q,16,airwrite,,,train
data/raw_airwrite/Q/airwrite_Q_20260804_155926_181224_480ca7.png,Q,16,airwrite,,,train
data/raw_airwrite/Q/airwrite_Q_20260804_155932_325407_3888bd.png,Q,16,airwrite,,,train
data/raw_airwrite/Q/airwrite_Q_20260804_155948_464491_380221.png,Q,16,airwrite,,,train
data/raw_airwrite/Q/airwrite_Q_20260804_160006_151112_613d6b.png,Q,16,airwrite,,,train
data/raw_airwrite/Q/airwrite_Q_20260804_160010_090862_eb8198.png,Q,16,airwrite,,,train
data/raw_airwrite/Q/airwrite_Q_20260804_160021_832857_b0de97.png,Q,16,airwrite,,,train
data/raw_airwrite/Q/airwrite_Q_20260804_160032_693136_2f9b19.png,Q,16,airwrite,,,train
data/raw_airwrite/Q/airwrite_Q_20260804_160036_838397_330798.png,Q,16,airwrite,,,train
data/raw_airwrite/Q/airwrite_Q_20260804_160045_574144_1856bb.png,Q,16,airwrite,,,train
data/raw_airwrite/Q/airwrite_Q_20260804_160049_896535_d17d3b.png,Q,16,airwrite,,,train
data/raw_airwrite/Q/airwrite_Q_20260804_160100_635443_b62ae8.png,Q,16,airwrite,,,train
data/raw_airwrite/R/airwrite_R_20260804_160115_983931_150ae8.png,R,17,airwrite,,,train
data/raw_airwrite/R/airwrite_R_20260804_160118_688163_0f7b5d.png,R,17,airwrite,,,train
data/raw_airwrite/R/airwrite_R_20260804_160121_478394_285212.png,R,17,airwrite,,,train
data/raw_airwrite/R/airwrite_R_20260804_160129_224371_07a89c.png,R,17,airwrite,,,train
data/raw_airwrite/R/airwrite_R_20260804_160132_311407_a6cbdc.png,R,17,airwrite,,,train
data/raw_airwrite/R/airwrite_R_20260804_160153_348991_ecd7ce.png,R,17,airwrite,,,train
data/raw_airwrite/R/airwrite_R_20260804_160245_217720_be6fb5.png,R,17,airwrite,,,train
data/raw_airwrite/R/airwrite_R_20260804_160248_015505_cee085.png,R,17,airwrite,,,train
data/raw_airwrite/R/airwrite_R_20260804_160253_912189_b05cd8.png,R,17,airwrite,,,train
data/raw_airwrite/R/airwrite_R_20260804_160257_316590_f41734.png,R,17,airwrite,,,train
data/raw_airwrite/R/airwrite_R_20260804_160310_126072_480e52.png,R,17,airwrite,,,train
data/raw_airwrite/R/airwrite_R_20260804_160313_236349_198361.png,R,17,airwrite,,,train
data/raw_airwrite/R/airwrite_R_20260804_160317_378178_2bfbca.png,R,17,airwrite,,,train
data/raw_airwrite/R/airwrite_R_20260804_160320_416131_fb9c54.png,R,17,airwrite,,,train
data/raw_airwrite/R/airwrite_R_20260804_160326_699425_cfd763.png,R,17,airwrite,,,train
data/raw_airwrite/R/airwrite_R_20260804_160329_487061_bee0c3.png,R,17,airwrite,,,train
data/raw_airwrite/R/airwrite_R_20260804_160334_634007_d3f8e2.png,R,17,airwrite,,,train
data/raw_airwrite/R/airwrite_R_20260804_160337_853653_2132ed.png,R,17,airwrite,,,train
data/raw_airwrite/R/airwrite_R_20260804_160345_048070_c1a37c.png,R,17,airwrite,,,train
data/raw_airwrite/R/airwrite_R_20260804_160347_744424_5e44b6.png,R,17,airwrite,,,train
data/raw_airwrite/R/airwrite_R_20260804_160352_566304_9cb74f.png,R,17,airwrite,,,train
data/raw_airwrite/R/airwrite_R_20260804_160355_072374_0331ad.png,R,17,airwrite,,,train
data/raw_airwrite/R/airwrite_R_20260804_160400_557037_054259.png,R,17,airwrite,,,train
data/raw_airwrite/R/airwrite_R_20260804_160410_691147_bbc21c.png,R,17,airwrite,,,train
data/raw_airwrite/R/airwrite_R_20260804_160413_805072_fea9a4.png,R,17,airwrite,,,train
data/raw_airwrite/R/airwrite_R_20260804_160419_749299_c53fc6.png,R,17,airwrite,,,train
data/raw_airwrite/R/airwrite_R_20260804_160425_039190_3029a9.png,R,17,airwrite,,,train
data/raw_airwrite/R/airwrite_R_20260804_160427_829021_930e50.png,R,17,airwrite,,,train
data/raw_airwrite/R/airwrite_R_20260804_160430_751965_03dac1.png,R,17,airwrite,,,train
data/raw_airwrite/R/airwrite_R_20260804_160437_025711_80dc1e.png,R,17,airwrite,,,train
data/raw_airwrite/R/airwrite_R_20260804_160445_084938_9d46e1.png,R,17,airwrite,,,train
data/raw_airwrite/R/airwrite_R_20260804_160448_099983_7841ff.png,R,17,airwrite,,,train
data/raw_airwrite/R/airwrite_R_20260804_160451_040950_54efaf.png,R,17,airwrite,,,train
data/raw_airwrite/R/airwrite_R_20260804_160458_477297_a2c2cf.png,R,17,airwrite,,,train
data/raw_airwrite/R/airwrite_R_20260804_160506_177469_b55816.png,R,17,airwrite,,,train
data/raw_airwrite/R/airwrite_R_20260804_160509_232703_ac6844.png,R,17,airwrite,,,train
data/raw_airwrite/S/airwrite_S_20260804_160517_755292_d88a2e.png,S,18,airwrite,,,train
data/raw_airwrite/S/airwrite_S_20260804_160521_964597_35e7e9.png,S,18,airwrite,,,train
data/raw_airwrite/S/airwrite_S_20260804_160524_873016_4ed076.png,S,18,airwrite,,,train
data/raw_airwrite/S/airwrite_S_20260804_160526_213384_7871aa.png,S,18,airwrite,,,train
data/raw_airwrite/S/airwrite_S_20260804_160528_943912_1b0d88.png,S,18,airwrite,,,train
data/raw_airwrite/S/airwrite_S_20260804_160530_587876_2ef653.png,S,18,airwrite,,,train
data/raw_airwrite/S/airwrite_S_20260804_160533_349189_0e0b92.png,S,18,airwrite,,,train
data/raw_airwrite/S/airwrite_S_20260804_160543_793637_4d9a9a.png,S,18,airwrite,,,train
data/raw_airwrite/S/airwrite_S_20260804_160555_422235_e0ffab.png,S,18,airwrite,,,train
data/raw_airwrite/S/airwrite_S_20260804_160557_739987_faf48d.png,S,18,airwrite,,,train
data/raw_airwrite/S/airwrite_S_20260804_160602_594315_184ce2.png,S,18,airwrite,,,train
data/raw_airwrite/S/airwrite_S_20260804_160608_237524_0d1baa.png,S,18,airwrite,,,train
data/raw_airwrite/S/airwrite_S_20260804_160623_615286_e0da46.png,S,18,airwrite,,,train
data/raw_airwrite/S/airwrite_S_20260804_160627_291047_9d4c9a.png,S,18,airwrite,,,train
data/raw_airwrite/S/airwrite_S_20260804_160628_923074_8ef93e.png,S,18,airwrite,,,train
data/raw_airwrite/S/airwrite_S_20260804_160635_553110_76fc9f.png,S,18,airwrite,,,train
data/raw_airwrite/S/airwrite_S_20260804_160638_934055_6860d6.png,S,18,airwrite,,,train
data/raw_airwrite/S/airwrite_S_20260804_160641_175039_7bcf38.png,S,18,airwrite,,,train
data/raw_airwrite/S/airwrite_S_20260804_160643_167543_0c5135.png,S,18,airwrite,,,train
data/raw_airwrite/S/airwrite_S_20260804_160653_277704_068b7c.png,S,18,airwrite,,,train
data/raw_airwrite/S/airwrite_S_20260804_160655_676756_887e67.png,S,18,airwrite,,,train
data/raw_airwrite/S/airwrite_S_20260804_160700_383892_82f25d.png,S,18,airwrite,,,train
data/raw_airwrite/S/airwrite_S_20260804_160703_903226_1d6901.png,S,18,airwrite,,,train
data/raw_airwrite/S/airwrite_S_20260804_160705_436278_8ca11b.png,S,18,airwrite,,,train
data/raw_airwrite/S/airwrite_S_20260804_160708_686967_88010a.png,S,18,airwrite,,,train
data/raw_airwrite/S/airwrite_S_20260804_160710_772123_857dff.png,S,18,airwrite,,,train
data/raw_airwrite/S/airwrite_S_20260804_160722_308529_74ae06.png,S,18,airwrite,,,train
data/raw_airwrite/S/airwrite_S_20260804_160724_083206_6867ba.png,S,18,airwrite,,,train
data/raw_airwrite/S/airwrite_S_20260804_160725_460789_c6ea95.png,S,18,airwrite,,,train
data/raw_airwrite/S/airwrite_S_20260804_160731_779228_91efcb.png,S,18,airwrite,,,train
data/raw_airwrite/S/airwrite_S_20260804_160733_462741_5d34e0.png,S,18,airwrite,,,train
data/raw_airwrite/S/airwrite_S_20260804_160735_354344_c530a9.png,S,18,airwrite,,,train
data/raw_airwrite/S/airwrite_S_20260804_160737_070085_13970c.png,S,18,airwrite,,,train
data/raw_airwrite/S/airwrite_S_20260804_160740_796895_9a71d0.png,S,18,airwrite,,,train
data/raw_airwrite/S/airwrite_S_20260804_160747_679107_ded6ff.png,S,18,airwrite,,,train
data/raw_airwrite/S/airwrite_S_20260804_160751_404194_414c51.png,S,18,airwrite,,,train
data/raw_airwrite/T/airwrite_T_20260804_160818_667766_14b4ce.png,T,19,airwrite,,,train
data/raw_airwrite/T/airwrite_T_20260804_160829_338033_a05cab.png,T,19,airwrite,,,train
data/raw_airwrite/T/airwrite_T_20260804_160832_264338_c6be39.png,T,19,airwrite,,,train
data/raw_airwrite/T/airwrite_T_20260804_160839_698394_d9924e.png,T,19,airwrite,,,train
data/raw_airwrite/T/airwrite_T_20260804_160843_042200_212d9d.png,T,19,airwrite,,,train
data/raw_airwrite/T/airwrite_T_20260804_160845_549084_0f7343.png,T,19,airwrite,,,train
data/raw_airwrite/T/airwrite_T_20260804_160848_258112_ca5987.png,T,19,airwrite,,,train
data/raw_airwrite/T/airwrite_T_20260804_160852_995828_a4fc90.png,T,19,airwrite,,,train
data/raw_airwrite/T/airwrite_T_20260804_160855_802010_d9941b.png,T,19,airwrite,,,train
data/raw_airwrite/T/airwrite_T_20260804_160912_218424_957c68.png,T,19,airwrite,,,train
data/raw_airwrite/T/airwrite_T_20260804_160921_487235_346d05.png,T,19,airwrite,,,train
data/raw_airwrite/T/airwrite_T_20260804_160925_118883_cb2f0e.png,T,19,airwrite,,,train
data/raw_airwrite/T/airwrite_T_20260804_160930_897858_58ffd7.png,T,19,airwrite,,,train
data/raw_airwrite/T/airwrite_T_20260804_160959_266985_7b4cb0.png,T,19,airwrite,,,train
data/raw_airwrite/T/airwrite_T_20260804_161004_282706_3a4fed.png,T,19,airwrite,,,train
data/raw_airwrite/T/airwrite_T_20260804_161014_819685_f15e3d.png,T,19,airwrite,,,train
data/raw_airwrite/T/airwrite_T_20260804_161019_079338_cfa1a1.png,T,19,airwrite,,,train
data/raw_airwrite/T/airwrite_T_20260804_161023_918372_0df39d.png,T,19,airwrite,,,train
data/raw_airwrite/T/airwrite_T_20260804_161026_091197_0cd1bd.png,T,19,airwrite,,,train
data/raw_airwrite/T/airwrite_T_20260804_161028_426038_6ee333.png,T,19,airwrite,,,train
data/raw_airwrite/T/airwrite_T_20260804_161033_021915_6b44d2.png,T,19,airwrite,,,train
data/raw_airwrite/T/airwrite_T_20260804_161037_586251_c5b1f3.png,T,19,airwrite,,,train
data/raw_airwrite/T/airwrite_T_20260804_161039_163100_e5ad32.png,T,19,airwrite,,,train
data/raw_airwrite/T/airwrite_T_20260804_161042_323999_4799df.png,T,19,airwrite,,,train
data/raw_airwrite/T/airwrite_T_20260804_161047_655683_30e28f.png,T,19,airwrite,,,train
data/raw_airwrite/T/airwrite_T_20260804_161049_845133_717e7c.png,T,19,airwrite,,,train
data/raw_airwrite/T/airwrite_T_20260804_161052_196349_169e33.png,T,19,airwrite,,,train
data/raw_airwrite/T/airwrite_T_20260804_161055_287617_f37760.png,T,19,airwrite,,,train
data/raw_airwrite/T/airwrite_T_20260804_161058_097609_5a1198.png,T,19,airwrite,,,train
data/raw_airwrite/T/airwrite_T_20260804_161106_187792_8fed68.png,T,19,airwrite,,,train
data/raw_airwrite/T/airwrite_T_20260804_161108_778270_545b72.png,T,19,airwrite,,,train
data/raw_airwrite/T/airwrite_T_20260804_161114_848596_65916d.png,T,19,airwrite,,,train
data/raw_airwrite/T/airwrite_T_20260804_161117_753224_7542fc.png,T,19,airwrite,,,train
data/raw_airwrite/T/airwrite_T_20260804_161119_518507_f6f138.png,T,19,airwrite,,,train
data/raw_airwrite/T/airwrite_T_20260804_161135_002099_43f628.png,T,19,airwrite,,,train
data/raw_airwrite/T/airwrite_T_20260804_161139_209162_c2e1a8.png,T,19,airwrite,,,train
data/raw_airwrite/T/airwrite_T_20260804_161141_041420_5b1e59.png,T,19,airwrite,,,train
data/raw_airwrite/T/airwrite_T_20260804_161142_773750_e9ea70.png,T,19,airwrite,,,train
data/raw_airwrite/U/airwrite_U_20260804_161204_757804_81a38c.png,U,20,airwrite,,,train
data/raw_airwrite/U/airwrite_U_20260804_161206_523166_41da9b.png,U,20,airwrite,,,train
data/raw_airwrite/U/airwrite_U_20260804_161208_244064_3b5730.png,U,20,airwrite,,,train
data/raw_airwrite/U/airwrite_U_20260804_161213_984214_fe5bd7.png,U,20,airwrite,,,train
data/raw_airwrite/U/airwrite_U_20260804_161217_148297_dffced.png,U,20,airwrite,,,train
data/raw_airwrite/U/airwrite_U_20260804_161219_373813_f943a3.png,U,20,airwrite,,,train
data/raw_airwrite/U/airwrite_U_20260804_161221_760143_c07740.png,U,20,airwrite,,,train
data/raw_airwrite/U/airwrite_U_20260804_161226_697372_205d38.png,U,20,airwrite,,,train
data/raw_airwrite/U/airwrite_U_20260804_161237_291212_6238c5.png,U,20,airwrite,,,train
data/raw_airwrite/U/airwrite_U_20260804_161241_311408_07725d.png,U,20,airwrite,,,train
data/raw_airwrite/U/airwrite_U_20260804_161244_026313_b522ba.png,U,20,airwrite,,,train
data/raw_airwrite/U/airwrite_U_20260804_161346_104634_04b543.png,U,20,airwrite,,,train
data/raw_airwrite/U/airwrite_U_20260804_161349_572915_b39696.png,U,20,airwrite,,,train
data/raw_airwrite/U/airwrite_U_20260804_161356_478939_995c3b.png,U,20,airwrite,,,train
data/raw_airwrite/U/airwrite_U_20260804_161359_945664_6d4368.png,U,20,airwrite,,,train
data/raw_airwrite/U/airwrite_U_20260804_161409_902898_c3ffc3.png,U,20,airwrite,,,train
data/raw_airwrite/U/airwrite_U_20260804_161421_544238_503da4.png,U,20,airwrite,,,train
data/raw_airwrite/U/airwrite_U_20260804_161433_927040_f4401c.png,U,20,airwrite,,,train
data/raw_airwrite/U/airwrite_U_20260804_161438_870441_d9d7d3.png,U,20,airwrite,,,train
data/raw_airwrite/U/airwrite_U_20260804_161525_633744_329cef.png,U,20,airwrite,,,train
data/raw_airwrite/U/airwrite_U_20260804_161528_027227_27c5bc.png,U,20,airwrite,,,train
data/raw_airwrite/U/airwrite_U_20260804_161534_775091_c36bfc.png,U,20,airwrite,,,train
data/raw_airwrite/U/airwrite_U_20260804_161541_649223_7f848d.png,U,20,airwrite,,,train
data/raw_airwrite/U/airwrite_U_20260804_161554_213764_84901f.png,U,20,airwrite,,,train
data/raw_airwrite/U/airwrite_U_20260804_161600_852205_a97f1e.png,U,20,airwrite,,,train
data/raw_airwrite/U/airwrite_U_20260804_161605_437343_519e32.png,U,20,airwrite,,,train
data/raw_airwrite/U/airwrite_U_20260804_161609_635312_b8bf55.png,U,20,airwrite,,,train
data/raw_airwrite/U/airwrite_U_20260804_161621_958963_507182.png,U,20,airwrite,,,train
data/raw_airwrite/U/airwrite_U_20260804_161624_000860_bdc577.png,U,20,airwrite,,,train
data/raw_airwrite/U/airwrite_U_20260804_161626_971225_6a1667.png,U,20,airwrite,,,train
data/raw_airwrite/U/airwrite_U_20260804_161636_937617_49bb29.png,U,20,airwrite,,,train
data/raw_airwrite/U/airwrite_U_20260804_161640_439291_a621fc.png,U,20,airwrite,,,train
data/raw_airwrite/U/airwrite_U_20260804_161643_965269_358937.png,U,20,airwrite,,,train
data/raw_airwrite/U/airwrite_U_20260804_161653_468516_3537ff.png,U,20,airwrite,,,train
data/raw_airwrite/U/airwrite_U_20260804_161655_807995_a888f9.png,U,20,airwrite,,,train
data/raw_airwrite/U/airwrite_U_20260804_161705_285768_b7fe95.png,U,20,airwrite,,,train
data/raw_airwrite/V/airwrite_V_20260804_161715_589059_b5bc5f.png,V,21,airwrite,,,train
data/raw_airwrite/V/airwrite_V_20260804_161717_261289_fc716c.png,V,21,airwrite,,,train
data/raw_airwrite/V/airwrite_V_20260804_161719_073676_03b476.png,V,21,airwrite,,,train
data/raw_airwrite/V/airwrite_V_20260804_161720_794329_cd641f.png,V,21,airwrite,,,train
data/raw_airwrite/V/airwrite_V_20260804_161728_611072_45f6a9.png,V,21,airwrite,,,train
data/raw_airwrite/V/airwrite_V_20260804_161730_058536_9ad43c.png,V,21,airwrite,,,train
data/raw_airwrite/V/airwrite_V_20260804_161731_447979_831b19.png,V,21,airwrite,,,train
data/raw_airwrite/V/airwrite_V_20260804_161732_986921_72d286.png,V,21,airwrite,,,train
data/raw_airwrite/V/airwrite_V_20260804_161736_711306_f60ac3.png,V,21,airwrite,,,train
data/raw_airwrite/V/airwrite_V_20260804_161737_957615_71a14b.png,V,21,airwrite,,,train
data/raw_airwrite/V/airwrite_V_20260804_161742_624990_fa838d.png,V,21,airwrite,,,train
data/raw_airwrite/V/airwrite_V_20260804_161744_397567_60f5ad.png,V,21,airwrite,,,train
data/raw_airwrite/V/airwrite_V_20260804_161746_238299_af81d4.png,V,21,airwrite,,,train
data/raw_airwrite/V/airwrite_V_20260804_161753_868734_1a9e72.png,V,21,airwrite,,,train
data/raw_airwrite/V/airwrite_V_20260804_161809_182180_6049fc.png,V,21,airwrite,,,train
data/raw_airwrite/V/airwrite_V_20260804_161815_756170_748e63.png,V,21,airwrite,,,train
data/raw_airwrite/V/airwrite_V_20260804_161817_789325_d1db5f.png,V,21,airwrite,,,train
data/raw_airwrite/V/airwrite_V_20260804_161819_633187_86db03.png,V,21,airwrite,,,train
data/raw_airwrite/V/airwrite_V_20260804_161826_439562_9732e1.png,V,21,airwrite,,,train
data/raw_airwrite/V/airwrite_V_20260804_161847_384029_10cf76.png,V,21,airwrite,,,train
data/raw_airwrite/V/airwrite_V_20260804_161849_192177_5ca15e.png,V,21,airwrite,,,train
data/raw_airwrite/V/airwrite_V_20260804_161855_794404_bad6bb.png,V,21,airwrite,,,train
data/raw_airwrite/V/airwrite_V_20260804_162038_896781_85300b.png,V,21,airwrite,,,train
data/raw_airwrite/V/airwrite_V_20260804_162040_727173_4a230d.png,V,21,airwrite,,,train
data/raw_airwrite/V/airwrite_V_20260804_162050_497818_14dc9b.png,V,21,airwrite,,,train
data/raw_airwrite/V/airwrite_V_20260804_162056_073828_a4dc84.png,V,21,airwrite,,,train
data/raw_airwrite/V/airwrite_V_20260804_162058_563002_00ac93.png,V,21,airwrite,,,train
data/raw_airwrite/V/airwrite_V_20260804_162106_590106_cc1434.png,V,21,airwrite,,,train
data/raw_airwrite/V/airwrite_V_20260804_162110_966542_a02be7.png,V,21,airwrite,,,train
data/raw_airwrite/V/airwrite_V_20260804_162112_846639_65b597.png,V,21,airwrite,,,train
data/raw_airwrite/V/airwrite_V_20260804_162117_071362_6617ad.png,V,21,airwrite,,,train
data/raw_airwrite/V/airwrite_V_20260804_162135_875266_6325d5.png,V,21,airwrite,,,train
data/raw_airwrite/V/airwrite_V_20260804_162142_004436_206158.png,V,21,airwrite,,,train
data/raw_airwrite/V/airwrite_V_20260804_162144_989043_ae2ce4.png,V,21,airwrite,,,train
data/raw_airwrite/V/airwrite_V_20260804_162147_088090_5ad01d.png,V,21,airwrite,,,train
data/raw_airwrite/V/airwrite_V_20260804_162201_828117_9052b7.png,V,21,airwrite,,,train
data/raw_airwrite/W/airwrite_W_20260804_162252_936754_63480f.png,W,22,airwrite,,,train
data/raw_airwrite/W/airwrite_W_20260804_162259_169339_bc4741.png,W,22,airwrite,,,train
data/raw_airwrite/W/airwrite_W_20260804_162301_446671_c584ad.png,W,22,airwrite,,,train
data/raw_airwrite/W/airwrite_W_20260804_162306_625410_f6f14a.png,W,22,airwrite,,,train
data/raw_airwrite/W/airwrite_W_20260804_162313_123341_3b85a3.png,W,22,airwrite,,,train
data/raw_airwrite/W/airwrite_W_20260804_162328_559035_b94528.png,W,22,airwrite,,,train
data/raw_airwrite/W/airwrite_W_20260804_162513_761706_61e850.png,W,22,airwrite,,,train
data/raw_airwrite/W/airwrite_W_20260804_162515_815316_51d1f6.png,W,22,airwrite,,,train
data/raw_airwrite/W/airwrite_W_20260804_162524_372518_f18b38.png,W,22,airwrite,,,train
data/raw_airwrite/W/airwrite_W_20260804_162527_578529_993946.png,W,22,airwrite,,,train
data/raw_airwrite/W/airwrite_W_20260804_162530_680236_f059b0.png,W,22,airwrite,,,train
data/raw_airwrite/W/airwrite_W_20260804_162540_665465_a64b88.png,W,22,airwrite,,,train
data/raw_airwrite/W/airwrite_W_20260804_162544_730610_bfd670.png,W,22,airwrite,,,train
data/raw_airwrite/W/airwrite_W_20260804_162556_876985_ddeafb.png,W,22,airwrite,,,train
data/raw_airwrite/W/airwrite_W_20260804_162616_141791_daa51a.png,W,22,airwrite,,,train
data/raw_airwrite/W/airwrite_W_20260804_162621_136511_f65512.png,W,22,airwrite,,,train
data/raw_airwrite/W/airwrite_W_20260804_162624_336564_6aa802.png,W,22,airwrite,,,train
data/raw_airwrite/W/airwrite_W_20260804_162649_422918_45ad4d.png,W,22,airwrite,,,train
data/raw_airwrite/W/airwrite_W_20260804_162707_288060_c631bf.png,W,22,airwrite,,,train
data/raw_airwrite/W/airwrite_W_20260804_162713_287956_4bbc11.png,W,22,airwrite,,,train
data/raw_airwrite/W/airwrite_W_20260804_162719_555483_ce1e71.png,W,22,airwrite,,,train
data/raw_airwrite/W/airwrite_W_20260804_162725_706842_8a01ee.png,W,22,airwrite,,,train
data/raw_airwrite/W/airwrite_W_20260804_162731_112685_7fa85e.png,W,22,airwrite,,,train
data/raw_airwrite/W/airwrite_W_20260804_162735_798889_620780.png,W,22,airwrite,,,train
data/raw_airwrite/W/airwrite_W_20260804_162739_394950_af615c.png,W,22,airwrite,,,train
data/raw_airwrite/W/airwrite_W_20260804_162742_192956_da1a84.png,W,22,airwrite,,,train
data/raw_airwrite/W/airwrite_W_20260804_162806_429121_5cbc68.png,W,22,airwrite,,,train
data/raw_airwrite/W/airwrite_W_20260804_162818_187613_5edd8b.png,W,22,airwrite,,,train
data/raw_airwrite/W/airwrite_W_20260804_162820_538048_baf0ef.png,W,22,airwrite,,,train
data/raw_airwrite/W/airwrite_W_20260804_162832_901899_5664d7.png,W,22,airwrite,,,train
data/raw_airwrite/W/airwrite_W_20260804_162844_632776_651517.png,W,22,airwrite,,,train
data/raw_airwrite/W/airwrite_W_20260804_162852_278274_a7bc6d.png,W,22,airwrite,,,train
data/raw_airwrite/W/airwrite_W_20260804_162906_103882_a55696.png,W,22,airwrite,,,train
data/raw_airwrite/W/airwrite_W_20260804_162909_955783_6e47e5.png,W,22,airwrite,,,train
data/raw_airwrite/W/airwrite_W_20260804_162913_574974_8bb914.png,W,22,airwrite,,,train
data/raw_airwrite/X/airwrite_X_20260804_163019_501458_1e5d34.png,X,23,airwrite,,,train
data/raw_airwrite/X/airwrite_X_20260804_163030_218089_494693.png,X,23,airwrite,,,train
data/raw_airwrite/X/airwrite_X_20260804_163033_473763_9774a7.png,X,23,airwrite,,,train
data/raw_airwrite/X/airwrite_X_20260804_163038_206339_3148cd.png,X,23,airwrite,,,train
data/raw_airwrite/X/airwrite_X_20260804_163121_480246_f4d13c.png,X,23,airwrite,,,train
data/raw_airwrite/X/airwrite_X_20260804_163124_234515_dad4b2.png,X,23,airwrite,,,train
data/raw_airwrite/X/airwrite_X_20260804_163155_993488_85f74e.png,X,23,airwrite,,,train
data/raw_airwrite/X/airwrite_X_20260804_163159_504613_a0c999.png,X,23,airwrite,,,train
data/raw_airwrite/X/airwrite_X_20260804_163202_300207_76b043.png,X,23,airwrite,,,train
data/raw_airwrite/X/airwrite_X_20260804_163208_140554_0f6a69.png,X,23,airwrite,,,train
data/raw_airwrite/X/airwrite_X_20260804_163213_589665_7efdfb.png,X,23,airwrite,,,train
data/raw_airwrite/X/airwrite_X_20260804_163216_749544_096f2f.png,X,23,airwrite,,,train
data/raw_airwrite/X/airwrite_X_20260804_163223_190359_c9889b.png,X,23,airwrite,,,train
data/raw_airwrite/X/airwrite_X_20260804_163231_212927_44788a.png,X,23,airwrite,,,train
data/raw_airwrite/X/airwrite_X_20260804_163236_838119_7cb49b.png,X,23,airwrite,,,train
data/raw_airwrite/X/airwrite_X_20260804_163245_813062_6d54d1.png,X,23,airwrite,,,train
data/raw_airwrite/X/airwrite_X_20260804_163249_307852_71e77d.png,X,23,airwrite,,,train
data/raw_airwrite/X/airwrite_X_20260804_163307_633529_e5f461.png,X,23,airwrite,,,train
data/raw_airwrite/X/airwrite_X_20260804_163311_414939_94265d.png,X,23,airwrite,,,train
data/raw_airwrite/X/airwrite_X_20260804_163317_537920_e57d10.png,X,23,airwrite,,,train
data/raw_airwrite/X/airwrite_X_20260804_163320_885590_5580d7.png,X,23,airwrite,,,train
data/raw_airwrite/X/airwrite_X_20260804_163339_306173_654aab.png,X,23,airwrite,,,train
data/raw_airwrite/X/airwrite_X_20260804_163354_789421_db3a8c.png,X,23,airwrite,,,train
data/raw_airwrite/X/airwrite_X_20260804_163402_461126_072480.png,X,23,airwrite,,,train
data/raw_airwrite/X/airwrite_X_20260804_163407_337776_da949e.png,X,23,airwrite,,,train
data/raw_airwrite/X/airwrite_X_20260804_163410_661111_87049a.png,X,23,airwrite,,,train
data/raw_airwrite/X/airwrite_X_20260804_163412_813765_4dfef4.png,X,23,airwrite,,,train
data/raw_airwrite/X/airwrite_X_20260804_163415_202166_f9cd7e.png,X,23,airwrite,,,train
data/raw_airwrite/X/airwrite_X_20260804_163419_882887_0d7ec6.png,X,23,airwrite,,,train
data/raw_airwrite/X/airwrite_X_20260804_163422_347513_c74de9.png,X,23,airwrite,,,train
data/raw_airwrite/X/airwrite_X_20260804_163424_636197_a82ce9.png,X,23,airwrite,,,train
data/raw_airwrite/X/airwrite_X_20260804_163426_672795_69023e.png,X,23,airwrite,,,train
data/raw_airwrite/X/airwrite_X_20260804_163429_211264_6c534c.png,X,23,airwrite,,,train
data/raw_airwrite/X/airwrite_X_20260804_163431_994880_efb5f4.png,X,23,airwrite,,,train
data/raw_airwrite/X/airwrite_X_20260804_163437_051644_311fe3.png,X,23,airwrite,,,train
data/raw_airwrite/X/airwrite_X_20260804_163439_624617_1fc47e.png,X,23,airwrite,,,train
data/raw_airwrite/X/airwrite_X_20260804_163449_180081_b5b063.png,X,23,airwrite,,,train
data/raw_airwrite/X/airwrite_X_20260804_163451_169183_466b9a.png,X,23,airwrite,,,train
data/raw_airwrite/X/airwrite_X_20260804_163455_369348_9e9c88.png,X,23,airwrite,,,train
data/raw_airwrite/Y/airwrite_Y_20260804_163603_324336_c78eb9.png,Y,24,airwrite,,,train
data/raw_airwrite/Y/airwrite_Y_20260804_163607_224635_048b7f.png,Y,24,airwrite,,,train
data/raw_airwrite/Y/airwrite_Y_20260804_163609_785230_9afd22.png,Y,24,airwrite,,,train
data/raw_airwrite/Y/airwrite_Y_20260804_163612_705893_478184.png,Y,24,airwrite,,,train
data/raw_airwrite/Y/airwrite_Y_20260804_163622_189584_c49692.png,Y,24,airwrite,,,train
data/raw_airwrite/Y/airwrite_Y_20260804_163628_338242_209434.png,Y,24,airwrite,,,train
data/raw_airwrite/Y/airwrite_Y_20260804_163638_092617_3b38bd.png,Y,24,airwrite,,,train
data/raw_airwrite/Y/airwrite_Y_20260804_163643_537375_abcd66.png,Y,24,airwrite,,,train
data/raw_airwrite/Y/airwrite_Y_20260804_163703_933418_fe03b9.png,Y,24,airwrite,,,train
data/raw_airwrite/Y/airwrite_Y_20260804_163707_812875_0aa14b.png,Y,24,airwrite,,,train
data/raw_airwrite/Y/airwrite_Y_20260804_163716_384970_a27c9f.png,Y,24,airwrite,,,train
data/raw_airwrite/Y/airwrite_Y_20260804_163729_657771_9ef6ad.png,Y,24,airwrite,,,train
data/raw_airwrite/Y/airwrite_Y_20260804_163758_977699_02d5c2.png,Y,24,airwrite,,,train
data/raw_airwrite/Y/airwrite_Y_20260804_163802_704255_3a413f.png,Y,24,airwrite,,,train
data/raw_airwrite/Y/airwrite_Y_20260804_163808_663158_8fdfec.png,Y,24,airwrite,,,train
data/raw_airwrite/Y/airwrite_Y_20260804_163811_816031_39c326.png,Y,24,airwrite,,,train
data/raw_airwrite/Y/airwrite_Y_20260804_163815_360597_d32ce0.png,Y,24,airwrite,,,train
data/raw_airwrite/Y/airwrite_Y_20260804_163821_980119_d0db4c.png,Y,24,airwrite,,,train
data/raw_airwrite/Y/airwrite_Y_20260804_163825_423096_93395f.png,Y,24,airwrite,,,train
data/raw_airwrite/Y/airwrite_Y_20260804_163847_933744_279ddf.png,Y,24,airwrite,,,train
data/raw_airwrite/Y/airwrite_Y_20260804_163851_986865_fa103e.png,Y,24,airwrite,,,train
data/raw_airwrite/Y/airwrite_Y_20260804_163852_201048_66f3ab.png,Y,24,airwrite,,,train
data/raw_airwrite/Y/airwrite_Y_20260804_163855_612614_65466c.png,Y,24,airwrite,,,train
data/raw_airwrite/Y/airwrite_Y_20260804_163858_886581_2c8cf2.png,Y,24,airwrite,,,train
data/raw_airwrite/Y/airwrite_Y_20260804_163904_576602_d48728.png,Y,24,airwrite,,,train
data/raw_airwrite/Y/airwrite_Y_20260804_163909_705572_2ae520.png,Y,24,airwrite,,,train
data/raw_airwrite/Y/airwrite_Y_20260804_163909_830314_2c5847.png,Y,24,airwrite,,,train
data/raw_airwrite/Y/airwrite_Y_20260804_163914_234622_56fac9.png,Y,24,airwrite,,,train
data/raw_airwrite/Y/airwrite_Y_20260804_163914_364481_4e573e.png,Y,24,airwrite,,,train
data/raw_airwrite/Y/airwrite_Y_20260804_163918_641143_df9f34.png,Y,24,airwrite,,,train
data/raw_airwrite/Z/airwrite_Z_20260804_163935_965125_0792d1.png,Z,25,airwrite,,,train
data/raw_airwrite/Z/airwrite_Z_20260804_163938_124979_be8f75.png,Z,25,airwrite,,,train
data/raw_airwrite/Z/airwrite_Z_20260804_163941_693073_9f28b4.png,Z,25,airwrite,,,train
data/raw_airwrite/Z/airwrite_Z_20260804_163945_212592_4b3b79.png,Z,25,airwrite,,,train
data/raw_airwrite/Z/airwrite_Z_20260804_163947_005821_aeb71d.png,Z,25,airwrite,,,train
data/raw_airwrite/Z/airwrite_Z_20260804_163950_642963_63b1e1.png,Z,25,airwrite,,,train
data/raw_airwrite/Z/airwrite_Z_20260804_163952_412950_9feff7.png,Z,25,airwrite,,,train
data/raw_airwrite/Z/airwrite_Z_20260804_163954_177947_58e420.png,Z,25,airwrite,,,train
data/raw_airwrite/Z/airwrite_Z_20260804_163959_613167_e23bd0.png,Z,25,airwrite,,,train
data/raw_airwrite/Z/airwrite_Z_20260804_164007_160128_553300.png,Z,25,airwrite,,,train
data/raw_airwrite/Z/airwrite_Z_20260804_164011_331808_8ac372.png,Z,25,airwrite,,,train
data/raw_airwrite/Z/airwrite_Z_20260804_164015_854397_7337da.png,Z,25,airwrite,,,train
data/raw_airwrite/Z/airwrite_Z_20260804_164019_753001_e11ac4.png,Z,25,airwrite,,,train
data/raw_airwrite/Z/airwrite_Z_20260804_164022_308831_efeb6c.png,Z,25,airwrite,,,train
data/raw_airwrite/Z/airwrite_Z_20260804_164024_313421_56320a.png,Z,25,airwrite,,,train
data/raw_airwrite/Z/airwrite_Z_20260804_164028_980172_78f8ed.png,Z,25,airwrite,,,train
data/raw_airwrite/Z/airwrite_Z_20260804_164030_680868_ecdb79.png,Z,25,airwrite,,,train
data/raw_airwrite/Z/airwrite_Z_20260804_164032_278791_71b189.png,Z,25,airwrite,,,train
data/raw_airwrite/Z/airwrite_Z_20260804_164036_563107_1d910f.png,Z,25,airwrite,,,train
data/raw_airwrite/Z/airwrite_Z_20260804_164038_461883_d9246f.png,Z,25,airwrite,,,train
data/raw_airwrite/Z/airwrite_Z_20260804_164057_063047_000b77.png,Z,25,airwrite,,,train
data/raw_airwrite/Z/airwrite_Z_20260804_164101_034299_204f33.png,Z,25,airwrite,,,train
data/raw_airwrite/Z/airwrite_Z_20260804_164104_533477_0ea96d.png,Z,25,airwrite,,,train
data/raw_airwrite/Z/airwrite_Z_20260804_164106_737377_05b174.png,Z,25,airwrite,,,train
data/raw_airwrite/Z/airwrite_Z_20260804_164108_812580_01af11.png,Z,25,airwrite,,,train
data/raw_airwrite/Z/airwrite_Z_20260804_164110_874836_2547d1.png,Z,25,airwrite,,,train
data/raw_airwrite/Z/airwrite_Z_20260804_164112_804610_0fcdf3.png,Z,25,airwrite,,,train
data/raw_airwrite/Z/airwrite_Z_20260804_164132_913085_b69d29.png,Z,25,airwrite,,,train
data/raw_airwrite/Z/airwrite_Z_20260804_164145_266900_312802.png,Z,25,airwrite,,,train
data/raw_airwrite/Z/airwrite_Z_20260804_164147_810571_a253fd.png,Z,25,airwrite,,,train
data/raw_airwrite/Z/airwrite_Z_20260804_164149_825996_8ba78c.png,Z,25,airwrite,,,train
data/raw_airwrite/Z/airwrite_Z_20260804_164157_389642_8feed4.png,Z,25,airwrite,,,train
data/raw_airwrite/Z/airwrite_Z_20260804_164159_204300_c7fbca.png,Z,25,airwrite,,,train
data/raw_airwrite/Z/airwrite_Z_20260804_164203_149752_857706.png,Z,25,airwrite,,,train
data/raw_airwrite/Z/airwrite_Z_20260804_164205_063091_534c23.png,Z,25,airwrite,,,train
data/raw_airwrite/A/airwrite_A_20260728_220033_920765_388f1f.png,A,0,airwrite,,,validation
data/raw_airwrite/A/airwrite_A_20260728_220314_965246_73faed.png,A,0,airwrite,,,validation
data/raw_airwrite/A/airwrite_A_20260728_220341_453796_faaadf.png,A,0,airwrite,,,validation
data/raw_airwrite/A/airwrite_A_20260728_220836_706139_df3568.png,A,0,airwrite,,,validation
data/raw_airwrite/A/airwrite_A_20260728_220955_758235_297a45.png,A,0,airwrite,,,validation
data/raw_airwrite/A/airwrite_A_20260728_221248_544649_9c1b4b.png,A,0,airwrite,,,validation
data/raw_airwrite/A/airwrite_A_20260728_221426_097410_f0cb6b.png,A,0,airwrite,,,validation
data/raw_airwrite/B/airwrite_B_20260728_221539_229509_94c0ff.png,B,1,airwrite,,,validation
data/raw_airwrite/B/airwrite_B_20260728_221619_934138_7ce0d0.png,B,1,airwrite,,,validation
data/raw_airwrite/B/airwrite_B_20260728_221934_237226_3cb80a.png,B,1,airwrite,,,validation
data/raw_airwrite/B/airwrite_B_20260728_221940_119241_e0a935.png,B,1,airwrite,,,validation
data/raw_airwrite/B/airwrite_B_20260728_222026_703075_ecca14.png,B,1,airwrite,,,validation
data/raw_airwrite/B/airwrite_B_20260728_222140_656220_904c1d.png,B,1,airwrite,,,validation
data/raw_airwrite/B/airwrite_B_20260728_222217_539907_7db769.png,B,1,airwrite,,,validation
data/raw_airwrite/B/airwrite_B_20260728_222221_729015_5d4619.png,B,1,airwrite,,,validation
data/raw_airwrite/C/airwrite_C_20260728_222251_812608_c2966f.png,C,2,airwrite,,,validation
data/raw_airwrite/C/airwrite_C_20260728_222254_411004_4fbe3b.png,C,2,airwrite,,,validation
data/raw_airwrite/C/airwrite_C_20260728_222342_195334_ef3343.png,C,2,airwrite,,,validation
data/raw_airwrite/C/airwrite_C_20260728_222412_311164_e99064.png,C,2,airwrite,,,validation
data/raw_airwrite/C/airwrite_C_20260728_222443_974106_7f1a2e.png,C,2,airwrite,,,validation
data/raw_airwrite/C/airwrite_C_20260728_222709_749318_0cd306.png,C,2,airwrite,,,validation
data/raw_airwrite/C/airwrite_C_20260728_222748_525498_cacaa1.png,C,2,airwrite,,,validation
data/raw_airwrite/C/airwrite_C_20260728_222816_419923_c6949b.png,C,2,airwrite,,,validation
data/raw_airwrite/D/airwrite_D_20260728_222934_056205_74291c.png,D,3,airwrite,,,validation
data/raw_airwrite/D/airwrite_D_20260728_222940_685652_ed7ab3.png,D,3,airwrite,,,validation
data/raw_airwrite/D/airwrite_D_20260728_223011_644473_031337.png,D,3,airwrite,,,validation
data/raw_airwrite/D/airwrite_D_20260728_223023_810087_e8ced8.png,D,3,airwrite,,,validation
data/raw_airwrite/D/airwrite_D_20260728_223242_984016_b193c7.png,D,3,airwrite,,,validation
data/raw_airwrite/D/airwrite_D_20260728_223533_266666_0a11d1.png,D,3,airwrite,,,validation
data/raw_airwrite/D/airwrite_D_20260728_223553_540845_b3e5e7.png,D,3,airwrite,,,validation
data/raw_airwrite/E/airwrite_E_20260804_140743_305922_aa2b49.png,E,4,airwrite,,,validation
data/raw_airwrite/E/airwrite_E_20260804_141028_009716_c8afed.png,E,4,airwrite,,,validation
data/raw_airwrite/E/airwrite_E_20260804_141628_808357_a2d9a9.png,E,4,airwrite,,,validation
data/raw_airwrite/E/airwrite_E_20260804_141639_016967_3ff7a6.png,E,4,airwrite,,,validation
data/raw_airwrite/E/airwrite_E_20260804_141820_429293_04cbba.png,E,4,airwrite,,,validation
data/raw_airwrite/E/airwrite_E_20260804_141832_293663_2cbb4f.png,E,4,airwrite,,,validation
data/raw_airwrite/E/airwrite_E_20260804_141900_508570_ed4e68.png,E,4,airwrite,,,validation
data/raw_airwrite/F/airwrite_F_20260804_141930_908133_0f61b7.png,F,5,airwrite,,,validation
data/raw_airwrite/F/airwrite_F_20260804_141939_963399_4b0a3b.png,F,5,airwrite,,,validation
data/raw_airwrite/F/airwrite_F_20260804_142002_894647_2436f2.png,F,5,airwrite,,,validation
data/raw_airwrite/F/airwrite_F_20260804_142213_585421_a5daa0.png,F,5,airwrite,,,validation
data/raw_airwrite/F/airwrite_F_20260804_142218_476599_ac67cb.png,F,5,airwrite,,,validation
data/raw_airwrite/F/airwrite_F_20260804_142223_573764_95e695.png,F,5,airwrite,,,validation
data/raw_airwrite/F/airwrite_F_20260804_142305_106542_a4090c.png,F,5,airwrite,,,validation
data/raw_airwrite/F/airwrite_F_20260804_142433_096266_a659f3.png,F,5,airwrite,,,validation
data/raw_airwrite/G/airwrite_G_20260804_142616_443688_05d3a6.png,G,6,airwrite,,,validation
data/raw_airwrite/G/airwrite_G_20260804_142629_501506_768b71.png,G,6,airwrite,,,validation
data/raw_airwrite/G/airwrite_G_20260804_142632_986687_176cf7.png,G,6,airwrite,,,validation
data/raw_airwrite/G/airwrite_G_20260804_142647_245661_699bd5.png,G,6,airwrite,,,validation
data/raw_airwrite/G/airwrite_G_20260804_142650_928799_96d8d9.png,G,6,airwrite,,,validation
data/raw_airwrite/G/airwrite_G_20260804_142702_183280_d35925.png,G,6,airwrite,,,validation
data/raw_airwrite/G/airwrite_G_20260804_142933_482764_09e00f.png,G,6,airwrite,,,validation
data/raw_airwrite/G/airwrite_G_20260804_142958_868324_ccc7b2.png,G,6,airwrite,,,validation
data/raw_airwrite/H/airwrite_H_20260804_143340_101672_092c1c.png,H,7,airwrite,,,validation
data/raw_airwrite/H/airwrite_H_20260804_143628_218340_43d728.png,H,7,airwrite,,,validation
data/raw_airwrite/H/airwrite_H_20260804_143643_922753_4d620a.png,H,7,airwrite,,,validation
data/raw_airwrite/H/airwrite_H_20260804_143716_711090_861c00.png,H,7,airwrite,,,validation
data/raw_airwrite/H/airwrite_H_20260804_143907_754679_15428f.png,H,7,airwrite,,,validation
data/raw_airwrite/H/airwrite_H_20260804_143928_019499_30e399.png,H,7,airwrite,,,validation
data/raw_airwrite/H/airwrite_H_20260804_144053_208217_427acd.png,H,7,airwrite,,,validation
data/raw_airwrite/H/airwrite_H_20260804_144104_847350_8b3d13.png,H,7,airwrite,,,validation
data/raw_airwrite/I/airwrite_I_20260804_145500_321858_5ab209 (6).png,I,8,airwrite,,,validation
data/raw_airwrite/I/airwrite_I_20260804_145659_440791_5a420b.png,I,8,airwrite,,,validation
data/raw_airwrite/I/airwrite_I_20260804_145724_148260_50c649.png,I,8,airwrite,,,validation
data/raw_airwrite/I/airwrite_I_20260804_145818_036188_c8d547.png,I,8,airwrite,,,validation
data/raw_airwrite/I/airwrite_I_20260804_145833_982453_58ab12.png,I,8,airwrite,,,validation
data/raw_airwrite/I/airwrite_I_20260804_150008_778576_56d3e6.png,I,8,airwrite,,,validation
data/raw_airwrite/I/airwrite_I_20260804_150029_207781_38ce37.png,I,8,airwrite,,,validation
data/raw_airwrite/I/airwrite_I_20260804_150108_575262_71a43d.png,I,8,airwrite,,,validation
data/raw_airwrite/J/airwrite_J_20260804_150535_458052_e309e7.png,J,9,airwrite,,,validation
data/raw_airwrite/J/airwrite_J_20260804_150549_257213_470a9a.png,J,9,airwrite,,,validation
data/raw_airwrite/J/airwrite_J_20260804_150559_368796_756385.png,J,9,airwrite,,,validation
data/raw_airwrite/J/airwrite_J_20260804_150608_192719_ac80f2.png,J,9,airwrite,,,validation
data/raw_airwrite/J/airwrite_J_20260804_150629_825756_e0b98a.png,J,9,airwrite,,,validation
data/raw_airwrite/J/airwrite_J_20260804_150656_852880_1f3b34.png,J,9,airwrite,,,validation
data/raw_airwrite/J/airwrite_J_20260804_150734_414111_96d209.png,J,9,airwrite,,,validation
data/raw_airwrite/J/airwrite_J_20260804_150757_099106_20cb6c.png,J,9,airwrite,,,validation
data/raw_airwrite/K/airwrite_K_20260804_150904_280781_cc3489.png,K,10,airwrite,,,validation
data/raw_airwrite/K/airwrite_K_20260804_150956_704891_89e273.png,K,10,airwrite,,,validation
data/raw_airwrite/K/airwrite_K_20260804_151011_463871_37e832.png,K,10,airwrite,,,validation
data/raw_airwrite/K/airwrite_K_20260804_151026_619425_857fac.png,K,10,airwrite,,,validation
data/raw_airwrite/K/airwrite_K_20260804_151133_311512_d31a77.png,K,10,airwrite,,,validation
data/raw_airwrite/K/airwrite_K_20260804_151211_508735_ccfa66.png,K,10,airwrite,,,validation
data/raw_airwrite/K/airwrite_K_20260804_151327_221660_0cd999.png,K,10,airwrite,,,validation
data/raw_airwrite/K/airwrite_K_20260804_151333_030433_a97045.png,K,10,airwrite,,,validation
data/raw_airwrite/L/airwrite_L_20260804_151428_539580_2f2740.png,L,11,airwrite,,,validation
data/raw_airwrite/L/airwrite_L_20260804_151432_198512_9a7640.png,L,11,airwrite,,,validation
data/raw_airwrite/L/airwrite_L_20260804_151434_815383_e949b6.png,L,11,airwrite,,,validation
data/raw_airwrite/L/airwrite_L_20260804_151447_480512_6d4872.png,L,11,airwrite,,,validation
data/raw_airwrite/L/airwrite_L_20260804_151451_587870_d4eccc.png,L,11,airwrite,,,validation
data/raw_airwrite/L/airwrite_L_20260804_151505_651356_1abdde.png,L,11,airwrite,,,validation
data/raw_airwrite/L/airwrite_L_20260804_151530_956886_a0f199.png,L,11,airwrite,,,validation
data/raw_airwrite/L/airwrite_L_20260804_151720_844277_3bcd7b.png,L,11,airwrite,,,validation
data/raw_airwrite/M/airwrite_M_20260804_151853_419463_8fa85e.png,M,12,airwrite,,,validation
data/raw_airwrite/M/airwrite_M_20260804_151857_673974_ae681d.png,M,12,airwrite,,,validation
data/raw_airwrite/M/airwrite_M_20260804_151906_107132_a06f43.png,M,12,airwrite,,,validation
data/raw_airwrite/M/airwrite_M_20260804_151941_556029_b4ea66.png,M,12,airwrite,,,validation
data/raw_airwrite/M/airwrite_M_20260804_152043_209261_f6c42d.png,M,12,airwrite,,,validation
data/raw_airwrite/M/airwrite_M_20260804_152123_321148_a9cd56.png,M,12,airwrite,,,validation
data/raw_airwrite/M/airwrite_M_20260804_152139_303328_d0afc7.png,M,12,airwrite,,,validation
data/raw_airwrite/N/airwrite_N_20260804_153420_757323_bef572.png,N,13,airwrite,,,validation
data/raw_airwrite/N/airwrite_N_20260804_153438_465400_1f5484.png,N,13,airwrite,,,validation
data/raw_airwrite/N/airwrite_N_20260804_153533_929559_50a0af.png,N,13,airwrite,,,validation
data/raw_airwrite/N/airwrite_N_20260804_153541_405422_0edcb9.png,N,13,airwrite,,,validation
data/raw_airwrite/N/airwrite_N_20260804_153547_147231_40feeb.png,N,13,airwrite,,,validation
data/raw_airwrite/N/airwrite_N_20260804_153558_127721_e5ca8a.png,N,13,airwrite,,,validation
data/raw_airwrite/N/airwrite_N_20260804_153621_373224_be0517.png,N,13,airwrite,,,validation
data/raw_airwrite/O/airwrite_O_20260804_153709_629407_551c1e.png,O,14,airwrite,,,validation
data/raw_airwrite/O/airwrite_O_20260804_153714_549740_e9e5c7.png,O,14,airwrite,,,validation
data/raw_airwrite/O/airwrite_O_20260804_153732_515418_d70edd.png,O,14,airwrite,,,validation
data/raw_airwrite/O/airwrite_O_20260804_153738_495818_3f9e5e.png,O,14,airwrite,,,validation
data/raw_airwrite/O/airwrite_O_20260804_153744_078541_a4a9eb.png,O,14,airwrite,,,validation
data/raw_airwrite/O/airwrite_O_20260804_153755_272193_22f181.png,O,14,airwrite,,,validation
data/raw_airwrite/O/airwrite_O_20260804_154015_093048_bc79ce.png,O,14,airwrite,,,validation
data/raw_airwrite/O/airwrite_O_20260804_154104_282250_223b6e.png,O,14,airwrite,,,validation
data/raw_airwrite/P/airwrite_P_20260804_154531_401076_d43f71.png,P,15,airwrite,,,validation
data/raw_airwrite/P/airwrite_P_20260804_154605_553847_e858fa.png,P,15,airwrite,,,validation
data/raw_airwrite/P/airwrite_P_20260804_154619_535550_c39759.png,P,15,airwrite,,,validation
data/raw_airwrite/P/airwrite_P_20260804_154653_169246_fe561f.png,P,15,airwrite,,,validation
data/raw_airwrite/P/airwrite_P_20260804_154703_442522_6d082e.png,P,15,airwrite,,,validation
data/raw_airwrite/P/airwrite_P_20260804_154814_134661_e83be2.png,P,15,airwrite,,,validation
data/raw_airwrite/P/airwrite_P_20260804_155046_533047_7fb2e1.png,P,15,airwrite,,,validation
data/raw_airwrite/Q/airwrite_Q_20260804_155703_610089_8ca494.png,Q,16,airwrite,,,validation
data/raw_airwrite/Q/airwrite_Q_20260804_155742_512734_6c889e.png,Q,16,airwrite,,,validation
data/raw_airwrite/Q/airwrite_Q_20260804_155800_224330_fb5398.png,Q,16,airwrite,,,validation
data/raw_airwrite/Q/airwrite_Q_20260804_155826_036916_055c32.png,Q,16,airwrite,,,validation
data/raw_airwrite/Q/airwrite_Q_20260804_155831_636840_317729.png,Q,16,airwrite,,,validation
data/raw_airwrite/Q/airwrite_Q_20260804_155845_031896_fbe1e8.png,Q,16,airwrite,,,validation
data/raw_airwrite/Q/airwrite_Q_20260804_160029_141236_281d8e.png,Q,16,airwrite,,,validation
data/raw_airwrite/R/airwrite_R_20260804_160110_106506_fe7c63.png,R,17,airwrite,,,validation
data/raw_airwrite/R/airwrite_R_20260804_160340_967362_d16564.png,R,17,airwrite,,,validation
data/raw_airwrite/R/airwrite_R_20260804_160403_391285_7f0dad.png,R,17,airwrite,,,validation
data/raw_airwrite/R/airwrite_R_20260804_160416_649181_961004.png,R,17,airwrite,,,validation
data/raw_airwrite/R/airwrite_R_20260804_160433_873030_748a22.png,R,17,airwrite,,,validation
data/raw_airwrite/R/airwrite_R_20260804_160455_651992_ef4387.png,R,17,airwrite,,,validation
data/raw_airwrite/R/airwrite_R_20260804_160501_490950_4798eb.png,R,17,airwrite,,,validation
data/raw_airwrite/S/airwrite_S_20260804_160523_520835_9cb675.png,S,18,airwrite,,,validation
data/raw_airwrite/S/airwrite_S_20260804_160527_424263_8c8c00.png,S,18,airwrite,,,validation
data/raw_airwrite/S/airwrite_S_20260804_160550_863117_ca7fef.png,S,18,airwrite,,,validation
data/raw_airwrite/S/airwrite_S_20260804_160625_640011_061c1e.png,S,18,airwrite,,,validation
data/raw_airwrite/S/airwrite_S_20260804_160631_131922_45a98d.png,S,18,airwrite,,,validation
data/raw_airwrite/S/airwrite_S_20260804_160645_491002_e79156.png,S,18,airwrite,,,validation
data/raw_airwrite/S/airwrite_S_20260804_160739_033125_376ab8.png,S,18,airwrite,,,validation
data/raw_airwrite/T/airwrite_T_20260804_160821_963070_d4d529.png,T,19,airwrite,,,validation
data/raw_airwrite/T/airwrite_T_20260804_160835_682648_d3360f.png,T,19,airwrite,,,validation
data/raw_airwrite/T/airwrite_T_20260804_161009_159857_136051.png,T,19,airwrite,,,validation
data/raw_airwrite/T/airwrite_T_20260804_161011_993068_e69ab4.png,T,19,airwrite,,,validation
data/raw_airwrite/T/airwrite_T_20260804_161021_704934_c4e46e.png,T,19,airwrite,,,validation
data/raw_airwrite/T/airwrite_T_20260804_161030_779875_f567c0.png,T,19,airwrite,,,validation
data/raw_airwrite/T/airwrite_T_20260804_161111_172908_b4400a.png,T,19,airwrite,,,validation
data/raw_airwrite/T/airwrite_T_20260804_161144_875105_fc9c8f.png,T,19,airwrite,,,validation
data/raw_airwrite/U/airwrite_U_20260804_161202_487827_8e8714.png,U,20,airwrite,,,validation
data/raw_airwrite/U/airwrite_U_20260804_161228_802740_90dcf9.png,U,20,airwrite,,,validation
data/raw_airwrite/U/airwrite_U_20260804_161343_616238_e891fb.png,U,20,airwrite,,,validation
data/raw_airwrite/U/airwrite_U_20260804_161403_687584_adefc4.png,U,20,airwrite,,,validation
data/raw_airwrite/U/airwrite_U_20260804_161543_980168_b9ae1a.png,U,20,airwrite,,,validation
data/raw_airwrite/U/airwrite_U_20260804_161630_270558_e873c0.png,U,20,airwrite,,,validation
data/raw_airwrite/U/airwrite_U_20260804_161703_074617_c6b542.png,U,20,airwrite,,,validation
data/raw_airwrite/V/airwrite_V_20260804_161722_609209_30a0bb.png,V,21,airwrite,,,validation
data/raw_airwrite/V/airwrite_V_20260804_161740_733974_e2077e.png,V,21,airwrite,,,validation
data/raw_airwrite/V/airwrite_V_20260804_161807_301418_70a546.png,V,21,airwrite,,,validation
data/raw_airwrite/V/airwrite_V_20260804_161824_460744_69c1b4.png,V,21,airwrite,,,validation
data/raw_airwrite/V/airwrite_V_20260804_162132_205497_7f5de0.png,V,21,airwrite,,,validation
data/raw_airwrite/V/airwrite_V_20260804_162139_828391_c09674.png,V,21,airwrite,,,validation
data/raw_airwrite/V/airwrite_V_20260804_162155_427639_960f27.png,V,21,airwrite,,,validation
data/raw_airwrite/W/airwrite_W_20260804_162309_310357_438327.png,W,22,airwrite,,,validation
data/raw_airwrite/W/airwrite_W_20260804_162331_216900_1e529c.png,W,22,airwrite,,,validation
data/raw_airwrite/W/airwrite_W_20260804_162519_094399_2a5eca.png,W,22,airwrite,,,validation
data/raw_airwrite/W/airwrite_W_20260804_162521_290645_ecd9d1.png,W,22,airwrite,,,validation
data/raw_airwrite/W/airwrite_W_20260804_162536_812590_43c361.png,W,22,airwrite,,,validation
data/raw_airwrite/W/airwrite_W_20260804_162701_598221_ea64ce.png,W,22,airwrite,,,validation
data/raw_airwrite/W/airwrite_W_20260804_162710_191525_38c909.png,W,22,airwrite,,,validation
data/raw_airwrite/W/airwrite_W_20260804_162907_992676_02577b.png,W,22,airwrite,,,validation
data/raw_airwrite/X/airwrite_X_20260804_163114_565905_c5cfde.png,X,23,airwrite,,,validation
data/raw_airwrite/X/airwrite_X_20260804_163233_578929_b704c9.png,X,23,airwrite,,,validation
data/raw_airwrite/X/airwrite_X_20260804_163253_632808_9a7f6a.png,X,23,airwrite,,,validation
data/raw_airwrite/X/airwrite_X_20260804_163328_267028_346273.png,X,23,airwrite,,,validation
data/raw_airwrite/X/airwrite_X_20260804_163404_657664_16f945.png,X,23,airwrite,,,validation
data/raw_airwrite/X/airwrite_X_20260804_163417_694276_8dcc3c.png,X,23,airwrite,,,validation
data/raw_airwrite/X/airwrite_X_20260804_163434_392685_035219.png,X,23,airwrite,,,validation
data/raw_airwrite/X/airwrite_X_20260804_163441_676058_40d516.png,X,23,airwrite,,,validation
data/raw_airwrite/X/airwrite_X_20260804_163446_612613_d38e71.png,X,23,airwrite,,,validation
data/raw_airwrite/Y/airwrite_Y_20260804_163625_468013_20b214.png,Y,24,airwrite,,,validation
data/raw_airwrite/Y/airwrite_Y_20260804_163634_535868_365a08.png,Y,24,airwrite,,,validation
data/raw_airwrite/Y/airwrite_Y_20260804_163656_924955_8166c0.png,Y,24,airwrite,,,validation
data/raw_airwrite/Y/airwrite_Y_20260804_163847_799336_637ecb.png,Y,24,airwrite,,,validation
data/raw_airwrite/Y/airwrite_Y_20260804_163848_107711_447782.png,Y,24,airwrite,,,validation
data/raw_airwrite/Y/airwrite_Y_20260804_163851_851457_f0e73c.png,Y,24,airwrite,,,validation
data/raw_airwrite/Y/airwrite_Y_20260804_163855_449787_68ef30.png,Y,24,airwrite,,,validation
data/raw_airwrite/Z/airwrite_Z_20260804_163940_025465_56155d.png,Z,25,airwrite,,,validation
data/raw_airwrite/Z/airwrite_Z_20260804_163957_547997_ad9b93.png,Z,25,airwrite,,,validation
data/raw_airwrite/Z/airwrite_Z_20260804_164002_087550_8d5346.png,Z,25,airwrite,,,validation
data/raw_airwrite/Z/airwrite_Z_20260804_164055_102859_cacdac.png,Z,25,airwrite,,,validation
data/raw_airwrite/Z/airwrite_Z_20260804_164102_857661_735303.png,Z,25,airwrite,,,validation
data/raw_airwrite/Z/airwrite_Z_20260804_164143_138274_7ea732.png,Z,25,airwrite,,,validation
data/raw_airwrite/Z/airwrite_Z_20260804_164154_682824_9fb013.png,Z,25,airwrite,,,validation
data/raw_airwrite/A/airwrite_A_20260728_220001_370773_680bf4.png,A,0,airwrite,,,test
data/raw_airwrite/A/airwrite_A_20260728_220418_134814_440036.png,A,0,airwrite,,,test
data/raw_airwrite/A/airwrite_A_20260728_220428_776817_c0cdf3.png,A,0,airwrite,,,test
data/raw_airwrite/A/airwrite_A_20260728_220531_874170_563ed9.png,A,0,airwrite,,,test
data/raw_airwrite/A/airwrite_A_20260728_220536_391844_3f128d.png,A,0,airwrite,,,test
data/raw_airwrite/A/airwrite_A_20260728_220602_494801_7b254b.png,A,0,airwrite,,,test
data/raw_airwrite/A/airwrite_A_20260728_221310_708333_c608f0.png,A,0,airwrite,,,test
data/raw_airwrite/B/airwrite_B_20260728_221556_315090_f05b19.png,B,1,airwrite,,,test
data/raw_airwrite/B/airwrite_B_20260728_221644_794161_995379.png,B,1,airwrite,,,test
data/raw_airwrite/B/airwrite_B_20260728_221751_349799_7894c2.png,B,1,airwrite,,,test
data/raw_airwrite/B/airwrite_B_20260728_221829_446727_d38b5f.png,B,1,airwrite,,,test
data/raw_airwrite/B/airwrite_B_20260728_221926_718484_1ed9f5.png,B,1,airwrite,,,test
data/raw_airwrite/B/airwrite_B_20260728_222056_013208_c59846.png,B,1,airwrite,,,test
data/raw_airwrite/B/airwrite_B_20260728_222130_911237_45061e.png,B,1,airwrite,,,test
data/raw_airwrite/B/airwrite_B_20260728_222150_765633_0dc364.png,B,1,airwrite,,,test
data/raw_airwrite/C/airwrite_C_20260728_222345_717614_926ecc.png,C,2,airwrite,,,test
data/raw_airwrite/C/airwrite_C_20260728_222416_196191_3b0c50.png,C,2,airwrite,,,test
data/raw_airwrite/C/airwrite_C_20260728_222432_765158_b0e629.png,C,2,airwrite,,,test
data/raw_airwrite/C/airwrite_C_20260728_222534_430061_8723ac.png,C,2,airwrite,,,test
data/raw_airwrite/C/airwrite_C_20260728_222543_023596_52fe18.png,C,2,airwrite,,,test
data/raw_airwrite/C/airwrite_C_20260728_222609_601568_a69ac0.png,C,2,airwrite,,,test
data/raw_airwrite/C/airwrite_C_20260728_222616_744275_d92ed1.png,C,2,airwrite,,,test
data/raw_airwrite/C/airwrite_C_20260728_222809_279294_ddea20.png,C,2,airwrite,,,test
data/raw_airwrite/D/airwrite_D_20260728_223014_663337_2b36f0.png,D,3,airwrite,,,test
data/raw_airwrite/D/airwrite_D_20260728_223229_024315_3d3c46.png,D,3,airwrite,,,test
data/raw_airwrite/D/airwrite_D_20260728_223237_550730_a4e935.png,D,3,airwrite,,,test
data/raw_airwrite/D/airwrite_D_20260728_223247_784363_d2fab9.png,D,3,airwrite,,,test
data/raw_airwrite/D/airwrite_D_20260728_223336_799236_b8b376.png,D,3,airwrite,,,test
data/raw_airwrite/D/airwrite_D_20260728_223409_071119_0da363.png,D,3,airwrite,,,test
data/raw_airwrite/D/airwrite_D_20260728_223546_507569_6c5c38.png,D,3,airwrite,,,test
data/raw_airwrite/E/airwrite_E_20260804_140818_879995_388613.png,E,4,airwrite,,,test
data/raw_airwrite/E/airwrite_E_20260804_140916_101726_c05128.png,E,4,airwrite,,,test
data/raw_airwrite/E/airwrite_E_20260804_141228_646698_8692d6.png,E,4,airwrite,,,test
data/raw_airwrite/E/airwrite_E_20260804_141513_716286_d06151.png,E,4,airwrite,,,test
data/raw_airwrite/E/airwrite_E_20260804_141719_612844_bd5e1f.png,E,4,airwrite,,,test
data/raw_airwrite/E/airwrite_E_20260804_141757_905469_9e1ef5.png,E,4,airwrite,,,test
data/raw_airwrite/E/airwrite_E_20260804_141826_582483_94f403.png,E,4,airwrite,,,test
data/raw_airwrite/F/airwrite_F_20260804_141950_390285_818261.png,F,5,airwrite,,,test
data/raw_airwrite/F/airwrite_F_20260804_142118_673414_45c017.png,F,5,airwrite,,,test
data/raw_airwrite/F/airwrite_F_20260804_142142_399490_e3e056.png,F,5,airwrite,,,test
data/raw_airwrite/F/airwrite_F_20260804_142151_463231_999eb9.png,F,5,airwrite,,,test
data/raw_airwrite/F/airwrite_F_20260804_142236_780785_ff4c0f.png,F,5,airwrite,,,test
data/raw_airwrite/F/airwrite_F_20260804_142251_226412_4ebeb1.png,F,5,airwrite,,,test
data/raw_airwrite/F/airwrite_F_20260804_142328_887010_73d1e1.png,F,5,airwrite,,,test
data/raw_airwrite/F/airwrite_F_20260804_142416_031787_0a524f.png,F,5,airwrite,,,test
data/raw_airwrite/G/airwrite_G_20260804_142626_102901_065cda.png,G,6,airwrite,,,test
data/raw_airwrite/G/airwrite_G_20260804_142810_651033_605d09.png,G,6,airwrite,,,test
data/raw_airwrite/G/airwrite_G_20260804_142814_215091_aa00a7.png,G,6,airwrite,,,test
data/raw_airwrite/G/airwrite_G_20260804_143002_614764_531686.png,G,6,airwrite,,,test
data/raw_airwrite/G/airwrite_G_20260804_143018_216047_87c719.png,G,6,airwrite,,,test
data/raw_airwrite/G/airwrite_G_20260804_143027_773701_107da3.png,G,6,airwrite,,,test
data/raw_airwrite/G/airwrite_G_20260804_143149_030052_f3ddc0.png,G,6,airwrite,,,test
data/raw_airwrite/G/airwrite_G_20260804_143241_633492_43ffae.png,G,6,airwrite,,,test
data/raw_airwrite/H/airwrite_H_20260804_143343_598249_af1cd3.png,H,7,airwrite,,,test
data/raw_airwrite/H/airwrite_H_20260804_143347_153943_ced2b6.png,H,7,airwrite,,,test
data/raw_airwrite/H/airwrite_H_20260804_143619_706780_d25dfd.png,H,7,airwrite,,,test
data/raw_airwrite/H/airwrite_H_20260804_143750_467648_7f8a64.png,H,7,airwrite,,,test
data/raw_airwrite/H/airwrite_H_20260804_143814_250258_ee4881.png,H,7,airwrite,,,test
data/raw_airwrite/H/airwrite_H_20260804_143837_756046_648371.png,H,7,airwrite,,,test
data/raw_airwrite/H/airwrite_H_20260804_143921_065671_d19580.png,H,7,airwrite,,,test
data/raw_airwrite/H/airwrite_H_20260804_143931_096013_653df8.png,H,7,airwrite,,,test
data/raw_airwrite/I/airwrite_I_20260804_145729_981808_8f2e6e.png,I,8,airwrite,,,test
data/raw_airwrite/I/airwrite_I_20260804_145758_606329_ca00bd.png,I,8,airwrite,,,test
data/raw_airwrite/I/airwrite_I_20260804_145826_390455_7b367d.png,I,8,airwrite,,,test
data/raw_airwrite/I/airwrite_I_20260804_145850_800170_1a7311.png,I,8,airwrite,,,test
data/raw_airwrite/I/airwrite_I_20260804_145935_728953_70c7f6.png,I,8,airwrite,,,test
data/raw_airwrite/I/airwrite_I_20260804_145953_925530_7c3b72.png,I,8,airwrite,,,test
data/raw_airwrite/I/airwrite_I_20260804_150103_902183_cdb407.png,I,8,airwrite,,,test
data/raw_airwrite/I/airwrite_I_20260804_150126_345429_88a33d.png,I,8,airwrite,,,test
data/raw_airwrite/J/airwrite_J_20260804_150419_908886_d043d0.png,J,9,airwrite,,,test
data/raw_airwrite/J/airwrite_J_20260804_150444_951360_c40b75.png,J,9,airwrite,,,test
data/raw_airwrite/J/airwrite_J_20260804_150449_070149_5825b1.png,J,9,airwrite,,,test
data/raw_airwrite/J/airwrite_J_20260804_150454_889330_44467d.png,J,9,airwrite,,,test
data/raw_airwrite/J/airwrite_J_20260804_150653_165077_636d2e.png,J,9,airwrite,,,test
data/raw_airwrite/J/airwrite_J_20260804_150707_031495_b8850e.png,J,9,airwrite,,,test
data/raw_airwrite/J/airwrite_J_20260804_150817_835876_0514bf.png,J,9,airwrite,,,test
data/raw_airwrite/J/airwrite_J_20260804_150824_849278_d2fc1a.png,J,9,airwrite,,,test
data/raw_airwrite/K/airwrite_K_20260804_150912_915541_510ae0.png,K,10,airwrite,,,test
data/raw_airwrite/K/airwrite_K_20260804_150918_835182_9a608b.png,K,10,airwrite,,,test
data/raw_airwrite/K/airwrite_K_20260804_151108_518033_381d42.png,K,10,airwrite,,,test
data/raw_airwrite/K/airwrite_K_20260804_151146_677749_efbb3c.png,K,10,airwrite,,,test
data/raw_airwrite/K/airwrite_K_20260804_151159_141050_537877.png,K,10,airwrite,,,test
data/raw_airwrite/K/airwrite_K_20260804_151219_239195_446fbb.png,K,10,airwrite,,,test
data/raw_airwrite/K/airwrite_K_20260804_151232_748380_b3306c.png,K,10,airwrite,,,test
data/raw_airwrite/K/airwrite_K_20260804_151351_901001_c38500.png,K,10,airwrite,,,test
data/raw_airwrite/L/airwrite_L_20260804_151458_994467_7313eb.png,L,11,airwrite,,,test
data/raw_airwrite/L/airwrite_L_20260804_151533_921764_65fe47.png,L,11,airwrite,,,test
data/raw_airwrite/L/airwrite_L_20260804_151605_089349_58ee83.png,L,11,airwrite,,,test
data/raw_airwrite/L/airwrite_L_20260804_151608_114802_dcb6ec.png,L,11,airwrite,,,test
data/raw_airwrite/L/airwrite_L_20260804_151615_531336_e72c5c.png,L,11,airwrite,,,test
data/raw_airwrite/L/airwrite_L_20260804_151617_863509_6b7f90.png,L,11,airwrite,,,test
data/raw_airwrite/L/airwrite_L_20260804_151651_205093_270864.png,L,11,airwrite,,,test
data/raw_airwrite/L/airwrite_L_20260804_151715_205503_7fb0c9.png,L,11,airwrite,,,test
data/raw_airwrite/M/airwrite_M_20260804_151827_328218_2a6939.png,M,12,airwrite,,,test
data/raw_airwrite/M/airwrite_M_20260804_151932_405557_672122.png,M,12,airwrite,,,test
data/raw_airwrite/M/airwrite_M_20260804_151951_376650_d98415.png,M,12,airwrite,,,test
data/raw_airwrite/M/airwrite_M_20260804_152013_996665_0256bb.png,M,12,airwrite,,,test
data/raw_airwrite/M/airwrite_M_20260804_152019_178384_e6a94d.png,M,12,airwrite,,,test
data/raw_airwrite/M/airwrite_M_20260804_152021_752583_1e4246.png,M,12,airwrite,,,test
data/raw_airwrite/M/airwrite_M_20260804_152040_601344_ce5420.png,M,12,airwrite,,,test
data/raw_airwrite/N/airwrite_N_20260804_153242_954484_e4a942.png,N,13,airwrite,,,test
data/raw_airwrite/N/airwrite_N_20260804_153314_012312_e6a5a9.png,N,13,airwrite,,,test
data/raw_airwrite/N/airwrite_N_20260804_153327_129551_010777.png,N,13,airwrite,,,test
data/raw_airwrite/N/airwrite_N_20260804_153334_526466_91d780.png,N,13,airwrite,,,test
data/raw_airwrite/N/airwrite_N_20260804_153359_672885_0a05d8.png,N,13,airwrite,,,test
data/raw_airwrite/N/airwrite_N_20260804_153627_828648_960912.png,N,13,airwrite,,,test
data/raw_airwrite/N/airwrite_N_20260804_153639_652603_48794a.png,N,13,airwrite,,,test
data/raw_airwrite/O/airwrite_O_20260804_153657_484471_ceecb4.png,O,14,airwrite,,,test
data/raw_airwrite/O/airwrite_O_20260804_153738_189034_c9b0ab.png,O,14,airwrite,,,test
data/raw_airwrite/O/airwrite_O_20260804_153818_455505_0ab152.png,O,14,airwrite,,,test
data/raw_airwrite/O/airwrite_O_20260804_153846_030886_46724c.png,O,14,airwrite,,,test
data/raw_airwrite/O/airwrite_O_20260804_153851_757506_64b783.png,O,14,airwrite,,,test
data/raw_airwrite/O/airwrite_O_20260804_154002_889984_768293.png,O,14,airwrite,,,test
data/raw_airwrite/O/airwrite_O_20260804_154034_418769_380787.png,O,14,airwrite,,,test
data/raw_airwrite/O/airwrite_O_20260804_154131_830146_1599e9.png,O,14,airwrite,,,test
data/raw_airwrite/P/airwrite_P_20260804_154428_900138_e7b443.png,P,15,airwrite,,,test
data/raw_airwrite/P/airwrite_P_20260804_154432_229882_6616d1.png,P,15,airwrite,,,test
data/raw_airwrite/P/airwrite_P_20260804_154553_402229_b72dfc.png,P,15,airwrite,,,test
data/raw_airwrite/P/airwrite_P_20260804_154650_276937_b7a7b7.png,P,15,airwrite,,,test
data/raw_airwrite/P/airwrite_P_20260804_154821_555554_7611ec.png,P,15,airwrite,,,test
data/raw_airwrite/P/airwrite_P_20260804_155001_126338_3c8f2b.png,P,15,airwrite,,,test
data/raw_airwrite/P/airwrite_P_20260804_155004_377045_98a317.png,P,15,airwrite,,,test
data/raw_airwrite/Q/airwrite_Q_20260804_155410_533262_3ff310.png,Q,16,airwrite,,,test
data/raw_airwrite/Q/airwrite_Q_20260804_155632_159909_fc7f6f.png,Q,16,airwrite,,,test
data/raw_airwrite/Q/airwrite_Q_20260804_155638_061254_13e314.png,Q,16,airwrite,,,test
data/raw_airwrite/Q/airwrite_Q_20260804_160001_985186_a14a63.png,Q,16,airwrite,,,test
data/raw_airwrite/Q/airwrite_Q_20260804_160025_233364_d3b394.png,Q,16,airwrite,,,test
data/raw_airwrite/Q/airwrite_Q_20260804_160040_424185_5feddf.png,Q,16,airwrite,,,test
data/raw_airwrite/Q/airwrite_Q_20260804_160055_130882_95273a.png,Q,16,airwrite,,,test
data/raw_airwrite/R/airwrite_R_20260804_160113_191252_8be047.png,R,17,airwrite,,,test
data/raw_airwrite/R/airwrite_R_20260804_160124_591351_c8fb19.png,R,17,airwrite,,,test
data/raw_airwrite/R/airwrite_R_20260804_160135_419752_09fcc3.png,R,17,airwrite,,,test
data/raw_airwrite/R/airwrite_R_20260804_160306_803082_a2c68a.png,R,17,airwrite,,,test
data/raw_airwrite/R/airwrite_R_20260804_160323_334167_202ae6.png,R,17,airwrite,,,test
data/raw_airwrite/R/airwrite_R_20260804_160357_878913_c78e8d.png,R,17,airwrite,,,test
data/raw_airwrite/R/airwrite_R_20260804_160441_867996_cc2396.png,R,17,airwrite,,,test
data/raw_airwrite/S/airwrite_S_20260804_160535_408024_a75705.png,S,18,airwrite,,,test
data/raw_airwrite/S/airwrite_S_20260804_160601_072728_715692.png,S,18,airwrite,,,test
data/raw_airwrite/S/airwrite_S_20260804_160606_316327_8a2849.png,S,18,airwrite,,,test
data/raw_airwrite/S/airwrite_S_20260804_160609_863138_e0260b.png,S,18,airwrite,,,test
data/raw_airwrite/S/airwrite_S_20260804_160612_001914_332b03.png,S,18,airwrite,,,test
data/raw_airwrite/S/airwrite_S_20260804_160651_583203_3eace8.png,S,18,airwrite,,,test
data/raw_airwrite/S/airwrite_S_20260804_160707_069945_f2e6a1.png,S,18,airwrite,,,test
data/raw_airwrite/T/airwrite_T_20260804_160905_285586_c04640.png,T,19,airwrite,,,test
data/raw_airwrite/T/airwrite_T_20260804_160916_381367_6b1d02.png,T,19,airwrite,,,test
data/raw_airwrite/T/airwrite_T_20260804_161001_862539_d1e206.png,T,19,airwrite,,,test
data/raw_airwrite/T/airwrite_T_20260804_161006_467677_fc8ccd.png,T,19,airwrite,,,test
data/raw_airwrite/T/airwrite_T_20260804_161035_356846_6a095a.png,T,19,airwrite,,,test
data/raw_airwrite/T/airwrite_T_20260804_161045_114015_c5535a.png,T,19,airwrite,,,test
data/raw_airwrite/T/airwrite_T_20260804_161113_322138_2f5d08.png,T,19,airwrite,,,test
data/raw_airwrite/T/airwrite_T_20260804_161137_291123_195590.png,T,19,airwrite,,,test
data/raw_airwrite/U/airwrite_U_20260804_161210_880957_eb0456.png,U,20,airwrite,,,test
data/raw_airwrite/U/airwrite_U_20260804_161234_364657_a42be6.png,U,20,airwrite,,,test
data/raw_airwrite/U/airwrite_U_20260804_161251_006280_1367d0.png,U,20,airwrite,,,test
data/raw_airwrite/U/airwrite_U_20260804_161352_350937_da2a6f.png,U,20,airwrite,,,test
data/raw_airwrite/U/airwrite_U_20260804_161531_220052_539733.png,U,20,airwrite,,,test
data/raw_airwrite/U/airwrite_U_20260804_161607_485021_d3c587.png,U,20,airwrite,,,test
data/raw_airwrite/U/airwrite_U_20260804_161633_684029_9d15b9.png,U,20,airwrite,,,test
data/raw_airwrite/V/airwrite_V_20260804_161724_378371_706726.png,V,21,airwrite,,,test
data/raw_airwrite/V/airwrite_V_20260804_161747_984686_47a37b.png,V,21,airwrite,,,test
data/raw_airwrite/V/airwrite_V_20260804_161802_456759_cdd55f.png,V,21,airwrite,,,test
data/raw_airwrite/V/airwrite_V_20260804_161853_874663_a7e2f1.png,V,21,airwrite,,,test
data/raw_airwrite/V/airwrite_V_20260804_162001_992663_048252.png,V,21,airwrite,,,test
data/raw_airwrite/V/airwrite_V_20260804_162137_805415_41f9e7.png,V,21,airwrite,,,test
data/raw_airwrite/V/airwrite_V_20260804_162212_503509_4110d5.png,V,21,airwrite,,,test
data/raw_airwrite/W/airwrite_W_20260804_162255_776955_324e35.png,W,22,airwrite,,,test
data/raw_airwrite/W/airwrite_W_20260804_162324_361657_d2f07a.png,W,22,airwrite,,,test
data/raw_airwrite/W/airwrite_W_20260804_162652_222718_df8d76.png,W,22,airwrite,,,test
data/raw_airwrite/W/airwrite_W_20260804_162717_162573_a51353.png,W,22,airwrite,,,test
data/raw_airwrite/W/airwrite_W_20260804_162733_396740_d22817.png,W,22,airwrite,,,test
data/raw_airwrite/W/airwrite_W_20260804_162812_681880_561151.png,W,22,airwrite,,,test
data/raw_airwrite/W/airwrite_W_20260804_162815_687342_b9d3b0.png,W,22,airwrite,,,test
data/raw_airwrite/W/airwrite_W_20260804_162831_399257_de6786.png,W,22,airwrite,,,test
data/raw_airwrite/X/airwrite_X_20260804_163228_512789_2cabd8.png,X,23,airwrite,,,test
data/raw_airwrite/X/airwrite_X_20260804_163241_312521_e4d2a2.png,X,23,airwrite,,,test
data/raw_airwrite/X/airwrite_X_20260804_163323_761412_5fdb8b.png,X,23,airwrite,,,test
data/raw_airwrite/X/airwrite_X_20260804_163332_065675_4b20d1.png,X,23,airwrite,,,test
data/raw_airwrite/X/airwrite_X_20260804_163335_494550_d1daf2.png,X,23,airwrite,,,test
data/raw_airwrite/X/airwrite_X_20260804_163357_362687_bf3742.png,X,23,airwrite,,,test
data/raw_airwrite/X/airwrite_X_20260804_163359_970536_0c9767.png,X,23,airwrite,,,test
data/raw_airwrite/X/airwrite_X_20260804_163443_828961_cbfeb6.png,X,23,airwrite,,,test
data/raw_airwrite/X/airwrite_X_20260804_163453_173581_ae6f22.png,X,23,airwrite,,,test
data/raw_airwrite/Y/airwrite_Y_20260804_163619_492647_081370.png,Y,24,airwrite,,,test
data/raw_airwrite/Y/airwrite_Y_20260804_163720_205896_a32ab7.png,Y,24,airwrite,,,test
data/raw_airwrite/Y/airwrite_Y_20260804_163724_151004_47bb57.png,Y,24,airwrite,,,test
data/raw_airwrite/Y/airwrite_Y_20260804_163733_195786_b7f846.png,Y,24,airwrite,,,test
data/raw_airwrite/Y/airwrite_Y_20260804_163752_324222_0d29d1.png,Y,24,airwrite,,,test
data/raw_airwrite/Y/airwrite_Y_20260804_163829_307096_f87a3d.png,Y,24,airwrite,,,test
data/raw_airwrite/Y/airwrite_Y_20260804_163836_071015_8abb3b.png,Y,24,airwrite,,,test
data/raw_airwrite/Z/airwrite_Z_20260804_163943_390218_bf0d27.png,Z,25,airwrite,,,test
data/raw_airwrite/Z/airwrite_Z_20260804_163948_856278_85d0d1.png,Z,25,airwrite,,,test
data/raw_airwrite/Z/airwrite_Z_20260804_164017_876298_dc041b.png,Z,25,airwrite,,,test
data/raw_airwrite/Z/airwrite_Z_20260804_164053_142796_503044.png,Z,25,airwrite,,,test
data/raw_airwrite/Z/airwrite_Z_20260804_164058_726628_088413.png,Z,25,airwrite,,,test
data/raw_airwrite/Z/airwrite_Z_20260804_164141_025163_a77160.png,Z,25,airwrite,,,test
data/raw_airwrite/Z/airwrite_Z_20260804_164201_109789_81ff8a.png,Z,25,airwrite,,,test
