image_path,source,true_label,predicted_label,confidence,probability_A,probability_B,probability_C,probability_D,probability_E,probability_F,probability_G,probability_H,probability_I,probability_J,probability_K,probability_L,probability_M,probability_N,probability_O,probability_P,probability_Q,probability_R,probability_S,probability_T,probability_U,probability_V,probability_W,probability_X,probability_Y,probability_Z
data/raw_airwrite/A/airwrite_A_20260728_220001_370773_680bf4.png,airwrite,A,M,0.8266783952713013,0.0004000093031208962,1.173037639246033e-10,7.444808683852093e-16,2.8402324936394052e-09,5.854698084168828e-16,1.4435789807976107e-07,2.2664542242978314e-08,0.008880136534571648,8.223485911326711e-13,5.771621187827897e-19,0.00015772474580444396,1.876493074424654e-15,0.8266783952713013,0.07155993580818176,3.4225022684344127e-15,4.484531075377163e-07,2.423272249529873e-08,0.09232097119092941,7.548506264498656e-11,1.7493417825420465e-10,1.9915988888445646e-13,1.2521982171165291e-06,4.181793258339894e-07,2.344797991327141e-07,2.538728836043447e-07,4.74817744055612e-15
data/raw_airwrite/A/airwrite_A_20260728_220341_453796_faaadf.png,airwrite,A,A,0.8643532395362854,0.8643532395362854,0.00013913409202359617,5.613281137599654e-18,0.003351593855768442,1.4052644603523845e-09,3.31671856201865e-07,0.0003439495631027967,5.8553250710247084e-05,2.928409514879604e-09,4.680690831637463e-17,1.8046431016216502e-09,7.682839053731801e-19,8.813776730676182e-08,3.591447966755368e-05,2.423952596970855e-16,9.893125388771296e-05,0.1314973682165146,5.451661490951665e-05,2.3850572688388638e-05,4.3333514402645046e-13,8.566679809106359e-14,2.5311209128631162e-08,8.870061907195748e-10,4.448971594683826e-06,3.8021549698896706e-05,8.29430992746634e-14
data/raw_airwrite/A/airwrite_A_20260728_220418_134814_440036.png,airwrite,A,A,0.9256370663642883,0.9256370663642883,5.481738844537176e-05,4.957395319681761e-16,0.0016080051427707076,1.3702117662717228e-08,6.770780601073056e-05,0.0005088101024739444,0.054074276238679886,3.6847566775577434e-07,5.075642055089868e-13,2.6540096769167576e-06,9.170377808899802e-14,0.00021584745263680816,0.003694715676829219,1.6046795663760384e-16,0.0004641748673748225,0.009610931389033794,4.849867764278315e-05,7.146222196752205e-05,1.327144366625177e-10,2.7812852021469325e-10,6.918813596712425e-06,1.4286822533904342e-06,3.027716593351215e-05,0.003902107011526823,1.793342557787625e-11
data/raw_airwrite/A/airwrite_A_20260728_220428_776817_c0cdf3.png,airwrite,A,A,0.8544381260871887,0.8544381260871887,6.0114839470770676e-06,3.713620292625664e-15,0.00012005460303043947,5.803556746286631e-09,4.829803401662502e-07,9.167987445835024e-05,6.943016342120245e-05,2.40579538512975e-07,9.172070858354774e-15,1.5961054700142085e-08,8.193634248921565e-17,2.341876665923337e-07,1.4251379980123602e-05,4.254376798767945e-14,5.78439696141686e-08,0.1450572907924652,0.00013697925896849483,5.113473889650777e-06,6.046263489878356e-10,3.131105097420317e-10,5.67851099475547e-09,5.240157197050621e-09,1.4619718058384024e-05,4.5565895561594516e-05,2.3573896307249598e-11
data/raw_airwrite/A/airwrite_A_20260728_220741_852313_8dd31e.png,airwrite,A,Y,0.9597958326339722,0.002854184480383992,9.622390643926337e-05,6.745941045355197e-12,0.004543098621070385,8.555732165405061e-06,0.00018755435303319246,7.286686809493403e-07,0.0079279113560915,0.007397633045911789,0.0009584790677763522,0.0005254606367088854,2.8532955184346065e-05,1.3489799357557786e-06,0.008115223608911037,9.51378624318433e-13,8.763162639979782e-08,2.637830220919568e-05,3.069605372729711e-05,1.7253929627258913e-06,2.6763209461933002e-05,0.0006509913946501911,0.005795520264655352,0.0010153161128982902,1.169766801467631e-05,0.9597958326339722,5.185830653786638e-10
data/raw_airwrite/A/airwrite_A_20260728_220802_188167_5787b2.png,airwrite,A,A,0.6589609384536743,0.6589609384536743,0.00012235654867254198,2.8420924280680993e-08,0.0013466480886563659,3.0180160592863103e-07,0.015746399760246277,0.0012475138064473867,0.018836967647075653,3.84050072170794e-05,3.3859342352116073e-07,0.0011563728330656886,8.675139895331085e-08,0.014157588593661785,0.10543226450681686,3.2484857115377963e-07,0.0010715036187320948,0.08225049078464508,0.07179664075374603,0.002393773989751935,0.0004271741199772805,2.1987407308188267e-06,0.0008623111643828452,9.845379099715501e-05,0.0003945907228626311,0.023655861616134644,5.793913260276895e-07
data/raw_airwrite/A/airwrite_A_20260728_220830_230461_61066d.png,airwrite,A,S,0.6056753396987915,0.0018792018527165055,0.007846943102777004,0.04379747062921524,0.010928303003311157,0.03869706392288208,6.426764593925327e-05,9.89958607533481e-06,4.3942510075112295e-08,0.02870989590883255,0.24627608060836792,6.187951262504043e-10,5.868640073458664e-06,6.87133596549705e-12,9.014453894451435e-07,0.009671222418546677,1.3045221791685435e-08,0.0006716257194057107,7.326989816647256e-06,0.6056753396987915,0.0004938514321111143,9.660357136453968e-07,0.0025858734734356403,2.090674797727843e-06,0.00016346292977686971,0.0010686848545446992,0.001443609595298767
data/raw_airwrite/A/airwrite_A_20260728_220843_569944_9ea75c.png,airwrite,A,R,0.6571407318115234,0.0005658036097884178,7.24804730123374e-11,1.392014623144075e-14,1.1432902402574996e-09,5.1704127768505484e-14,0.0006037299172021449,1.73823118529981e-05,0.006786190904676914,5.381360423939441e-08,3.8054091128225664e-12,0.15122266113758087,6.929907342412278e-11,0.1613687127828598,0.0008464910788461566,1.2584014464054967e-17,1.653633119325093e-09,4.0029695114185415e-09,0.6571407318115234,4.105563888856523e-09,0.0009753013728186488,1.3961853007060654e-08,1.7242776948478422e-06,7.591389476147015e-06,0.019141126424074173,0.0013224771246314049,9.17665683025648e-12
data/raw_airwrite/A/airwrite_A_20260728_221015_119888_480335.png,airwrite,A,A,0.5686217546463013,0.5686217546463013,0.005890926346182823,7.895037924754433e-06,0.018173085525631905,0.0002839798398781568,0.05968679487705231,0.0008899745298549533,0.0013330572983250022,0.0023502802941948175,0.0005937584210187197,0.0004296855186112225,7.441271918651182e-06,0.00018726967391557992,0.007526550441980362,1.3424995813693386e-05,4.699931378127076e-05,0.014915114268660545,0.013096429407596588,0.19927671551704407,0.008024103008210659,0.0002777278423309326,0.00865118857473135,0.0027341803070157766,0.012213700450956821,0.07472426444292068,4.360821912996471e-05
data/raw_airwrite/A/airwrite_A_20260901_161106_508109_1730e7.png,airwrite,A,A,0.8683738708496094,0.8683738708496094,0.00022001779871061444,0.0005696301232092083,0.01213044859468937,0.0025973741430789232,6.97375355684926e-07,0.0009193866862915456,1.1744205949071329e-05,0.00015877089754212648,3.344252490933286e-06,6.80365974403685e-06,4.157294597462169e-07,3.9892311178846285e-06,0.0012157079763710499,0.00011544912558747455,4.602988568080946e-08,0.04646338149905205,0.06386137008666992,0.0003067872894462198,0.00018879518029280007,0.000581522413995117,0.0007405763026326895,0.00022225829889066517,0.0008685949142090976,0.00043552040006034076,3.3901592360052746e-06
data/raw_airwrite/A/airwrite_A_20260901_161127_044397_c219e4.png,airwrite,A,A,0.7612996697425842,0.7612996697425842,0.0015395497903227806,0.00027039650012739,0.034897323697805405,0.013493487611413002,1.2243338005646365e-06,0.001500538899563253,4.225340035191039e-06,0.0002676413569133729,5.456244707602309e-06,3.3050300771719776e-06,1.386504919764775e-07,4.014013086361956e-07,8.201309537980705e-05,0.00013455991575028747,3.796455061433335e-08,0.17289935052394867,0.00914086401462555,0.001369117177091539,0.00011157886910950765,0.0005758407642133534,0.0004717526026070118,0.0001905113022075966,0.0013348022475838661,0.0003970687394030392,9.100043826038018e-06
data/raw_airwrite/A/airwrite_A_20260901_161133_815342_a7f655.png,airwrite,A,A,0.9300485253334045,0.9300485253334045,0.0005943402065895498,3.002138328156434e-06,0.01311690453439951,0.008185448125004768,9.144250157078204e-07,0.00039653139538131654,1.6755820979597047e-06,3.615082096075639e-05,9.532180200721996e-08,6.349626346491277e-06,2.024097556230231e-09,3.0728305233651554e-08,4.768239250552142e-06,4.6870650294295046e-07,4.764174610372152e-10,0.039460547268390656,0.0023449112195521593,9.746395517140627e-05,5.074899672763422e-05,7.540774822700769e-05,0.0001056735054589808,6.273924373090267e-05,0.005313900299370289,9.176242019748315e-05,1.6303829397656955e-06
data/raw_airwrite/A/airwrite_A_20260901_161139_709045_1c6236.png,airwrite,A,A,0.7094300389289856,0.7094300389289856,0.0020155664533376694,8.742872159928083e-05,0.026115717366337776,0.16473770141601562,4.8589740799798165e-06,0.001164721674285829,5.908418643230107e-06,7.343127799686044e-05,4.4194806037012313e-07,6.567841046489775e-05,3.496574763062199e-08,5.852657736227229e-08,6.751816727046389e-06,3.874451522278832e-06,5.567603711398306e-09,0.0808279737830162,0.002692592330276966,4.516555418376811e-05,0.00018419894331600517,7.4787087214645e-05,0.00021029278286732733,6.06183530180715e-05,0.012026347219944,9.933347610058263e-05,6.643701635766774e-05
data/raw_airwrite/A/airwrite_A_20260901_161148_857247_32bc5e.png,airwrite,A,A,0.801992654800415,0.801992654800415,0.0022035622969269753,0.00014574502711184323,0.0298788882791996,0.02006445825099945,8.258230081992224e-06,0.0024002520367503166,3.726213253685273e-05,0.00036020466359332204,2.0295221929700347e-06,9.358001261716709e-05,3.61868188747394e-07,2.1808818928548135e-06,0.00015448317572008818,2.8441170798032545e-05,1.6009391856641741e-07,0.11122173815965652,0.01866534724831581,0.000251558143645525,0.0005629953811876476,0.00044976745266467333,0.0006736960494890809,0.00035787184606306255,0.009540706872940063,0.0008760067285038531,2.773145206447225e-05
data/raw_airwrite/A/airwrite_A_20260901_161158_818859_ac27b5.png,airwrite,A,A,0.7971671223640442,0.7971671223640442,0.001777165220119059,1.4316698980110232e-05,0.014702246524393559,0.007275971118360758,1.0038359505415428e-05,0.0027262226212769747,2.337062505830545e-05,0.00013231916818767786,1.5787932738930976e-07,3.5318018490215763e-05,1.1583654924152142e-08,9.853175697571714e-07,2.93233370030066e-05,6.186507562233601e-06,4.392252961338272e-08,0.15643292665481567,0.010380304418504238,0.00032321986509487033,0.00010270314669469371,0.00012458005221560597,0.0001244707964360714,0.00014521818957291543,0.008113826625049114,0.00034143365337513387,1.0475579074409325e-05
data/raw_airwrite/A/airwrite_A_20260901_161234_009777_6770f7.png,airwrite,A,A,0.9814472198486328,0.9814472198486328,3.861137429339578e-06,2.588554480098537e-06,0.0037093795835971832,0.00011973435175605118,4.106250387457544e-13,4.61183802258347e-08,4.781348650340078e-09,8.386195077036973e-06,2.9257689604378356e-09,2.346556837728997e-10,5.848098394434231e-11,3.87255366662842e-10,2.7881913410965353e-05,4.351978986960603e-06,8.414907090364618e-14,0.010559414513409138,0.0030970480293035507,3.5855910027748905e-06,4.682992482685222e-07,0.000944809871725738,4.880043343291618e-05,1.0615490282361861e-05,8.391679671149177e-07,1.103481827158248e-05,2.98499731876678e-11
data/raw_airwrite/A/airwrite_A_20260901_161241_543716_18160d.png,airwrite,A,A,0.7143281102180481,0.7143281102180481,0.00019957564654760063,9.028974091052078e-06,0.00523458793759346,0.0023859587963670492,8.644065729868089e-08,0.0004356035206001252,6.56597251236235e-07,5.659663656842895e-06,1.1907577146530457e-09,1.6078066664704238e-06,9.699861053258374e-11,6.853046841115429e-08,5.893127763556549e-06,4.7810144678805955e-06,4.748223147998942e-09,0.26723337173461914,0.007462351117283106,2.2106743926997297e-05,5.984834842820419e-06,2.275587348776753e-06,1.947730743268039e-05,3.316269385322812e-06,0.0026173426304012537,2.0854929971392266e-05,1.292961655963154e-06
data/raw_airwrite/A/airwrite_A_20260903_141649_856269_c6d255.png,airwrite,A,O,0.7968701124191284,0.07882118225097656,1.8114638805855066e-05,0.0060075088404119015,0.06052210554480553,0.00019138080824632198,3.599444486500521e-15,2.0343390971788722e-08,2.4324082244925327e-12,6.774456551283947e-07,2.0489861185524205e-07,4.3682254807688586e-14,3.961936889673723e-10,7.615788967345327e-13,6.535225111292675e-05,0.7968701124191284,6.839215999088211e-11,0.055539343506097794,0.0009000321151688695,0.0006251123268157244,5.200435637675582e-09,7.469965566997416e-06,0.0004309471696615219,5.1949559320974004e-08,1.0119323157198323e-09,3.307688984932611e-07,1.2522428406713804e-11
data/raw_airwrite/A/airwrite_A_20260903_141655_914176_2d00ad.png,airwrite,A,A,0.803439736366272,0.803439736366272,0.0076906620524823666,5.3900272177997977e-05,0.04308658465743065,0.010193346068263054,6.385896995197982e-05,0.005134689621627331,3.854386886814609e-05,0.000643615669105202,9.090756066143513e-06,3.8168131140992045e-05,2.335203106440531e-07,2.7878829769178992e-06,0.00012882765440735966,3.154249498038553e-05,3.244948061364994e-07,0.09693726897239685,0.01338441763073206,0.005507021211087704,0.000382659345632419,0.0008000989910215139,0.0007486135582439601,0.000784825359005481,0.009378097951412201,0.0014986270107328892,2.2484560759039596e-05
data/raw_airwrite/A/airwrite_A_20260903_141725_876658_77e6b7.png,airwrite,A,A,0.8571395874023438,0.8571395874023438,0.00016617793880868703,1.2927401371598535e-07,0.002576573519036174,0.00013654273061547428,6.606723559343664e-07,0.0002454723580740392,1.4515875363940722e-06,3.8536720239790156e-05,3.3851528247197393e-09,9.38475579914666e-07,1.476260780286509e-11,4.0668427914170024e-07,5.247366516414331e-06,6.115572546150361e-07,1.0543312889410572e-09,0.12303543090820312,0.009306265041232109,0.0002627663780003786,3.354136424604803e-05,1.3411561667453498e-05,4.730512046080548e-06,1.1234347766730934e-05,0.006779054645448923,0.00024098750145640224,2.568379215972527e-07
data/raw_airwrite/A/airwrite_A_20260903_141829_585155_a66262.png,airwrite,A,A,0.6498451232910156,0.6498451232910156,0.02215590514242649,0.00017872861644718796,0.14206209778785706,0.029270898550748825,0.0004122640530113131,0.003859467338770628,0.0007070971187204123,0.0039856876246631145,0.0004294286482036114,0.0007693354855291545,3.718254083651118e-05,5.831181988469325e-05,0.0013180060777813196,0.00011171779624419287,2.0011100332339993e-06,0.03307478502392769,0.01446694415062666,0.008559498935937881,0.004572778008878231,0.021954648196697235,0.009842870756983757,0.02042519301176071,0.015499814413487911,0.01631314679980278,8.71335287229158e-05
data/raw_airwrite/A/airwrite_A_20260903_141919_132117_f7700f.png,airwrite,A,A,0.9043373465538025,0.9043373465538025,0.0002633201074786484,2.570605465734843e-05,0.019507404416799545,0.002217381028458476,1.1764835505800875e-07,2.456824222463183e-05,1.0972100426442921e-05,0.0009075737907551229,1.70390194398351e-05,2.68691928795306e-06,2.625085926410975e-07,4.403751518111676e-06,0.0003772361087612808,6.1409329646267e-05,1.05795849858481e-09,0.028785429894924164,0.009791257791221142,0.0008940541883930564,0.0004350881790742278,0.026051662862300873,0.000819574692286551,0.0020715976133942604,0.0005776352481916547,0.002815778600051999,4.0111163457368093e-07
data/raw_airwrite/A/airwrite_lowercase_a_20260805_210058_178541_ed2e13.png,airwrite,A,A,0.7681483030319214,0.7681483030319214,0.00017672877584118396,2.075462134598638e-06,0.0019027641974389553,0.0006723895203322172,5.3111865128130376e-08,0.0002653472183737904,2.831410768067144e-07,1.7173426385852508e-05,5.064553776357172e-10,1.996058074382745e-07,1.3831881820469683e-11,1.2050877629121715e-08,3.0532262371707475e-06,1.0091658850797103e-06,7.370513088744701e-10,0.2165513038635254,0.01073205005377531,3.6698849726235494e-05,2.437512648612028e-06,4.006752078566933e-06,4.773251021106262e-06,1.1980072258666041e-06,0.001461368054151535,1.6604006304987706e-05,2.2560436718777055e-07
data/raw_airwrite/B/airwrite_B_20260728_221606_694578_045716.png,airwrite,B,G,0.5910093188285828,3.657760771602625e-06,0.21769823133945465,2.1170275488202606e-07,0.11409655213356018,0.04924963042140007,5.251754919299856e-05,0.5910093188285828,1.754349297127325e-13,1.02493886515731e-05,3.383896967079636e-07,3.262076210281545e-13,5.85590950730186e-12,8.997200225004094e-20,4.118174551370757e-12,1.6634633084322559e-06,1.265197352040559e-05,0.007166044320911169,4.298554358683759e-06,0.020680081099271774,9.263462219522012e-10,4.150681246595884e-15,3.447437890713445e-09,3.656108873089465e-15,2.0459854113141773e-06,1.1543454093043692e-05,9.53864628172596e-07
data/raw_airwrite/B/airwrite_B_20260728_221644_794161_995379.png,airwrite,B,F,0.5103850960731506,7.719150744378567e-06,0.027577172964811325,3.5951311474491376e-06,0.0006167969550006092,0.038621604442596436,0.5103850960731506,0.23163484036922455,4.492879099871061e-07,1.0936797480098903e-05,1.520568559953972e-09,0.00018873077351599932,2.9124629463694873e-07,3.8477844500027503e-13,1.0002865202807243e-08,1.1222999959925595e-11,0.1881096065044403,7.747375093458686e-06,0.000885721412487328,0.0005393318715505302,1.3899037867304287e-06,6.097384458501973e-15,3.276866482337937e-05,1.5024985379127886e-12,0.0009563944768160582,2.2426967916544527e-05,0.0003973069251514971
data/raw_airwrite/B/airwrite_B_20260728_221734_186515_be1bb5.png,airwrite,B,A,0.2706087529659271,0.2706087529659271,0.2239270955324173,0.006641101092100143,0.19883355498313904,0.11786306649446487,0.00026304161292500794,0.019541198387742043,1.5229909422487253e-06,4.148314837948419e-05,1.6583409887971357e-05,1.0669355106074363e-06,2.087973314246483e-07,1.1877807182258948e-08,5.8724650443764403e-05,0.0044435495510697365,2.1482623196789064e-05,0.13498760759830475,0.0016614992637187243,0.019437164068222046,4.432821697264444e-06,6.711014975735452e-06,0.0009960433235391974,2.2235079086385667e-05,0.0002425199345452711,2.0415205653989688e-05,0.00035890849540010095
data/raw_airwrite/B/airwrite_B_20260728_221833_168645_a38bb9.png,airwrite,B,A,0.7926687598228455,0.7926687598228455,0.002645255532115698,2.7548161085633183e-08,0.00683013629168272,7.354452122854127e-07,7.812715239197132e-07,0.0003108766977675259,0.00013296559336595237,8.212108468796941e-07,1.1775956078319272e-11,1.7975183936869144e-06,1.713199027086887e-11,8.220336167141795e-05,0.012911111116409302,4.42841042058717e-07,6.166032108012587e-05,0.01730809547007084,0.16556870937347412,0.00038641755236312747,2.3307336505240528e-08,3.016755840690166e-07,0.0007615434587933123,0.00010638005915097892,0.00017628622299525887,4.469438499654643e-05,7.525185474754892e-10
data/raw_airwrite/B/airwrite_B_20260728_221918_849215_92400b.png,airwrite,B,Q,0.5573930144309998,0.1605677604675293,0.008119283244013786,0.0004527833661995828,0.055002953857183456,8.994627569336444e-05,5.896589755138848e-06,0.0025558399502187967,6.042263521521818e-06,8.794481982477009e-05,1.7272884633712238e-06,3.1238562314683804e-07,7.831082626807984e-08,3.071933178944164e-06,0.006890575401484966,0.042626604437828064,0.0014313262654468417,0.5573930144309998,0.14002801477909088,0.022895049303770065,2.314489938726183e-05,2.4055993890215177e-06,0.0011735730804502964,8.56773021951085e-06,4.8299927584594116e-05,0.0005842414102517068,1.450184868190263e-06
data/raw_airwrite/B/airwrite_B_20260728_221934_237226_3cb80a.png,airwrite,B,B,0.2662048041820526,0.17727303504943848,0.2662048041820526,0.028727354481816292,0.17679481208324432,0.10710540413856506,0.011826274916529655,0.04057726636528969,0.0006272025057114661,0.0013025314547121525,0.0014321856433525681,0.0003599352203309536,0.0001864466757979244,1.5582652849843726e-05,0.0019625676795840263,0.006503138691186905,0.0010647912276908755,0.04858577251434326,0.004948573652654886,0.0702809989452362,0.00024125876370817423,0.0006523790652863681,0.037322141230106354,0.0028224994894117117,0.004803132731467485,0.001320383744314313,0.007059572730213404
data/raw_airwrite/B/airwrite_B_20260728_222013_903257_65334c.png,airwrite,B,A,0.6749686598777771,0.6749686598777771,0.059228476136922836,2.4337155991815962e-05,0.18955902755260468,0.031415898352861404,1.4481038590474782e-07,2.0960502297384664e-05,6.106118721760367e-09,6.04003048465529e-07,2.8594534740022937e-08,6.672394303741669e-10,1.8131758247608154e-11,2.3641684096520343e-11,1.3448812978822389e-06,0.00018934346735477448,5.431803340449903e-10,0.039434660226106644,6.438801938202232e-05,0.004964436870068312,6.6242877849731485e-09,3.6557732983055757e-06,0.00011417518544476479,6.9689835981989745e-06,1.8081415191772976e-06,7.698956778767752e-07,6.635392679754659e-08
data/raw_airwrite/B/airwrite_B_20260728_222030_787101_d9197f.png,airwrite,B,E,0.2236107736825943,0.17887210845947266,0.12077666819095612,0.049894921481609344,0.11854005604982376,0.2236107736825943,0.008473594672977924,0.0024661223869770765,0.0017615508986636996,0.006718823220580816,0.006031286437064409,0.00017589084745850414,0.00016742252046242356,1.0829579878190998e-05,0.0008900468237698078,0.021814750507473946,6.598939216928557e-05,0.08179692178964615,0.0005959394620731473,0.07427205890417099,0.0006908899522386491,0.0007962760282680392,0.05002342537045479,0.0032901738304644823,0.012055563740432262,0.0023449109867215157,0.033862922340631485
data/raw_airwrite/B/airwrite_B_20260728_222048_058022_e238f5.png,airwrite,B,A,0.21525272727012634,0.21525272727012634,0.18403968214988708,0.0122595289722085,0.15035372972488403,0.11509723216295242,0.0045224754139781,0.013318249024450779,0.00033572892425581813,0.0026832264848053455,0.003988324664533138,0.00016155473713297397,0.00010846861550817266,3.6084195016883314e-05,0.0012169737601652741,0.028440482914447784,0.0003295895585324615,0.11146058887243271,0.004263611044734716,0.1296936571598053,0.0004513697640504688,0.0029734857380390167,0.007331819273531437,0.003396823536604643,0.002895294688642025,0.0015841185813769698,0.0038052017334848642
data/raw_airwrite/B/airwrite_B_20260728_222135_832841_0b0446.png,airwrite,B,S,0.47940436005592346,0.00015607419481966645,0.22441914677619934,1.2802676792489365e-05,0.06465428322553635,0.08767344057559967,0.007236856501549482,0.1339268684387207,1.237356550554125e-09,1.9811994206975214e-05,1.3016697266721167e-05,1.1030163449277097e-08,6.930761031753718e-08,9.398598300449854e-14,7.871948426441122e-09,3.909362931153737e-07,0.001646816497668624,0.00026495891506783664,2.940775448223576e-05,0.47940436005592346,1.8828157521966205e-07,1.1870171512384786e-11,4.1429317207075655e-05,2.399287435395081e-10,0.00016999131185002625,0.0002688561799004674,6.127623055363074e-05
data/raw_airwrite/B/airwrite_B_20260901_161523_606914_d142ad.png,airwrite,B,B,0.9178622961044312,1.1102450556133014e-11,0.9178622961044312,1.1978748548635565e-10,0.004956560209393501,3.16343066515401e-05,0.0015887778718024492,3.1962670732355036e-07,3.930137609131634e-05,0.06637241691350937,8.766366227064282e-05,6.464168563979911e-06,0.004814846441149712,1.5770909091905778e-16,5.966693947812018e-07,4.310365337768275e-14,8.720155051378242e-07,7.2308851614688585e-12,1.3344978810891917e-07,1.7394979900942076e-09,4.885824633760194e-09,3.2027096494857688e-06,0.0005210209055803716,4.8788425743850894e-08,3.382469304646918e-11,0.003713803831487894,3.834117051626507e-12
data/raw_airwrite/B/airwrite_B_20260903_142428_355183_9c754f.png,airwrite,B,F,0.47315722703933716,7.230335086205741e-06,0.07167179137468338,4.3862456777787884e-07,0.006327652372419834,0.00037475585122592747,0.47315722703933716,0.003375483211129904,0.0025924229994416237,0.06010991334915161,0.0008855818305164576,0.005274834576994181,0.017101328819990158,1.6331245689116258e-08,6.528529047500342e-05,6.879163905182395e-11,0.0010389473754912615,1.2181058650639898e-07,0.000592061085626483,0.0006851487560197711,0.00024422461865469813,1.4471037502516992e-05,0.012347236275672913,2.1962699975119904e-05,0.00016048367251642048,0.343950480222702,1.0636890692694578e-06
data/raw_airwrite/B/airwrite_B_20260903_142435_507160_e241cc.png,airwrite,B,B,0.9556159377098083,2.0161927682949e-12,0.9556159377098083,4.2738718813994936e-11,0.00017723141354508698,1.3287925639815512e-06,3.5647066397359595e-05,5.968988636695371e-10,0.01943529210984707,0.011492106132209301,1.313246311696048e-08,0.0010830925311893225,0.002664523432031274,1.5710858585231066e-14,0.00010221040429314598,3.7865459118568783e-16,4.162579352851026e-05,1.0476923148483586e-12,9.80993377197592e-07,4.674697586491694e-13,3.2325177257153115e-11,4.466960490390193e-06,0.00919751264154911,1.791739521195268e-07,2.148076367388535e-13,0.00014777990872971714,4.441726256547082e-14
data/raw_airwrite/B/airwrite_B_20260903_142438_806230_815434.png,airwrite,B,B,0.9708309173583984,3.7251730589105136e-09,0.9708309173583984,8.105222271126422e-09,0.00886720884591341,7.998504588613287e-05,0.0008318448672071099,5.63626872462919e-06,0.0002532876096665859,0.013325418345630169,1.679430715739727e-05,3.393283986952156e-05,0.0009421827853657305,9.159996979674068e-13,2.4051458240137435e-05,1.828043098839327e-11,5.757283724960871e-05,6.96616675455175e-09,6.822792784078047e-06,4.3353548306868106e-08,1.0786921578187503e-08,1.282848279515747e-05,0.0019377509597688913,1.0347140459998627e-06,1.5767087635509824e-09,0.002772581297904253,1.4102095879930943e-10
data/raw_airwrite/B/airwrite_B_20260903_142454_624437_f27246.png,airwrite,B,B,0.6110218167304993,4.261610229150392e-07,0.6110218167304993,5.371466045289708e-07,0.02431444078683853,0.0017293752171099186,0.06652852147817612,2.088729706883896e-05,0.004046689718961716,0.143452987074852,0.0025186941493302584,0.0018955189734697342,0.08748479187488556,2.1332142996488557e-10,3.5317254514666274e-05,1.6648475653635586e-10,4.9470509111415595e-06,1.5481496085101298e-09,1.7915639546117745e-05,1.649087789701298e-05,2.736839269346092e-05,0.0003234710020478815,0.033973757177591324,0.00019294406229164451,2.157567678295891e-06,0.022390706464648247,1.4813529958246363e-07
data/raw_airwrite/B/airwrite_B_20260903_142538_436605_646fd1.png,airwrite,B,B,0.9874717593193054,4.300337308471569e-10,0.9874717593193054,8.373655102644761e-10,0.005303902551531792,1.696167601039633e-05,0.0006599390762858093,1.5085409188486665e-07,7.759229629300535e-05,0.0013479540357366204,6.381997991411481e-06,1.5198622349998914e-05,0.0005146324983797967,5.491587341658645e-14,8.747016181587242e-06,1.0031347497455045e-12,1.9317369606142165e-06,4.8293556653700165e-11,2.7828116344608134e-07,5.582998952036178e-09,1.0468795830220756e-09,1.4911578546161763e-05,0.0040895696729421616,1.5416417227243073e-06,1.5327653035690503e-10,0.0004686215834226459,5.56565991211011e-12
data/raw_airwrite/B/airwrite_B_20260903_142544_094900_90be51.png,airwrite,B,B,0.9439353346824646,1.92331874870888e-08,0.9439353346824646,5.147725445908691e-08,0.006806455552577972,0.0022393192630261183,0.029432933777570724,4.897714006801834e-06,0.00035591196501627564,0.008997100405395031,7.874754373915493e-06,0.000686494808178395,0.0020086467266082764,1.0794659708202731e-13,6.064934154892399e-07,2.7873200709321866e-13,7.156590413615049e-07,4.404731093754499e-11,3.904749064531643e-06,2.6255688112541975e-07,8.418551828981435e-07,1.1026452284568222e-06,0.005086586810648441,1.1239062587264925e-06,1.6698430727046798e-07,0.0004295654653105885,1.6158661964027488e-08
data/raw_airwrite/B/airwrite_B_20260903_142603_083561_123eb1.png,airwrite,B,B,0.7721419334411621,5.144975556703457e-09,0.7721419334411621,1.1882332984214372e-07,0.0017798860790207982,0.00016959692584350705,0.014607555232942104,8.273024718619126e-07,0.028311138972640038,0.016117984429001808,4.798950612894259e-06,0.054281000047922134,0.07616206258535385,6.190142842754653e-11,0.0001600366667844355,1.3377007834769472e-12,0.00012933730613440275,8.70685260001558e-11,4.869624171988107e-05,4.923567775705351e-09,4.947970069224539e-07,5.3924955864204094e-05,0.03488789498806,1.6938121916609816e-05,1.8405899027129635e-08,0.0011257658479735255,1.4448134910693966e-09
data/raw_airwrite/B/airwrite_B_20260903_142618_402841_f238dc.png,airwrite,B,B,0.6893532872200012,9.535811784644466e-08,0.6893532872200012,2.1513950620999367e-09,0.00657582888379693,3.118947233815561e-07,3.3372207326465286e-06,5.5648438745947715e-08,0.0015329415909945965,0.00031782712903805077,2.9690149006000865e-08,1.8009075574809685e-05,1.5039715435705148e-05,1.3117921193739335e-09,0.015869660302996635,4.459469599149557e-11,0.0022259161341935396,1.3874124071833194e-08,0.00022076180903241038,1.97659559830754e-07,1.6177098549619018e-10,1.1854739568661898e-05,0.2829335927963257,5.879460513824597e-05,2.4898225148284325e-10,0.0008624948095530272,2.1052211081167005e-13
data/raw_airwrite/B/airwrite_B_20260903_142658_463136_e87c62.png,airwrite,B,B,0.7481109499931335,3.4731226605799748e-06,0.7481109499931335,5.30020933808828e-08,0.04759757220745087,4.915454155707266e-06,4.477474431041628e-05,2.255617073387839e-05,0.0015247371047735214,0.0027746534906327724,2.0507261524471687e-06,2.854986087186262e-05,7.845818618079647e-05,2.2166023683212188e-08,0.015608657151460648,1.751594780330379e-08,0.048734936863183975,6.69051496515749e-06,0.0018942465540021658,3.994493090431206e-05,1.6683706860476377e-08,1.0911851859418675e-05,0.1231023296713829,8.216280548367649e-05,4.3644845959533995e-08,0.010327262803912163,1.6207375719279327e-10
data/raw_airwrite/B/airwrite_B_20260903_142703_517186_553d34.png,airwrite,B,B,0.8713792562484741,1.804164924124052e-07,0.8713792562484741,5.399791724869374e-10,0.018578073009848595,5.761702595918905e-06,0.00031743606086820364,2.0560539269354194e-05,0.018889006227254868,0.02016672119498253,1.4564226376023726e-06,0.0003516916185617447,0.00018825253937393427,1.3785640406993593e-09,0.004448745399713516,1.7628353637944016e-11,0.023035550490021706,7.1686781666358e-07,0.0002628079382702708,1.6114604761696683e-07,1.1243815656314382e-08,1.0593129445624072e-05,0.014719704166054726,1.4048399862076622e-05,1.753234712964513e-08,0.027609290555119514,4.7376370188034755e-11
data/raw_airwrite/B/airwrite_B_20260903_142726_432122_b03307.png,airwrite,B,B,0.9556432962417603,2.949990599021568e-11,0.9556432962417603,6.770917160281442e-09,0.006884546484798193,1.602880729478784e-05,4.304191406845348e-06,9.320503480125808e-09,7.071699656080455e-06,0.03298536688089371,2.6920984964817762e-05,1.0749919709951428e-07,0.002876474056392908,1.5693146173391913e-16,1.0973334610753227e-05,1.7494493700920266e-11,9.533746947454347e-07,5.7204355835560605e-11,5.195141739022802e-07,1.176236552602461e-09,2.2491597473361935e-10,2.1115698473295197e-05,0.0009794903453439474,3.904473189209057e-08,1.77407472935244e-13,0.0005427823052741587,1.3841857347818287e-13
data/raw_airwrite/B/airwrite_lowercase_b_20260805_210240_018751_92b58e.png,airwrite,B,B,0.9881442785263062,5.509230571743018e-11,0.9881442785263062,1.2976656207919213e-11,0.006157831754535437,1.5698778099704214e-07,1.9978638192696963e-06,2.670798471271496e-09,1.4227856809156947e-05,0.00020416793995536864,4.335402365995833e-07,7.114717703871065e-08,1.6982017768896185e-05,9.254583725878604e-15,5.305148079060018e-05,5.184626057468111e-13,1.40044517138449e-06,1.628357691740856e-11,5.388663737448951e-08,7.396887546917696e-10,5.239481266385015e-13,6.7767964537779335e-06,0.005257743410766125,8.240441502493923e-07,2.6330695436505014e-13,0.00014001551608089358,8.463533091932472e-16
data/raw_airwrite/C/airwrite_C_20260728_222302_837097_511b18.png,airwrite,C,C,0.9979172348976135,3.225662226213899e-08,9.780188811592261e-12,0.9979172348976135,1.0670920147504148e-08,0.00039827439468353987,2.6667671590985265e-06,5.793175660073757e-05,3.469410869705314e-10,2.5689592120237137e-10,4.90935292418726e-08,2.0436655145950056e-10,1.0938338164123707e-06,3.9748745204497334e-19,1.626559022020746e-12,1.8368047083328065e-09,8.594151131052801e-17,6.227019632354044e-14,4.064760105393361e-06,5.144010772895058e-10,7.874090215409524e-07,7.317183153094397e-21,1.0696004970611739e-08,2.676188697731119e-12,1.5403428221816284e-07,3.261200717027263e-13,0.001617675879970193
data/raw_airwrite/C/airwrite_C_20260728_222345_717614_926ecc.png,airwrite,C,C,0.9995326995849609,2.5984016716051883e-08,3.636747081259273e-08,0.9995326995849609,2.150177124349284e-06,1.4667082723462954e-05,8.335777814533207e-13,2.2464060833726762e-08,5.714869766651476e-13,1.7724337908475718e-07,2.9840073239029152e-06,4.8238492464814514e-15,3.516221113386564e-06,1.0913533143171479e-17,3.7778200123739225e-08,0.0003561245684977621,4.075755358212696e-11,1.5494877603217105e-09,8.560681453673169e-05,1.132249280999531e-06,8.058766987062427e-09,1.5172885734285324e-12,7.080046202645462e-07,3.4194129732573186e-12,4.5195843053312534e-13,2.6037522138366853e-10,3.9771982929259764e-10
data/raw_airwrite/C/airwrite_C_20260728_222443_974106_7f1a2e.png,airwrite,C,J,0.9215580821037292,3.4374287860572394e-09,1.6935786106841988e-07,0.0007991701713763177,1.2742848412017338e-06,1.5061935300764162e-05,1.06211262007605e-10,1.7022273868239068e-10,1.804829721227667e-18,3.794523581746034e-05,0.9215580821037292,2.7011108324198538e-21,8.8118010665994e-09,1.6506172419460699e-25,2.4384918455126747e-13,0.0003551291592884809,1.6745354323272846e-15,1.3230450512935477e-08,1.2657490611189814e-09,0.07723245769739151,3.9455591149817337e-07,1.3280160535505633e-15,1.2186596620722412e-07,1.2785798353225075e-13,3.0201676663038635e-12,7.859132011844849e-08,1.1535093769055038e-08
data/raw_airwrite/C/airwrite_C_20260728_222540_665810_24d36f.png,airwrite,C,C,0.99930739402771,3.2929086124511286e-09,2.887862449174605e-10,0.99930739402771,9.552316271310701e-08,3.741089312825352e-05,4.5887071919992195e-09,1.3196229247114388e-06,7.741713520248439e-11,6.23442915070882e-08,2.1964558982290328e-05,1.4270285474127231e-11,0.000334467098582536,1.0541627445811717e-16,2.6508617523290923e-09,2.914521815000626e-07,1.3154122973160765e-12,4.356326931131971e-12,0.00028729930636473,5.22230081401176e-08,8.867190445016604e-06,1.5485548456536133e-15,2.777806287213025e-07,6.108679100752523e-12,5.652582915627313e-11,3.344195198540234e-10,3.839112707737513e-07
data/raw_airwrite/C/airwrite_C_20260728_222554_623618_647b21.png,airwrite,C,C,0.9992444515228271,4.955206804879708e-07,5.562870164510514e-10,0.9992444515228271,4.3275673533571535e-07,0.00016172861796803772,2.5761852384675876e-07,3.538530654623173e-05,4.972386058454958e-09,1.4933917213966197e-08,1.2543165212264284e-05,1.3052596781193415e-09,0.00014846953854430467,5.472553156081125e-14,2.123703701784052e-08,9.842423196460004e-07,1.0005580348623755e-12,2.3114191116668792e-11,0.0003630612918641418,4.827103339266614e-08,1.2902644812129438e-05,7.322132266826542e-15,5.317021987139015e-07,1.3041472346486671e-09,1.75482561814988e-08,2.6079807757817264e-10,1.8739430743153207e-05
data/raw_airwrite/C/airwrite_C_20260728_222742_640936_96fdd7.png,airwrite,C,O,0.8104109168052673,1.6309520560753299e-06,4.155242640990764e-05,0.03152566775679588,0.0008450571913272142,5.796198092866689e-05,1.7330683763083776e-11,4.749390924985164e-08,5.494885370317898e-16,6.524549007735914e-06,0.09955175966024399,3.2891627306525287e-18,2.670836707352464e-08,1.8218394497539012e-19,4.955718058141656e-09,0.8104109168052673,1.1581560016571402e-10,1.0947454939014278e-05,2.8160513920738595e-07,0.05754474550485611,8.366914983071183e-08,3.593212116737021e-10,2.791961605908e-06,7.909047722298723e-11,3.536356277256125e-11,4.784230966947689e-08,4.561853117479586e-09
data/raw_airwrite/C/airwrite_C_20260728_222816_419923_c6949b.png,airwrite,C,O,0.5692992806434631,1.4417067006888828e-07,1.5650011846446432e-05,0.07453877478837967,0.0002717064053285867,4.938615529681556e-05,3.064675249686566e-11,6.056531987042035e-08,5.904212056845069e-17,2.0826371837756597e-05,0.28197142481803894,5.537313490528244e-19,4.974505429800047e-08,1.1344098505858746e-21,3.0883243185009235e-10,0.5692992806434631,5.1623587349336475e-11,6.721467343595577e-06,3.2417617035207513e-07,0.07382362335920334,8.315024615512812e-07,7.657268916161364e-12,1.066242589331523e-06,6.220900964498677e-12,2.782573824133827e-11,1.074621067687076e-07,1.4350556298836636e-08
data/raw_airwrite/C/airwrite_C_20260901_161615_534680_a5bc21.png,airwrite,C,Z,0.9377719163894653,2.368412026498845e-07,1.3217992922420763e-08,0.0394749715924263,7.377146005183022e-08,0.011707624420523643,0.00988083891570568,0.0010482072830200195,2.1246094092930434e-06,4.810472375993413e-08,1.5263509345331272e-09,2.5341362288600067e-06,6.891351063131879e-07,1.3866081547785606e-16,1.2705874763777047e-12,4.9029556456470225e-12,1.618078094471967e-13,3.0963452288257365e-12,2.9770043852295203e-07,5.479988463008567e-09,5.613951543637086e-07,6.94816049811693e-19,5.080379423816339e-07,3.118180366690204e-11,0.00010934050806099549,6.936946850277792e-11,0.9377719163894653
data/raw_airwrite/C/airwrite_C_20260901_161704_035845_aeeeff.png,airwrite,C,C,0.9944106936454773,7.443913432325644e-07,2.4917872210039604e-09,0.9944106936454773,1.9313531538500683e-06,0.00027291878359392285,1.0637940528468448e-09,5.095141091260302e-07,6.8535874753195e-09,1.0313336815670482e-06,1.5472964150831103e-05,5.583225881622411e-09,0.0031946259550750256,3.653371008494055e-13,7.043570349196671e-07,2.1364890301356354e-07,2.5378729066188876e-12,2.4298607570472086e-10,0.002065274864435196,4.078704662902055e-08,2.5012581318151206e-05,2.1941583272511167e-10,1.0708919944590889e-05,2.994384740162559e-09,2.0492919861059278e-10,1.5084689053423972e-08,1.5186749635631713e-07
data/raw_airwrite/C/airwrite_C_20260901_161709_586117_d9ddb3.png,airwrite,C,C,0.9996352195739746,7.393364143126746e-08,2.909847474086291e-09,0.9996352195739746,8.727948284104059e-07,8.972335490398109e-05,3.035088499969696e-11,2.5292141003774304e-07,1.9999514544455366e-10,3.445163931914408e-09,1.5619356474871893e-08,1.3086265404638198e-10,8.704242645762861e-05,1.615200774372121e-15,2.5754064836291946e-07,7.090397247111468e-08,1.356562865512112e-11,3.922845381865159e-11,0.00018441281281411648,1.011572159370644e-09,1.2356516698730502e-08,2.8637960058919276e-12,1.939375579240732e-06,3.244172638861009e-11,6.531204071492935e-13,2.1137071259946794e-11,6.1016547370229546e-09
data/raw_airwrite/C/airwrite_C_20260901_161719_277551_730b22.png,airwrite,C,C,0.9962261915206909,3.272568847023649e-07,8.376872112636491e-11,0.9962261915206909,6.914492445275755e-08,0.000490568287204951,5.5038899517967366e-06,2.8679245588136837e-05,4.2854378534684656e-07,7.104787158596082e-08,5.379658887250116e-06,3.5331561321072513e-07,0.00206103571690619,2.5495366451702695e-13,5.4075202093883945e-09,4.769362682566225e-09,3.0297568924184115e-14,1.7334154944759206e-12,0.0006500617018900812,5.1626773966972905e-09,0.0002070186019409448,5.10245701755823e-15,8.838244411890628e-07,5.828406202113001e-09,8.722535937977227e-08,7.457229833640611e-10,0.00032326957443729043
data/raw_airwrite/C/airwrite_C_20260903_143106_656683_f1647a.png,airwrite,C,R,0.29040420055389404,0.014575419947504997,0.010771092027425766,0.0005750395357608795,0.018704958260059357,0.00035906038829125464,0.0240620244294405,0.05355028435587883,0.007883185520768166,0.004136329982429743,0.000738765811547637,0.0026130492333322763,0.0015616712626069784,0.001034604269079864,0.02758915349841118,0.0005738096660934389,0.28266552090644836,0.07750809192657471,0.29040420055389404,0.035780228674411774,0.006837228313088417,2.033747841778677e-05,0.018094956874847412,0.00047932934830896556,0.0010307005140930414,0.11822674423456192,0.00022426884970627725
data/raw_airwrite/C/airwrite_C_20260903_143118_913459_33e245.png,airwrite,C,C,0.9995922446250916,7.836978710429321e-08,7.134971780065058e-11,0.9995922446250916,1.5854188006869663e-07,1.2625806448340882e-05,8.684339469766655e-09,4.124912265979219e-06,2.882669658532677e-10,1.6040724304389187e-08,0.00011019447993021458,4.925676186373629e-12,0.00018345730495639145,7.919772350508693e-16,3.7174909817139223e-09,4.5402948671835475e-06,2.7247833573858585e-14,5.992531124099365e-12,8.315568993566558e-05,1.7111069894326647e-07,7.445810297213029e-06,1.9397810469028902e-15,4.209549331335438e-07,1.303688268450287e-09,4.129146746745249e-10,2.1242868575299667e-10,1.3410569863481214e-06
data/raw_airwrite/C/airwrite_C_20260903_143202_104977_e6d255.png,airwrite,C,C,0.9800506234169006,2.1635925804730505e-05,3.52983370248694e-05,0.9800506234169006,0.00045742531074211,0.002171245403587818,5.702855787603767e-07,0.00011277978046564385,5.029496819020096e-08,0.0002625573833938688,0.005620930343866348,3.6144514048430665e-09,0.0016063876682892442,1.6243095410373165e-11,3.2385289614467183e-06,0.005674224346876144,1.57685661861251e-07,2.182928028560127e-06,0.0018511676462367177,0.0018326271092519164,0.00013907012180425227,1.4434618833547574e-08,0.00012700370280072093,2.2817093281446432e-07,2.7335244112691726e-07,3.0738515306438785e-06,2.7322734240442514e-05
data/raw_airwrite/C/airwrite_C_20260903_143221_110159_46ff49.png,airwrite,C,C,0.9046589732170105,3.4746665278362343e-07,1.4919854720574222e-06,0.9046589732170105,1.595179855939932e-05,0.0012668592389672995,4.173277829977451e-06,1.8540024029789492e-05,8.255973966697638e-07,0.00019215678912587464,0.0008518997929058969,2.2185416526099289e-07,0.08131761103868484,2.154906244763999e-12,1.1732237226169673e-06,2.9804101586705656e-07,2.91707724642265e-09,3.057104569492708e-10,0.01030521746724844,1.6732432413846254e-05,0.0011453680926933885,7.210859132023018e-10,0.00019085714302491397,7.882651686941244e-08,1.7699088417089115e-08,1.478922627029533e-06,9.702883289719466e-06
data/raw_airwrite/C/airwrite_C_20260903_143223_428803_23f0dc.png,airwrite,C,C,0.9998282194137573,4.358329697140562e-09,1.511780631235915e-11,0.9998282194137573,5.753525300633555e-08,9.82539518190606e-07,4.6522334595788806e-12,7.08601959331645e-08,2.2872226031547815e-13,4.06653422047043e-09,8.115029777400196e-05,6.263810233132327e-16,7.985313459357712e-06,1.9444075574044055e-18,1.4566841066709912e-09,4.6721066610189155e-05,7.023841567637941e-15,2.194978790739932e-12,3.432248195167631e-05,1.1582805115040173e-07,2.1754760837211506e-07,2.77724898047944e-16,4.724837410208238e-08,4.400581461727615e-12,1.6171612660098589e-12,2.8018053155332012e-11,2.680499155971461e-09
data/raw_airwrite/C/airwrite_C_20260903_143241_429030_6da536.png,airwrite,C,C,0.9975715279579163,3.898910350130791e-08,1.658445114571805e-08,0.9975715279579163,1.3298991916599334e-06,0.00011162609735038131,4.110763640596815e-08,6.278988621488679e-06,6.009513442428727e-10,2.743772938629263e-06,0.00027991991373710334,7.484608072205745e-11,0.0012790242908522487,1.6553613592585259e-15,1.7779358429947933e-08,1.6702447283023503e-06,1.90045687520346e-11,6.36561428568605e-11,0.0006887083873152733,4.577424533636076e-06,4.5997669076314196e-05,5.423152161718181e-13,4.754537712869933e-06,5.800717128856547e-10,1.829787987794873e-09,1.4624007782515491e-08,1.72900763573125e-06
data/raw_airwrite/C/airwrite_C_20260903_143243_037380_915284.png,airwrite,C,C,0.9995754361152649,1.1162350688209699e-07,6.3939018524195035e-09,0.9995754361152649,1.408489083587483e-06,6.351030151563464e-06,7.273360516299454e-13,9.061155381573371e-09,2.057213600858976e-11,1.1448972969674287e-07,3.845370429189643e-06,6.086861429385054e-14,3.690300582093187e-05,2.5812543444516224e-15,8.135460234370839e-07,0.00023475589114241302,9.613834034416513e-12,4.462145652972538e-10,0.00013715105887968093,3.6220626498106867e-07,1.4918077440029265e-08,5.4011919936591823e-11,2.82433393294923e-06,3.5374844720159615e-10,4.69829253627041e-13,3.736634057727173e-10,2.516776231864526e-10
data/raw_airwrite/C/airwrite_C_20260903_143457_188714_ca4857.png,airwrite,C,C,0.9994972944259644,1.6678893643984338e-06,2.538449095368378e-08,0.9994972944259644,1.3548851711675525e-05,0.00014976738020777702,6.226219539939848e-10,1.1824757166323252e-05,6.798157176080011e-11,4.954264554157817e-08,1.4457367797149345e-05,6.568292784669971e-12,1.8994483980350196e-05,5.082939260871123e-15,9.084262586611658e-08,0.00013015205331612378,3.0268194201044096e-11,2.9855393712807654e-09,0.00015871129289735109,9.982387609852594e-07,4.124341046463087e-07,1.3674774203623064e-12,1.7801588683141745e-06,5.503218991620429e-10,1.0492209323587076e-09,6.698998022969249e-10,3.0499575132125756e-07
data/raw_airwrite/C/airwrite_C_20260903_143502_523197_970152.png,airwrite,C,C,0.9990631937980652,1.2288960249406955e-07,1.8605915030889264e-08,0.9990631937980652,3.804148036579136e-06,2.0104645955143496e-05,3.8661698842368253e-10,2.045203018496977e-06,3.024939673745841e-11,1.547402064261405e-07,7.383973570540547e-05,6.634446681266781e-13,5.306525054038502e-05,2.903096794738629e-15,2.3441761243248038e-07,0.000370589317753911,2.368224505389094e-10,3.076430887816173e-09,0.0004074451280757785,2.144294739991892e-06,8.026815976336366e-07,8.684496264482755e-13,2.3756149403197924e-06,9.987227711505398e-11,5.09619221822355e-11,3.998815500949604e-09,3.2497755597660216e-08
data/raw_airwrite/C/airwrite_C_20260903_143634_113666_6c090e.png,airwrite,C,C,0.994438886642456,3.065071252361662e-10,1.1243577005852143e-13,0.994438886642456,3.317395247393051e-10,2.936301143563469e-06,3.595271280687484e-08,1.465179622073265e-07,1.0144114437338203e-09,5.8624426202413815e-08,0.00017464732809457928,2.534588858238429e-11,0.0046379477716982365,2.3151822507126233e-17,4.524283378493088e-11,1.4815672022550075e-09,1.7072063202834956e-17,1.4164107178601276e-15,0.0003350388433318585,3.752204325024877e-09,0.000409072294132784,2.312709931938794e-18,2.9638043130830738e-08,2.6551981099909305e-11,3.544194451809979e-11,1.0293818575313196e-10,1.2527274293461232e-06
data/raw_airwrite/C/airwrite_lowercase_c_20260805_210342_856800_8f6be5 (2).png,airwrite,C,C,0.9059250950813293,7.93907111074077e-06,7.313724836421898e-06,0.9059250950813293,0.00043509952956810594,0.00015190326666925102,3.8718997452669157e-10,1.4978278159105685e-05,1.3903185026864495e-11,6.836457941972185e-06,0.0008725079824216664,3.37846585559895e-13,1.3870317161490675e-05,1.1035163871553864e-14,1.5658055190215237e-06,0.09115230292081833,2.8308981825375668e-08,3.865598500851775e-06,0.0005503054126165807,0.0008259974420070648,1.0928312121905037e-06,5.583241091677849e-10,2.911642695835326e-05,1.1457464976771803e-09,3.293783690239138e-09,1.2105648750093678e-07,9.744719875470764e-08
data/raw_airwrite/C/airwrite_lowercase_c_20260805_210342_856800_8f6be5 (6).png,airwrite,C,C,0.9927419424057007,2.1718158222938655e-06,3.577880852390081e-05,0.9927419424057007,0.0002484728756826371,0.0005441874964162707,1.3473233195782086e-08,1.0974214092129841e-05,2.2392556697781174e-09,3.9247697714017704e-05,0.00013504570233635604,3.3751978989471354e-10,0.0005694818682968616,5.072217060426987e-13,5.697970209439518e-06,0.00047735776752233505,5.512281973096833e-07,2.976620976369304e-07,0.004641218110918999,0.00030404244898818433,5.464107289299136e-06,4.6464836422899225e-09,0.0002372414746787399,6.4198504290402525e-09,3.689191618860832e-09,7.688019536544743e-07,1.7712403632685891e-07
data/raw_airwrite/D/airwrite_D_20260728_222955_452384_aed6fc.png,airwrite,D,P,0.5752578973770142,3.5061333619523793e-05,0.2491050660610199,0.00478348508477211,0.02782810851931572,0.0004533508326858282,1.179157061415026e-05,0.005281491205096245,2.979984037310146e-09,1.4698697668791283e-05,2.1695969465440612e-08,1.861202747477364e-08,4.808819653590035e-07,4.0537787970168493e-13,2.1811805709148757e-05,0.00011056072980863973,0.5752578973770142,0.0016654181526973844,0.12249529361724854,0.01147556584328413,4.832896820516908e-07,8.140341872797663e-11,0.0014174351235851645,1.6006498904097555e-10,2.708472095491743e-07,4.1424700611969456e-05,3.0892127256265667e-07
data/raw_airwrite/D/airwrite_D_20260728_223014_663337_2b36f0.png,airwrite,D,S,0.6031884551048279,8.686268120072782e-05,0.014139357022941113,0.009933602064847946,0.10649380087852478,0.0013211810728535056,6.68875657083845e-07,5.3816049330634996e-05,5.210180065162717e-10,0.00020948436576873064,0.10188328474760056,2.124771365796807e-11,0.00021877155813854188,1.4226612509576908e-12,1.9762577721849084e-05,0.16054672002792358,1.0642399502103217e-05,0.00020352484716568142,3.1913241400616243e-05,0.6031884551048279,7.439572868861433e-07,1.7936628182724235e-06,0.001567825092934072,2.828243736985314e-07,1.2471431887206563e-08,8.725572843104601e-05,1.7375384686602047e-07
data/raw_airwrite/D/airwrite_D_20260728_223058_087222_00295f.png,airwrite,D,O,0.9838979840278625,6.482770800175786e-07,1.1811903277703095e-05,0.013912788592278957,0.000534780090674758,3.098312618021737e-06,6.901546103680418e-16,1.475208399881467e-09,2.9316622492435285e-19,7.980840877053197e-08,2.9626839022967033e-05,1.4910863542838147e-21,4.062446906649697e-11,1.9291813056055857e-22,2.4080202276621776e-09,0.9838979840278625,3.849212615314457e-11,1.1728347089956515e-05,1.7139292651791038e-07,0.0015971693210303783,1.4484244532930735e-11,6.707289584850784e-11,1.1555801648910347e-07,3.351444759192544e-14,1.6870517840789773e-14,1.6440002137407816e-10,6.033427338465736e-13
data/raw_airwrite/D/airwrite_D_20260728_223237_550730_a4e935.png,airwrite,D,E,0.37182456254959106,0.18678654730319977,0.18745101988315582,0.003916807007044554,0.057674601674079895,0.37182456254959106,0.00185528548900038,0.03220723941922188,3.1369585485663265e-05,0.0004037643375340849,1.0076896614918951e-05,1.4093016034166794e-05,2.1668505212346645e-07,1.4113520130365487e-08,4.96929942528368e-06,0.00020697637228295207,9.680870789452456e-06,0.1213747039437294,0.00017934628704097122,0.015250666998326778,6.515098903037142e-06,7.641304364369716e-06,0.0011405582772567868,1.7531985577079467e-05,0.0048959990963339806,3.294358612038195e-05,0.014696931466460228
data/raw_airwrite/D/airwrite_D_20260728_223242_984016_b193c7.png,airwrite,D,D,0.23903733491897583,0.23569808900356293,0.09568405896425247,0.002792568877339363,0.23903733491897583,0.025979213416576385,0.001631307415664196,0.002379664685577154,3.381643182365224e-05,0.0024478647392243147,0.004494909197092056,0.0002433849876979366,0.00032906790147535503,4.682965027313912e-06,0.0024101303424686193,0.00037578115006908774,4.040779822389595e-05,0.007562374696135521,0.01565132476389408,0.18060511350631714,0.002358421916142106,0.0049911728128790855,0.14654110372066498,0.009089450351893902,0.004837662447243929,0.014719613827764988,6.139492325019091e-05
data/raw_airwrite/D/airwrite_D_20260728_223247_784363_d2fab9.png,airwrite,D,S,0.5500203967094421,0.0014676542486995459,0.007244236301630735,0.0025486669037491083,0.07820113003253937,0.0038917011115700006,1.57062309824596e-08,2.5600027129257796e-06,1.3418582217594732e-11,2.7577507353271358e-05,0.013350189663469791,3.6994926978610454e-13,6.914189043527585e-08,1.7948019643849317e-13,1.1928960930163157e-06,0.34226974844932556,1.9873819923077463e-08,0.0008946261368691921,4.426402483659331e-06,0.5500203967094421,1.0747621104201244e-07,2.1570854187302757e-06,7.097199704730883e-05,5.523502011328674e-08,8.07866218366371e-09,2.453038405292318e-06,7.007242430745464e-08
data/raw_airwrite/D/airwrite_D_20260728_223315_835324_8e9a79.png,airwrite,D,D,0.3319537937641144,0.0021752584725618362,0.14647090435028076,2.231939470220823e-05,0.3319537937641144,0.002415293827652931,0.003149484982714057,0.11754652857780457,7.902403922344092e-06,0.018347537145018578,0.005028967279940844,1.6770275124144973e-06,0.0001631819031899795,1.0442702702562201e-08,0.0002681138284970075,3.959651803597808e-05,0.017968354746699333,0.016980217769742012,0.003375981468707323,0.2464817315340042,8.342849469045177e-05,4.346899913798552e-06,0.0015921513549983501,5.1756624088739045e-06,0.00016045401571318507,0.08574694395065308,1.0600716450426262e-05
data/raw_airwrite/D/airwrite_D_20260728_223448_554546_81c95f.png,airwrite,D,P,0.5351324677467346,3.2494817787664942e-06,0.4049378037452698,7.028150150745205e-08,0.01052974071353674,0.00022972830629441887,0.0018949451623484492,0.000545166025403887,0.0008371445583179593,0.00517101027071476,8.998919298619512e-08,0.0013766222400590777,1.3321387086762115e-05,2.41695796709962e-09,0.0004150450986344367,1.7004254670993646e-09,0.5351324677467346,9.562721970723942e-05,0.026016615331172943,5.361283001548145e-06,1.9588073882914614e-06,3.0360769898152284e-08,0.001757606747560203,7.891268438697807e-08,6.893284989928361e-06,0.011029442772269249,4.2763403484968876e-08
data/raw_airwrite/D/airwrite_D_20260728_223533_266666_0a11d1.png,airwrite,D,O,0.6833764910697937,0.001412255922332406,0.041616979986429214,0.014119924046099186,0.10030820220708847,6.689595466013998e-05,1.703091179194871e-08,0.0002206485951319337,5.326717400500058e-10,1.2023352610412985e-05,4.244552940235735e-07,3.244989346673499e-11,6.297074151007109e-08,4.90292225222011e-12,0.0004659124824684113,0.6833764910697937,0.01019655354321003,0.03143712505698204,0.03745549917221069,0.07793626934289932,4.8530623075748736e-08,6.2043059578797966e-09,0.0013639358803629875,2.8061759582698187e-09,3.620998612063886e-08,1.059198984876275e-05,1.5383802676183223e-08
data/raw_airwrite/D/airwrite_D_20260728_223603_709283_7120ae.png,airwrite,D,S,0.46829816699028015,0.03965035453438759,0.16956491768360138,0.014380165375769138,0.091206856071949,0.11749409884214401,0.0009901111479848623,6.990582187427208e-05,1.1963009001192404e-06,0.0003230244910810143,0.013729162514209747,5.474076942846295e-07,9.466646588407457e-06,8.243597804380443e-09,3.584229853004217e-05,0.0641380175948143,2.8528850180009613e-06,0.005701408721506596,6.294834020081908e-05,0.46829816699028015,2.7980322556686588e-05,3.8889837014721707e-05,0.01290872972458601,0.0005679754540324211,0.00011464495037216693,7.550582085968927e-05,0.0006073006079532206
data/raw_airwrite/D/airwrite_D_20260728_223758_726196_af18af.png,airwrite,D,V,0.30084067583084106,0.055249668657779694,0.11064781993627548,0.08710237592458725,0.071367047727108,0.11058834195137024,0.008971208706498146,0.0013958323979750276,0.0016955632017925382,0.008524167351424694,0.012536762282252312,5.3809959354111925e-05,0.0006446940242312849,1.6719244513296871e-06,0.0006366667803376913,0.008643374778330326,4.466940663405694e-05,0.010729263536632061,0.00024543970357626677,0.16953229904174805,0.0003383482398930937,0.00023388504632748663,0.30084067583084106,0.00596660515293479,0.0033889340702444315,0.0029254124965518713,0.027695389464497566
data/raw_airwrite/D/airwrite_D_20260901_161813_729794_1af13e.png,airwrite,D,D,0.9659513235092163,0.00010647261660778895,0.002946603111922741,1.4687256619239086e-11,0.9659513235092163,4.5492830395232886e-05,1.2175167285022326e-05,0.00012202059588162228,1.3458490002449253e-06,3.649014615803026e-05,4.178806921117939e-05,3.660174163755414e-09,2.4627769334983896e-07,1.4602759973447732e-11,1.62495780386962e-05,7.356071307640377e-09,5.091377715871204e-06,0.007694297470152378,1.6321237694683077e-07,0.00011479490785859525,1.155902040750334e-09,4.643162654360822e-08,1.7762486095307395e-05,9.424007885172614e-08,2.2256934073539014e-09,0.02288752980530262,6.112236411448535e-11
data/raw_airwrite/D/airwrite_D_20260901_161905_286677_2563b6.png,airwrite,D,D,0.9051153063774109,0.04183986037969589,0.0006643253145739436,1.5714251080933828e-11,0.9051153063774109,0.002425981219857931,8.76943943239894e-07,3.9428363379556686e-05,3.6818167359342624e-07,2.8068805477232672e-05,6.784917445656902e-07,1.7497439941394077e-08,1.6317386331010653e-10,4.750459747793201e-11,6.57547161608818e-07,1.229823576309741e-09,2.2339155525408216e-10,0.03691630810499191,1.2471830359572778e-06,5.7410728913964704e-05,2.499194522442849e-07,1.066965410245757e-06,1.6766396129241912e-06,5.224409846960043e-07,5.8630512285162695e-06,0.012900043278932571,1.788161174687275e-09
data/raw_airwrite/D/airwrite_D_20260901_161920_761463_f4a465.png,airwrite,D,D,0.9882766604423523,0.0005202661850489676,0.0008877752115949988,4.014652922167822e-14,0.9882766604423523,3.024006582563743e-05,7.661819978466156e-08,1.6366660929634236e-05,6.254408901895658e-08,1.7603439346203231e-06,2.1910992131779494e-08,1.3273762644594456e-10,1.4009937307490894e-11,3.62555498860731e-13,4.6288454313980765e-07,4.502770378778109e-11,7.61664686876884e-09,0.008397994562983513,3.750818677872303e-08,5.169362339074723e-06,3.2633156593631085e-11,2.065314363974835e-09,4.282566408164712e-07,7.848417915568007e-09,7.3323640492617415e-09,0.0018626224482432008,1.376290032460703e-12
data/raw_airwrite/D/airwrite_D_20260901_161931_787107_749008.png,airwrite,D,D,0.9964311122894287,3.857641388549382e-07,0.001796809840016067,1.605871165211159e-11,0.9964311122894287,6.830041093053296e-05,4.219797400395464e-09,6.025978382950825e-09,7.636892507267845e-11,8.03450802777661e-06,0.0013554051984101534,6.086997225707158e-12,1.3859406067240343e-07,1.0628781180383774e-16,1.9813752416553143e-08,1.2120290548978119e-08,4.0279469348683886e-14,2.5772987299887973e-08,2.7613666908621326e-10,7.007686804172408e-07,4.497667516201176e-10,3.7288060411810875e-05,1.8152517441194504e-05,6.821019837843778e-07,1.5075907189299187e-10,0.0002829410950653255,4.4255394569250525e-14
data/raw_airwrite/D/airwrite_D_20260903_144108_831396_18ed20.png,airwrite,D,U,0.8995330333709717,0.047699082642793655,0.00011419913789723068,3.06836056562787e-10,0.03328513354063034,0.0015418854309245944,2.7199286378731813e-08,7.511491872946863e-09,2.2185677153174765e-06,0.0009743170812726021,4.193590211798437e-05,2.288691575813573e-06,2.7312774264487416e-08,7.976866944758854e-10,2.8358974759612465e-06,2.767141238368964e-10,1.9114649737041954e-16,2.7920482352783438e-06,5.8722675930766854e-06,2.6728855573310284e-07,0.0004055991885252297,0.8995330333709717,0.00019658436940517277,0.008950148709118366,0.00019365108164492995,0.0070480420254170895,3.0972963083186755e-10
data/raw_airwrite/D/airwrite_D_20260903_144114_445375_05198f.png,airwrite,D,D,0.8752508163452148,0.0029724175110459328,0.022198839113116264,7.683350986553705e-07,0.8752508163452148,0.0012807071907445788,1.2522343695309246e-06,2.4718607164686546e-05,1.7106474842876196e-05,0.002860142383724451,0.0017699336167424917,5.879501259187236e-07,3.0090786822256632e-05,9.01516283846604e-09,0.00041506110574118793,8.504715879098512e-06,2.6710544887009746e-09,9.193969890475273e-05,7.289960194611922e-05,0.00010639835090842098,4.058020749653224e-06,0.06914364546537399,0.006049175746738911,0.0035512589383870363,4.814728526980616e-06,0.014144818298518658,2.621190597906775e-09
data/raw_airwrite/D/airwrite_D_20260903_144145_283160_7a5d4f.png,airwrite,D,D,0.8719816207885742,0.040482040494680405,0.0017482968978583813,6.302315891382193e-10,0.8719816207885742,0.005802555941045284,2.634367612941446e-09,3.012639808730455e-07,1.4788220425998588e-07,0.0003117202431894839,4.350620656623505e-06,4.441804435373342e-08,1.083760414744006e-09,3.5190747885160967e-12,7.387583309537149e-07,8.253813188474624e-10,3.3298551281527174e-16,2.715457958402112e-05,5.474638328450965e-06,1.6207366115850164e-07,3.00066403724486e-06,0.07570324838161469,0.00015671153960283846,0.0008280822657980025,3.7363945011748e-05,0.0029069166630506516,2.589079818593465e-11
data/raw_airwrite/D/airwrite_D_20260903_144323_269259_8a7f00.png,airwrite,D,D,0.9665765762329102,3.0653877729491796e-06,0.01068162266165018,1.043691244539957e-09,0.9665765762329102,0.00017215173284057528,6.059878614905756e-06,1.1017788892786484e-05,3.1492277230427135e-08,0.0001668510230956599,0.013517512008547783,6.756416537356813e-10,2.887909249693621e-05,2.5093265681487564e-13,1.9047716932618641e-06,2.62394252104059e-07,2.551324662647403e-08,1.6103738744277507e-05,2.026449230640992e-08,0.00013207287702243775,4.7662096491762895e-09,1.213147788803326e-05,6.788791506551206e-05,1.072039140126435e-06,9.95025728478538e-10,0.008604574017226696,5.022701698997878e-11
data/raw_airwrite/D/airwrite_D_20260903_144343_041761_88e4a4.png,airwrite,D,Y,0.6491060853004456,0.03124416433274746,0.00041007556137628853,5.850723551470427e-12,0.006565580610185862,7.082827778503997e-06,9.306397259933874e-05,0.00014500159886665642,0.28320634365081787,0.013808413408696651,9.06880359252682e-07,0.0012732596369460225,1.2958010131569608e-07,9.729183511808515e-05,0.0045777191407978535,5.094892823603869e-12,3.294189525604452e-07,0.003913695923984051,0.0008382067317143083,1.1762951999116922e-06,1.0000292604672723e-05,0.0012013290543109179,0.0002240176108898595,0.0029254653491079807,0.00035063541145063937,0.6491060853004456,2.9216342678495266e-09
data/raw_airwrite/D/airwrite_D_20260903_144537_164461_cb21db.png,airwrite,D,D,0.9177855849266052,2.094248429784784e-06,0.054344333708286285,2.4598847403467516e-09,0.9177855849266052,0.00021107988141011447,2.1314106561476365e-05,4.859754426433938e-06,1.1269747091091631e-07,0.0003303067060187459,0.021159976720809937,3.9746339552948484e-09,6.034548277966678e-05,9.241071449728189e-13,3.5175198718206957e-06,6.803738870075904e-07,2.074321692191461e-08,1.6837215071063838e-06,3.4180612118461795e-08,0.0001286517217522487,1.0782148507360034e-08,9.817950922297314e-05,0.0002505557786207646,1.0397358892078046e-05,5.2336046607592834e-09,0.0055862185545265675,1.0932689475939839e-10
data/raw_airwrite/D/airwrite_D_20260903_144541_932708_6df358.png,airwrite,D,D,0.7488310933113098,8.903586422093213e-05,0.0635119378566742,2.0661032351654285e-07,0.7488310933113098,0.0008284401264972985,0.0001376029831590131,2.6942776457872242e-05,3.926369026885368e-05,0.0067158970050513744,0.06932059675455093,3.419325594222755e-06,0.002017755527049303,4.2094239205425765e-09,0.0002135730755981058,4.7943440222297795e-06,8.856436295445747e-08,1.1040434401365928e-05,5.073475222161505e-06,0.00018368972814641893,1.1212542631255928e-05,0.031715042889118195,0.007095434237271547,0.0036694053560495377,1.2286923265492078e-06,0.06556721031665802,1.3454568126292088e-08
data/raw_airwrite/D/airwrite_lowercase_d_20260805_210827_943814_1544c1.png,airwrite,D,D,0.991417646408081,1.336079069602647e-08,0.0068968008272349834,3.240285576205752e-14,0.991417646408081,3.083929914282635e-05,1.9016670194105245e-07,1.2395926773933752e-07,6.98405916432776e-11,1.9796609194600023e-05,0.00040062711923383176,1.1560529009774223e-12,2.4543526322418074e-08,3.186211314626296e-19,1.3234451312627016e-09,2.8690634937267312e-11,1.6779134505429116e-12,3.680374405234943e-08,1.693598386531825e-11,1.4402817782865895e-07,1.0720826136567663e-11,2.3681032246258837e-07,2.4158097744475526e-07,3.3041904767827646e-09,1.286992300925105e-11,0.0012332773767411709,1.1662659431407006e-14
data/raw_airwrite/E/airwrite_E_20260804_141015_745840_f54e3a.png,airwrite,E,E,0.892326295375824,1.2043983588228002e-08,1.2381628948787693e-05,0.0012103879125788808,1.3551195934269344e-06,0.892326295375824,0.06409161537885666,0.00016971644072327763,7.778861800034065e-06,0.00039454776560887694,3.47246249532418e-08,0.023906581103801727,0.01011368166655302,1.5516848441519547e-15,5.7750255966215747e-11,1.8539570852365954e-14,4.808876852280264e-08,9.032359062077777e-12,0.0007888201507739723,2.992615932839726e-08,0.001135672559030354,4.9195762514989225e-15,1.110756215894071e-06,9.962365134230655e-13,3.0907083328202134e-06,1.7465440294017753e-07,0.005836676340550184
data/raw_airwrite/E/airwrite_E_20260804_141020_888047_455d9c.png,airwrite,E,E,0.9769436717033386,5.831299176861648e-07,8.17007446585194e-07,0.0012744858395308256,1.7940916450243094e-06,0.9769436717033386,0.0004697937110904604,6.925413617864251e-05,1.5800883375050034e-06,3.905819312421954e-07,9.637244474669515e-11,0.01860148087143898,1.4202676538843662e-05,7.30291986551692e-15,4.843877729476809e-11,6.894686915576848e-14,5.532136207464511e-11,1.7424323095482919e-10,0.00014802985242567956,1.6373319366991268e-10,3.0926526960683987e-05,1.7622451010924044e-14,3.060945630295464e-07,7.888613373641107e-12,2.2873150555824395e-06,1.0579643827668406e-09,0.002440490759909153
data/raw_airwrite/E/airwrite_E_20260804_141046_709126_cc47a9.png,airwrite,E,S,0.9764012694358826,1.264824578406376e-09,2.2759313651476987e-05,7.248672773130238e-07,1.788836561900098e-05,0.020467352122068405,6.765229727534461e-07,8.86104317032732e-06,2.198076606012993e-19,8.008963777683675e-05,0.002976631745696068,5.0861316381968306e-21,9.29794110628157e-13,6.628632580671069e-29,1.575564206749407e-18,1.1028640756194363e-07,1.793589582410604e-12,2.7025413373849005e-07,1.5510334336332754e-11,0.9764012694358826,1.2172638896856824e-08,4.333752306046248e-21,1.2929543720396897e-11,6.583657157340844e-19,6.504902838599946e-09,8.970185945145204e-07,2.251115620310884e-05
data/raw_airwrite/E/airwrite_E_20260804_141222_049998_f7b4f2.png,airwrite,E,E,0.5015729069709778,7.545457592073035e-09,4.0787949018294967e-08,0.00013195090286899358,6.972483390654816e-08,0.5015729069709778,0.18381741642951965,0.0020370630081743,5.449292217463153e-08,0.0018129975069314241,7.956886065585422e-07,2.281378510815557e-05,0.00031083475914783776,1.2700611258261028e-19,3.925016422854288e-15,3.726962755610814e-15,2.3346454977590803e-12,9.767979827768336e-12,1.2850841812905855e-05,7.308352110158012e-07,0.0009591355337761343,1.6673573957519998e-19,9.260170408253998e-09,3.3290224418260073e-15,0.0001260077697224915,2.2380078235073597e-07,0.30919402837753296
data/raw_airwrite/E/airwrite_E_20260804_141337_984909_15df1b.png,airwrite,E,E,0.9946287274360657,9.163549780089042e-11,4.4431874357542256e-07,1.9086799511569552e-05,2.4739154724784385e-08,0.9946287274360657,0.0023713684640824795,0.0003993205900769681,1.2266223627099837e-11,9.056480565483582e-11,5.897885753050483e-15,1.8785448219205136e-06,1.8404182622333565e-09,1.299637612843306e-23,5.880244994904712e-17,7.655459954482725e-17,2.1757513568587683e-09,2.6127162499473e-12,5.211341047584028e-08,4.271480391615512e-11,5.594433249989095e-11,8.065105339877807e-25,6.487489712103667e-11,2.517181043597901e-20,7.120827927309392e-09,3.1444007689502076e-14,0.0025790133513510227
data/raw_airwrite/E/airwrite_E_20260804_141430_311497_ee7ca7.png,airwrite,E,E,0.9112175703048706,1.1249542630764608e-08,4.101485501450952e-06,0.00043499708408489823,7.958003038766037e-07,0.9112175703048706,0.0696379691362381,0.0013583000982180238,4.79877542147733e-07,1.915742177516222e-05,4.108713813621989e-09,0.0014127459144219756,0.0005116392276249826,1.0076909436745546e-16,4.066172312050531e-12,2.67218769355905e-14,5.6857690111655756e-08,4.5453342478740666e-11,6.162953650346026e-05,4.369861628106264e-08,1.8140632164431736e-05,3.495010141603953e-17,1.3031348089498351e-07,4.386189694327407e-14,1.931154884005082e-06,1.755841338990649e-08,0.015320236794650555
data/raw_airwrite/E/airwrite_E_20260804_141529_555267_60b583.png,airwrite,E,E,0.966057538986206,2.890800310240138e-08,7.406121653730224e-07,0.012189374305307865,8.532722404197557e-07,0.966057538986206,0.004945488180965185,0.00034583380329422653,4.430346223216475e-07,2.2819739342594403e-07,3.370980994343853e-10,0.006270274985581636,0.00021092504903208464,7.611160131341325e-16,2.9257200828691765e-11,4.72242362402342e-13,6.086876336297564e-09,5.513501807885568e-11,0.00015730492305010557,5.431566862945658e-10,1.3920376659370959e-05,8.965807350739817e-17,1.4496410472020216e-07,2.2865438925948056e-13,3.6343146803119453e-07,4.0062242412375326e-10,0.009806603193283081
data/raw_airwrite/E/airwrite_E_20260804_141746_400799_6f4313.png,airwrite,E,S,0.3841312825679779,6.166786192807194e-07,7.382141484413296e-05,2.1054227090644417e-06,8.227342914324254e-05,0.35457995533943176,0.01106342300772667,0.008562450297176838,1.2859447950930303e-09,0.07980034500360489,0.0013789571821689606,1.9186568566559314e-12,2.6240188688575472e-08,2.1676065034208073e-19,3.605652221564358e-14,2.8185864753282885e-10,3.0757205671250176e-09,7.174145139288157e-06,1.3786913832802838e-09,0.3841312825679779,2.3183226858236594e-06,2.7591629741709884e-16,1.0706951059091807e-07,2.314109936118157e-14,0.0005580696160905063,0.0066864388063549995,0.1530706286430359
data/raw_airwrite/E/airwrite_E_20260804_141820_429293_04cbba.png,airwrite,E,G,0.2844551205635071,2.2226997771213064e-06,1.3668767678609584e-05,3.3918375663688494e-08,3.9195358112920076e-05,0.2460753619670868,0.24568437039852142,0.2844551205635071,1.428064777542204e-09,0.0534951388835907,0.0018980770837515593,5.706017949802522e-11,6.655589004367357e-07,2.5233049460159666e-18,3.460000840525834e-13,2.5646234268206225e-12,6.328549062573074e-08,1.6689320545992814e-05,2.400777532329812e-08,0.11923413723707199,1.1508599527587648e-05,1.3330728402456715e-15,2.9032949377949535e-09,1.2031812483446428e-14,0.00011650823580566794,0.03445214033126831,0.014505106024444103
data/raw_airwrite/E/airwrite_E_20260804_141826_582483_94f403.png,airwrite,E,E,0.9939569234848022,7.988127845824644e-13,1.6572724348407064e-07,1.0534456123423297e-05,8.585385735671025e-10,0.9939569234848022,0.005049354396760464,1.3238841347629204e-06,2.4860702385609557e-09,1.9352171420905506e-07,6.54379843497907e-14,2.7664535082294606e-05,1.1534323220985243e-06,3.2768715995181334e-24,7.660710731575089e-18,5.933339472758375e-21,1.2222779212367474e-11,3.533774141213903e-17,8.435138454387925e-08,1.7995526943592743e-11,1.8426451475761496e-08,3.532211872257107e-24,2.5424376492999556e-10,1.4852092521874968e-19,1.3162381184983474e-09,6.17678759702589e-13,0.0009524688357487321
data/raw_airwrite/E/airwrite_E_20260901_162047_585386_7d67df.png,airwrite,E,E,0.9825124740600586,5.282861093292013e-05,0.00041175447404384613,5.396453062189721e-08,0.0010009208926931024,0.9825124740600586,4.909219910587126e-07,0.01016316283494234,4.858099870736626e-15,3.925827485318223e-08,8.056245254239869e-11,1.223220418185289e-12,4.465120417165651e-16,1.932995075739982e-21,4.861805004606153e-16,3.6261926794622923e-09,1.9450545341026526e-11,0.005579538177698851,5.2301921016351116e-08,7.491515862056985e-05,9.636406117508045e-10,8.800463872457817e-17,4.481411075563102e-11,1.8705925899745212e-16,0.00014818469935562462,3.966090567075753e-09,5.556814721785486e-05
data/raw_airwrite/E/airwrite_E_20260901_162101_552203_b42446.png,airwrite,E,E,0.9341351985931396,2.4058963390416466e-05,0.00020596873946487904,7.737313717370853e-05,2.1552048565354198e-05,0.9341351985931396,0.00030311677255667746,0.0010833381675183773,6.64533530425615e-08,5.031877662986517e-06,6.117314294007414e-11,7.035489488771418e-07,7.351343839223645e-11,1.5782447268834158e-17,7.747424121511137e-14,8.94872630857746e-12,3.4020657818656375e-11,3.622291728788696e-07,9.81577485958951e-08,1.750074034134741e-06,2.2970132462774018e-08,3.7189824346982574e-15,2.459181018821255e-07,1.341787141465045e-12,0.0017357546603307128,7.179162264669969e-10,0.062405429780483246
data/raw_airwrite/E/airwrite_E_20260903_145157_641192_8acf6a.png,airwrite,E,E,0.8684275150299072,0.00017752955318428576,0.01911620981991291,0.001470456481911242,0.011875022202730179,0.8684275150299072,5.745869566453621e-05,0.08696375042200089,1.1907487496021218e-10,3.374731750227511e-05,1.233770035469206e-06,5.053766294338402e-09,3.4855909269992935e-09,5.588668858237894e-16,1.4775194956406779e-10,1.5635172530892305e-05,1.6881526789802592e-06,0.007641064468771219,7.961291703395545e-05,0.0023548125755041838,1.4550121250067605e-06,8.67446045549336e-12,2.584859544185747e-07,5.234319921942898e-12,5.898301242268644e-05,6.22124559868098e-07,0.001722876913845539
data/raw_airwrite/E/airwrite_E_20260903_145225_020748_e9fdfa.png,airwrite,E,E,0.5576207637786865,8.291790436487645e-05,0.09879925847053528,0.0008513472275808454,0.018176715821027756,0.5576207637786865,4.1162038542097434e-05,0.30452898144721985,1.8560951386970004e-11,3.1303009109251434e-06,6.187636358845339e-08,6.288439768908916e-10,7.195500861811865e-10,1.7856784634545636e-17,2.0475984796597402e-10,5.503828560904367e-06,3.381144051672891e-05,0.01828700862824917,0.00010188024316448718,0.0011591666843742132,4.040873591293348e-08,3.430143538998842e-13,3.2715212228140444e-07,2.714884794838973e-13,3.944456693716347e-06,1.4976143347666948e-07,0.0003038013237528503
data/raw_airwrite/E/airwrite_E_20260903_145233_177440_0670bf.png,airwrite,E,S,0.3711279034614563,0.001414297497831285,0.06772976368665695,0.0008949803886935115,0.06630101799964905,0.32664594054222107,0.00025678129168227315,0.1337253600358963,1.4393487512975867e-09,0.0015025053871795535,0.00046591527643613517,2.150173372683639e-09,5.543763137438873e-08,6.662454333887513e-13,1.5841514766634646e-08,0.0006093811243772507,1.9877908925991505e-05,0.026918252930045128,0.0002117073308909312,0.3711279034614563,3.0681116186315194e-05,3.301464657212705e-09,3.4523031899880152e-06,1.126390536398958e-09,0.0005263806087896228,0.0003049008664675057,0.001310819759964943
data/raw_airwrite/E/airwrite_E_20260903_145314_166830_5dbb88.png,airwrite,E,E,0.8795666098594666,8.847985736792907e-05,0.007304954808205366,0.013832629658281803,0.011210408993065357,0.8795666098594666,7.1264084908762015e-06,0.08351974189281464,1.4387872837584581e-11,8.889976925274823e-06,1.488100224378286e-06,3.2159427898470483e-10,1.0481551626639884e-08,5.9036165695220916e-18,6.350080877792763e-11,4.020081178168766e-05,5.322060019352648e-07,0.002015825128182769,5.5088028602767736e-05,0.0013342018937692046,2.73891402002846e-07,1.9582739021941492e-13,3.409413409372064e-07,7.587442501545694e-13,3.717982281159493e-06,5.1635126396831765e-08,0.001009398722089827
data/raw_airwrite/E/airwrite_E_20260903_145416_814390_de95cd.png,airwrite,E,E,0.9841679930686951,2.8062984824828163e-07,3.127027230220847e-05,2.678122427823837e-06,5.409197910921648e-06,0.9841679930686951,0.00010003518400480971,0.004945414140820503,3.610587523406039e-12,2.771029130599345e-07,2.4324733199909687e-11,4.245431783900244e-10,3.4954586967950174e-12,2.1226575836555807e-22,3.851777110265014e-17,4.3415397145418755e-12,5.7668883557404627e-11,3.272892286076967e-07,8.371694448783273e-09,5.853072707395768e-06,5.543067116420275e-10,4.5911706703346804e-20,2.624769845915864e-10,5.359610569046691e-17,3.761289190151729e-05,5.396575547544913e-11,0.010702814906835556
data/raw_airwrite/E/airwrite_E_20260903_145421_657997_958e9b.png,airwrite,E,E,0.8788516521453857,0.0011447611032053828,0.00462082214653492,0.00011323594662826508,0.0074110934510827065,0.8788516521453857,0.0008183196769095957,0.06871426105499268,6.419619058561921e-09,0.00032491906313225627,6.603970632568235e-06,4.1774933379201684e-07,2.3300630758171792e-08,2.3198310676944556e-13,3.8748756980844234e-10,1.246678152710956e-06,1.9387373129120533e-07,0.002163823926821351,0.00010468968685017899,0.008701905608177185,4.356401404947974e-05,1.7436607713250396e-10,1.791768113434955e-06,5.489586007989544e-10,0.019173434004187584,3.3669602998998016e-05,0.007769592106342316
data/raw_airwrite/E/airwrite_E_20260903_145516_846144_55905b.png,airwrite,E,E,0.9715255498886108,1.80661402282567e-06,0.023596996441483498,4.16161710745655e-05,0.00041306979255750775,0.9715255498886108,0.00016793514078017324,0.004066207446157932,4.122492069935646e-10,6.120900252426509e-06,6.617217329640823e-10,1.9937790085577944e-08,8.040532128994471e-10,1.7823858296672657e-18,3.688480510605219e-12,4.664563874046124e-11,2.4533829900974524e-07,1.8307028994968277e-06,8.244682248914614e-06,1.750042792991735e-05,1.898225576724144e-08,1.0284325915020393e-14,2.3417983641138562e-07,4.172805831881461e-14,1.6752387637097854e-06,2.4281961330530066e-08,0.0001510227011749521
data/raw_airwrite/E/airwrite_E_20260903_145646_630836_b6ac9e.png,airwrite,E,E,0.9976847171783447,4.127625352623454e-09,0.00017743789067026228,4.884068616206605e-08,3.414631237319554e-06,0.9976847171783447,2.1989425391666373e-08,0.0021237535402178764,2.1393076206896026e-19,1.517850428678358e-11,1.6842645321687863e-16,7.022454762945049e-16,6.802571023440886e-19,1.123075296137199e-31,7.293743407162315e-21,4.981494952866275e-14,8.962486135188907e-12,6.689132987958146e-06,4.039766576813264e-10,1.15829497104869e-08,4.38375930269185e-15,2.205240445984642e-25,3.788096342139356e-14,7.641984016144413e-25,4.712150669661241e-10,1.6755115319198768e-15,4.001504294137703e-06
data/raw_airwrite/E/airwrite_lowercase_e_20260805_210905_891143_44fc49.png,airwrite,E,E,0.8797523975372314,4.671776696341112e-05,6.4364357967861e-05,0.11813691258430481,0.00011760580673580989,0.8797523975372314,1.975869781745132e-05,0.0008192466921173036,1.873873323177122e-08,2.9037179771762567e-08,5.835603111847831e-10,7.058724349917611e-06,1.599946273245223e-07,2.583429101543698e-15,2.7821207559952654e-09,4.575460010869392e-09,3.4905129897566667e-09,2.8067321977687243e-07,0.00017136873793788254,1.9111203286570344e-08,1.9059500289131392e-07,2.6219440030575414e-13,1.9921517377952114e-06,2.6082197165933074e-11,2.9239413379400503e-07,7.659729100994994e-11,0.0008616575505584478
data/raw_airwrite/E/airwrite_lowercase_e_20260805_210911_661187_b3f2c5.png,airwrite,E,C,0.502486526966095,9.874189466074768e-09,3.2926065614447e-05,0.502486526966095,6.736453542544041e-06,0.4473911225795746,1.4210062317943084e-06,8.082591307356779e-07,3.09348183691327e-06,0.00012326739670243114,7.909489063706587e-09,0.0004776483401656151,0.0421513170003891,6.98877461537985e-16,1.7708922328552035e-08,8.819839823759335e-12,3.955137373168327e-08,2.7839503272120147e-11,0.007199921645224094,8.834901144005869e-10,5.580859215115197e-05,9.445682083719653e-12,5.384197720559314e-05,4.90076642462034e-12,3.394801384448698e-10,9.337501438722029e-09,1.552224603074137e-05
data/raw_airwrite/F/airwrite_F_20260804_141915_004901_66084d.png,airwrite,F,F,0.9705735445022583,5.258651825101879e-08,2.10300332703639e-09,6.147269596112892e-05,7.569681770291936e-09,7.609478052472696e-05,0.9705735445022583,0.0010709894122555852,4.28868497692747e-06,2.2582661435288642e-11,2.069670823612313e-11,0.027257734909653664,1.3325850432011066e-06,2.6818484499119277e-12,5.501730182544406e-10,2.3613228749717538e-14,1.2768210932989632e-09,1.0368039976907384e-12,0.0007719994173385203,2.4444890556196697e-11,8.321160748891998e-06,7.761042130559242e-20,1.0571006470172506e-07,1.60816377575701e-11,7.092944997566519e-06,1.5232218264493724e-10,0.00016686345043126494
data/raw_airwrite/F/airwrite_F_20260804_141939_963399_4b0a3b.png,airwrite,F,R,0.9368994832038879,4.642161002266221e-07,5.243210865479853e-10,0.003977567423135042,3.865065423269698e-08,1.5133468878048006e-05,0.049073562026023865,0.0031226673163473606,1.850607259257231e-05,2.5545655868430828e-11,5.5172037077833025e-11,0.0067778825759887695,4.1829002839222085e-06,1.335248023259794e-10,2.9126576350790856e-07,1.4582422725936683e-12,3.2746170219866144e-09,8.856232804402286e-13,0.9368994832038879,9.558253494246216e-11,9.059089643415064e-05,1.0674186778568035e-19,2.6915020043816185e-06,6.972272065253193e-11,5.970770871499553e-06,1.10078690607196e-09,1.0953031051030848e-05
data/raw_airwrite/F/airwrite_F_20260804_142002_894647_2436f2.png,airwrite,F,F,0.9802783131599426,3.0921785310056293e-07,1.3134839718986768e-05,4.4103606342105195e-05,6.418843895517057e-06,0.001824592356570065,0.9802783131599426,0.013169213198125362,2.6593688744469546e-06,4.25290891143959e-05,1.0274055966874585e-05,0.00016028652316890657,0.0003366759337950498,8.147295338378768e-12,2.873227877842055e-09,7.961756948171583e-11,1.1040358913305681e-05,1.0479364931370583e-08,0.0019685348961502314,0.0001296035770792514,0.0009818973485380411,5.509259413553685e-15,9.483733265369665e-06,2.9292701597682935e-10,0.0001780874008545652,0.0001444893714506179,0.00068837427534163
data/raw_airwrite/F/airwrite_F_20260804_142024_393772_fcadc9.png,airwrite,F,M,0.6419907212257385,0.00047114421613514423,2.5997108910047473e-09,1.7798217344378031e-09,1.3419764854916139e-07,6.180130018851315e-11,0.000622033083345741,2.5073935830732808e-05,0.010201211087405682,5.77308156834988e-09,7.183342254357683e-10,0.011660123243927956,3.001756709863912e-08,0.6419907212257385,0.038573406636714935,2.0804283296094184e-10,2.5715157789818477e-06,6.613306027247745e-07,0.2960420846939087,3.347111388052326e-08,0.000122932848171331,5.271189706945734e-09,3.208329508197494e-05,1.5883926607784815e-05,1.5543228073511273e-05,0.00022426403302233666,1.476379796194749e-09
data/raw_airwrite/F/airwrite_F_20260804_142118_673414_45c017.png,airwrite,F,S,0.3395833969116211,0.005234045907855034,0.0116437878459692,0.01966925710439682,0.0025093380827456713,0.19251398742198944,0.013883333653211594,0.0009666347177699208,1.9700030406966107e-06,0.041931360960006714,0.13570153713226318,1.4348884178616572e-06,5.389997113525169e-06,1.5605607917024145e-09,2.7096234589407686e-07,0.002499629044905305,1.3759020589532156e-07,0.0021732421591877937,0.000393404538044706,0.3395833969116211,0.012682545930147171,6.427348466786498e-07,0.0002798878704197705,1.1000648555636872e-05,0.04009542986750603,0.001985018840059638,0.1762332320213318
data/raw_airwrite/F/airwrite_F_20260804_142223_573764_95e695.png,airwrite,F,L,0.7147883772850037,1.717371014819946e-05,0.0004586210416164249,0.0003376097301952541,0.0005215187557041645,0.006002960726618767,0.004828722216188908,6.364654109347612e-05,0.0028754440136253834,0.06186551973223686,0.0015845338348299265,0.046049878001213074,0.7147883772850037,1.6086019627437054e-08,1.3586469322035555e-05,1.55556878489449e-09,3.8378220779122785e-07,1.7726542012042046e-08,0.00835009478032589,1.2244502613611985e-05,0.14688552916049957,1.8851524146157317e-05,0.0021681373473256826,1.9434286514297128e-05,6.715225026709959e-05,0.0030165286734700203,5.4007763537811115e-05
data/raw_airwrite/F/airwrite_F_20260901_162253_242393_e7fd6a.png,airwrite,F,F,0.889829158782959,1.7050062524504028e-05,0.0006044853362254798,6.707541899686476e-08,0.0001036102621583268,0.0021970251109451056,0.889829158782959,0.0824851542711258,2.1000076230848208e-05,0.0010016984306275845,2.447264705551788e-06,0.00019948881526943296,2.9474087568814866e-05,1.2278163208367943e-10,7.537662050083327e-09,5.349164037063425e-13,0.00018323588301427662,1.1681748190994767e-07,2.1379168174462393e-05,0.0032738635782152414,1.600312680238858e-05,1.396585538188111e-11,3.084986383328214e-05,4.058763103387264e-09,0.015477257780730724,0.004375001415610313,0.00013161322567611933
data/raw_airwrite/F/airwrite_F_20260901_162301_189413_f1a77e.png,airwrite,F,F,0.9134159088134766,5.2497125579975545e-06,0.0009414392407052219,5.72738079185342e-09,0.00040343633736483753,0.0008316048188135028,0.9134159088134766,0.020527632907032967,0.00015755491040181369,0.004898483399301767,3.8435286114690825e-05,0.00031155289616435766,0.0003934065462090075,2.610308358352853e-10,1.3463994719131733e-07,2.6469644076425325e-13,0.00014556643145624548,1.2195623355637508e-07,5.8412542784935795e-06,0.00024103105533868074,1.263224385184003e-05,3.950952454090384e-09,1.9320616047480144e-05,1.104019453634919e-08,0.00035791494883596897,0.05728760361671448,5.138761025591521e-06
data/raw_airwrite/F/airwrite_F_20260901_162337_220735_c9f20a.png,airwrite,F,F,0.9670571684837341,3.4248958513671823e-07,0.0017713290872052312,1.0254342930338112e-09,0.00013020176265854388,0.0001687782641965896,0.9670571684837341,0.00469710398465395,5.76561942580156e-05,0.003017871640622616,5.723897174902959e-06,0.0001821407349780202,0.00015942694153636694,1.0973464324715021e-11,8.503796777858952e-09,2.2840497532596385e-15,2.6888235879596323e-05,2.4115365260257704e-10,1.8587239765111008e-06,0.0002606093476060778,2.857921344912029e-06,1.498734608640362e-10,0.00010091828880831599,1.1436346092352778e-08,0.0006208473350852728,0.021737445145845413,7.859508741603349e-07
data/raw_airwrite/F/airwrite_F_20260901_162345_437468_08afa8.png,airwrite,F,F,0.9551507830619812,1.8448570244800067e-06,2.8116213798057288e-05,1.1112113833255943e-11,5.3678654694522265e-06,7.64083451940678e-05,0.9551507830619812,0.00910745095461607,5.4264751270238776e-06,0.0005967113538645208,2.7092681875728886e-07,2.0348941689007916e-05,6.520298256873502e-07,2.1031043660052484e-12,1.501904989265057e-10,5.43110122512975e-18,9.003591117107135e-07,4.76619299583092e-10,2.1335901578822813e-07,0.0002304519439348951,2.3026980215945514e-06,1.863161968457261e-12,1.3737180779571645e-06,1.2528124371247173e-10,0.011541316285729408,0.023228222504258156,1.94598715097527e-06
data/raw_airwrite/F/airwrite_F_20260903_145748_699916_81e20c.png,airwrite,F,Y,0.5990613102912903,0.0001458548940718174,0.016807662323117256,2.1060827748442534e-06,0.024483978748321533,0.0010066822869703174,0.1573989987373352,0.009061299264431,0.014381859451532364,0.022400954738259315,0.002651618327945471,0.0024990050587803125,0.01874997280538082,9.25347762859019e-07,0.002275988692417741,5.550545978394439e-08,0.1184525117278099,0.002633692231029272,0.0027119782753288746,0.0013718343107029796,0.00025981490034610033,5.595930815616157e-06,0.0036177029833197594,8.289991455967538e-06,3.718930202012416e-06,0.5990613102912903,6.529267011501361e-06
data/raw_airwrite/F/airwrite_F_20260903_145825_067091_4ac0b6.png,airwrite,F,F,0.9865625500679016,1.0990967780344363e-07,6.211104963682601e-10,5.841591701027937e-06,3.3071043681331957e-09,4.553006510832347e-05,0.9865625500679016,0.000653209222946316,7.496039870602544e-06,8.935789082897827e-06,6.83458802086534e-06,3.1012728868518025e-05,5.3482624934986234e-05,4.3871969859082816e-13,4.920539236480392e-12,2.5762877074730905e-13,2.2656022023725964e-12,1.2540757494960975e-11,1.475249337090645e-05,1.1377082955732476e-06,0.0014564585871994495,6.591123599742478e-18,2.1872369870834518e-07,4.4999809434287386e-10,0.0006422156002372503,1.8623492223923677e-06,0.010508431121706963
data/raw_airwrite/F/airwrite_F_20260903_145852_209814_044f57.png,airwrite,F,F,0.9345616102218628,6.969371497689281e-06,0.0014573503285646439,1.1415180800611324e-08,0.00018547920626588166,0.0010740816360339522,0.9345616102218628,0.03603547438979149,0.00010314105020370334,0.004682178143411875,4.767230166180525e-06,0.0006969661335460842,0.00010731244401540607,1.6774621969251058e-10,4.7107228340337315e-08,5.1303365987973373e-14,0.00021215993911027908,4.500098782500572e-08,2.571576442278456e-05,0.0004100999212823808,1.7766067685442977e-05,4.506098272294423e-10,3.943740375689231e-05,5.821502835345882e-09,0.0022510725539177656,0.018119042739272118,9.422305993211921e-06
data/raw_airwrite/F/airwrite_F_20260903_145854_104915_919dc3.png,airwrite,F,F,0.46803322434425354,1.560131295264e-06,0.07037538290023804,3.207956922324229e-08,0.058424562215805054,0.0036808676086366177,0.46803322434425354,0.0642259493470192,2.159408359148074e-05,0.02621946483850479,0.004394593182951212,7.156756510084961e-06,0.003055190434679389,6.6026823765386045e-12,9.037627251018421e-07,4.819163401670323e-10,0.0014382003573700786,3.976218067691661e-06,2.691909685381688e-06,0.001565552782267332,1.5208198647087556e-06,1.035130381410454e-07,8.487766899634153e-05,3.672949944188986e-08,6.7238302108307835e-06,0.2984549105167389,9.657944701757515e-07
data/raw_airwrite/F/airwrite_F_20260903_145940_238975_d86b92.png,airwrite,F,F,0.46928057074546814,5.4988677220535465e-06,0.002900674706324935,6.902565985456022e-08,0.001559194759465754,0.00336650712415576,0.46928057074546814,0.04718708619475365,6.411092908820137e-05,0.2920876741409302,0.0021644788794219494,4.603679553838447e-05,0.002697058953344822,2.2612575006908386e-11,6.401839414138522e-08,1.031658265759905e-11,8.7932667156565e-06,1.7531466767195525e-07,2.9877799534006044e-05,0.002716472139582038,0.00017760171613190323,2.589380798667662e-08,3.144866423099302e-05,4.0220790253897576e-08,0.0006216735346242785,0.1750335544347763,2.1429303160402924e-05
data/raw_airwrite/F/airwrite_F_20260903_145956_802598_b00f07.png,airwrite,F,F,0.9809019565582275,2.351363036723342e-06,2.1336452604714395e-08,1.03453305655421e-06,8.79662636066314e-08,7.30984766050824e-07,0.9809019565582275,0.0007993546896614134,6.0471618780866265e-05,3.437878888234991e-07,2.3262525701284176e-06,0.0016962175723165274,6.654539447481511e-06,5.662233348857626e-08,8.904682147203857e-08,3.3494117201993134e-11,2.0249169452313254e-08,3.0458870980965003e-09,0.005626194644719362,1.774939164533862e-06,0.009218011982738972,2.4738747495304213e-14,9.833544936554972e-06,1.1054083159933725e-07,0.00153064273763448,9.647729166317731e-05,4.514797910815105e-05
data/raw_airwrite/F/airwrite_F_20260903_150048_843681_a418d3.png,airwrite,F,L,0.4960291087627411,1.0906888974204776e-06,0.22062857449054718,2.683357024579891e-06,0.017827481031417847,0.0006755207432433963,0.06743855029344559,0.0001049576821969822,0.006820679176598787,0.09433099627494812,0.006235625594854355,0.010545947588980198,0.4960291087627411,1.0476786549418193e-08,0.000333407282596454,2.3791608683154664e-09,0.00018374821229372174,1.2782724212456742e-08,0.0002965152380056679,2.9809592888341285e-05,0.00019746088946703821,0.0004562929680105299,0.039510831236839294,0.000273682177066803,9.716163731354754e-06,0.03806706890463829,3.013740013102506e-07
data/raw_airwrite/F/airwrite_F_20260903_150105_772664_70c8ca.png,airwrite,F,F,0.9483042359352112,3.7693723697884707e-06,4.362803895929801e-09,9.986642908188514e-07,7.935535784042713e-09,1.6756745253587724e-06,0.9483042359352112,0.0005271529662422836,0.00016459506878163666,4.457040267880075e-05,3.668723729788326e-05,0.0012612190330401063,3.154465230181813e-05,8.970591380830228e-09,3.750398658297627e-09,3.5115196883074573e-13,1.8238962423700045e-11,1.6784974798955687e-10,0.0009747654548846185,3.342021500429837e-06,0.031855203211307526,3.961776653266247e-13,6.0263641898927744e-06,6.166209232105757e-07,0.01623145490884781,0.000161037765792571,0.0003911377571057528
data/raw_airwrite/F/airwrite_F_20260903_150109_247214_597754.png,airwrite,F,F,0.9718605875968933,3.203786036465317e-05,3.920184553862782e-06,3.690400717459852e-06,1.3881135600968264e-05,3.8892980228411034e-05,0.9718605875968933,0.012977351434528828,3.892949825967662e-05,4.19934758610907e-06,8.404492291447241e-06,0.0011146675096824765,2.4292687157867476e-05,4.6233811445972606e-08,1.0630532187860808e-06,5.958838755759643e-09,3.097076842095703e-05,4.1403113755222876e-06,0.007367889862507582,7.31952313799411e-05,0.00358256371691823,1.5435868729041236e-12,2.7572885301196948e-05,3.895640077189455e-08,0.0017818547785282135,0.0007906294777058065,0.0002191224484704435
data/raw_airwrite/F/airwrite_F_20260903_150141_153060_9f73c3.png,airwrite,F,F,0.845663845539093,3.196926854798221e-06,0.00019525806419551373,1.5572196310209563e-10,0.00010254023800371215,0.0004933486925438046,0.845663845539093,0.02614567056298256,4.508546044235118e-05,0.018368886783719063,1.767300818755757e-05,0.0001734090765239671,4.876421735389158e-05,1.253233454512337e-11,1.085451817317562e-08,3.1925982565500456e-15,8.087928108579945e-06,7.222457298894369e-08,5.29707449459238e-06,6.281730748014525e-05,2.5961217033909634e-05,8.877107937621531e-10,1.2745513231493533e-06,6.642169592119274e-10,0.0011673665139824152,0.10746955126523972,1.8447419734002324e-06
data/raw_airwrite/F/airwrite_F_20260903_150218_302704_cd4347.png,airwrite,F,F,0.8095177412033081,1.7024492926509538e-09,8.537127627050722e-08,3.998142119598924e-07,1.5781772333411936e-08,6.632339136558585e-06,0.8095177412033081,3.4735596273094416e-05,5.873394911759533e-06,2.6318017987136955e-08,9.692084634860265e-11,0.16386215388774872,7.789299161231611e-06,2.1706414877337155e-12,1.4190568720096053e-09,5.942743453266769e-17,3.3307682656413817e-07,6.327018444753085e-13,0.025753751397132874,7.281768521494314e-10,0.0008074994548223913,2.2019648822196328e-17,6.174786904011853e-07,1.0938680516936472e-12,1.2177159760540235e-06,3.954687599616591e-07,7.282396836671978e-07
data/raw_airwrite/F/airwrite_F_20260903_150309_848983_76a707.png,airwrite,F,F,0.9375441670417786,3.0023129511391744e-06,0.00014146613830234855,0.0002741066855378449,8.480512769892812e-05,0.001918857335112989,0.9375441670417786,0.01124587468802929,3.008855492225848e-05,1.8591116486277315e-06,3.936713142138615e-07,0.006191087421029806,0.00015051856462378055,2.585596181603478e-09,1.148354613178526e-06,1.2873967669690956e-08,0.003169751726090908,1.0713921483329614e-06,0.037532053887844086,2.9475037081283517e-05,0.0009030653163790703,1.7641312401780324e-13,8.223820623243228e-05,2.2868040794321587e-09,6.021043373038992e-05,5.498742757481523e-05,0.0005798037745989859
data/raw_airwrite/F/airwrite_lowercase_f_20260805_211004_708671_b02f10 (11).png,airwrite,F,Y,0.2714304029941559,3.744228251889581e-07,0.11012116819620132,1.417504762457611e-07,0.18903785943984985,0.0026540199760347605,0.24437998235225677,0.004523145034909248,6.0804077293141745e-06,0.015551745891571045,0.10268112272024155,1.0166759238927625e-06,0.05504089966416359,1.0243594167347325e-12,3.5699283671419835e-06,2.5137618209214452e-08,0.001631834777072072,3.3381456887582317e-06,7.571358082714141e-07,0.0025142929516732693,1.038696495925251e-06,1.9307653076339193e-07,0.0004163583798799664,1.0510971293342664e-07,1.5224323135498707e-07,0.2714304029941559,2.4126302378135733e-07
data/raw_airwrite/G/airwrite_G_20260804_142618_927028_6a761f.png,airwrite,G,G,0.8855048418045044,1.0393579032097477e-05,0.06701786816120148,5.689736644853838e-05,0.00458952272310853,0.04034866765141487,0.000392619869671762,0.8855048418045044,1.16955739797725e-12,4.9752642894418386e-08,3.420912220164496e-09,3.7977121447596573e-10,9.049342525324633e-11,1.1778638332448838e-18,1.9410502719030553e-11,3.4871813880954505e-08,0.00033245040685869753,9.659341594669968e-05,1.2188475011498667e-05,0.0014543903525918722,1.5684139542671005e-09,2.6796006400398e-16,9.921949413183029e-07,4.0602077093238736e-14,6.733629561495036e-05,3.091233224949974e-08,0.00011517393431859091
data/raw_airwrite/G/airwrite_G_20260804_142806_739061_9a1e43.png,airwrite,G,G,0.990267813205719,0.00027621391927823424,0.0002527172619011253,0.001531803049147129,0.0004905772511847317,0.003646709257736802,0.0006919386214576662,0.990267813205719,1.97709648652733e-09,1.117642534076424e-09,8.140759732988556e-10,1.6946046343946364e-06,2.7797957269370954e-09,3.792904033385336e-13,8.986311428316185e-08,1.554504969192294e-08,1.4090960576140787e-05,1.5479971580134588e-06,0.001801963895559311,7.447352459166723e-07,8.43133349803793e-08,2.229859804019508e-14,7.56654799261014e-06,7.140477098488418e-11,0.0009423575829714537,3.1368385666752374e-09,7.208962051663548e-05
data/raw_airwrite/G/airwrite_G_20260804_142933_482764_09e00f.png,airwrite,G,O,0.9211044907569885,0.014012915082275867,0.0004507852136157453,0.002757006324827671,0.0440695695579052,0.000172228945302777,7.233322881633475e-12,5.8466735453066576e-08,6.889962211875655e-11,3.3613932828302495e-06,2.2821815946372226e-05,2.9457613106610714e-13,2.013927158373008e-08,1.1891752339787676e-11,0.0001421401830157265,0.9211044907569885,3.3666562870848793e-09,0.005445987917482853,7.50016188248992e-05,0.011108633130788803,5.375531575424475e-09,6.612698052776977e-05,0.0005667482619173825,1.0960208101096214e-06,3.431419037802641e-10,1.0264965339956689e-06,1.7318980971570141e-10
data/raw_airwrite/G/airwrite_G_20260804_143008_497607_e2023e.png,airwrite,G,G,0.5762680768966675,0.00014319753972813487,0.019867269322276115,1.727314156596549e-05,0.00704921642318368,0.0006883163587190211,0.04987163469195366,0.5762680768966675,7.389440614957721e-09,3.690994532234981e-08,2.6123185836723906e-09,1.5525640264968388e-05,2.5195840969161054e-09,2.017648027818897e-11,6.508633418889076e-07,4.72486050284715e-07,0.2859187424182892,0.00026527256704866886,0.024654285982251167,0.0007623311248607934,5.9714147937484086e-06,1.7940583033385603e-14,5.949332989985123e-05,5.896440280483972e-11,0.034333471208810806,5.950006197963376e-06,7.267744513228536e-05
data/raw_airwrite/G/airwrite_G_20260804_143128_290873_19ee1d.png,airwrite,G,G,0.8680330514907837,0.003963021095842123,0.014747570268809795,0.003184499917551875,0.03135986998677254,0.0690355971455574,9.341275290353224e-05,0.8680330514907837,7.341635743784991e-09,5.19262994203018e-06,1.020247054839274e-06,1.6344219488928502e-07,5.9169547483861606e-08,2.904986147467259e-12,2.547943438457878e-07,1.2901813533972017e-05,4.352244650362991e-05,0.0035941465757787228,0.0027368860319256783,0.0016965892864391208,2.5970070964831393e-06,3.1914373921360095e-10,6.688488065265119e-05,4.023076538572923e-09,0.0011628033826127648,4.036294740217272e-06,0.00025594569160602987
data/raw_airwrite/G/airwrite_G_20260804_143140_752452_ca1b6d.png,airwrite,G,G,0.5315405130386353,0.000544478592928499,0.000639891077298671,0.36388447880744934,0.001473408890888095,0.07492566108703613,0.0024237800389528275,0.5315405130386353,1.1138919120412538e-07,5.836186574015301e-07,2.010804792007548e-06,1.3790188404527726e-06,2.5765157261048444e-06,2.3226472828374867e-12,1.6706675864952558e-07,3.499834565445781e-05,3.56593818651163e-06,1.1561709470697679e-05,0.001101435162127018,5.857448559254408e-05,4.088622063136427e-06,2.2116444960140758e-12,3.09266361000482e-05,8.395433681585018e-09,0.00021227943943813443,4.3470308241921884e-08,0.023103410378098488
data/raw_airwrite/G/airwrite_G_20260804_143241_633492_43ffae.png,airwrite,G,G,0.6396885514259338,0.006525152828544378,0.010247248224914074,0.0004119657969567925,0.0007440396584570408,0.2827819883823395,0.021125441417098045,0.6396885514259338,1.5359157146122016e-07,3.812213211773496e-09,2.9054139302764348e-11,2.4402728740824386e-05,2.5922444746306894e-11,8.07595255860466e-13,2.452558600651855e-09,3.0671460926612326e-09,9.428654834664485e-07,5.6819651945261285e-05,2.943654908449389e-05,3.6134631500317482e-06,4.124242281022816e-09,1.109720022579759e-13,1.2413209333317354e-05,1.1296255042481107e-09,0.011917328462004662,1.2196401666386691e-09,0.026430513709783554
data/raw_airwrite/G/airwrite_G_20260901_162524_737114_58b921.png,airwrite,G,G,0.9749172329902649,1.955064306002896e-07,0.0004343798791524023,3.4674690202463054e-11,0.002795448526740074,0.007852652110159397,0.0014804303646087646,0.9749172329902649,1.6450414164551064e-12,0.00037298299139365554,8.614486432634294e-06,1.6803907169817695e-13,3.2801941718396677e-10,1.1648678080017813e-20,1.1297888080803731e-13,8.583303881017079e-13,5.106970206725236e-07,5.866225910722278e-05,1.8544543678444825e-09,0.008317274041473866,1.2375309665912937e-09,5.874190006351044e-15,6.277517394792653e-11,1.5750027082778e-16,2.4392852537857834e-07,0.0037611201405525208,2.3754442679546628e-07
data/raw_airwrite/G/airwrite_G_20260901_162528_442466_f7f390.png,airwrite,G,Y,0.4598284363746643,1.311264099967957e-06,0.11108621954917908,6.682998598961376e-10,0.23384517431259155,0.0013378281146287918,0.15220044553279877,0.03163127973675728,7.043305458864779e-07,0.005459662992507219,0.0023667321074754,2.3217674538500432e-07,0.0001496432814747095,9.778235079277442e-14,1.6842720640397602e-07,4.467170383604113e-11,0.00010564625699771568,1.2420694019965595e-06,2.9019744829383853e-07,0.0019269452895969152,1.3973735235595086e-07,2.567516155238536e-08,5.4099444241728634e-05,1.0475665668252532e-08,3.744288278539898e-06,0.4598284363746643,1.864464138634503e-08
data/raw_airwrite/G/airwrite_G_20260901_162716_945372_157e81.png,airwrite,G,G,0.9573991894721985,8.987419278128073e-06,0.0004992420435883105,6.952119324665773e-09,0.007455407176166773,0.007602118421345949,0.0006061336607672274,0.9573991894721985,1.369396679384849e-10,0.0012864546151831746,8.232424443122e-05,6.896207910278562e-11,3.5039040113815645e-08,2.09863106473212e-16,1.6073757602708127e-10,2.0769674868859056e-09,1.746022462612018e-05,0.0059980908408761024,1.2887131788374973e-06,0.009120128117501736,5.82392317483027e-07,3.3662859826033564e-12,4.233241313045255e-09,1.245497709958729e-13,5.818490535602905e-06,0.009911766275763512,5.0314952204644214e-06
data/raw_airwrite/G/airwrite_G_20260903_150443_365245_05ea17.png,airwrite,G,Y,0.8291110396385193,1.220231206389144e-05,6.134915020084009e-05,2.839225035633497e-11,0.0009236971382051706,7.962493691593409e-05,0.04596481844782829,0.1022300198674202,8.20387140265666e-06,0.02082674764096737,9.857116674538702e-05,8.441460522590205e-06,2.3717009753454477e-05,3.485570122460646e-12,2.1591718279978522e-07,2.33421599106845e-13,7.126160926418379e-05,0.0004700093995779753,3.0542851163772866e-05,3.521349572110921e-05,3.0730076105101034e-05,1.282144390657436e-09,3.5400401543483895e-07,7.983059352456578e-11,1.3150118320481852e-05,0.8291110396385193,9.793684085934729e-08
data/raw_airwrite/G/airwrite_G_20260903_150634_849871_1841e2.png,airwrite,G,F,0.48023518919944763,0.0013762165326625109,0.0023413195740431547,2.310657464477117e-06,0.0029236606787890196,0.0053840698674321175,0.48023518919944763,0.4030740261077881,0.0002478288079146296,0.0020294166170060635,5.051651532994583e-05,0.0011148462072014809,0.00018684883252717555,2.5272484549532237e-07,1.0541240953898523e-05,1.2188773546029097e-08,0.03551340475678444,0.00121214147657156,0.0012298142537474632,0.009705292992293835,0.00047301730955950916,2.143898214512774e-08,6.844942254247144e-05,1.1553209589010294e-07,0.008248227648437023,0.04410773143172264,0.00046468834625557065
data/raw_airwrite/G/airwrite_G_20260903_150646_755670_ff6635.png,airwrite,G,G,0.9342331886291504,1.9619079466792755e-05,0.003474942408502102,6.568515686922183e-08,0.0029826711397618055,0.03386449068784714,0.0009817142272368073,0.9342331886291504,3.626007480383997e-11,3.405045572435483e-05,5.642499445457361e-07,1.3819806410353408e-10,3.731333575451856e-10,2.6008318699010703e-16,1.2746192989965266e-11,1.4561899464027306e-09,3.118403037660755e-05,0.0005453297053463757,3.1698541533842217e-06,0.023446884006261826,1.2279059546926874e-07,3.2007044042069166e-14,1.1572865332709625e-08,8.862240097589485e-14,0.00018893239030148834,0.00015844339213799685,3.4639226214494556e-05
data/raw_airwrite/G/airwrite_G_20260903_150708_458332_94b5bb.png,airwrite,G,Q,0.32912877202033997,0.003800635691732168,0.0007617042865604162,3.180707892624923e-07,0.00998839270323515,0.00029664442990906537,0.026125745847821236,0.2056538462638855,0.0003649642749223858,0.002427930012345314,0.0002793260500766337,6.358350219670683e-05,0.0001464712986489758,7.781948170304531e-07,0.00038292366662062705,2.3616286171090906e-07,0.24965691566467285,0.32912877202033997,0.0019304414745420218,0.007757081184536219,0.0002693361893761903,6.893105108929376e-08,4.812565020984039e-05,1.1625180462715434e-07,8.198896102840081e-05,0.1608014702796936,3.2103689591167495e-05
data/raw_airwrite/G/airwrite_G_20260903_150739_926642_334bb0.png,airwrite,G,G,0.9589998126029968,8.767526196606923e-06,0.0002716555318329483,1.5834913380530224e-09,0.0005966732860542834,0.01153186522424221,0.01634529046714306,0.9589998126029968,6.863678514434923e-10,0.00011553246440598741,1.50585174196749e-06,1.0468015343434445e-09,5.7777933548663896e-09,1.4372149058358773e-15,2.1420327317445143e-11,3.698494635551164e-12,9.57997763180174e-05,0.00013399111048784107,3.3654779940661683e-07,0.008115018717944622,2.0234763553617086e-07,5.167849316338978e-14,2.8124793605144305e-09,2.6379492665783155e-14,8.506790618412197e-05,0.0036802312824875116,1.8350912796449848e-05
data/raw_airwrite/G/airwrite_G_20260903_150748_372536_9a6476.png,airwrite,G,G,0.9353860020637512,2.9655218895641156e-05,0.0013900971971452236,5.2712136877630655e-09,0.001862182398326695,0.0059882053174078465,0.02476000413298607,0.9353860020637512,1.3535305320999669e-08,0.0005176659324206412,4.108450411877129e-06,3.2415361062021475e-08,4.0770267162315577e-08,1.7472462821195578e-13,3.4954128480535473e-10,1.951673891942285e-11,4.1293031245004386e-05,5.461497858050279e-05,5.584759946941631e-06,0.018583929166197777,1.2772400168614695e-06,4.208756173434969e-12,1.324940797076124e-07,1.2288455843167956e-11,0.001330176368355751,0.01003478653728962,1.0174284398090094e-05
data/raw_airwrite/G/airwrite_G_20260903_150750_733650_adede5.png,airwrite,G,G,0.8655857443809509,9.695676453702617e-06,0.0008091863710433245,4.30565556541751e-08,0.003717731684446335,0.01871122419834137,0.02833876758813858,0.8655857443809509,7.84974130141336e-09,0.004053847398608923,0.0006693574250675738,9.60963086882316e-10,1.8686523617361672e-06,6.819926432399467e-15,6.192220625145239e-10,8.236062942756917e-10,5.223583139013499e-05,0.0005274512805044651,4.2775650399562437e-07,0.03834906220436096,1.4692532204207964e-06,2.003122841209848e-11,4.682507181996698e-08,3.8932130089208705e-12,1.3210762517701369e-05,0.03910008445382118,5.855275594512932e-05
data/raw_airwrite/G/airwrite_G_20260903_150805_964114_0c0049.png,airwrite,G,G,0.9248631596565247,0.0012418327387422323,0.0009756257641129196,7.79095330472046e-08,0.003980888985097408,0.0015248144045472145,0.012860526330769062,0.9248631596565247,1.7143548802778241e-06,0.003225678112357855,1.6253745343419723e-05,2.5663314318080666e-06,1.0045890803667135e-06,3.6846842244031563e-10,4.1197677091986407e-07,3.7685494724826185e-09,0.0003945369098801166,0.005065323784947395,0.0007611761684529483,0.010402816347777843,0.00010419946920592338,1.7946462094187154e-09,2.1691573692805832e-06,2.1913604264511832e-09,0.0035901351366192102,0.030954847112298012,3.0182864065864123e-05
data/raw_airwrite/G/airwrite_G_20260903_150808_976395_510ae8.png,airwrite,G,G,0.9052229523658752,0.0004469536943361163,0.008532937616109848,8.125182375806617e-07,0.003896130248904228,0.007974421605467796,0.0028500540647655725,0.9052229523658752,2.484262573432261e-08,0.0012132772244513035,4.974744115315843e-06,6.441032240900313e-08,2.346030569810864e-08,1.8056250938869312e-12,2.524042530538395e-09,2.8079205627307147e-09,4.790396360476734e-06,7.828538218745962e-05,0.00026528447051532567,0.05457982420921326,9.98250106931664e-06,9.434134723429466e-11,3.233511279177037e-06,9.69525570937435e-10,0.01380302757024765,0.001072749262675643,4.0115195588441566e-05
data/raw_airwrite/G/airwrite_G_20260903_150845_120705_cde439.png,airwrite,G,G,0.7867977023124695,0.0006004705792292953,0.00019418218289501965,4.094579608704407e-08,0.0004915546742267907,0.002068429486826062,0.09416807442903519,0.7867977023124695,3.145197979392833e-06,0.012012745253741741,6.26495893811807e-05,7.983602699823678e-06,5.2436289479373954e-06,4.041502965623778e-10,9.986680282736415e-08,9.76629055404743e-11,0.00010798675793921575,0.0006338374805636704,0.00018117263971362263,0.008781347423791885,0.00029905009432695806,3.5503537887393577e-09,8.538781912648119e-07,9.330696215670287e-10,0.009625857695937157,0.08382956683635712,0.00012793269706889987
data/raw_airwrite/G/airwrite_lowercase_g_20260805_211303_766427_2b5e0f.png,airwrite,G,G,0.5950881838798523,2.8862550607300363e-05,3.00793817586964e-05,9.908032033711933e-11,1.2305849850235973e-05,0.00037844994221813977,0.15769055485725403,0.5950881838798523,1.431752991720714e-07,0.023959537968039513,3.2881648621696513e-06,4.940388294016884e-07,3.522837488389996e-08,4.3382636892574933e-13,3.709924728534375e-11,6.765365969772384e-16,2.063191715251378e-07,3.3912235153366055e-07,1.0966958143399097e-05,0.011397488415241241,3.769329487113282e-05,4.5133380539852386e-12,8.705762866156874e-08,1.2650922844026358e-11,0.11379780620336533,0.0975470095872879,1.649105797696393e-05
data/raw_airwrite/G/airwrite_lowercase_g_20260805_211307_238584_a2975b.png,airwrite,G,G,0.8955677151679993,3.4253432659170358e-06,0.0022311871871352196,1.2883528688334422e-09,0.0004512585874181241,0.0773915946483612,0.00011290155816823244,0.8955677151679993,4.507300836818079e-14,4.442762474354822e-06,2.2444239800023524e-09,1.1618092284667453e-13,1.0991582332351736e-14,6.745966472512514e-21,8.366003600803243e-16,7.339349614166046e-12,2.757574080192171e-08,5.96374629822094e-05,6.387310946820435e-08,0.02388872765004635,7.717119721029064e-10,5.054931742584523e-18,5.7891313270941325e-11,4.411684086373583e-17,0.0002650337992236018,2.3191075797512894e-06,2.1648154870490544e-05
data/raw_airwrite/G/airwrite_lowercase_g_20260805_211317_136847_676a40.png,airwrite,G,G,0.9001845121383667,1.617670750420075e-05,0.004431474022567272,1.5729862967717168e-09,0.0006049154326319695,0.00640117097645998,0.007943958975374699,0.9001845121383667,8.188501543493487e-10,0.0020964322611689568,4.1850205434457166e-07,9.863154737388413e-10,3.070471654709195e-10,1.7088812948494664e-16,1.3231257452520073e-12,2.2711867109226347e-13,8.49113774847865e-08,4.3407985117482895e-07,2.7235162178840255e-06,0.06595701724290848,3.4403575455144164e-07,7.410206075055686e-14,1.11270303193578e-07,1.5929774860312662e-12,0.011336141265928745,0.0010133489267900586,1.0740378456830513e-05
data/raw_airwrite/H/airwrite_H_20260804_143619_706780_d25dfd.png,airwrite,H,R,0.5942561030387878,0.07685248553752899,0.01891183666884899,1.1481369028842892e-06,0.012268902733922005,1.0438627214170992e-05,5.202770262258127e-05,0.01870521530508995,0.00014919377281330526,0.00010553273750701919,2.108921925980667e-09,1.85619319381658e-05,3.624689215442345e-09,2.1496804038179107e-05,0.004831739701330662,9.844600754149724e-06,0.08903713524341583,0.17758424580097198,0.5942561030387878,0.0022286749444901943,4.1363664422533475e-06,3.929389791323956e-08,0.00033904003794305027,3.4245604183524847e-06,0.0037917380686849356,0.0008166424231603742,4.1575071918487083e-07
data/raw_airwrite/H/airwrite_H_20260804_143633_661801_42407b.png,airwrite,H,H,0.8280710577964783,0.0013009605463594198,1.1271240509813651e-06,1.0577730504652758e-14,4.900834028376266e-06,3.88510022764077e-11,1.0523106830362394e-08,3.925291025552724e-08,0.8280710577964783,6.167498668219196e-06,6.100769845904241e-13,2.9877908218622906e-06,9.830718704362251e-12,0.020408492535352707,0.14527355134487152,2.2533038802896588e-13,0.0001448218390578404,0.003531778696924448,0.00041461593355052173,2.1735893085406133e-08,1.1192439336449311e-11,1.6992695250905854e-08,6.480559386545792e-05,6.854607636341825e-05,6.58811982745533e-09,0.000706103106494993,1.6977229084363943e-13
data/raw_airwrite/H/airwrite_H_20260804_143636_669809_99416e.png,airwrite,H,H,0.6150329113006592,0.00018561635806690902,1.437905211787438e-06,2.0391037491331032e-14,2.669642299224506e-06,1.0061191463295316e-11,5.880098075117246e-10,1.919716829945628e-09,0.6150329113006592,1.4432246189244324e-06,1.572017662527722e-13,1.045141971189878e-06,8.51062883361342e-12,0.03439847007393837,0.34906262159347534,2.4320699534147172e-12,0.00013733547530137002,0.00022963006631471217,0.0003237376513425261,5.194102037364701e-09,6.390145574144968e-13,1.496744062023936e-08,0.0002586615737527609,0.0002971378853544593,8.991271061020711e-10,6.731919711455703e-05,2.2643782600926046e-14
data/raw_airwrite/H/airwrite_H_20260804_143716_711090_861c00.png,airwrite,H,H,0.8834828734397888,0.00016190398309845477,2.1147041479707696e-05,6.804066316444535e-13,5.9209385653957725e-05,1.9513596072329165e-08,0.000128020896227099,2.55741997534642e-06,0.8834828734397888,0.0003425245813559741,5.911986278306358e-08,0.001232860959134996,2.3483951849812001e-07,0.0004185240250080824,0.02769738994538784,8.021963762748843e-14,0.0006218607304617763,0.00014430737064685673,0.00027005840092897415,8.174546906047908e-08,1.622843228687998e-07,6.086182224862569e-07,0.0004721495497506112,5.2191491704434156e-05,3.463442226347979e-07,0.08489086478948593,9.413461676821555e-11
data/raw_airwrite/H/airwrite_H_20260804_143828_670501_d41799.png,airwrite,H,H,0.9441336989402771,4.9005318913941665e-08,2.0753870444423228e-07,2.9314075680877417e-20,1.5445110079781443e-08,6.3296773150558344e-15,4.080490285940375e-12,8.380951402981677e-15,0.9441336989402771,3.5557006228259525e-09,2.5824537364874896e-19,8.821475603326689e-07,5.04007177044353e-15,4.698643897427246e-05,0.055750202387571335,2.2646374711479197e-20,1.3945541468274314e-06,7.654985534344405e-10,2.56483781413408e-06,2.8292104919144627e-14,2.0320796860663496e-17,3.119023442299529e-11,6.168957042973489e-05,1.9492895262374077e-06,9.292950930257435e-14,4.2393892840664193e-07,2.0361813335119974e-20
data/raw_airwrite/H/airwrite_H_20260804_143851_996774_1b9eb6.png,airwrite,H,H,0.9353138208389282,1.3089631465845741e-05,2.888090875785565e-06,1.889242783753315e-14,8.057445484155323e-06,6.122782281181571e-10,6.314191978162853e-07,6.000615559997868e-09,0.9353138208389282,0.00012892662198282778,2.3284737693529678e-08,1.2205044185975567e-05,3.8211215525052467e-08,0.0002818689972627908,0.057247284799814224,2.059463541273076e-14,3.7371107737271814e-06,5.53428617422469e-06,3.7101260659255786e-06,3.3181177805374773e-09,1.272533467489012e-10,6.386785116774263e-06,0.00031793463858775795,0.00029540888499468565,4.607275116974563e-10,0.006358322221785784,3.6925163989821874e-13
data/raw_airwrite/H/airwrite_H_20260804_143933_936018_20ffc9.png,airwrite,H,H,0.6210472583770752,3.096917862421833e-05,2.500889495493652e-10,2.3804413416510143e-18,9.504490527945109e-09,1.3696897145664723e-14,7.366811154152497e-12,3.8686266104655254e-13,0.6210472583770752,1.9061852540858126e-08,9.588858502248936e-15,2.253893995884937e-07,1.8670098290724663e-13,0.15424996614456177,0.2243977189064026,5.776198908735342e-17,1.3905762763499752e-08,1.104012198993587e-06,1.344959582638694e-05,1.4872512943409077e-11,4.8337019337239134e-14,3.065646403399569e-09,5.852711547049694e-05,0.00016804260667413473,3.975612374029769e-12,3.2756484870333225e-05,8.37797227560962e-18
data/raw_airwrite/H/airwrite_H_20260804_144013_072509_0df2e6.png,airwrite,H,H,0.9823363423347473,6.0105219745310023e-05,3.431796180564106e-09,1.4669928004334863e-21,4.0116250943356135e-07,6.129833511440974e-13,8.997202288751893e-11,1.88835188805192e-12,0.9823363423347473,5.602756118605612e-06,1.7076018333714305e-12,2.5912831347341125e-07,1.9526462152925916e-13,8.394173346459866e-05,0.013048817403614521,6.6753390614704804e-21,1.1981415859452227e-11,6.566788215423003e-07,9.11393982505615e-08,1.246093072476695e-12,2.969971816223216e-13,6.905241320964706e-07,8.954082659329288e-06,0.000412954279454425,5.333646024840988e-11,0.0040411981754004955,5.16756768582495e-18
data/raw_airwrite/H/airwrite_H_20260901_162801_006987_dd2c3d.png,airwrite,H,H,0.9441582560539246,3.2086206829262665e-06,3.804106745519675e-05,6.201710811559735e-10,1.5170737697189907e-06,4.7234021138820026e-08,2.8812376058340305e-06,2.2018168621684708e-08,0.9441582560539246,0.0012045033508911729,7.129050128007464e-10,0.03028181754052639,8.908060408430174e-06,3.0680988857056946e-05,0.0168951153755188,3.686088164301521e-13,3.103670906057232e-06,1.489872136772874e-08,0.006595612037926912,8.398532563846928e-11,9.967237701857812e-07,0.00011577006807783619,0.00029096961952745914,5.5403605074388906e-05,1.1129182553304418e-07,0.0003130714758299291,9.406375678366885e-11
data/raw_airwrite/H/airwrite_H_20260901_162828_341028_13d3bc.png,airwrite,H,L,0.9023686051368713,1.932112247970963e-09,0.0009592868736945093,1.3220406799518969e-05,1.038735263136914e-05,0.0002811246376950294,3.109734825557098e-05,7.185243067198144e-09,0.033776771277189255,0.042112797498703,5.091389425615489e-07,0.01873873919248581,0.9023686051368713,2.0499376501836863e-11,2.4914799723774195e-05,3.466625857900807e-13,1.3400325826751214e-07,1.2994623823162077e-12,0.0006487661157734692,2.0220874974441472e-10,5.335698006092571e-06,1.3269062037579715e-05,0.0009944065241143107,3.0139864293232677e-07,1.8858103967289708e-10,2.0341483832453378e-05,1.9058836731034035e-09
data/raw_airwrite/H/airwrite_H_20260901_162854_409588_4d1a47.png,airwrite,H,I,0.3560931086540222,4.74677972306381e-06,0.019811607897281647,1.2730492926493753e-06,0.0012535187415778637,8.97683494258672e-05,0.005778820253908634,5.857735231984407e-06,0.19021408259868622,0.3560931086540222,0.0015049707144498825,0.05882514640688896,0.2595948278903961,1.070983898898703e-06,0.0047219544649124146,1.2290669593184589e-09,1.2153529496572446e-05,3.6170426653825416e-08,0.0011279801838099957,8.03600698873197e-07,0.0004575102648232132,0.04398059472441673,0.02106570452451706,0.0023141561541706324,4.399722911330173e-06,0.03313573822379112,1.019864583895469e-07
data/raw_airwrite/H/airwrite_H_20260901_162906_181525_a93d3e.png,airwrite,H,I,0.5074288845062256,6.046122393854603e-07,0.00787388626486063,5.385662120716006e-07,0.00019599389634095132,0.00011653240653686225,0.0007481058710254729,3.656117542050197e-07,0.2471969872713089,0.5074288845062256,7.071100844768807e-05,0.06846002489328384,0.13874375820159912,5.6543917992257775e-08,0.0008406827691942453,2.643320631823265e-11,9.161949492408894e-07,2.5013839888288203e-09,0.000895617704372853,1.5393663232998733e-08,0.00019077907199971378,0.015142418444156647,0.004143947269767523,0.0002932403876911849,2.887425694098056e-07,0.007655650842934847,2.0851475213135018e-08
data/raw_airwrite/H/airwrite_H_20260903_151139_136708_1915d2.png,airwrite,H,H,0.7708567380905151,7.953064778121188e-05,1.263710487364733e-07,9.785098756655633e-14,6.218252934786506e-08,1.3944311851032953e-11,1.9374267523630806e-08,1.1245945286120218e-09,0.7708567380905151,7.127507473114747e-08,1.6937489983072092e-15,0.0006024983013048768,1.8538968971082426e-11,0.07133595645427704,0.1452951431274414,1.5855797145692828e-15,5.725966730096843e-06,8.840430609780014e-08,0.011699897237122059,3.394867720274419e-11,1.8020833436604988e-10,5.697964322592952e-09,6.461204611696303e-05,4.22968587372452e-05,2.4202389425909132e-08,1.7217551430803724e-05,7.858499956455919e-14
data/raw_airwrite/H/airwrite_H_20260903_151203_642827_44854c.png,airwrite,H,M,0.46771568059921265,0.03152681887149811,4.206230187264737e-06,1.7710053909492096e-11,7.987311255419627e-05,2.3654763481317786e-08,2.4850373847584706e-07,4.631981482816627e-07,0.2799617648124695,0.00019955540483351797,9.894704611213001e-09,0.0001757137360982597,7.625237330444179e-09,0.46771568059921265,0.13577547669410706,5.06918118592381e-11,3.2217824355029734e-06,0.002087536733597517,0.005582278128713369,2.459153165546013e-06,3.2665798244124744e-07,3.0936647817725316e-05,0.003512214170768857,0.040514152497053146,1.4900822861818597e-05,0.03281215950846672,2.3631605006180223e-10
data/raw_airwrite/H/airwrite_H_20260903_151235_851963_2a9dd4.png,airwrite,H,H,0.8260020017623901,6.520378065033583e-06,4.773370392285869e-07,2.2349250610440886e-14,1.4305030049399647e-07,5.788297792463926e-12,8.381836336113224e-10,3.750005306280002e-10,0.8260020017623901,2.538660055506625e-07,3.452352133012128e-15,1.786485518096015e-05,1.3458554583289928e-11,0.011565348133444786,0.16135860979557037,3.2254061719378096e-15,1.498250821896363e-05,1.470291266514323e-07,0.0008565159514546394,3.0150059532330076e-11,7.046070541263938e-13,1.2756840916949841e-08,8.750315464567393e-05,7.819750317139551e-05,3.13678638619308e-10,1.1385966899979394e-05,4.2981454475481216e-15
data/raw_airwrite/H/airwrite_H_20260903_151301_628768_44b2d4.png,airwrite,H,H,0.9489675164222717,5.7546500897842634e-08,3.1593895073456224e-06,8.774122921273442e-12,5.9140166541737926e-08,5.746584985644176e-09,6.548314335219629e-09,1.514052945517097e-11,0.9489675164222717,4.8734465963207185e-05,2.1188651148310728e-14,0.04319999739527702,3.05170971159896e-07,2.1551803897068567e-08,0.004352838732302189,1.4197175477210982e-17,3.723062746985306e-09,2.5839098222180112e-11,0.003290800377726555,7.98096359880512e-16,5.013216508586993e-09,9.885799045150634e-06,0.00011858643847517669,1.1833282087536645e-06,4.494705302393598e-11,6.8515919338096865e-06,2.032572955703183e-14
data/raw_airwrite/H/airwrite_H_20260903_151313_299854_924b3c.png,airwrite,H,H,0.9803897738456726,5.023882465593488e-08,0.00020847846462856978,1.1739555623457593e-14,2.7973433134320658e-06,3.0561231323389393e-10,6.148889042378869e-08,2.134628723782228e-10,0.9803897738456726,0.00019829550001304597,4.774697651144244e-11,0.00010806255886564031,1.940366445296604e-08,3.599039700930007e-06,0.017036333680152893,3.41119490798416e-16,1.3055988347332459e-05,2.8861990575279606e-09,1.7514048522571102e-05,1.4708276263597497e-11,1.0326088074885664e-11,4.6586319513153285e-06,0.0012449597707018256,0.0003323416458442807,1.2422286810309657e-10,0.0004400691541377455,6.059995577177221e-15
data/raw_airwrite/H/airwrite_H_20260903_151421_807764_6da616.png,airwrite,H,H,0.3563043773174286,0.2729603052139282,0.0003783638239838183,9.852486826389395e-09,0.000882371561601758,1.7655754618317587e-06,0.0005590249784290791,0.0023134697694331408,0.3563043773174286,0.00988381914794445,3.079210557643819e-07,0.006743511185050011,9.684274573373841e-07,0.022624434903264046,0.05625762417912483,5.472669428741028e-09,0.0008072430500760674,0.06004215404391289,0.11784500628709793,0.00031123447115533054,0.00030219205655157566,0.0001987641298910603,0.0007162889814935625,0.0009355758666060865,0.005951641593128443,0.08397877961397171,7.907746066848631e-07
data/raw_airwrite/H/airwrite_H_20260903_151516_307005_42991c.png,airwrite,H,H,0.7816208600997925,8.107642497634515e-05,0.00019320611318107694,8.765343451067054e-10,0.0003465909685473889,9.21149990062986e-07,7.055842434056103e-05,5.736938533118519e-07,0.7816208600997925,0.0017080293036997318,2.0782808860531077e-05,0.00014126113092061132,3.77797732653562e-05,0.00097913877107203,0.1428656429052353,5.064377806007769e-10,0.0006272726459428668,0.00022718461696058512,0.00011291688133496791,1.2729919944831636e-06,8.411777230321604e-08,5.597974450211041e-05,0.007086819503456354,0.001570052234455943,7.110997568560151e-09,0.06225210055708885,1.5249566054365005e-09
data/raw_airwrite/H/airwrite_H_20260903_151526_990824_4c2095.png,airwrite,H,K,0.6079244613647461,0.0001728752686176449,2.8075084628653713e-05,7.762360354490738e-08,4.688766239269171e-06,2.3398476969305193e-06,0.008581501431763172,5.3230167395668104e-05,0.20637887716293335,0.0032268601935356855,4.8722874623763346e-08,0.6079244613647461,5.57001621928066e-05,0.00014765273954253644,0.0007999339140951633,2.4449819339272816e-12,1.724941103020683e-05,4.3126760829181876e-07,0.1643860787153244,4.112766589514649e-07,0.002828190801665187,2.9087013899697922e-06,0.00013935075548943132,9.387308637087699e-06,0.0002483095449861139,0.004990868736058474,4.999222937840386e-07
data/raw_airwrite/H/airwrite_lowercase_h_20260805_211500_979872_f5ac1e.png,airwrite,H,H,0.9842071533203125,1.1992192128218448e-08,1.2899524781673222e-09,7.1965637407954e-20,1.33741101526752e-10,6.192015720523053e-16,4.049044086129605e-12,4.508044870558947e-14,0.9842071533203125,3.1759725960256446e-09,1.0472934381768737e-19,1.7170112869280274e-06,3.229270971517894e-15,0.0009268922731280327,0.01484260056167841,1.9784554762554116e-21,1.915757650294836e-07,2.5453872343206285e-10,1.9037246602238156e-05,1.2320307034841796e-15,3.7427180448857766e-16,6.194756513311361e-12,1.2764553503075149e-06,6.632515123783378e-07,1.369965881188595e-13,4.209370558783121e-07,1.2060620325859043e-19
data/raw_airwrite/H/airwrite_lowercase_h_20260805_211507_740912_395ad0.png,airwrite,H,H,0.9826390743255615,3.333616022116459e-11,2.2807938263730287e-12,8.347641280724218e-22,2.1414663933187056e-13,7.717343342020802e-19,1.167402724883387e-15,9.977204394430854e-18,0.9826390743255615,4.6903869677095145e-11,8.807781890364589e-24,7.330419293793966e-08,7.122343373181279e-17,5.301601777318865e-05,0.017300870269536972,8.75955980930456e-25,1.871814703235941e-09,8.229334097845098e-13,6.988127097429242e-06,3.48922941574252e-20,3.624822541962832e-19,1.217655127118758e-13,3.768471401599527e-08,2.5931226055320167e-09,1.0897615499848968e-18,3.5200307113569806e-09,1.4244505541786503e-23
data/raw_airwrite/I/airwrite_I_20260804_145739_268866_9b605c.png,airwrite,I,I,0.9243848919868469,1.0101237535309338e-07,1.678389649484302e-09,7.565668056486174e-07,8.629600145582117e-09,6.37804760117433e-06,6.389350164681673e-05,3.357098137257708e-07,8.238389455073047e-07,0.9243848919868469,0.00018191048002336174,2.294331835628327e-09,6.607023692595249e-07,2.0609222167115426e-16,1.6242737677866353e-13,4.9696344587256414e-14,1.8350648517931236e-16,8.963706860098952e-11,1.0136978367825122e-08,3.251692032790743e-05,0.001948838820680976,1.9273941980185033e-13,1.7322746543868561e-06,1.8318523781202245e-11,0.07146754860877991,0.00030192226404324174,0.0016076095635071397
data/raw_airwrite/I/airwrite_I_20260804_145758_606329_ca00bd.png,airwrite,I,I,0.9607191681861877,2.6823508960660547e-06,3.0140430151703868e-09,6.104961357777938e-05,9.218658902909738e-08,7.857384844101034e-06,2.404437691438943e-05,4.0558654745836975e-07,7.989155164978001e-06,0.9607191681861877,0.005741269793361425,4.149074417370002e-09,2.3191758373286575e-05,5.799608840048598e-14,2.58804755404185e-10,2.957942918380141e-11,1.9693738369811137e-15,7.522740652632365e-09,3.8166319882293465e-07,9.672396845417097e-05,0.013727284036576748,5.474904210545084e-11,0.00013094705354887992,2.5770550138304316e-09,0.017076322808861732,0.0016340253641828895,0.0007464612135663629
data/raw_airwrite/I/airwrite_I_20260804_145826_390455_7b367d.png,airwrite,I,I,0.8733634352684021,1.3887530236900147e-08,1.5106252915231266e-09,4.203421212878311e-06,9.224395469686897e-09,1.0521082003833726e-05,7.393451232928783e-05,7.217041456897277e-06,7.292401846825669e-07,0.8733634352684021,0.00010260219278279692,4.9316325329007427e-11,2.3532136594894837e-07,4.070199693119745e-18,1.0506645805653282e-14,1.2247766921480701e-14,3.6557232613402277e-16,1.3040982356493647e-11,1.6365312438537671e-09,0.000151009313412942,0.0001353294210275635,2.820928881382568e-16,4.480629741010489e-06,1.1413269418100724e-12,0.11195299029350281,0.00046469271183013916,0.013728656806051731
data/raw_airwrite/I/airwrite_I_20260804_145833_982453_58ab12.png,airwrite,I,X,0.6932515501976013,0.00042732208385132253,0.00010330746590625495,0.0002911000046879053,8.0061137850862e-05,0.0026176327373832464,0.15454192459583282,0.012107284739613533,0.0031970397103577852,0.04399747774004936,0.000399184093112126,0.0014868779107928276,0.00031996218604035676,5.8743786723880476e-08,3.724821908690501e-07,9.96075755210768e-09,4.299642739624687e-07,9.212541954184417e-06,0.0002799166541080922,0.0027948040515184402,0.006398401223123074,3.052107544476712e-08,0.0025611454620957375,5.066610810899874e-06,0.6932515501976013,0.007890208624303341,0.06723953783512115
data/raw_airwrite/I/airwrite_I_20260804_145910_837454_c04ee7.png,airwrite,I,X,0.5405994653701782,0.00037925917422398925,9.141745249507949e-05,0.0011735832085832953,0.00010655550431692973,0.008225911296904087,0.05501428619027138,0.004555519204586744,0.0008933566859923303,0.17434817552566528,0.0016495749587193131,0.0002312961732968688,0.0004305907350499183,3.899498945969526e-09,1.1559757950863059e-07,4.80164956684348e-08,5.4660070247791737e-08,1.0414559255877975e-05,0.00010364231275161728,0.00485538225620985,0.009981394745409489,2.937956011805909e-08,0.0015276306075975299,1.617589759916882e-06,0.5405994653701782,0.005154639482498169,0.190666064620018
data/raw_airwrite/I/airwrite_I_20260804_150054_243908_dc93dc.png,airwrite,I,I,0.9950270056724548,1.6572079264420836e-09,1.1920721571315185e-13,3.8329886592691764e-05,1.9106882742647713e-11,9.246867875845055e-07,2.5234497158521663e-08,2.168095480925558e-09,2.3740400756366853e-09,0.9950270056724548,0.0025257880333811045,8.245408343729096e-14,2.316478230568464e-06,1.6908827839580487e-21,1.940098525439433e-16,3.2810649186601265e-15,2.269598893797716e-23,3.7551786936332755e-15,1.7719594680443151e-09,1.6204314306378365e-05,0.000863035034853965,2.4044625012034317e-17,2.7430490945334896e-07,3.841052909764331e-13,0.0012751244939863682,8.554221722079092e-07,0.00025009247474372387
data/raw_airwrite/I/airwrite_I_20260804_150146_577222_fc93fa.png,airwrite,I,I,0.8815882205963135,5.258219516690588e-06,7.897859177319333e-06,7.756499144306872e-06,5.9877247622353025e-06,0.0015742911491543055,0.009841104038059711,0.0023652606178075075,1.8973997839566437e-06,0.8815882205963135,0.004358521196991205,2.624037165332993e-07,7.308971544262022e-05,7.453765252588007e-13,1.3318109115534327e-10,1.8921268718496975e-10,1.085550871415819e-09,6.571545441147464e-08,8.218366019718815e-06,0.02144884131848812,0.0034450606908649206,5.2642980252759486e-11,9.812973985390272e-06,3.344076349165448e-09,0.055432625114917755,0.00803177896887064,0.011793915182352066
data/raw_airwrite/I/airwrite_I_20260901_164354_285487_a00106.png,airwrite,I,I,0.9904487729072571,6.445979305880201e-09,1.4157185432850383e-05,4.188249477010686e-06,7.150479177653324e-07,0.003965503070503473,0.0013207620941102505,5.479513856698759e-05,6.723225851601455e-07,0.9904487729072571,5.2981838962296024e-05,1.6406552276748698e-06,0.0027155110146850348,6.633977924763441e-16,1.6722442874872456e-11,1.038473235355497e-14,1.0613641077128477e-09,7.801037593679894e-12,4.057961268699728e-05,3.3928365155588835e-05,0.0011530127376317978,1.1726076706852773e-11,3.6579842799255857e-07,3.819431316359756e-12,9.937534741766285e-07,0.00014005793491378427,5.130545105203055e-05
data/raw_airwrite/I/airwrite_I_20260901_164402_425877_6b4438.png,airwrite,I,I,0.9058734178543091,1.4275699511401285e-09,0.0013445076765492558,1.5052663115966425e-08,6.592989666387439e-05,3.703301990753971e-05,0.0017588695045560598,4.354158591013402e-06,0.0001280812721233815,0.9058734178543091,0.0016146358102560043,5.780066203442402e-05,0.08241376280784607,2.164508671039997e-13,2.02781990310541e-07,1.3640819159985162e-13,3.926252745145575e-08,3.391576949840491e-11,7.007016392890364e-06,1.9757061409109156e-07,2.4839113393682055e-05,6.392335762939183e-06,5.927607708144933e-05,8.433917031425153e-08,1.3791251696204654e-08,0.006603565067052841,9.180981308531955e-09
data/raw_airwrite/I/airwrite_I_20260901_164427_484780_e5b9e9.png,airwrite,I,I,0.9681733250617981,3.989306218699085e-09,6.76195895721321e-06,1.0707486453043202e-08,1.5601614222759963e-06,4.894870471616741e-06,0.0003379875561222434,9.124349162448198e-06,2.444075335006346e-06,0.9681733250617981,0.004537528846412897,7.60729471949162e-06,0.017420081421732903,2.985292744885244e-14,1.7586341272135542e-08,4.5622583673150113e-14,3.294017725252729e-09,3.648216728713294e-10,8.443019032711163e-05,3.294084081062465e-07,0.001263727550394833,1.375596667685386e-07,2.757303491307539e-06,4.833783928681612e-10,7.31540978904377e-08,0.008147185668349266,3.100311474213413e-08
data/raw_airwrite/I/airwrite_I_20260901_164454_898842_d1ebe7.png,airwrite,I,I,0.9488145709037781,1.3806490528622817e-07,0.00016738302656449378,1.4494925260066793e-08,3.298601950518787e-05,0.0007164958515204489,0.0198762696236372,0.0010043474612757564,1.9169458028045483e-05,0.9488145709037781,0.0006026909686625004,1.7270709577132948e-05,0.0014874120242893696,4.1419724095860533e-13,5.975211880837605e-09,9.796627213880943e-14,1.1887441786484487e-07,6.61172450122649e-09,8.782177246757783e-06,2.503272298781667e-05,0.00015783826529514045,2.5196824182671662e-08,2.6254581371176755e-06,1.1184579928880112e-09,1.2758960110659245e-05,0.027049891650676727,4.225118573231157e-06
data/raw_airwrite/I/airwrite_I_20260903_151849_900010_bc1658.png,airwrite,I,I,0.8546662330627441,0.006572031881660223,0.0003508322115521878,1.1838815225928556e-06,0.0006375234806910157,0.01557436678558588,4.435658047441393e-05,0.0002617319405544549,8.355381396540906e-06,0.8546662330627441,0.00018731359159573913,1.63281165441731e-05,2.8114620818087133e-06,5.515817663725997e-11,1.5882376658282737e-07,1.9669431014501804e-11,1.5444603929104517e-11,2.0655038497352507e-06,0.0040779984556138515,0.00014688762894365937,0.08785049617290497,0.00010555238259257749,6.0718633903888986e-05,1.4290226317825727e-06,0.014588658697903156,0.014828624203801155,1.4383206689672079e-05
data/raw_airwrite/I/airwrite_I_20260903_151910_885991_4407a3.png,airwrite,I,I,0.941371738910675,8.930019390618327e-08,0.00011935923248529434,1.8820950006825932e-11,0.00020679515728261322,5.430738383438438e-05,0.0002674436545930803,1.5216594206890477e-08,5.5216445616679266e-05,0.941371738910675,0.003172377124428749,0.00027463710284791887,0.0052302987314760685,7.656270501485776e-14,2.0749891405102971e-07,2.7767952884570667e-15,2.502954711981059e-13,2.0830030408869327e-11,1.4159329566609813e-06,1.997864318425968e-09,0.0017045411514118314,0.0010792153188958764,2.7979103833786212e-05,2.0589404812199064e-06,1.04892762919917e-06,0.046431150287389755,3.8743444563671403e-10
data/raw_airwrite/I/airwrite_I_20260903_151929_006202_03761a.png,airwrite,I,I,0.8874734044075012,2.2112490114523098e-06,0.0010139922378584743,6.394894336292367e-11,0.00017089766333810985,1.3548021343012806e-05,0.00019990996224805713,1.2350521494397526e-08,0.0007238363032229245,0.8874734044075012,0.001400948385708034,0.0001937445777002722,0.00028736950480379164,3.8969785731701734e-11,1.790808528312482e-05,6.829480286418138e-14,2.510382310014214e-12,1.4366464962112246e-10,6.3061620494409e-06,1.3214664917882146e-08,0.0005376281915232539,0.09013338387012482,0.0003307304286863655,0.00019806937780231237,7.0257592597045004e-06,0.017288990318775177,3.284341687503911e-10
data/raw_airwrite/I/airwrite_I_20260903_152015_870444_674200.png,airwrite,I,L,0.90470951795578,4.0126690858954817e-10,0.007732495665550232,2.5214756949054618e-09,0.0009569356334395707,2.790283133435878e-06,1.853070170909632e-05,3.6082917209689924e-10,0.0005616949056275189,0.039367057383060455,0.01146802119910717,2.6327539671910927e-05,0.90470951795578,1.2147984441296389e-12,0.00024332221073564142,1.1959697121532997e-11,1.0299954666947997e-08,7.508808679002055e-12,1.9409174001339125e-07,1.6575965045007024e-09,1.612530553529723e-07,0.011898068711161613,0.02016018144786358,3.701659443322569e-05,3.792880939879062e-12,0.002817740896716714,1.560477550129058e-12
data/raw_airwrite/I/airwrite_I_20260903_152131_232472_d64217.png,airwrite,I,Y,0.5077429413795471,7.228017057059333e-05,6.511379524454242e-08,3.8904732213573823e-10,3.7408739217426046e-07,9.918353498505894e-06,0.2614525258541107,0.04706381633877754,4.089026788278716e-06,0.16953885555267334,0.0020087435841560364,2.3473917281080503e-06,1.2659515050472692e-05,1.6560905424789496e-11,3.2999021293278474e-09,1.2092003491711266e-14,7.490654319042278e-09,1.8549813830759376e-05,3.860741344396956e-05,0.00032633356750011444,0.00985617283731699,1.9012728891265596e-10,4.4126615250661416e-08,4.9822757031137144e-11,0.0018233355367556214,0.5077429413795471,2.8365693651721813e-05
data/raw_airwrite/I/airwrite_I_20260903_152232_310145_77f0da.png,airwrite,I,X,0.582846999168396,0.027978336438536644,0.0006082101608626544,3.986748652096139e-06,0.00019217404769733548,0.0007742538582533598,0.020730145275592804,0.007570925634354353,0.0012143697822466493,0.23590511083602905,0.0009227977134287357,0.0012502830941230059,2.726559068833012e-05,2.302984103152994e-05,1.9621966202976182e-05,3.728426900551085e-09,1.5342071435497928e-07,5.5966913350857794e-05,0.005542428698390722,0.014074833132326603,0.01990165188908577,0.0006722732214257121,0.0006218438502401114,0.0004700966237578541,0.582846999168396,0.07819031924009323,0.00040286261355504394
data/raw_airwrite/I/airwrite_I_20260903_152301_585122_e9112a.png,airwrite,I,I,0.9592321515083313,1.1437282410042826e-06,4.861072397943644e-07,9.268945291296404e-07,6.054885943740373e-07,0.0008359934436157346,3.868676139973104e-05,6.941937044757651e-06,7.288841175068228e-07,0.9592321515083313,0.00034900018363259733,3.25742075801827e-06,0.00027510133804753423,1.3404968595646244e-13,1.7350887393519088e-10,6.942479224966366e-14,6.627520797788944e-13,1.9960084973735803e-10,8.59500069054775e-05,1.6945956303970888e-05,0.037919070571660995,1.542003147392279e-08,1.4283998552855337e-06,2.3064770093839115e-09,0.00016846595099195838,0.0010322978487238288,3.069049125770107e-05
data/raw_airwrite/I/airwrite_I_20260903_152403_672453_743ad7.png,airwrite,I,I,0.9777270555496216,4.868403458146986e-09,3.4437785956242806e-08,3.5780118867734245e-09,5.597088570397091e-09,0.0001350057136733085,0.0001290722721023485,2.891972030738543e-07,8.956643569035805e-07,0.9777270555496216,8.165938197635114e-06,2.6284513296559453e-05,0.00016751416842453182,1.4622375296471902e-15,8.694406414440359e-13,1.4507509241212807e-18,4.6694351401969925e-14,1.1416483535441058e-13,5.286973191687139e-06,1.0273460304688342e-07,0.021527715027332306,1.0218452473065298e-10,3.2937947480604635e-08,9.261863845311247e-12,2.6080784664372914e-05,0.00023863735259510577,7.900921445980202e-06
data/raw_airwrite/I/airwrite_lowercase_i_20260805_211602_725674_292ce9.png,airwrite,I,Y,0.7703291177749634,0.00018256141629535705,1.1244831512158271e-05,2.957232254630071e-07,6.610737909795716e-05,7.338556770264404e-06,0.007878287695348263,0.0009296866483055055,0.010307359509170055,0.05118406563997269,3.4628596040420234e-05,0.00023805411183275282,0.0009701041271910071,1.3554571864915488e-07,0.0003716245118994266,6.031622423741112e-10,0.002682589692994952,0.043351925909519196,0.10868730396032333,0.00043597453623078763,0.002240349305793643,1.1530859822528328e-08,9.011643123812973e-05,1.1454816650768862e-08,5.2313115617153017e-08,0.7703291177749634,1.0621582759995363e-06
data/raw_airwrite/I/airwrite_lowercase_i_20260805_211607_436291_b80080.png,airwrite,I,Y,0.732646107673645,1.2039606190228369e-05,0.00034733989741653204,1.8825878669304075e-06,0.0005137335392646492,9.58206073846668e-05,0.015501893125474453,0.0006995569565333426,0.00150005251634866,0.18946295976638794,0.0012043453752994537,0.00018422742141410708,0.014411674812436104,3.337679022052953e-09,0.00016428538947366178,1.0907193370712776e-08,0.005495057906955481,0.004214034881442785,0.030176913365721703,0.0003013172827195376,0.002767855767160654,6.11607404721326e-08,0.0002957055112347007,1.7118953365979905e-08,4.7806601344291266e-08,0.732646107673645,3.012333991136984e-06
data/raw_airwrite/I/airwrite_lowercase_i_20260805_211613_351078_fed8b6.png,airwrite,I,Y,0.5436769723892212,1.0102739906869829e-05,0.0007693826919421554,4.609131792676635e-06,0.0005706080701202154,0.00011198694846825674,0.0090200649574399,0.00030984735349193215,0.003941617906093597,0.18204452097415924,8.691836410434917e-05,0.0004989849985577166,0.009840760380029678,4.531322872480814e-09,0.0004966726410202682,1.3765383499730888e-08,0.04065985977649689,0.007270806469023228,0.1981654018163681,0.00017816826584748924,0.0016169373411685228,2.2532329779778593e-08,0.0007241446292027831,5.30703925250009e-09,1.4651890367645137e-08,0.5436769723892212,1.6695319118298357e-06
data/raw_airwrite/I/airwrite_lowercase_i_20260805_211623_064652_65d4a1.png,airwrite,I,Q,0.31675028800964355,0.00031812937231734395,0.00020369912090245634,9.432061460756813e-07,0.0009753227350302041,2.939460136985872e-05,0.0007273009978234768,0.0008382436353713274,0.017032716423273087,0.01621905341744423,5.938613867328968e-07,9.143322677118704e-05,0.00024612218840047717,6.526612139623467e-08,0.003256762633100152,1.0980685694050862e-08,0.2057228535413742,0.31675028800964355,0.26870661973953247,0.0005405612755566835,3.2982483389787376e-05,2.1119559434623625e-09,0.00040882761823013425,4.803799580344048e-09,7.569237681082086e-09,0.16789774596691132,3.1763323704581126e-07
data/raw_airwrite/J/airwrite_J_20260804_150319_906982_4ebeee.png,airwrite,J,J,0.9879531860351562,5.592655156760884e-07,2.2694061740935467e-08,0.004543502815067768,6.286277880462876e-07,1.9481731214909814e-06,4.187970148450404e-07,4.21077771761702e-07,2.1299151678477735e-11,0.00014139294216874987,0.9879531860351562,4.1251455918690783e-13,8.3804634414264e-06,2.6383790934473997e-15,5.641805689293733e-09,9.861381113296375e-05,1.9378849653445274e-12,3.126550893739477e-07,9.027437045006081e-05,0.0016834897687658668,0.005453052930533886,4.5471499829363715e-12,6.10516735832789e-06,4.35377423002592e-09,6.630161664133993e-08,1.6701098502380773e-05,8.823724897411012e-07
data/raw_airwrite/J/airwrite_J_20260804_150356_294946_d8754b.png,airwrite,J,J,0.9802582263946533,2.179347369235529e-09,6.672949692809738e-11,1.3900974408898037e-05,7.601183016348045e-10,1.1161323953956526e-07,6.840606147306971e-06,8.168380638551298e-09,1.0113886290963325e-11,0.0007384122582152486,0.9802582263946533,1.3107814529969564e-13,1.6241781850112602e-05,2.296699644387677e-18,7.907587345340472e-13,2.6638042882609625e-08,9.794919595459278e-16,1.7562524767811283e-09,1.02720252925792e-06,0.0005573322414420545,0.018387870863080025,3.0928142813525816e-16,1.0601486621908407e-07,4.0549674729106755e-11,1.0177820364276613e-08,1.834708200476598e-05,1.503376893197128e-06
data/raw_airwrite/J/airwrite_J_20260804_150403_675580_2cd198.png,airwrite,J,J,0.8719643354415894,1.8496499251341447e-05,4.785366036230698e-05,0.0005162811139598489,0.0011914378264918923,0.0012026468757539988,2.3092934497981332e-06,2.579437023086939e-05,2.546409697684604e-12,0.0016909345285966992,0.8719643354415894,8.708371480523058e-13,3.729390527951182e-06,4.427319719009856e-16,6.485352255225507e-09,0.002446121070533991,2.188553116511116e-09,0.002858738647773862,3.560322875273414e-05,0.115994893014431,0.0009675573674030602,1.107601677041714e-09,1.925751121234498e-06,4.273524867315359e-10,6.379271155765309e-08,0.0010265567107126117,4.630854618881131e-06
data/raw_airwrite/J/airwrite_J_20260804_150629_825756_e0b98a.png,airwrite,J,J,0.4052600860595703,0.0001067424745997414,6.479831063188612e-05,0.002802900969982147,5.030016109230928e-05,0.0013059335760772228,0.02522580325603485,0.00015693674504291266,2.889303686970379e-06,0.14848218858242035,0.4052600860595703,3.362165728049149e-07,0.00019447371596470475,7.399329066126725e-11,5.1710479453959124e-08,2.9593454655696405e-06,3.75888875581154e-09,6.137142463558121e-06,0.0004364820197224617,0.1635838747024536,0.20641246438026428,1.447144848398807e-09,0.0011825845576822758,3.204603672202211e-06,0.018580276519060135,0.018411319702863693,0.007727272342890501
data/raw_airwrite/J/airwrite_J_20260804_150742_414792_db0298.png,airwrite,J,J,0.6718970537185669,4.6159163957781857e-07,2.8231886517460225e-06,0.08947663754224777,9.93063258647453e-06,0.0008228090591728687,1.4498806422125199e-06,6.0819260738753655e-09,5.616626053139839e-10,0.1266750693321228,0.6718970537185669,1.0807568659725476e-14,1.6171474044313072e-06,3.5972513196767323e-19,5.747998604865856e-11,2.9568953323177993e-05,2.6347252897744762e-14,3.6784308576898184e-07,7.190152473413036e-09,0.10439073294401169,0.0005422605900093913,4.66898600944704e-13,0.0039955852553248405,8.059730105536289e-10,8.053438250499312e-06,0.0003318701055832207,0.0018136851722374558
data/raw_airwrite/J/airwrite_J_20260903_153451_052073_0ff869.png,airwrite,J,J,0.9540639519691467,4.155323267696076e-07,3.782588020584399e-09,0.009469390846788883,4.0690883906790987e-07,1.2492862424551276e-06,3.2519487831450533e-06,3.4648624023247976e-06,1.0114619142242987e-09,0.00010457476309966296,0.9540639519691467,2.814271732320961e-11,0.0005951554048806429,2.0664856815750393e-13,9.61376471764197e-08,2.911015326390043e-05,9.769535874726287e-12,5.394551294557459e-08,0.0009333167690783739,0.0003150037373416126,0.03440750762820244,7.224560793356316e-12,1.797652294044383e-05,2.615115946014157e-08,8.684335739417293e-08,5.345793761080131e-05,1.6157175650732825e-06
data/raw_airwrite/J/airwrite_J_20260903_153501_090918_93afdc.png,airwrite,J,J,0.9738706350326538,3.396840497771336e-08,7.61443547103724e-11,0.00012965382484253496,6.993338352856426e-09,8.355923952763078e-09,1.252160700460081e-06,1.9562517650228983e-07,1.4329827602299616e-10,3.1091673008631915e-05,0.9738706350326538,7.478566919384699e-13,5.4955984523985535e-05,5.96370106008509e-15,1.0357428692486792e-08,1.3903091655720345e-07,8.484868623676034e-14,5.124814794754684e-09,0.0003705828858073801,0.00010066432150779292,0.02531539648771286,9.749012442597169e-14,1.1558068763406482e-05,4.373315487526952e-09,4.591043101243031e-09,0.0001138285588240251,2.1616402889890196e-08
data/raw_airwrite/J/airwrite_J_20260903_153517_498066_fae342.png,airwrite,J,J,0.4954538345336914,5.157655323273502e-05,0.0032962923869490623,6.600703272852115e-06,0.040867649018764496,0.0009960233001038432,0.005124830640852451,0.02292010933160782,8.330669061251683e-07,0.03291288763284683,0.4954538345336914,1.2863776532867632e-07,0.008193982765078545,5.7257594499038333e-11,9.794752259040251e-06,7.834986718080472e-06,0.00012740133388433605,0.0027833725325763226,7.981046655913815e-05,0.03403690457344055,0.00019878627790603787,1.233959096680337e-06,0.0001689824421191588,2.2625602014159085e-07,1.2754454701280338e-06,0.3527558147907257,3.9206761357490905e-06
data/raw_airwrite/J/airwrite_J_20260903_153540_836361_b206ca.png,airwrite,J,Y,0.679423451423645,2.9229281608422752e-06,0.000780521659180522,1.0177212406148328e-09,0.004161302000284195,2.7525463792699156e-06,0.00015421240823343396,1.0834963148909083e-07,0.12693311274051666,0.013394500128924847,0.0007771362434141338,1.1716347216861323e-05,0.007514286786317825,1.0074476364252405e-07,0.1279577612876892,2.667640275344496e-10,0.0017830823780968785,0.00027347460854798555,8.326509851031005e-05,5.012131168768974e-06,4.060902369928954e-08,6.136904630693607e-06,0.03672723099589348,7.83877112553455e-06,9.229878146499448e-13,0.679423451423645,2.950910349408531e-11
data/raw_airwrite/J/airwrite_J_20260903_153605_755037_e0bcac.png,airwrite,J,J,0.9029932618141174,6.018682142894249e-06,5.869543019798584e-05,0.0003472719108685851,0.0004345535999163985,0.0005700967740267515,0.0004214119981043041,0.0006294500781223178,3.245512081306856e-09,0.006206841208040714,0.9029932618141174,7.249288946908905e-10,0.0008773085428401828,3.6912164405773773e-13,8.820352803695641e-08,0.0002266533556394279,1.1276160876150243e-06,0.0005979356938041747,8.101700223051012e-05,0.07720860838890076,0.0018672030419111252,1.5222407778736624e-09,1.4004323929839302e-05,4.283446930486434e-09,5.808424248243682e-07,0.007394540589302778,6.320419925032184e-05
data/raw_airwrite/J/airwrite_J_20260903_153710_200643_8c0720.png,airwrite,J,J,0.9281606078147888,9.61335354077164e-06,4.148261723457836e-06,0.0013710203347727656,2.567445881140884e-05,4.6543802454834804e-05,0.00013493145524989814,5.026618600822985e-05,1.1158471835415185e-07,0.007791729643940926,0.9281606078147888,7.799646262185433e-09,0.0032504003029316664,3.306325005447697e-11,7.264393957484572e-07,9.570327529218048e-05,4.085920579655067e-08,3.9224367355927825e-05,0.0009930618107318878,0.03316687047481537,0.02016603574156761,6.445164846269336e-09,0.00035689881769940257,5.642612563860894e-07,2.8385784389683977e-06,0.004304391331970692,2.8599650249816477e-05
data/raw_airwrite/J/airwrite_J_20260903_153737_746074_aacf83.png,airwrite,J,J,0.9585834741592407,1.9969579625467304e-06,2.192959527747007e-06,0.00020289958047214895,1.9177374269929715e-05,0.00011393038585083559,0.00010140360245713964,4.4091746531194076e-05,1.297534080180185e-09,0.006600258406251669,0.9585834741592407,1.078861305847667e-10,0.0006211790023371577,3.5088773520878386e-14,1.9033224774034352e-08,1.881197385955602e-05,1.5066255798501516e-08,4.816190630663186e-05,4.325724876252934e-05,0.027562951669096947,0.003539259545505047,1.0484962897905348e-10,9.060684533324093e-06,1.7838762689237342e-09,2.863118311324797e-07,0.0024599486496299505,2.7545398552319966e-05
data/raw_airwrite/J/airwrite_J_20260903_153809_356901_c4087f.png,airwrite,J,J,0.9008985757827759,1.0959312390923515e-07,0.0027088939677923918,1.1828585222417587e-08,0.048450443893671036,5.066863013780676e-05,0.0006305843126028776,7.513800483138766e-06,3.530919556737899e-08,0.0015195196028798819,0.9008985757827759,3.07737213489645e-09,0.007885630242526531,2.448463252893024e-14,1.241720838152105e-06,5.56738200430118e-07,3.0314652121887775e-07,2.5217095753760077e-06,6.427929832852897e-08,0.00017033881158567965,7.174242568908085e-07,9.280203698835976e-07,7.932906009955332e-05,7.359292197861578e-08,4.3724490694785345e-10,0.037591878324747086,1.0089578061922566e-09
data/raw_airwrite/J/airwrite_J_20260903_153824_934313_2e2626.png,airwrite,J,J,0.6284041404724121,7.650693441973999e-05,0.0009885919280350208,0.00037007147329859436,0.004693935625255108,0.006024770438671112,0.021309340372681618,0.017974672839045525,5.473228270602704e-07,0.025143466889858246,0.6284041404724121,8.516121141610711e-08,0.008412905968725681,6.19303081039746e-11,1.7587359479875886e-06,8.434531628154218e-05,0.0001284134341403842,0.002589054172858596,0.00012357895320747048,0.2116767317056656,0.0018385014263913035,3.291264150107054e-08,7.917927723610774e-05,6.535405105978498e-08,7.724619536020327e-06,0.06949283182621002,0.0005786825204268098
data/raw_airwrite/J/airwrite_J_20260903_153831_188533_39d4f9.png,airwrite,J,J,0.998746395111084,6.057467860642873e-10,1.3916251484502595e-10,3.4572162803669926e-06,5.352994492113794e-09,7.581055427863248e-08,6.437885247123631e-08,4.42171765868693e-09,3.0939972687425406e-15,9.915316331898794e-05,0.998746395111084,2.1510849034798226e-16,1.2213414493089658e-06,2.0997834446816557e-21,4.4508591690722854e-13,2.1812427064560325e-07,5.649118105672526e-15,3.950931670715363e-08,2.647360588525771e-07,0.00043751474004238844,0.0007035017479211092,3.974542756917602e-16,8.282044383634002e-09,6.751124995412611e-14,7.597791840119328e-11,8.067013368417975e-06,2.4837875756134054e-08
data/raw_airwrite/J/airwrite_J_20260903_154011_610519_61d728.png,airwrite,J,J,0.9354647397994995,5.070131464890437e-06,1.9179127775714733e-05,4.796535358764231e-05,0.0007835709257051349,0.0007550929440185428,6.158350879559293e-05,0.00025399067089892924,3.8769432109120316e-11,0.0016504579689353704,0.9354647397994995,6.467884821476089e-12,7.670759077882394e-05,9.581054364189408e-16,1.0444663800512899e-08,6.816881068516523e-05,7.487597031285986e-08,0.0028541532810777426,1.1151902072015218e-05,0.04986107349395752,0.0004213314095977694,1.6272619363100205e-10,1.0999941650879919e-06,7.263129681023273e-11,1.949050876248748e-08,0.007659044116735458,5.590206910710549e-06
data/raw_airwrite/J/airwrite_J_20260903_154023_439860_95edd7.png,airwrite,J,J,0.9748806357383728,1.537451055355632e-08,1.1129152710509516e-08,4.069423084729351e-06,5.7164655231645156e-08,4.4065373003832065e-06,0.00012414164666552097,2.546082441767794e-06,1.0514971705843923e-11,0.00791817158460617,0.9748806357383728,1.2227530186287305e-12,2.5916793674696237e-05,4.807409524806605e-18,3.5285828078879256e-12,2.465608872626035e-08,3.0405521850296324e-12,1.197001040509349e-07,2.6083407647092827e-06,0.008419007994234562,0.0080286068841815,4.746155996427498e-15,1.2275766891889361e-07,4.864687212086105e-12,2.3970005713636056e-07,0.0005767567781731486,1.2602692549990024e-05
data/raw_airwrite/J/airwrite_J_20260903_154046_301560_ce9f3d.png,airwrite,J,J,0.8689709901809692,9.527123438601848e-06,0.00011107673344668001,0.002154182642698288,0.0022924584336578846,0.0006053249817341566,1.943126108017168e-06,4.175909998593852e-05,6.84038728437919e-11,0.0008234967244789004,0.8689709901809692,8.376075874561018e-12,0.0001656090171309188,3.087447967642723e-14,1.8783548227929714e-07,0.018364738672971725,2.572965911440406e-07,0.0010459388140588999,3.5635806852951646e-05,0.10457273572683334,0.00017136256792582572,7.876984398080822e-09,3.036402449652087e-05,7.526256062817538e-09,2.413294453162962e-08,0.0005990132340230048,3.337016778459656e-06
data/raw_airwrite/J/airwrite_J_20260903_154111_790011_a14447.png,airwrite,J,J,0.9961860775947571,4.999573199881979e-09,4.141975928906305e-10,3.3406828151782975e-05,6.256842599583479e-09,1.0396306038273906e-07,2.2729027193690854e-07,1.517073755508136e-08,1.0294226408802398e-12,0.0004486497782636434,0.9961860775947571,4.87051567967748e-15,6.7654896156454924e-06,9.132092574149208e-19,9.671016591716874e-12,2.6458877755430876e-07,1.2578479077274881e-14,1.250588876899883e-08,1.4419995295611443e-06,0.0014646862400695682,0.0018411673372611403,5.252119269008593e-15,4.372177500044927e-07,3.220964814310001e-11,1.765167012557356e-09,1.655727464822121e-05,1.3266007670154067e-07
data/raw_airwrite/J/airwrite_lowercase_j_20260805_211737_393211_9fb82b.png,airwrite,J,J,0.9547085762023926,8.504859039248913e-08,0.0002764092350844294,9.676000445324462e-08,0.010919284075498581,1.0864931937248912e-05,5.3870240662945434e-05,1.7352731447317638e-06,1.2379706149090453e-08,0.0002705645456444472,0.9547085762023926,2.1166489394541799e-10,0.02586454525589943,3.798456232710634e-14,4.006334165751468e-06,2.4142252641468076e-06,3.0209420742721704e-07,1.6113878018586547e-06,5.195554919623646e-08,0.0007921943324618042,1.3144371280304767e-07,3.8420790815507644e-07,0.00026413443265482783,6.545274544578206e-08,2.065913065618652e-11,0.006828761659562588,2.707834234616513e-10
data/raw_airwrite/J/airwrite_lowercase_j_20260805_211743_080400_625edb.png,airwrite,J,J,0.7092265486717224,2.248364872059483e-08,0.0115382494404912,3.097340384172753e-09,0.057672567665576935,4.01318357035052e-05,0.0042419638484716415,0.00010292587103322148,2.9132223744454677e-07,0.012712995521724224,0.7092265486717224,1.5757882110278842e-08,0.0370149165391922,1.6510916779296538e-14,3.208228008588776e-06,1.581144282170044e-08,2.870208481908776e-05,2.370183210587129e-06,1.5636781824923673e-07,0.00010068918345496058,2.2165124846651452e-07,4.3804283222925733e-07,9.598523320164531e-05,1.5634507022355137e-08,3.560122752155337e-10,0.16721776127815247,8.406427220997159e-10
data/raw_airwrite/J/airwrite_lowercase_j_20260805_211912_988717_8eb3c5.png,airwrite,J,G,0.41619279980659485,8.367989721591584e-06,9.081169991986826e-05,7.304720384126995e-08,0.0005222141626290977,0.006029628682881594,0.009120453149080276,0.41619279980659485,1.9002273365931188e-10,0.12804555892944336,0.027885491028428078,1.651764315602211e-11,2.106700776494108e-06,2.6472375294459077e-17,4.590251442837534e-11,2.6062652036529244e-10,7.401949631002935e-08,0.00018418514810036868,1.667812512096134e-06,0.27772292494773865,4.606662332662381e-05,5.854557724033205e-12,2.6151109722150068e-08,5.815934756361885e-13,1.4408414244826417e-05,0.13406576216220856,6.743098492734134e-05
data/raw_airwrite/J/airwrite_lowercase_j_20260805_211945_147465_edd9b0.png,airwrite,J,J,0.638140082359314,7.6186543083167635e-06,0.0016699981642886996,3.2256182294077007e-06,0.01965508610010147,0.0020224798936396837,0.0006415722309611738,0.018147630617022514,1.1602743210659128e-09,0.08722338080406189,0.638140082359314,3.196257702953176e-10,0.0006339207757264376,3.05669669060254e-15,5.320950435816485e-08,7.51344202853943e-07,1.7656936961429892e-06,0.0003030634543392807,1.2902817616122775e-05,0.08105401694774628,9.895760013023391e-05,2.3663918824468055e-08,1.0050909622805193e-05,6.810512709343186e-10,6.133164447419404e-07,0.15037035942077637,2.3749491901980946e-06
data/raw_airwrite/K/airwrite_K_20260804_150904_280781_cc3489.png,airwrite,K,K,0.9984032511711121,9.194931038791765e-09,6.268216452554043e-07,4.388553076495327e-09,4.016730503764165e-09,2.2400081434170716e-06,0.00016447596135549247,3.7627176929788675e-09,0.00041296574636362493,1.8241225419046714e-08,7.667653099637569e-15,0.9984032511711121,2.189900385474175e-07,4.2970155211818906e-11,9.991997984570844e-08,5.709285244606813e-20,3.401251946755224e-09,5.509378421682774e-15,0.001011005719192326,4.7394288607604043e-14,2.062396333712968e-06,2.5816952742285793e-12,2.7733158276532777e-06,4.41912617610285e-10,2.379956640652381e-07,5.933285862624871e-09,2.307476432150679e-09
data/raw_airwrite/K/airwrite_K_20260804_150912_915541_510ae0.png,airwrite,K,K,0.6000272631645203,0.00802318099886179,2.4536161618016195e-06,9.861356886631256e-08,4.90835627715569e-05,0.0011444285046309233,4.3270033529552165e-06,3.6050639096174564e-07,0.005089526530355215,0.003676970722153783,7.246238737934618e-07,0.6000272631645203,0.00011285262735327706,7.287251264642691e-07,5.795620381832123e-05,3.605156808934168e-13,3.0877629012687757e-12,1.308547155076667e-07,0.008551843464374542,1.291762363742066e-09,0.357471764087677,0.007169017568230629,0.0005302058416418731,0.0006024255999363959,0.005206089001148939,0.002278014551848173,6.26965515948541e-07
data/raw_airwrite/K/airwrite_K_20260804_150956_704891_89e273.png,airwrite,K,K,0.9896826148033142,3.999273303634254e-07,1.4999134156923333e-09,1.9740944989798948e-12,2.3702856344343104e-10,4.072242265618087e-10,0.00013358209980651736,2.849281166561468e-08,0.0010484735248610377,4.186128776950682e-09,8.834680694804441e-16,0.9896826148033142,6.870196633812498e-10,5.4759826895178776e-08,1.000739416667784e-06,6.953554878933512e-21,1.1860987192413575e-10,1.7989760072237293e-13,0.00911997351795435,3.9114819374999957e-14,7.324650141526945e-06,3.3605724539947923e-12,1.5667566799493216e-07,1.5760296401268192e-09,6.272619430092163e-06,1.29208913790535e-07,4.875116282887504e-11
data/raw_airwrite/K/airwrite_K_20260804_151036_941714_fc3ce2.png,airwrite,K,K,0.9952638149261475,1.0737771560798137e-07,3.165294870655089e-08,1.3290311962066426e-08,4.426288224834707e-09,1.353640436718706e-05,0.00418851850554347,1.0376924137744936e-06,7.977562199812382e-05,9.721104987647777e-08,9.226377474524927e-12,0.9952638149261475,1.837766149037634e-06,1.7119777817597992e-11,3.2797466964495925e-09,1.5644592294777002e-19,1.4217585442288794e-11,1.4286830182438925e-14,0.0003049252845812589,6.666366135325841e-13,9.624152880860493e-05,9.655406899358732e-13,2.2810367283909727e-07,4.746158466240047e-10,4.91769278596621e-05,9.241785114966206e-09,5.702882504010631e-07
data/raw_airwrite/K/airwrite_K_20260804_151108_518033_381d42.png,airwrite,K,K,0.8231590390205383,1.882650508377992e-06,2.627026105983532e-06,1.5638548234164773e-08,2.3098823476175312e-07,7.193581552655814e-08,0.0267078448086977,7.653446118638385e-06,0.002810113597661257,1.7992212519857276e-07,2.1194749080799546e-11,0.8231590390205383,3.838199518213514e-07,7.716217623965349e-06,3.1390412914333865e-05,1.989237225462348e-14,3.203488086001016e-05,7.31780469553911e-10,0.14687353372573853,9.157342439891636e-09,0.00022961609647609293,6.659986451218458e-11,5.6885863159550354e-05,8.779063165320622e-08,2.9509235901059583e-05,4.911567157250829e-05,1.910881586297819e-08
data/raw_airwrite/K/airwrite_K_20260804_151128_139150_f38b43.png,airwrite,K,K,0.5606943368911743,0.005623198579996824,2.6528650778345764e-05,1.6965355825959705e-05,0.00022786669433116913,0.01789349876344204,6.469376239692792e-05,3.0893438633938786e-06,0.003806700464338064,0.005144795402884483,2.4034799935179763e-05,0.5606943368911743,0.002833615755662322,7.442662877110706e-07,0.0001185182118206285,4.4431319734528074e-11,2.5053600860580616e-10,6.652937827311689e-07,0.007505584042519331,3.4165303475219844e-08,0.386013388633728,0.0032704512123018503,0.002595702651888132,0.000485970318550244,0.0020277875009924173,0.0015829792246222496,3.881949305650778e-05
data/raw_airwrite/K/airwrite_K_20260804_151245_530105_fe4483.png,airwrite,K,K,0.9874158501625061,4.455682756088208e-06,2.1940706196321713e-10,5.193226684241381e-07,6.076622760531336e-09,2.1891457436140627e-05,0.010870910249650478,7.604920392623171e-05,3.74767514585983e-05,3.601358544713662e-09,1.0939235628448785e-10,0.9874158501625061,2.5911119791999226e-06,1.218522366341901e-10,3.0346669621650335e-09,3.7500802170352946e-17,2.1947286381936854e-13,1.4864792339738808e-12,0.0008017388172447681,9.618726171459202e-13,0.0004755047557409853,2.456581216659509e-14,2.0778026055268128e-07,2.686357136738593e-09,0.000274415040621534,7.209042696132428e-09,1.8492579329176806e-05
data/raw_airwrite/K/airwrite_K_20260804_151313_700580_50c932.png,airwrite,K,K,0.994746744632721,3.8138003333187953e-07,5.082705811787491e-08,9.662137756549782e-10,6.221035242504058e-09,1.2308298380503402e-07,0.0002446249418426305,7.659909329049697e-08,0.0006907969363965094,8.989854194396685e-09,3.2619618269523476e-14,0.994746744632721,3.938293247074398e-08,1.2390709791532117e-08,6.942974550838699e-07,1.2211514354707025e-18,1.9223043157268194e-09,6.15825316088725e-13,0.004301335662603378,5.13109357520164e-13,8.965012966655195e-06,6.727611523427157e-12,2.2654764961771434e-06,5.7800590980150446e-09,3.746541324289865e-06,8.53117541055326e-08,2.1308550479659516e-09
data/raw_airwrite/K/airwrite_K_20260804_151351_901001_c38500.png,airwrite,K,K,0.9777532815933228,1.7149115592474118e-05,2.3655557868096366e-07,2.346176586343063e-10,4.330372149752293e-08,6.029753762959444e-08,2.396857234998606e-05,5.32288346732912e-08,0.007222726941108704,1.4004443471549166e-07,9.21294426381794e-14,0.9777532815933228,2.1624611434845065e-08,2.1578402993327472e-06,8.29109048936516e-05,3.106425174372672e-17,4.099786288236373e-09,6.831878812674219e-11,0.014824971556663513,1.6096885109562198e-12,1.756244273565244e-05,2.7638836996857208e-08,2.0574583686538972e-05,7.729191793259815e-07,3.0111445084912702e-05,3.156493448841502e-06,6.685496600766783e-10
data/raw_airwrite/K/airwrite_K_20260901_163206_354810_a91707.png,airwrite,K,K,0.9975548386573792,1.9583293320302175e-11,1.9616031750047114e-06,9.730083405656842e-10,1.4254949443071041e-09,6.579090495506534e-06,0.0004865118826273829,1.340218769296797e-10,0.001872035674750805,4.707293101091636e-06,6.751144240001172e-13,0.9975548386573792,5.1658171287272125e-05,3.314871909409177e-14,7.36071337215094e-09,4.977635571555725e-22,8.044025862075088e-11,1.2643353092477071e-17,2.0122173737036064e-05,4.900198890522823e-16,9.953689641406527e-07,1.7502660779045165e-11,5.572034638134937e-07,8.059259509751726e-11,9.502002518146924e-10,5.274983116976273e-09,4.6194909009145135e-10
data/raw_airwrite/K/airwrite_K_20260901_163239_495811_2f64e6.png,airwrite,K,L,0.9956855773925781,5.037278171080191e-14,4.8385468289779965e-06,3.3459470749619413e-09,3.755089039714221e-07,3.142834259506344e-07,5.175281092562045e-09,1.4724215973544418e-14,1.1376384463801514e-05,0.004193343687802553,2.719319127209019e-06,2.385820607742062e-06,0.9956855773925781,1.660931851583809e-17,5.708371730861472e-08,1.4526813568758264e-16,3.999451865608489e-13,1.3024475732530266e-17,1.7179960565272268e-08,1.2796969701359823e-13,3.5115302665644776e-08,6.642902008024976e-06,9.111002873396501e-05,5.5879105786971195e-09,3.2718577234630314e-16,1.190431021313998e-06,8.286297165191903e-15
data/raw_airwrite/K/airwrite_K_20260903_154454_546114_f3b41c.png,airwrite,K,K,0.5091086030006409,0.000505467876791954,4.026383066957351e-06,3.012274207847554e-09,3.5047908113483572e-06,7.318514150256306e-08,0.08960366249084473,0.0009182101930491626,0.005617905408143997,5.115632120578084e-06,2.5317422824855385e-08,0.5091086030006409,6.599277071472898e-07,0.0008833709871396422,0.00010812799882842228,6.512055434823583e-13,5.23098105986719e-06,1.9198461487235363e-08,0.09982326626777649,3.512111561576603e-06,0.005135483108460903,1.9110048654624734e-08,0.00023840453650336713,3.580987322493456e-05,0.28593024611473083,0.0020690765231847763,3.1183361670628074e-07
data/raw_airwrite/K/airwrite_K_20260903_154516_302454_1a9d8a.png,airwrite,K,Y,0.3742954134941101,0.000123454665299505,0.03798684850335121,6.037874413777899e-07,0.16863387823104858,0.00023229571525007486,0.07417181134223938,0.0005876991781406105,0.0001888415717985481,0.0006749448948539793,0.014458626508712769,4.6598893277405296e-06,0.007958396337926388,1.2297484808243553e-08,0.000988089945167303,5.778926492894243e-08,0.000784071278758347,1.4428460417548195e-05,2.813319042616058e-05,0.1815374791622162,1.394609853377915e-06,5.1934180191892665e-06,0.13721826672554016,0.00010488316911505535,4.6293286004583933e-07,0.3742954134941101,2.9132491974337427e-08
data/raw_airwrite/K/airwrite_K_20260903_154535_827252_86b873.png,airwrite,K,K,0.9915590286254883,1.9875834311733342e-08,1.9587273527577054e-06,1.4464671682645758e-09,9.904588260667424e-09,2.6506279482418904e-06,0.00760169792920351,8.702760823098288e-08,0.00033670253469608724,1.769651163385788e-07,5.505786256597422e-13,0.9915590286254883,5.132266664986673e-07,3.5734398079467766e-11,2.2795578757950352e-08,4.0330257052531233e-20,3.4937219783870432e-09,6.3652192410390985e-15,0.0004669694462791085,2.933106882374581e-12,1.715237340249587e-05,2.1551193989111095e-12,2.7938788207393372e-06,6.886886061430175e-10,1.017759586829925e-05,4.223038274631108e-08,2.664158138543371e-08
data/raw_airwrite/K/airwrite_K_20260903_154552_350361_e3633a.png,airwrite,K,K,0.9350631833076477,2.663311793327239e-10,1.3024270550943129e-09,3.6441734074799115e-09,7.447006900029862e-11,5.723004736779558e-09,0.020382657647132874,3.1620120921616035e-07,1.6335019608959556e-05,9.828462913322178e-13,3.4889444261721016e-18,0.9350631833076477,4.890934324208729e-10,2.855555548963995e-11,7.196393703168269e-09,3.120721422202427e-20,1.9631637826478254e-07,8.74999942293564e-15,0.0445370189845562,4.1001053328318035e-14,1.8258847944707668e-07,2.946591825324345e-20,5.5453430292118355e-08,2.0094455681113517e-14,4.2671470801280975e-09,3.0976798903736835e-10,6.767994498169116e-10
data/raw_airwrite/K/airwrite_K_20260903_154555_653213_ac4e31.png,airwrite,K,K,0.9987614154815674,8.083973490613516e-09,6.378762407166505e-08,3.528774494832021e-11,1.4923671187716536e-09,9.177853144137771e-08,9.436524123884737e-05,1.9334192025155517e-09,0.0005040803807787597,8.539436180399207e-07,5.31571314743573e-13,0.9987614154815674,3.929865783902642e-07,6.203525193537729e-11,7.489902742463528e-08,3.693748772064619e-21,8.035832416153355e-11,2.2681379005322876e-14,0.0005759259802289307,2.8758049273099745e-14,6.0865277191624045e-05,1.396946447407288e-10,1.1200977496628184e-06,9.94003879206673e-10,2.842587321083556e-07,4.851904122915585e-07,2.2459292758902905e-10
data/raw_airwrite/K/airwrite_K_20260903_154627_410902_80eca3.png,airwrite,K,K,0.9066811800003052,0.0005623794859275222,1.2907323707622709e-06,3.128388104123303e-10,1.3312816236066283e-06,1.60884483193513e-05,0.00014161286526359618,1.3302511661095195e-06,0.005005793180316687,0.0011180605506524444,5.529515512137095e-09,0.9066811800003052,1.5492433931285632e-06,1.1598533689038959e-07,1.8865937363443663e-06,8.76806155350289e-17,3.495614605067421e-12,1.7282704156684758e-09,0.008883764035999775,4.068995973494083e-10,0.06168586388230324,3.566731538739987e-05,1.2786647857865319e-05,1.8760094462777488e-05,0.015234636142849922,0.0005957845132797956,7.110383393182929e-08
data/raw_airwrite/K/airwrite_K_20260903_154711_885214_a6c856.png,airwrite,K,K,0.9999741315841675,2.0453140591771002e-13,7.325414719261403e-10,1.4237319006030202e-12,1.1090060754491773e-13,4.086382787704679e-08,1.695207174634561e-06,1.904479043001936e-14,1.853707362897694e-05,2.5748131057823365e-11,2.6279384677451556e-21,0.9999741315841675,1.451355147175093e-09,1.302078319827583e-17,1.6087955620469607e-11,1.3239177970825358e-29,3.046019586192515e-14,9.901848977738903e-23,5.5821060414018575e-06,4.788789591475015e-22,3.8849612415958745e-09,1.711641000983515e-17,1.5296827138300273e-09,2.636119633060599e-15,5.960923161324461e-12,1.0855249668985725e-13,5.322411348457345e-13
data/raw_airwrite/K/airwrite_K_20260903_154748_360024_0ecb16.png,airwrite,K,K,0.9878403544425964,9.324561744961102e-08,7.218476639536675e-06,7.357636028215708e-11,1.3295827727688447e-07,4.246021035214653e-06,0.0002748238039202988,1.5840534217659297e-08,0.004151870962232351,0.005072337109595537,5.4965023643660516e-09,0.9878403544425964,3.411205761949532e-05,8.88206522220436e-11,2.1960431695333682e-07,5.800475315545278e-19,5.3815344541741084e-11,1.2368307333171513e-12,0.0004946847911924124,5.044818295746323e-12,0.001987120369449258,1.6417301367255277e-06,1.0778931027743965e-05,1.6630691845875845e-07,2.352622504986357e-05,9.665761172072962e-05,2.8356237358195813e-09
data/raw_airwrite/K/airwrite_K_20260903_154813_294920_970b1d.png,airwrite,K,K,0.9602494835853577,1.1844176697195508e-05,5.534059710043948e-06,9.744277607026675e-10,3.1717678439235897e-07,1.8260470824316144e-07,0.017737071961164474,9.004784260469023e-06,0.004089980386197567,2.7355561087460956e-06,1.7432448540244394e-10,0.9602494835853577,4.5845396812183026e-07,2.91005721919646e-06,1.4103240573604126e-05,5.602689371097321e-16,4.5436681261890044e-07,9.526555933003777e-11,0.014695676043629646,5.021737248256386e-09,0.0006057641585357487,7.428075932125466e-09,3.94759263144806e-05,1.4611281358156702e-06,0.0024832207709550858,5.036298171035014e-05,4.958229382623358e-08
data/raw_airwrite/K/airwrite_lowercase_K_20260805_213838_972680_eb1ba7 (3).png,airwrite,K,I,0.7259392738342285,1.9577333087994475e-09,0.030631335452198982,1.9360275882451816e-10,0.0002942572464235127,0.00018092498066835105,0.060050733387470245,1.0724127719186072e-07,0.022452371194958687,0.7259392738342285,4.0556202293373644e-05,0.07532080262899399,0.07721460610628128,1.7597875196992407e-13,3.1413969736604486e-07,1.2137396490280436e-17,5.373891887039406e-10,1.5395841949949508e-14,1.8640203052200377e-06,1.1848754200016742e-09,4.711961082648486e-05,2.587988637969829e-05,0.003277487587183714,6.745675818820018e-06,1.0565728416622733e-06,0.004514514468610287,1.1777283592806498e-09
data/raw_airwrite/K/airwrite_lowercase_K_20260805_213838_972680_eb1ba7 (5).png,airwrite,K,K,0.9991890788078308,1.4472312779602314e-13,9.864602645848208e-08,2.1726376462347964e-14,6.536702169129827e-12,4.5677431614876696e-08,1.1879135399794905e-06,8.860809967161341e-15,0.0008084986475296319,2.119019058000049e-07,8.662770560511628e-18,0.9991890788078308,6.583800171711118e-08,1.3270916825247577e-17,2.395341147654051e-10,4.8738275303737155e-29,1.548667776321306e-14,1.7754553372946685e-21,7.763522944514989e-07,1.366673927096382e-21,4.134827591428802e-09,1.3159842139620626e-12,4.074694714972793e-08,1.2890028671178055e-12,6.533312085776899e-12,7.788365785632578e-11,1.5583956109073427e-14
data/raw_airwrite/L/airwrite_L_20260804_151444_347349_148f87.png,airwrite,L,L,0.9449747800827026,0.0002482772106304765,4.860310127696721e-07,0.002827790565788746,0.0001366365613648668,0.0022554409224539995,4.8274340080922684e-09,3.863186159858145e-10,0.0005241731996648014,0.00033651612466201186,9.039914584718645e-05,0.000663236656691879,0.9449747800827026,1.044613906486802e-08,0.0017652178648859262,5.285572424185148e-09,8.697380380999487e-13,4.1143644047281214e-10,0.0012976523721590638,3.5525200559050063e-09,0.0019437898881733418,0.00869023147970438,0.03306260332465172,0.0011701101902872324,6.3783045511911496e-09,1.2686751688306686e-05,1.74072170011641e-08
data/raw_airwrite/L/airwrite_L_20260804_151449_637163_de5af3.png,airwrite,L,L,0.9996532201766968,3.639706591673786e-11,7.3414301304808305e-09,5.631735348288203e-06,1.0096560743022565e-07,1.5745687278467813e-06,1.4535421477557264e-10,3.2960820081336453e-14,1.1985801506853022e-07,0.00023378549667540938,6.66549094603397e-05,8.546310326096318e-09,0.9996532201766968,1.9812255484488755e-16,7.514781685813432e-09,2.530176046976196e-13,3.39516030959484e-16,9.741332188400133e-17,9.70123394949951e-08,3.7357419935268865e-10,1.2747459550155327e-05,2.2942190014418884e-07,2.567963019828312e-05,1.872659183277392e-08,2.4704037779191626e-14,4.226619410019339e-08,3.4117203420030995e-12
data/raw_airwrite/L/airwrite_L_20260804_151456_943443_7164dd.png,airwrite,L,L,0.996623158454895,3.756145616762296e-09,1.3210658122986274e-09,0.0014697774313390255,7.836609938749461e-08,2.2803131287219003e-05,6.525315399130704e-08,1.0976421160879823e-10,1.4671933286081185e-06,0.00027098049758933485,0.001356619643047452,1.7190892265261937e-08,0.996623158454895,4.576316149624117e-15,2.417967603918214e-09,4.261456812426623e-11,2.2920198700721584e-17,5.35727798589374e-16,1.4265147001424339e-06,5.317342655075663e-08,0.0002378725475864485,9.79772374343213e-10,1.4036613720236346e-05,1.5803815358594875e-06,1.1747579298226896e-10,2.612797445067372e-08,5.499344268855566e-08
data/raw_airwrite/L/airwrite_L_20260804_151501_335073_309a43.png,airwrite,L,L,0.9990260601043701,3.0056183236704115e-11,4.945965770275507e-07,3.868517808314209e-07,8.211181352635322e-07,1.6493817156515433e-06,1.348193023886779e-08,5.826254192639602e-13,2.353457603021525e-06,0.0008223834447562695,7.238033867906779e-05,4.1631574276834726e-07,0.9990260601043701,3.5320327341185767e-15,4.557826116524666e-08,2.1410465360274106e-13,1.372856770756256e-13,9.99365258312645e-16,7.137200697115986e-08,3.3373412366977107e-10,4.887750037596561e-06,2.75921752290742e-06,6.438433047151193e-05,7.79241133841424e-08,1.3981463285305668e-13,7.022539989520737e-07,5.914441245785662e-12
data/raw_airwrite/L/airwrite_L_20260804_151615_531336_e72c5c.png,airwrite,L,L,0.9996577501296997,7.445016131368831e-11,5.499616406723362e-08,3.29137037624605e-06,6.557671667906106e-07,2.980467115776264e-06,1.1998235738275298e-10,3.3013698654167645e-14,1.8082077701819799e-07,0.00017541443230584264,2.9992761483299546e-05,5.7578901646593295e-08,0.9996577501296997,9.603608733992422e-16,4.026715316740592e-08,5.228534619150516e-13,1.469216255275442e-14,1.6962251932493887e-15,1.3826917211190448e-07,2.2489098083777748e-10,1.815291579987388e-05,2.0548684460663935e-06,0.00010884615767281502,2.6206679493157026e-08,1.0031076616318513e-14,2.5946988557734585e-07,1.5462602986210383e-12
data/raw_airwrite/L/airwrite_L_20260804_151617_863509_6b7f90.png,airwrite,L,L,0.9869758486747742,9.554462998551116e-09,0.00010582424147287384,9.585480256646406e-06,0.00011126283789053559,4.621448169928044e-05,1.0241058589599561e-05,1.7794199891341123e-08,4.354357224656269e-05,0.008832506835460663,0.002715716138482094,1.2698684258793946e-05,0.9869758486747742,1.0397201329059857e-11,4.897974577033892e-06,2.083019756682347e-09,1.9131508821601528e-08,2.6904950489736734e-10,9.008760571305174e-06,3.608597864968033e-07,4.404731225804426e-05,2.348188718315214e-05,0.0007954651955515146,1.5425863466589362e-06,1.6541362723998532e-10,0.0002577565610408783,4.7113624113137575e-09
data/raw_airwrite/L/airwrite_L_20260804_151630_152231_5f3093.png,airwrite,L,L,0.785485565662384,6.699070127069717e-06,3.312545959488489e-05,0.00039601579192094505,0.00018725266272667795,0.0002263487403979525,1.7593352822586894e-05,6.630972215759812e-09,2.7504009267431684e-05,0.014126426540315151,0.19065113365650177,1.3235734286354273e-06,0.785485565662384,1.7180858125076526e-10,1.592467560840305e-05,1.2442859542716178e-06,3.536407278126319e-11,7.661632439592836e-10,1.5247035662468988e-05,0.00010325897892471403,0.004193051718175411,0.00011123794683953747,0.0038289851509034634,0.0004729840438812971,1.2767726786933054e-07,9.841123392106965e-05,4.6899498329366907e-07
data/raw_airwrite/L/airwrite_L_20260804_151703_346455_7030e6.png,airwrite,L,L,0.9934240579605103,6.017472298225357e-09,4.179141342319781e-06,6.713993911944272e-07,2.2301141143543646e-05,4.2364263208583e-05,8.931086981078806e-09,3.404178848531725e-12,9.066883649211377e-06,0.003175019286572933,0.00013932058936916292,2.4096683773677796e-05,0.9934240579605103,4.3769963375310875e-14,1.430295810678217e-06,1.9852979123938935e-13,3.394406338039918e-13,2.5856400354129505e-13,1.3301608987603686e-06,1.1785268594355358e-10,0.0003686288255266845,0.00042069933260791004,0.002332906238734722,1.3656375585924252e-06,6.191331301808045e-12,3.256732088630088e-05,5.1843140891350004e-11
data/raw_airwrite/L/airwrite_L_20260901_164537_087288_f49a46.png,airwrite,L,L,0.646224319934845,1.1989487802566146e-07,8.502541277266573e-06,0.00010766713239718229,2.1465475583681837e-05,0.0030339625664055347,9.68428939813748e-05,1.3532753655454144e-06,6.363392458297312e-06,0.3060224950313568,0.007497713435441256,3.028803985216655e-05,0.646224319934845,4.2027031811261994e-13,1.2428341911174812e-08,5.134896674530154e-11,1.8411511204519115e-10,1.225402418425503e-10,0.00013605804997496307,1.4520556760544423e-05,0.03607884794473648,8.75827126378681e-08,5.562503429246135e-05,3.2610994793458303e-08,7.580827627862163e-07,0.0006530232494696975,1.0025783012679312e-05
data/raw_airwrite/L/airwrite_L_20260901_164548_800673_3501f9.png,airwrite,L,L,0.8114867806434631,6.488077985977725e-08,0.000800137931946665,0.000548768206499517,0.00021449834457598627,0.011833485215902328,0.0016198044177144766,2.0348628822830506e-05,3.3546341001056135e-05,0.16628092527389526,0.0047495486214756966,4.153175177634694e-05,0.8114867806434631,2.82087742921322e-12,1.181941371442008e-07,2.398946596926521e-09,5.299797862790001e-07,9.00480412457938e-10,0.00011226155766053125,0.00011960089614149183,0.0012506436323747039,5.644599099241532e-08,0.00027619965840131044,4.7347075593506815e-08,4.2770497543642705e-07,0.0005741908098571002,3.654387182905339e-05
data/raw_airwrite/L/airwrite_L_20260901_164557_178548_4e1bd4.png,airwrite,L,L,0.9981297850608826,3.202685444863955e-14,3.1648908134229714e-06,2.8156529885414727e-10,1.1499121228553122e-06,7.748014496655742e-08,6.211109959686212e-10,2.022417157720546e-15,2.142885932698846e-06,0.0015873487573117018,1.1597134289331734e-05,3.326322826069372e-07,0.9981297850608826,2.4889407614432167e-18,7.514590549817513e-08,5.599040644328125e-17,1.828985537512002e-14,3.300557557180753e-18,1.4193745068169505e-09,3.450066160494078e-14,1.6452387896492837e-08,3.754401404876262e-05,0.0002246222284156829,1.9778447324370063e-08,5.843040396185547e-17,2.0983668491680874e-06,3.4172130770744017e-16
data/raw_airwrite/L/airwrite_L_20260901_164618_648548_d3eec6.png,airwrite,L,L,0.9197942018508911,4.428414968060679e-09,0.0008837946807034314,4.46022859250661e-05,0.00014106959861237556,0.000615410041064024,0.00013959917123429477,6.44985334474768e-07,4.211116538499482e-05,0.07571467757225037,0.001816797535866499,3.125620787614025e-05,0.9197942018508911,9.951604427668737e-13,7.960404104778718e-07,3.332631670627251e-10,2.0152619129021332e-07,8.153190622639528e-11,4.278362393961288e-05,2.2042188447812805e-06,6.949209637241438e-05,1.8801431451720418e-06,0.00044235229142941535,1.0928945926025335e-07,4.939132214332176e-09,0.00021572544937953353,1.3104319407375442e-07
data/raw_airwrite/L/airwrite_L_20260903_155452_307792_134ab4.png,airwrite,L,L,0.992211103439331,3.321864311400802e-11,4.682182043325156e-05,2.9997426764794e-08,3.698647560668178e-05,2.552780415499001e-06,2.556210347393062e-06,2.909766316783191e-10,5.34202808921691e-06,0.0056852130219340324,0.0015873400261625648,2.02165051632619e-06,0.992211103439331,8.72526097867813e-15,5.26081009866175e-07,5.096265423554236e-12,1.0694763963314813e-09,1.939925433833145e-12,2.042468310037293e-07,2.0099975017728866e-09,1.4247739272832405e-06,4.295339294912992e-06,0.00021187946549616754,4.5798930869977994e-08,5.228692912667698e-13,0.00020171112555544823,8.878548070356818e-12
data/raw_airwrite/L/airwrite_L_20260903_155508_771050_26cbec.png,airwrite,L,L,0.9934743046760559,1.3489932504384683e-09,3.1946889066603035e-05,1.6324304397130618e-06,1.0268093319609761e-05,1.8038101188722067e-05,6.665997034360771e-07,4.441604029015167e-11,0.00014458065561484545,0.005292095709592104,7.902182551333681e-05,6.17738114669919e-05,0.9934743046760559,1.7915356698150475e-12,4.50826519227121e-06,5.247209351050275e-12,3.3477032257422934e-10,8.027019261953872e-13,4.524736596067669e-06,1.0451006726697187e-09,3.268686850788072e-05,5.7347006077179685e-05,0.0007604746497236192,5.977133810119994e-07,8.777687778016574e-12,2.547909753047861e-05,1.7904580595917707e-10
data/raw_airwrite/L/airwrite_L_20260903_155607_164600_1e8dc1.png,airwrite,L,L,0.9833662509918213,4.837415801262068e-09,0.00012573401909321547,7.553028922302474e-07,0.0001399859320372343,4.5070075429975986e-05,9.125034921453334e-06,4.399420383549568e-09,8.059804531512782e-05,0.011763888411223888,0.0024467967450618744,8.61700827954337e-05,0.9833662509918213,5.643563741331015e-12,3.7874865483900066e-06,4.641969794660916e-11,2.306084656567009e-09,2.965357820405856e-11,3.296231398053351e-06,1.777042513140259e-08,0.00014257100701797754,0.00011518026440171525,0.001035913359373808,2.619592351038591e-06,2.7607469088586356e-10,0.0006321949185803533,1.9616630542174107e-09
data/raw_airwrite/L/airwrite_L_20260903_155624_303488_652ea5.png,airwrite,L,L,0.9959927797317505,8.860188277504122e-11,5.475787020259304e-06,2.3535022819487494e-07,9.067980499821715e-06,5.218738351686625e-06,1.0743914202748783e-07,1.939214414048429e-11,4.5971382860443555e-06,0.003317935625091195,0.0002928250760305673,4.856685336562805e-06,0.9959927797317505,1.5301353730617397e-14,3.0590575761380023e-07,7.285043336809072e-13,2.1526686683204233e-11,2.1779125269731636e-13,6.162176191537583e-07,3.775833812280638e-10,2.2359618014888838e-05,9.781243534234818e-06,0.00028218133957125247,5.4461843035369384e-08,5.874938664891804e-13,5.1563954912126064e-05,1.4841072815130474e-11
data/raw_airwrite/L/airwrite_L_20260903_155651_550056_32a09b.png,airwrite,L,L,0.8616093397140503,2.2549824052475742e-07,0.008112415671348572,2.1829897377756424e-05,0.003362671472132206,0.00041611550841480494,0.005612525623291731,2.9334911232581362e-05,0.00023318712192121893,0.04905396327376366,0.05340605601668358,0.00013342205784283578,0.8616093397140503,8.196273104665863e-10,4.671733040595427e-05,1.804314564424203e-07,3.816722892224789e-05,1.521058408116005e-07,0.00010079526691697538,8.058755338424817e-05,0.00022276690287981182,5.319247429724783e-05,0.0033127928618341684,1.0679255865397863e-05,1.1336081939816722e-07,0.014142133295536041,6.458628263317223e-07
data/raw_airwrite/L/airwrite_L_20260903_155705_078645_03037a.png,airwrite,L,L,0.9620823860168457,1.174149666383073e-08,0.00433668028563261,9.534248420095537e-06,0.0010324056493118405,0.00020790590497199446,0.00039005264989100397,7.472929155483143e-07,0.00014897953951731324,0.024228768423199654,0.004707893822342157,5.1820024964399636e-05,0.9620823860168457,3.1073230793987605e-11,2.011918149946723e-05,2.0439664183413697e-08,7.726003786956426e-06,5.119745072335036e-09,1.9624336346169002e-05,1.8997703818968148e-06,1.6316658729920164e-05,2.0510107788140886e-05,0.0014570333296433091,1.4203326372808078e-06,1.5133647668363892e-09,0.0012581285554915667,2.5688477123253506e-08
data/raw_airwrite/L/airwrite_L_20260903_155718_261439_cdb476.png,airwrite,L,Y,0.7019806504249573,0.00011865568376379088,0.0050989119336009026,5.99995587435842e-07,0.02428230457007885,0.00033801019890233874,0.00747739989310503,4.736674600280821e-05,0.0480789989233017,0.016983777284622192,0.0756022110581398,0.00018995237769559026,0.040084999054670334,1.9692966816364788e-05,0.04161632061004639,5.180193625164975e-07,0.003960072062909603,0.0013964598765596747,0.00016268638137262315,0.00030835007783025503,1.2761651305481791e-05,0.00023000930377747864,0.03133454546332359,0.0006742951227352023,3.3876496274842793e-08,0.7019806504249573,3.268478110385331e-07
data/raw_airwrite/L/airwrite_L_20260903_155721_689124_0ce273.png,airwrite,L,L,0.986367404460907,2.660387909969586e-09,2.6942285330733284e-05,9.768418749445118e-06,2.9349877877393737e-05,6.364021828630939e-05,4.726068254967686e-06,8.829569964063921e-09,1.3873475836589932e-05,0.011407219804823399,0.0016185648273676634,9.638742994866334e-06,0.986367404460907,8.178408579702368e-13,5.354603445084649e-07,1.7189136225503887e-10,2.069976412499841e-09,3.4146466904028117e-11,8.584090210206341e-06,1.3548050503686682e-07,0.00011582579463720322,4.643537067750003e-06,0.00020554501679725945,1.6830701099479484e-07,1.2366659085660814e-10,0.00011334259761497378,8.059850564734461e-09
data/raw_airwrite/L/airwrite_lowercase_l_20260805_213942_656664_eeceb5.png,airwrite,L,L,0.9828220009803772,9.487628781570945e-13,9.520813364360947e-07,1.6310286454768175e-08,3.609542886806594e-07,1.4463067600445356e-05,1.7175597122331965e-07,3.2014792292894834e-12,2.6486027309147175e-06,0.017095040529966354,2.8870010282844305e-05,1.2399902516335715e-05,0.9828220009803772,1.1134229893684302e-17,5.71505953672613e-10,3.7243701201081664e-17,3.767457876159737e-14,1.413622053787195e-17,3.840164453094985e-08,1.1584230970307363e-11,9.499604857410304e-06,1.1864815974149678e-07,1.1867803550558165e-05,5.794284496651869e-10,2.51951215966828e-12,1.5029280575618031e-06,2.9036894416689663e-11
data/raw_airwrite/L/airwrite_lowercase_l_20260805_214028_532568_e4cdf6.png,airwrite,L,E,0.8239580392837524,5.020579919801094e-06,0.06151754409074783,0.0007215673103928566,0.0038829853292554617,0.8239580392837524,0.07384573668241501,0.005399609450250864,4.623563290806487e-05,0.01635928638279438,1.7179238056996837e-05,0.001555780996568501,0.008412097580730915,2.7664810546557117e-12,6.757933590506582e-08,6.258278339998924e-10,0.00011648026702459902,1.4178000640185928e-07,0.001090719597414136,0.0003959832829423249,0.0004112339811399579,1.0265726047009593e-09,0.0006603161455132067,8.628155079293265e-09,7.712405204074457e-05,0.0002640067250467837,0.00126281613484025
data/raw_airwrite/L/airwrite_lowercase_l_20260805_214057_898694_a71916.png,airwrite,L,I,0.6381364464759827,4.553403343265927e-08,0.013912542723119259,1.2091102519207197e-07,0.006665842607617378,0.0002546659961808473,0.0004476415051613003,1.5292700936697656e-06,6.466357444878668e-05,0.6381364464759827,0.04655123129487038,2.832844984368421e-05,0.26993829011917114,1.1143429928806015e-12,1.4392007869901136e-05,2.6012914045026037e-10,4.023786814855157e-08,1.6840597805156676e-09,1.1772070138249546e-05,9.328416581411147e-07,7.557625212939456e-05,0.0010988391004502773,0.0014725899090990424,6.111739367042901e-06,4.201108794177344e-08,0.021318383514881134,4.184872004486806e-09
data/raw_airwrite/M/airwrite_M_20260804_151906_107132_a06f43.png,airwrite,M,Z,0.9896905422210693,2.87534529519462e-08,2.7906780886155502e-08,0.00010262787691317499,5.6911158452521704e-08,0.004006706178188324,0.00020389951532706618,3.539486715453677e-05,1.8909064181116264e-07,8.177694326150231e-06,1.328487764240549e-09,1.7551632369716685e-09,7.870473717197513e-10,4.434867332644999e-19,1.2220395263548415e-15,3.320609846119149e-13,4.380268934026099e-14,8.25854107322499e-11,5.865974372909477e-11,2.427694028028782e-07,1.3519183106325272e-08,1.4251409470675444e-19,2.5286720983785926e-07,2.6430350218002198e-14,0.0059519740752875805,2.9059212813820068e-09,0.9896905422210693
data/raw_airwrite/M/airwrite_M_20260804_151948_101806_d4214e.png,airwrite,M,M,0.9942474365234375,2.2827428836080799e-10,4.0437137834961034e-20,5.8893608807700045e-28,2.1974935739620897e-16,1.7530783321523265e-23,2.0466282045958873e-21,2.590064056616919e-21,0.0018843520665541291,9.476822162382214e-18,2.351573650865074e-25,4.045187157603183e-16,3.1693309254747842e-24,0.9942474365234375,0.003868143307045102,3.858571061295881e-26,2.404746188419335e-14,2.7771667344272943e-12,2.9966553544147345e-11,2.4843139266869014e-19,1.905493901747343e-27,2.745882084856276e-18,7.324068435066167e-11,1.8236393728443545e-08,1.4686521346377388e-22,9.555607173583613e-12,8.91086088884678e-28
data/raw_airwrite/M/airwrite_M_20260804_152040_601344_ce5420.png,airwrite,M,M,0.9951744675636292,2.754961259121558e-10,9.932383483692697e-20,8.950078118821852e-29,6.519124492280494e-16,5.956278487653145e-24,2.36036952095577e-22,9.448296871270065e-22,0.00068416737485677,2.880682332610061e-19,6.275016411367893e-27,1.2210674766385284e-16,1.4477145750332063e-25,0.9951744675636292,0.004141440149396658,7.696443768293444e-26,6.934510338998598e-14,1.464420598673577e-12,1.4090350414219799e-11,4.272192959404555e-19,6.6701905377523e-29,2.0601367425454745e-19,1.8586682193344473e-10,2.1018148999019104e-08,1.1376313313308565e-22,6.746734247664588e-13,5.613907037515829e-29
data/raw_airwrite/M/airwrite_M_20260804_152043_209261_f6c42d.png,airwrite,M,M,0.9509217143058777,6.024924005032517e-06,3.834160419713406e-11,4.453166571122718e-20,2.932698750512941e-09,7.963129531858917e-14,2.7702359503556373e-11,1.1708252639977546e-12,0.04062765836715698,3.965623940338503e-10,1.2043962324041844e-14,9.110794896294294e-10,4.2200923143707035e-16,0.9509217143058777,0.006620180793106556,6.506863130988099e-20,4.745651094317793e-10,1.0644901848877453e-08,8.988323685343858e-08,1.7957403619650592e-10,1.4054833575658367e-16,1.3579336266555941e-10,2.9509812975447858e-06,0.0018008222104981542,5.74049098187035e-12,2.0615547327906825e-05,1.277233701975369e-17
data/raw_airwrite/M/airwrite_M_20260903_155901_188985_cf57d4.png,airwrite,M,M,0.9975852966308594,3.5607719550689865e-10,3.888277757603381e-19,1.0641653492745763e-25,5.226073641155233e-16,5.435007784289749e-22,1.5903382728750636e-18,5.139589542376262e-19,0.000947945867665112,7.394329623011575e-17,1.258221232027845e-23,1.605116050924088e-13,3.5308841089130936e-22,0.9975852966308594,0.0014665896305814385,2.6633571185878377e-25,1.5728029637137805e-14,8.078561826658018e-14,9.96071114478525e-10,5.362543668780743e-19,9.970982538661938e-24,1.0393362931073222e-16,1.0872713840370807e-10,1.3971023804515426e-07,5.012016061441623e-19,5.439071762425307e-11,2.0034864345054903e-25
data/raw_airwrite/M/airwrite_M_20260903_155909_225450_cfc5c7.png,airwrite,M,M,0.9806283712387085,7.76168462834903e-09,6.081363042062895e-16,1.0907991206339094e-22,2.8986483894578863e-13,1.8435345877635771e-19,6.2328431387146284e-18,3.829965763719032e-18,0.0005667822551913559,5.533572607567003e-17,4.479637211529435e-23,2.0704682272051217e-13,4.1699463109537404e-21,0.9806283712387085,0.01880248263478279,3.519371990355052e-21,5.972423944289318e-12,1.3717293360221428e-12,3.753641841797162e-09,2.607750805591158e-16,4.7854763756730866e-24,7.909173321360582e-16,1.511016378685781e-08,2.3894704099802766e-06,3.0622989350828165e-18,2.706223786730355e-11,2.7973553985313944e-24
data/raw_airwrite/M/airwrite_M_20260903_155918_949326_7ee597.png,airwrite,M,M,0.9858142733573914,4.156151334200331e-08,1.202387488475815e-16,8.356699391845636e-25,5.285886068044296e-14,9.778269234257698e-21,4.786660264932251e-15,1.1144606245811514e-15,0.011290469206869602,2.1573285421527116e-14,6.33467171360487e-22,3.290434938407749e-11,9.719139552950795e-21,0.9858142733573914,0.0028951531276106834,1.5535376030630499e-24,8.846277876894959e-12,9.232813125148454e-11,4.748846293978204e-08,5.190498786766145e-16,4.242272027190922e-20,5.881247802504922e-16,9.121355337704529e-10,1.6921630674460175e-07,5.795945761364902e-16,1.3032417811587038e-08,1.1733753131440172e-22
data/raw_airwrite/M/airwrite_M_20260903_160009_666126_a8a0be.png,airwrite,M,M,0.9913826584815979,6.466881717626105e-12,1.183085465135255e-23,6.884156182398578e-31,5.065005768469653e-19,1.5738183115566153e-28,1.5360208973588108e-25,7.4744141826573655e-25,4.072446245118044e-05,1.1383265228921916e-23,1.1739405676956912e-32,1.8287162157763608e-18,2.081417039645078e-29,0.9913826584815979,0.008576632477343082,4.133668891585012e-27,4.522047913363837e-16,4.092444343340362e-15,2.660765704987078e-11,3.03323960033445e-23,1.0531131637604388e-31,1.943292733468105e-23,1.4152279608631302e-12,7.482384156709543e-11,4.928932974610727e-26,3.714445937991e-16,6.98861219733002e-33
data/raw_airwrite/M/airwrite_M_20260903_160029_847568_dbabda.png,airwrite,M,M,0.9651423692703247,3.311409727757564e-06,1.7055601993654773e-13,1.162426062211133e-16,3.6097038552673766e-11,9.185069637721575e-16,5.220312571975472e-13,2.021856640443964e-12,0.004335976205766201,5.661615924343333e-13,1.3549953590388e-18,3.4952282845779337e-08,1.3359611167166902e-15,0.9651423692703247,0.030479764565825462,3.13774884980883e-16,2.7257415768922044e-10,9.843575954349149e-10,3.583331636036746e-05,1.0181781904140125e-13,1.6142821671408236e-15,9.095723306484782e-12,9.155930769111364e-08,2.6576708478387445e-06,5.539250915592708e-12,7.1349282038113415e-09,9.364933576825228e-18
data/raw_airwrite/M/airwrite_M_20260903_160036_207252_b93b4e.png,airwrite,M,M,0.9931996464729309,9.287171920391302e-09,3.758327786768877e-18,1.816503695565182e-22,2.69910690884256e-15,3.658928830361398e-21,5.082178492935591e-17,2.8874556431533087e-16,0.0015195359010249376,7.534361374549452e-17,4.830449237272123e-25,7.151202546795687e-11,4.969992733696258e-21,0.9931996464729309,0.005280173383653164,2.1298335673204504e-22,4.254564636794328e-13,7.343324082489944e-13,6.741165634593926e-07,6.455940470762657e-19,8.092489686158833e-21,2.1821781594845479e-16,6.545785441458563e-11,1.254454051746734e-08,3.1319487917025064e-16,1.5701795766376314e-11,3.9225654128233405e-23
data/raw_airwrite/M/airwrite_M_20260903_160119_938691_a0e37f.png,airwrite,M,J,0.2115655094385147,0.028041435405611992,0.008246984332799911,0.0034413200337439775,0.011614853516221046,0.0018855852540582418,0.05394871160387993,0.006603913847357035,0.01953548938035965,0.05357066169381142,0.2115655094385147,0.007582497783005238,0.09288912266492844,0.0025844015181064606,0.02339375577867031,0.0012674001045525074,0.0015726935816928744,0.008886623196303844,0.03877250477671623,0.05301549285650253,0.09611953794956207,0.010112655349075794,0.05713951960206032,0.026219110935926437,0.0020899581722915173,0.17903222143650055,0.0008680063765496016
data/raw_airwrite/M/airwrite_M_20260903_160149_385564_7d6fd0.png,airwrite,M,H,0.5409255623817444,4.023460178359528e-07,1.16862996974484e-15,2.1596272142198407e-26,1.7672236287194498e-12,1.2431857369185708e-20,1.5466218550498185e-19,3.152082876528124e-19,0.5409255623817444,1.8113901220986883e-12,4.2922852708943413e-23,4.732868541523771e-10,2.630860539804549e-20,0.35162198543548584,0.10740976780653,2.6788789429741926e-24,3.657583811560519e-14,6.655575535141622e-10,2.5955867499760643e-07,7.205809681339182e-19,1.7627827929854497e-20,2.5754723874393814e-12,4.0618286334392906e-07,4.145268758293241e-05,1.793561163819949e-16,1.1946492861625302e-07,2.5417230870201174e-26
data/raw_airwrite/M/airwrite_M_20260903_160223_593486_e659fb.png,airwrite,M,V,0.3814795911312103,0.004555291961878538,0.008377914316952229,9.333396519650705e-06,0.000713258923497051,0.0003812760696746409,0.2582308053970337,0.001368340221233666,0.0011227658251300454,0.0049336738884449005,0.00031416196725331247,0.001366680720821023,0.0001848244428401813,2.0414988739503315e-06,5.4204694606596604e-05,3.9843642274384194e-10,5.884921847609803e-06,2.8196728862894815e-07,0.0015108708757907152,0.2153700888156891,0.0005148329073563218,6.5166550484718755e-06,0.3814795911312103,0.005017874296754599,0.03703318536281586,0.07741732895374298,2.90050265903119e-05
data/raw_airwrite/M/airwrite_M_20260903_160310_394486_5e1959.png,airwrite,M,M,0.9978399276733398,6.697651461218257e-11,6.204938249217766e-21,3.64821085274875e-28,3.187230794051752e-17,3.505565728600552e-25,1.507205471015445e-20,1.788581619250441e-20,0.00013077612675260752,6.4811244853438454e-21,1.185933252232731e-28,6.56116972547454e-15,5.320040350657989e-26,0.9978399276733398,0.0020293062552809715,7.98075016298147e-27,7.605489351638576e-15,2.3040223666394213e-15,7.28147708795035e-10,6.224520780867679e-21,9.501158609394463e-27,9.86099537344867e-21,9.419400155696867e-12,2.4059683134680654e-09,7.881899518843062e-21,1.4672308778097137e-13,2.0040253202965445e-28
data/raw_airwrite/M/airwrite_M_20260903_160345_924361_701309.png,airwrite,M,M,0.9980549812316895,2.6274005193727135e-10,7.432821645636117e-19,1.4538216526645395e-26,9.89060996630178e-16,6.498732693785494e-23,7.141179475140999e-19,1.3984093131031862e-19,0.00019185208657290787,3.586265585660204e-19,8.085447104395062e-26,5.509571545194748e-14,6.587134103432462e-24,0.9980549812316895,0.0017530821496620774,1.338976878521894e-25,7.12407021395689e-14,8.592657123752522e-15,6.973790989128759e-10,1.049164042508677e-18,2.5925893928565922e-25,1.5491567758863814e-18,3.055900810178258e-10,9.750115026463391e-08,2.80527706495761e-19,3.6012351954661792e-12,6.287564230141565e-27
data/raw_airwrite/M/airwrite_M_20260903_160353_236034_8cca4b.png,airwrite,M,T,0.1721060872077942,0.08846243470907211,0.0025387280620634556,0.00225113146007061,0.0053462497889995575,0.001058183261193335,0.0216752327978611,0.001914199092425406,0.020362025126814842,0.052777212113142014,0.14561453461647034,0.009229022078216076,0.03956137225031853,0.009098425507545471,0.05494656786322594,0.001021292875520885,0.00022407800133805722,0.01193749438971281,0.07253969460725784,0.03214000165462494,0.1721060872077942,0.03127686679363251,0.04936707764863968,0.05252433940768242,0.0038352382835000753,0.11759060621261597,0.0006019165739417076
data/raw_airwrite/M/airwrite_M_20260903_160359_731237_929028.png,airwrite,M,M,0.9940851926803589,1.334556145593524e-07,1.4302390177679987e-14,1.1674069808617322e-22,1.4897299973476441e-12,9.835780420373868e-20,2.743933010494748e-13,7.080902026833022e-14,0.0016456719022244215,8.725978839100928e-16,1.391565151850521e-22,1.6009831238505967e-09,2.3488022906816234e-20,0.9940851926803589,0.004266399424523115,2.540491582948949e-22,2.310900221180745e-10,3.140983783830875e-12,1.8673523527468205e-06,8.28924738094719e-15,1.3179824387470788e-18,3.6233059869598256e-16,1.275145500301278e-08,6.746880671926192e-07,5.368610829330211e-13,2.0454831162197706e-09,1.4497230827399368e-21
data/raw_airwrite/M/airwrite_M_20260903_160455_226144_02ccf0.png,airwrite,M,M,0.6056484580039978,8.898991268324608e-07,3.962288328929024e-14,1.0572472514545452e-17,1.818414863130613e-11,1.3668336577729292e-17,3.3082518175307925e-16,3.488021368047364e-14,0.002114151371642947,8.489693492750184e-15,2.449444362224863e-21,4.2988976961533254e-11,1.0266246115875258e-17,0.6056484580039978,0.392217755317688,3.0399480434386845e-16,1.2380222402796903e-09,1.0050106302728068e-09,1.7957172531168908e-05,9.498778242374335e-15,1.398904329001011e-19,9.963968398193218e-14,1.0707318409686195e-07,7.338584850913321e-07,1.0767690348568743e-15,2.932579457048945e-10,5.2866595249459345e-21
data/raw_airwrite/M/airwrite_M_20260903_160501_206812_2d4125.png,airwrite,M,M,0.9007647037506104,9.272826719097793e-05,9.673043477320675e-10,1.6288010436932288e-12,3.250280400379779e-08,8.083140927428456e-12,2.666313836385825e-09,3.9523664341345466e-09,0.026466287672519684,3.0073181722656273e-09,2.734489067471313e-13,1.9537956177373417e-06,1.532699835105067e-11,0.9007647037506104,0.07212157547473907,7.0755398068333974e-12,4.321416895436414e-07,1.1870164371430292e-06,0.0004649808397516608,1.2392467052535494e-09,2.2832107732240203e-11,3.72835362583146e-09,8.05390936875483e-06,7.52053820178844e-05,3.0744389256653903e-09,2.8142785595264286e-06,7.967600646092976e-13
data/raw_airwrite/M/airwrite_M_20260903_160509_829669_89ec61.png,airwrite,M,M,0.9902266263961792,3.2007747563511657e-07,2.9195038313972743e-13,4.537823091369448e-18,4.2315144443971775e-11,1.9971865873206823e-15,4.53243866049835e-12,5.902398795415431e-13,0.0036114761605858803,3.649218080492567e-12,7.019696611910552e-16,2.3364563617178646e-09,2.1149205670990042e-15,0.9902266263961792,0.006125957705080509,5.322970107505287e-18,2.5055940655605013e-10,3.1109317899513655e-10,5.821157742502692e-07,1.7029907215318496e-12,4.350290013390958e-16,8.092684508631542e-12,2.6598360136631527e-07,3.458694482105784e-05,8.448508277518474e-13,1.6389465429256234e-07,1.128360961332464e-17
data/raw_airwrite/M/airwrite_lowercase_m_20260805_214124_452949_f94547.png,airwrite,M,M,0.9920146465301514,3.2342883926617105e-10,1.862366129890171e-20,1.178749172428302e-28,6.801823458962291e-17,5.15793744650364e-26,1.0580676029802833e-21,2.71809004735189e-21,0.00013450607366394252,9.468044394756027e-22,4.743099957262836e-31,5.272474317764061e-15,3.07208166917119e-27,0.9920146465301514,0.007850872352719307,2.6558583177563715e-26,1.749559596861145e-14,4.6032445975667524e-15,2.2880632943866885e-09,7.25151761403733e-21,9.06157261071486e-28,3.653029917838773e-21,2.3775828528194154e-11,1.6906006594652467e-09,6.151841574165601e-21,1.5184903641028875e-14,1.1577985905203761e-29
data/raw_airwrite/M/airwrite_lowercase_m_20260805_214127_270363_421b7e.png,airwrite,M,M,0.9906557202339172,2.2626873885656096e-07,2.432823678906568e-16,2.695482934638939e-22,1.2527542750991744e-13,8.85147959696452e-21,5.6554770361174483e-14,4.102834472987857e-15,0.0017489646561443806,7.442662514121987e-15,1.481670207596509e-21,1.3566345824500559e-09,1.8900910268244465e-19,0.9906557202339172,0.007589740678668022,2.0163458413065955e-21,2.0434021228560306e-12,2.0153026816793762e-11,5.0800354074453935e-06,4.909457595911023e-15,4.884570007680348e-17,9.403636113606943e-15,7.330694273832705e-09,2.7243314093539084e-07,5.1311731285360457e-14,4.591623969929515e-09,1.3087072665774895e-21
data/raw_airwrite/N/airwrite_N_20260804_153229_441693_5edb1d.png,airwrite,N,N,0.6626115441322327,7.468878175131977e-05,0.00010166385618504137,2.7851719953779497e-13,1.9733979570446536e-05,9.243938253744588e-11,6.734334201397019e-10,3.1955800228189446e-09,0.3330441415309906,1.00227498478489e-05,9.5480616685642e-14,5.505868102773093e-06,1.105249503030592e-10,0.0004432697605807334,0.6626115441322327,1.918840303663516e-12,0.00030876690289005637,5.890384272788651e-06,0.0018856354290619493,1.536561211601395e-09,2.749408773566886e-12,2.975068014166027e-07,0.0012467020424082875,0.00021140812896192074,3.5643015205977235e-09,3.074173946515657e-05,1.5123600478504293e-14
data/raw_airwrite/N/airwrite_N_20260804_153316_692671_010b53.png,airwrite,N,A,0.5231389403343201,0.5231389403343201,0.00011745260417228565,1.5061548452877105e-08,0.004366956185549498,9.825707093114033e-05,4.611788426700514e-06,3.8055914046708494e-06,0.00692219752818346,0.0029172347858548164,1.0185980499954894e-05,0.0003189710550941527,4.408346967466059e-07,0.0050279246643185616,0.007522567640990019,2.351693595414872e-08,5.550555126632162e-09,0.0018932376988232136,0.004409554414451122,0.00024787403526715934,0.00040952200652100146,0.060101304203271866,0.0052080824971199036,0.3022893965244293,0.0024686974938958883,0.07252264767885208,8.536172657613861e-08
data/raw_airwrite/N/airwrite_N_20260804_153413_712361_51a366.png,airwrite,N,N,0.5269708633422852,1.3955620943306712e-06,1.4897285836923402e-05,2.1374088683321323e-14,4.274549792171456e-05,5.034625494282352e-10,6.321149714771934e-10,4.390610054347266e-13,0.12395164370536804,2.001549546548631e-06,2.6162247479533107e-08,5.554585769118603e-08,2.026514778208366e-08,0.0003510046226438135,0.5269708633422852,1.613602263958458e-12,9.006615897533266e-08,9.300596737205069e-09,9.186472738065277e-08,3.546345661575856e-09,4.3555430258562094e-14,5.174528996576555e-05,0.0739632174372673,0.2745007574558258,7.797128828007649e-13,0.00014937581727281213,4.045098748539313e-16
data/raw_airwrite/N/airwrite_N_20260804_153420_757323_bef572.png,airwrite,N,N,0.5504681468009949,1.7825113900471479e-06,3.6078963603358716e-05,2.1246852476182465e-13,6.420390127459541e-05,2.201763660281131e-09,2.072342297765317e-09,7.112750601175055e-13,0.09545120596885681,3.0874032290739706e-06,7.432593918110797e-08,8.140656149180359e-08,6.338964197993846e-08,0.00033823467674665153,0.5504681468009949,7.108603636285515e-12,2.602854465294513e-07,1.5053617019589183e-08,1.7462045320826292e-07,1.5820893040086048e-08,1.6740650749316743e-13,6.493823457276449e-05,0.11456023156642914,0.23885080218315125,9.16806778064605e-13,0.0001606887235539034,2.341274028626718e-15
data/raw_airwrite/N/airwrite_N_20260804_153423_471092_e8c20f.png,airwrite,N,N,0.7656535506248474,0.023809215053915977,0.0030605467036366463,1.7400276774992562e-08,0.011309007182717323,2.3117554519558325e-06,5.065215191280004e-06,3.2313666906702565e-06,0.06952575594186783,0.00018462941807229072,6.087287260925223e-07,3.320403993711807e-05,8.478057793581684e-07,0.007763158529996872,0.7656535506248474,4.1837236608444073e-07,0.002095605945214629,0.004366904031485319,0.0026928868610411882,0.0003310950705781579,8.004629847846445e-08,4.573151090880856e-05,0.07747812569141388,0.02400253899395466,1.3050573670625454e-06,0.007634300272911787,3.558310757156846e-09
data/raw_airwrite/N/airwrite_N_20260804_153558_127721_e5ca8a.png,airwrite,N,N,0.6023726463317871,0.09864185005426407,0.001996534876525402,2.0022685021103825e-07,0.003341869218274951,3.534474899424822e-07,1.3675633454113267e-05,7.399112655548379e-05,0.02520984783768654,3.925833152607083e-05,9.909039810906961e-09,0.00023548789613414556,2.04359267286236e-07,0.03415751829743385,0.6023726463317871,3.0450332815235015e-06,0.016759226098656654,0.008826886303722858,0.175644189119339,0.0013611471513286233,1.0589322982923477e-06,6.755315098416759e-06,0.02672237902879715,0.0030464131850749254,7.07010694895871e-05,0.0014748394023627043,1.530561810625386e-08
data/raw_airwrite/N/airwrite_N_20260804_153632_460579_ef61cc.png,airwrite,N,N,0.6398351192474365,2.450815106413984e-09,5.345779285903518e-08,3.4310870197331387e-20,2.6625032845117858e-08,2.6810346138799422e-14,1.0317044256673985e-14,1.3321053069355029e-18,0.3547375500202179,8.638753046241732e-10,4.2653119623532623e-16,6.115391526506642e-10,9.098393560910342e-14,6.09408671152778e-05,0.6398351192474365,5.002040780242117e-19,1.8069730156611286e-09,2.23175297686673e-12,3.629815781280854e-09,7.671189462192356e-15,1.0180997948233052e-20,9.468366535259065e-09,0.0025299827102571726,0.002836160361766815,8.39434383429327e-18,1.2009596161988156e-07,9.761536497337776e-23
data/raw_airwrite/N/airwrite_N_20260901_163331_391526_789f17.png,airwrite,N,N,0.9935142993927002,9.065728079349356e-08,1.5713709359318345e-13,5.562294138232192e-18,4.2745277803457604e-12,7.609195577386512e-18,6.660830192680383e-17,1.204244740561568e-16,0.003842767793685198,4.328566248728233e-18,1.3150010844962942e-26,5.5752251704177525e-09,3.622147388163047e-18,0.0025365061592310667,0.9935142993927002,2.2050011417158276e-20,3.463165171302407e-11,5.4323954087550936e-15,0.00010323909373255447,2.853018517794144e-18,1.691058075162076e-21,2.848826589126746e-14,2.8846714030805742e-06,1.6932986568463093e-07,2.7382123421395923e-17,3.5114107259891225e-13,4.614210728845079e-24
data/raw_airwrite/N/airwrite_N_20260901_163420_187753_c2ec9b.png,airwrite,N,N,0.9638567566871643,0.0012657038168981671,2.5228596101101175e-08,6.181937600713283e-11,1.4128443126537604e-06,3.438247256348781e-11,2.6649505085324376e-12,7.033690990754238e-11,0.00405335845425725,5.813194814408007e-09,1.9881919190428005e-13,3.7578747225097686e-08,6.69760427673971e-11,0.028998591005802155,0.9638567566871643,6.5062115695013745e-09,3.4415549521327193e-07,2.2663987692794763e-05,0.0008446360589005053,1.5144745901807255e-08,1.2330333152080208e-12,1.5547433918072784e-07,0.0006671904702670872,0.00028845726046711206,3.6192809166335493e-11,6.548503961312235e-07,1.3247693550879139e-14
data/raw_airwrite/N/airwrite_N_20260901_163456_436307_a726bb.png,airwrite,N,N,0.9656391739845276,3.3963988244067878e-06,2.8002589136377765e-10,4.18018786252361e-10,1.7328942725214347e-09,3.9126221793722715e-13,3.1119175212911262e-15,1.3108476977496952e-12,0.0009577703895047307,1.5499563438270414e-12,2.5257111821061406e-21,1.9515375981882244e-08,2.0622987638354434e-13,0.0003855208633467555,0.9656391739845276,3.899700007359286e-11,5.438379844235897e-07,1.1400230093272512e-08,0.03301151841878891,3.943390346249423e-14,1.7347079117464013e-15,1.735154728232935e-11,2.0653940282500116e-06,7.043628347247477e-09,1.5423727968639014e-14,4.86741029426252e-11,3.876905533785395e-17
data/raw_airwrite/N/airwrite_N_20260903_161512_809252_83e14d.png,airwrite,N,N,0.9992389678955078,0.00022169378644321114,1.0858591803497575e-09,3.8951602360226545e-12,2.58980577427792e-07,1.0597614365920327e-12,1.0684337939045286e-16,8.723094268399054e-14,2.8726281016133726e-05,5.353330972956982e-11,3.416810736424456e-16,3.32393162473521e-12,1.6987923383542797e-13,0.00033213786082342267,0.9992389678955078,2.0270469747174502e-09,1.6036454386636478e-09,7.230738674479653e-07,2.3883771063992754e-05,4.2949413470161346e-10,6.33257911758423e-17,3.14554142732959e-08,9.936872083926573e-05,5.4180312872631475e-05,1.0029437607565576e-14,3.1358231566969152e-09,2.2885258591647344e-18
data/raw_airwrite/N/airwrite_N_20260903_161522_734745_396310.png,airwrite,N,N,0.9979612827301025,4.497622274612922e-09,1.1566243839425394e-12,6.436351719102279e-22,5.204131570124559e-10,9.32521484535227e-18,2.562811392520219e-23,6.901134270298896e-24,2.1218418623902835e-05,4.7446194786611787e-14,2.773699962061281e-18,1.7356511590337853e-18,5.535786721912624e-18,8.199110197892878e-06,0.9979612827301025,2.8709658969037376e-17,1.1865384061838114e-14,5.686655031415799e-13,2.4723671460807894e-12,1.3713329584841456e-14,1.0475172449086036e-27,1.1201725103049398e-09,0.00022448752133641392,0.0017848744755610824,7.188894162444512e-24,1.0073994589909763e-11,1.6061806753771262e-28
data/raw_airwrite/N/airwrite_N_20260903_161624_591216_65ea06.png,airwrite,N,M,0.5315637588500977,3.8672005757689476e-05,1.0299559122239899e-10,3.2139526983041553e-17,3.4003526661052774e-09,1.2496338057214895e-14,5.223060279093729e-14,1.5023124075048272e-13,0.05150512978434563,1.0045213549858545e-09,1.4154791404368254e-16,1.4655676672248319e-09,6.0444017006182696e-15,0.5315637588500977,0.41667166352272034,1.7915403284962574e-15,1.0904315672632947e-08,2.387164101946837e-07,1.2654602869588416e-05,2.2004779942630392e-11,2.3568842635094637e-16,9.079440532744343e-10,1.0264099728374276e-05,0.00019725914171431214,1.1580027301644202e-12,3.2264097171719186e-07,4.5525675857882055e-18
data/raw_airwrite/N/airwrite_N_20260903_161709_344215_a52dac.png,airwrite,N,N,0.9941605925559998,0.0001592228509252891,1.606531241371556e-09,1.3100399942362478e-13,3.8047761563575477e-07,1.5332934845836005e-13,1.7161855161811068e-13,7.574249387409804e-12,0.001105171162635088,8.671642570678983e-11,4.203733884697736e-15,3.5813602083933915e-11,1.3998977216149455e-13,0.004114248789846897,0.9941605925559998,3.924468805482917e-10,6.613330697291531e-06,0.0003328822203911841,4.171026012045331e-05,1.2029202522967353e-08,8.795688062473181e-16,1.797965595851103e-11,7.762521272525191e-05,1.3679189123649849e-06,7.376206850179257e-15,1.3684594080132229e-07,8.455823371576783e-17
data/raw_airwrite/N/airwrite_N_20260903_161711_805690_19977e.png,airwrite,N,N,0.7895506620407104,0.0033672472927719355,1.0929968397022094e-07,1.7146161226944123e-11,2.5544745767547283e-06,9.673796486087127e-12,3.201653830942064e-09,1.6138909586516093e-07,0.057708125561475754,6.703972044164175e-09,1.2591459010158606e-14,4.242504019202897e-06,1.6008217321172857e-11,0.11140910536050797,0.7895506620407104,7.64546204123917e-10,0.0010149829322472215,0.0013713397784158587,0.03547222167253494,4.544008902485075e-08,6.897986348786134e-11,2.832927503693128e-10,8.94137192517519e-05,3.330455683681066e-06,4.523503793762984e-09,6.45358522888273e-06,8.655304120988583e-13
data/raw_airwrite/N/airwrite_N_20260903_161729_185308_7f5980.png,airwrite,N,N,0.6875484585762024,0.18869942426681519,1.0478692219484387e-10,1.1114596927281478e-15,3.080567267943479e-08,1.1115958956260663e-14,1.327596521605301e-08,2.4995844283282054e-10,0.07471039891242981,6.4347900661232416e-06,4.09533344736257e-12,9.671412044554017e-07,4.256320990103646e-12,0.01469337660819292,0.6875484585762024,4.55098029302891e-14,1.1556791079669892e-09,0.007298490032553673,0.024118399247527122,6.719954512846016e-07,1.811705061527391e-07,2.9718906446873916e-08,8.118872210616246e-05,1.1697983609337825e-05,1.4119958535729893e-08,0.0028301554266363382,1.0860674237386531e-14
data/raw_airwrite/N/airwrite_N_20260903_161805_742430_88e013.png,airwrite,N,N,0.5496100187301636,0.004301905166357756,8.615335007899905e-12,9.122410163690201e-15,4.607147108259824e-09,4.3168192417824083e-16,5.155780316568048e-11,1.4864673936187955e-09,0.0017294491408392787,5.952546899834488e-09,1.6759539478161396e-16,4.2512159126317783e-08,1.6712248040529412e-14,0.0026442408561706543,0.5496100187301636,2.794210175738332e-13,1.2006752569959644e-07,0.0009792406344786286,0.4407215416431427,1.4977143969474582e-09,1.1409666544892616e-09,3.1562957542724535e-12,2.3114143914426677e-06,9.917207499654523e-09,1.1039409386626176e-09,1.1177970009157434e-05,9.28665853425052e-16
data/raw_airwrite/N/airwrite_N_20260903_161839_756269_61869c.png,airwrite,N,N,0.43996497988700867,0.002725690370425582,1.8761204395589814e-11,1.0278428236366898e-15,4.121885055496932e-09,1.2679725348976661e-15,9.031455583397019e-09,5.429570393289396e-08,0.1260782778263092,2.054968462061879e-08,9.794358436131722e-16,1.1000664926541504e-05,1.9958648178174804e-13,0.25678718090057373,0.43996497988700867,2.322375453024054e-15,1.5439972003150615e-06,0.0004712530935648829,0.17372076213359833,3.183225072422857e-10,3.883209753752226e-09,3.516089155941593e-11,7.108224053808954e-07,1.0073610212657513e-07,5.6644737789213195e-09,0.00023841597430873662,9.846172712064689e-15
data/raw_airwrite/N/airwrite_N_20260903_161858_980717_f53613.png,airwrite,N,N,0.9996273517608643,8.386630270251771e-07,2.834371802475262e-14,5.177222074713526e-16,8.919173039023676e-11,3.311212780843778e-19,1.4312076463919603e-21,1.1980722691998605e-17,3.6143399029242573e-06,4.8805720783437565e-17,1.820172687635365e-23,2.638353682458982e-15,1.2938589569528886e-18,0.00036014479701407254,0.9996273517608643,3.81494349999123e-11,1.0063931910053725e-09,8.506446391720601e-08,6.905199825268937e-06,4.303582297926663e-14,3.078236478803746e-22,3.142542421015579e-15,1.097415974982141e-06,5.8259264079651985e-09,6.392659376756503e-21,2.947405774306189e-13,3.844332578016853e-24
data/raw_airwrite/N/airwrite_N_20260903_161905_811353_468b24.png,airwrite,N,N,0.9987316727638245,1.0315978897779132e-06,1.4641879288873616e-12,3.9357094726595447e-16,1.463502652399029e-10,2.367963322110652e-17,4.877326694664011e-20,1.004565441730023e-17,0.0002716356248129159,4.608886514621824e-14,2.826452020260883e-22,4.459647982932996e-13,5.511479606022447e-17,0.0009800717234611511,0.9987316727638245,3.4616699697703757e-13,1.2850649433460148e-09,2.6054470581016176e-08,1.0367329196014907e-05,6.535946778371202e-14,5.0644427848211055e-21,2.104175991432533e-12,4.954782980348682e-06,1.2192617759865243e-07,2.901574588437678e-19,8.247245768255862e-12,6.809228977169209e-23
data/raw_airwrite/N/airwrite_N_20260903_162000_316030_b60c14.png,airwrite,N,N,0.9991304278373718,1.0962613572473856e-07,1.4497204825492105e-10,3.213113436884192e-14,8.856987143701645e-09,4.563220257929913e-14,3.7454689022552223e-19,8.953470158698741e-19,6.982667400734499e-05,4.2373890507541034e-10,1.827340938341613e-14,2.20102297390605e-13,2.2646991920671766e-11,3.358631204264384e-07,0.9991304278373718,1.6134578482290829e-12,4.560708364784172e-13,3.39348341094059e-11,1.1497895258116841e-07,2.5768319769636783e-13,6.578746289441694e-19,1.5454517779289745e-05,0.000691278837621212,9.249367576558143e-05,1.1233802897293715e-19,9.061695838141759e-10,2.2591383457589956e-22
data/raw_airwrite/N/airwrite_N_20260903_162007_093555_edcaf3.png,airwrite,N,M,0.5720415115356445,8.137289842125028e-05,2.9993368899638995e-11,4.822439479254755e-17,4.321824009778652e-10,8.573421005520377e-15,3.3249297412552004e-12,1.4954938329370115e-12,0.2513963282108307,1.967807783387343e-08,1.5140082627927118e-16,8.519605216861237e-07,7.564029968782499e-14,0.5720415115356445,0.17599940299987793,3.991024363709946e-17,7.064870355399933e-10,3.6757878518756115e-08,0.00039082637522369623,2.524710909085348e-12,5.306545675966279e-13,1.8667893897372778e-08,2.1176811060286127e-06,8.528718899469823e-05,2.971397017326183e-10,2.291021701239515e-06,7.669985907783646e-17
data/raw_airwrite/N/airwrite_lowercase_N_20260908_142912_663581_bf8d3d.png,airwrite,N,N,0.7959508299827576,0.00039559390279464424,1.1204549510424044e-09,5.45177805122421e-08,1.0719806198267179e-07,4.945899245711871e-11,7.862207412889788e-11,1.5171012890391466e-08,0.0011806919937953353,1.03141960250408e-10,2.5901549666613706e-15,3.7117995361768408e-06,3.619921307151941e-10,0.006915079429745674,0.7959508299827576,1.0480029288828518e-08,3.3188894121849444e-07,1.1658217999865883e-06,0.19551391899585724,6.646960759582043e-11,1.3497122863803668e-10,6.1436891130028926e-09,3.7057496228953823e-05,1.29230420498061e-06,1.3700367229585453e-10,6.74101627851087e-08,2.783437814003059e-13
data/raw_airwrite/N/airwrite_lowercase_N_20260908_142959_002605_695ffa.png,airwrite,N,N,0.8461241126060486,0.0004695493553299457,1.996089959988012e-09,1.0911956893622232e-09,5.806687042309022e-08,1.633079609042465e-11,1.888950801332001e-10,7.022632253494976e-09,0.010279334150254726,4.03537793458586e-11,5.230105848856409e-17,2.7616641091299243e-05,2.54926409842815e-11,0.03680035471916199,0.8461241126060486,1.61310007018578e-10,5.916194254496077e-07,4.0197690509558015e-07,0.1062663346529007,1.7113253522604843e-11,1.4197941433646832e-11,1.6196245455901703e-09,2.8993872547289357e-05,2.7362020773580298e-06,4.6460937874748254e-10,3.1313501125396215e-08,9.781992517431462e-14
data/raw_airwrite/N/airwrite_lowercase_N_20260908_143020_265486_de969e.png,airwrite,N,N,0.9793399572372437,3.800633203354664e-05,1.3212181999497363e-12,4.208304982700889e-13,1.298483209843937e-09,4.88614555513669e-16,5.984574272775711e-13,2.0687521140594356e-11,0.00018431557691656053,5.215409267650406e-13,5.390918362615088e-17,2.701047607800433e-09,1.2326850152601099e-13,0.015063239261507988,0.9793399572372437,2.9151604741262105e-11,7.79222109059674e-09,1.004152991868068e-07,0.005372100044041872,8.810266752257156e-12,2.9549550740332053e-13,7.975642715707387e-12,1.9936562694056192e-06,2.2166402402490348e-07,1.002703033992948e-13,8.783215932339772e-09,1.1225050189039561e-17
data/raw_airwrite/N/airwrite_lowercase_N_20260908_143022_627431_031922.png,airwrite,N,N,0.8442286849021912,7.507781901949784e-06,2.303809270090551e-13,5.890780918615945e-11,2.794891540425226e-10,3.872259293371909e-16,1.249694516807984e-15,1.608706570732643e-11,6.878532076370902e-06,1.2088718697941814e-13,1.3016868255834193e-19,1.507797081634621e-10,2.928439554652357e-14,0.00015651213470846415,0.8442286849021912,3.1032190705992946e-10,1.2543964089672954e-08,7.993867967570623e-08,0.1555999219417572,2.3990073707950976e-13,4.1583906863719086e-14,5.385909817093304e-13,3.9115977301662497e-07,5.471360031705785e-10,1.3251829612760582e-14,2.2852217340663117e-10,2.6591677072665763e-18
data/raw_airwrite/N/airwrite_lowercase_N_20260908_143104_794557_aa1012.png,airwrite,N,N,0.9975737929344177,6.682159892079653e-08,6.37203023296797e-15,1.0790879301225687e-10,3.710841963572298e-12,5.850801335564765e-17,6.396435609733585e-22,1.0208094326196045e-16,5.735432182518707e-07,3.047826789880742e-18,1.1704606584676144e-26,2.5269554244228276e-13,6.306321096219346e-17,5.145960130903404e-06,0.9975737929344177,9.076749768466286e-11,6.349924752679925e-11,2.7134100522019367e-11,0.0024204012006521225,6.398473235078878e-18,2.6181524525783845e-21,2.1203248914123708e-14,4.565067257544797e-08,1.582177791559225e-11,1.192743875424175e-20,1.1015336312566299e-15,7.041740995817671e-23
data/raw_airwrite/N/airwrite_lowercase_n_20260805_214157_665807_d08b4f.png,airwrite,N,N,0.9890077114105225,3.2321371691068634e-05,2.0715751163080665e-12,6.591571207851446e-19,4.6324125091423696e-10,4.712418481405276e-19,4.182033116069631e-19,2.251485571602447e-15,0.00026910947053693235,5.392099086838891e-15,9.448337931480182e-25,1.1470826458831462e-12,4.0593830399903013e-20,0.010653921402990818,0.9890077114105225,1.0039890841167642e-14,1.4009068571851913e-08,1.1025965562794227e-07,3.619925701059401e-05,3.405768776807566e-13,5.6437010503619384e-21,1.695696771745244e-14,4.134132041144767e-07,8.462564693445529e-08,1.0068804522580404e-15,5.234040197782397e-12,8.886097792224396e-23
data/raw_airwrite/N/airwrite_lowercase_n_20260805_214205_980954_abfd36.png,airwrite,N,N,0.9992007613182068,2.6243798856739886e-05,1.8624240604586673e-12,3.764744660223092e-14,1.5807627429254012e-09,1.0488960525338221e-16,1.057614734713478e-16,7.904216696311486e-14,6.799346920161042e-06,6.535796430023064e-15,1.53819501718292e-20,4.748416070066153e-12,2.4941337765134063e-16,0.0005481716361828148,0.9992007613182068,4.790719557168366e-11,1.2162161278084227e-09,1.1984393033515062e-08,0.0002171499072574079,1.3709258337921137e-12,1.9960731757464063e-17,9.830845989697301e-13,8.578862775721063e-07,6.182079204108959e-08,1.6869789815971608e-15,1.3333018716865652e-11,2.6739320927941265e-20
data/raw_airwrite/N/airwrite_lowercase_n_20260805_214218_140606_5ad3b8.png,airwrite,N,N,0.9977854490280151,6.258404482650803e-06,6.129080854904703e-15,1.08051695360961e-19,1.0112701474829233e-11,1.1285416342187931e-21,5.0147020073634624e-20,2.703748755272632e-16,2.8004631531075574e-05,1.1456118957253187e-17,1.3007095287509743e-27,1.7788486070431653e-13,6.613708855177095e-22,0.0020789613481611013,0.9977854490280151,3.785161118867236e-15,5.206255426770667e-09,6.854941148048965e-08,0.00010134826879948378,1.3537297503677173e-15,2.4616727412412962e-21,7.40046482161488e-18,9.73168923223966e-09,1.0639707170856383e-10,6.3194340595979045e-18,2.1020411431448005e-13,1.7231299773034707e-24
data/raw_airwrite/O/airwrite_O_20260804_153700_759774_42d144.png,airwrite,O,O,0.952022910118103,9.432160732103512e-05,0.0006723620463162661,0.012610058300197124,0.008097601123154163,0.00012427639740053564,5.900618327281393e-10,2.522052454878576e-06,2.169361565385053e-11,2.0453411707421765e-05,0.00021652827854268253,3.7634031633225484e-13,8.475706181343412e-07,9.745335641979727e-14,1.0369683877797797e-05,0.952022910118103,2.883140496123815e-06,0.0016517466865479946,0.00010862958151847124,0.024278338998556137,3.8527190326931304e-08,1.0918935089421211e-07,8.448278094874695e-05,3.455556063514109e-09,6.154073362019119e-10,1.5455800621566596e-06,1.0673421257934024e-08
data/raw_airwrite/O/airwrite_O_20260804_153722_197128_f80d89.png,airwrite,O,O,0.9288570880889893,0.00010254286462441087,0.00046560034388676286,0.029869966208934784,0.00635641161352396,0.00019784588948823512,2.088141881628758e-09,4.958263616572367e-06,1.0711927178608249e-10,6.144271901575848e-05,0.0010008978424593806,1.833768380199441e-12,5.406106538430322e-06,4.2306999917252064e-13,1.755227094690781e-05,0.9288570880889893,2.7482305995363276e-06,0.0018543880432844162,0.00026899317163042724,0.03067702427506447,3.496509748401877e-07,1.703952250409202e-07,0.0002505685552023351,1.6574714933881296e-08,2.8411322183785614e-09,5.885686277906643e-06,4.433094957789763e-08
data/raw_airwrite/O/airwrite_O_20260804_153728_067051_6c3005.png,airwrite,O,O,0.9449064135551453,2.687002779566683e-05,2.2041807824280113e-05,0.038381174206733704,0.001152473851107061,1.3153858162695542e-05,2.115413920422693e-11,1.6786394496648427e-07,3.2241121664805528e-12,7.93548042565817e-06,0.004442597273737192,1.0488453232012154e-14,1.6089253449536045e-06,1.7682336240294923e-14,5.952754690952133e-06,0.9449064135551453,1.465155641255933e-08,0.0002226610668003559,4.062429798068479e-05,0.010513045825064182,1.0898506275225373e-07,7.731560458523745e-08,0.00026228654314763844,1.1209144723522968e-08,3.956767205548495e-11,7.347142059188627e-07,1.1278582512375124e-09
data/raw_airwrite/O/airwrite_O_20260804_153814_213133_74aadb.png,airwrite,O,O,0.9906764030456543,1.729843279463239e-05,2.1269826902425848e-05,0.007555796764791012,0.0008880335371941328,2.9498130516003584e-06,1.299696756332713e-14,4.3955452611044166e-09,1.0513328048574171e-14,1.0803424288496899e-07,2.9581460694316775e-06,1.9004568871995642e-17,1.7126778883991278e-09,6.201099751835661e-17,1.1772596053560846e-06,0.9906764030456543,2.1672006411677103e-09,7.722756708972156e-05,4.309198629925959e-06,0.0007426955853588879,1.8782142507944855e-11,9.788619692585598e-09,9.840440725383814e-06,4.486067073372624e-11,1.951281340282704e-13,1.9583024091218704e-09,2.4395990869813255e-12
data/raw_airwrite/O/airwrite_O_20260804_154012_046725_6e340f.png,airwrite,O,O,0.9871839880943298,0.00012503856851253659,3.720439053722657e-05,0.006400750018656254,0.003175945021212101,4.926852398057235e-06,9.281672517158154e-14,1.1164197566415623e-08,2.303299695069483e-13,6.883778382871242e-07,1.3385408237809315e-05,5.434452216509264e-16,1.1474817540602089e-08,5.024247077406452e-15,9.619363481760956e-06,0.9871839880943298,3.5375529172654296e-09,0.00026026496198028326,1.2931435776408762e-05,0.002703507896512747,4.278355447695503e-10,4.326631142248516e-07,7.119958900148049e-05,3.2172879915748354e-09,2.6571479391779285e-12,3.7527655649682856e-08,1.296216519536264e-11
data/raw_airwrite/O/airwrite_O_20260804_154050_010542_0db174.png,airwrite,O,O,0.9955735206604004,8.320446067955345e-05,2.232496080978308e-05,0.0011624129256233573,0.0023142520803958178,2.7239286737312796e-06,5.299506633121853e-16,3.825572081339601e-10,5.998488809107942e-16,1.784094116885626e-08,5.351827780941676e-07,4.76821388167351e-19,2.392246123417152e-11,8.995210312793627e-18,4.875242325397267e-07,0.9955735206604004,3.831339759341468e-11,0.0001296303526032716,8.058193543547532e-07,0.0007070251158438623,9.270015310924862e-13,2.2513093611564727e-08,2.9732818802585825e-06,3.305328927227791e-11,1.8759281034488352e-14,4.818886956137192e-10,7.995715228152969e-14
data/raw_airwrite/O/airwrite_O_20260804_154111_869623_10b3ab.png,airwrite,O,O,0.9641615748405457,4.999480734113604e-05,3.685960837174207e-05,0.028027435764670372,0.0017266321228817105,2.1552246835199185e-05,1.514439073278806e-12,2.2144760691844567e-08,2.6124128901794386e-12,2.936584451163071e-06,0.0007888570544309914,4.237576662588808e-15,8.002216418390162e-07,2.4065315644655576e-14,1.192139825434424e-05,0.9641615748405457,2.9795890199579844e-09,5.4710868425900117e-05,9.024810424307361e-06,0.0048498427495360374,3.052110120194129e-09,1.128476242229226e-06,0.00025655957870185375,3.193751396679545e-08,9.725935334881086e-12,8.66626379547597e-08,1.6220484677642588e-10
data/raw_airwrite/O/airwrite_O_20260804_154128_866707_c966e4.png,airwrite,O,O,0.9934837222099304,5.543965926335659e-06,3.093075065407902e-05,0.0017968523316085339,0.0019137794151902199,1.651019488235761e-06,3.92446830783412e-14,5.224055632524482e-10,1.3678882448942518e-14,1.3751390781635564e-07,2.4987977667478845e-05,1.744414889469601e-17,2.439983148860847e-08,5.298011421446602e-17,2.404825409030309e-06,0.9934837222099304,1.1550527201364957e-09,1.236252865055576e-05,4.894154130852257e-07,0.002691519446671009,7.52124144215438e-12,8.081637759005389e-08,3.550884503056295e-05,2.1064301691797738e-10,2.0020914586567004e-14,4.190744640197863e-09,3.724958709538928e-13
data/raw_airwrite/O/airwrite_O_20260903_162112_335768_269823.png,airwrite,O,O,0.8642867207527161,1.4307910532807e-05,2.929374204541091e-05,0.12605102360248566,0.0028408069629222155,6.058278449927457e-05,5.176180664645536e-13,2.0917551069032925e-07,6.638008149878125e-14,1.0023974027717486e-05,0.001893429784104228,7.04592710470465e-16,1.0859436088139773e-06,1.477351853209098e-16,1.0039036624220898e-06,0.8642867207527161,5.022814608679482e-09,0.00014884905249346048,1.8816974261426367e-05,0.004583150148391724,2.213989525046145e-08,1.3322673453330935e-07,6.039305299054831e-05,8.186487043815305e-10,1.4964588596066974e-11,2.368510934047663e-07,4.582071111425279e-10
data/raw_airwrite/O/airwrite_O_20260903_162134_298312_f9457b.png,airwrite,O,O,0.9208046793937683,0.0011693539563566446,0.00037604611134156585,0.007434996776282787,0.044966038316488266,0.00020647310884669423,1.7585425845546843e-13,1.401171289217018e-06,3.871503337642308e-14,1.4337726952362573e-06,2.185395942433388e-06,3.059840876902748e-16,2.2047677572523128e-10,2.369617021591268e-16,6.594407864213281e-07,0.9208046793937683,4.3144563477426345e-09,0.01937984675168991,0.0001259999262401834,0.0055245645344257355,6.810334518547734e-10,3.538257331570094e-08,6.034847956470912e-06,9.729965444460476e-11,5.622792856319059e-11,1.4372274392826512e-07,7.519394135124813e-11
data/raw_airwrite/O/airwrite_O_20260903_162140_577052_65e2a8.png,airwrite,O,O,0.9094241261482239,5.89087612752337e-05,0.000518582237418741,0.03669357672333717,0.006544450297951698,0.0002829063741955906,1.434511065490085e-09,1.9818685359496158e-06,2.223418671398747e-11,3.666498378152028e-05,0.0062914262525737286,3.0664693332314863e-13,4.975451702193823e-06,7.403593119429883e-14,6.051426225894829e-06,0.9094241261482239,3.0702059916620783e-07,0.00032558958628214896,3.777513848035596e-05,0.03959089145064354,1.795431927575919e-07,2.2924123754819448e-07,0.00017961968842428178,1.842448860145396e-08,1.3109793250976054e-09,1.7076680478567141e-06,3.348611343767516e-08
data/raw_airwrite/O/airwrite_O_20260903_162145_090275_24f859.png,airwrite,O,O,0.9773377180099487,4.209668077237438e-06,1.8043358068098314e-05,0.014428611844778061,0.0006050700903870165,5.08109042129945e-06,2.84623832749048e-13,5.5975601931379515e-09,1.309975162334465e-14,8.231946253545175e-07,0.0007585270213894546,1.4711410502978047e-17,4.8781753747562107e-08,2.641196298560188e-17,4.901074248664372e-07,0.9773377180099487,5.125772584158028e-10,1.0705415661504958e-05,1.150408365901967e-06,0.006804617587476969,6.790831785785656e-10,1.5823742316456446e-08,2.4907434635679238e-05,4.726165014901085e-10,7.395841751522969e-13,9.935808620298303e-09,3.591130171010093e-11
data/raw_airwrite/O/airwrite_O_20260903_162210_495014_0e70d3.png,airwrite,O,O,0.9517641067504883,0.000459040398709476,0.001366454642266035,0.021935265511274338,0.009918919764459133,0.00016709459305275232,7.791541301038762e-10,3.860405286104651e-06,1.3563028304630631e-11,6.346003374346765e-06,0.0001478190824855119,2.70922797000403e-13,5.554749193947828e-08,3.2849008344167097e-13,1.1809560419351328e-05,0.9517641067504883,1.0545288660068763e-06,0.001435666810721159,8.6294996435754e-05,0.012650353834033012,3.435483719727017e-08,1.0203717693002545e-07,4.540046938927844e-05,5.384769075078566e-09,2.907736273982664e-09,3.793940379637206e-07,1.832111351518506e-08
data/raw_airwrite/O/airwrite_O_20260903_162221_019244_bd267c.png,airwrite,O,O,0.6448206901550293,8.770654676482081e-05,0.0002605881018098444,0.3136676549911499,0.0057446034625172615,0.0004565299896057695,3.9067100665590715e-09,1.6843285266077146e-05,1.4836444572896568e-11,6.263285740715219e-06,0.02073502354323864,1.4613044932096364e-13,4.135619292355841e-06,4.091922316934969e-14,8.445598723483272e-06,0.6448206901550293,6.402166263796971e-08,6.230848521227017e-05,6.216550536919385e-05,0.013863973319530487,4.7413374204552383e-07,3.079142985029648e-08,0.0002017932856688276,3.1905180719604687e-08,2.142256594339642e-09,5.010687686990423e-07,2.1004674977120885e-07
data/raw_airwrite/O/airwrite_lowercase_o_20260805_214258_632883_d70eb4.png,airwrite,O,O,0.9981866478919983,3.234219775549718e-06,2.326710273337085e-06,0.001534968614578247,0.00021125280181877315,8.965285758222308e-08,6.947547536603513e-17,9.41890385131039e-11,1.0785758553950413e-17,4.65386618131447e-10,1.1153154844123492e-08,1.491812964597283e-20,3.933434307434869e-12,9.152032926037535e-20,4.3477271560732333e-07,0.9981866478919983,4.494424832302002e-10,9.515660167380702e-06,9.020400852932653e-07,5.016191425966099e-05,9.031248920368315e-14,1.1561404611448722e-11,4.5209944232738053e-07,4.564844189496389e-14,9.268734258295434e-16,6.9584130124589194e-12,8.278988117890046e-15
data/raw_airwrite/P/airwrite_P_20260804_154438_415603_b9576f.png,airwrite,P,Q,0.953977644443512,0.003042376833036542,0.00010649768955772743,3.363333433981097e-08,0.0014088210882619023,6.585395567526575e-06,6.651308467553463e-06,0.0008672651019878685,2.032883458014112e-05,0.00011574866221053526,5.7644209405793845e-09,3.1033125651447335e-06,3.6828197380600614e-08,1.0569486619260715e-07,0.00025188885047100484,7.937074286701318e-08,0.008457626216113567,0.953977644443512,0.0235735010355711,8.315376908285543e-05,3.627420937846182e-06,1.487184042581191e-09,1.5196897948044352e-05,4.145404464139801e-09,2.5164924863929627e-06,0.008056958205997944,5.481025056042199e-08
data/raw_airwrite/P/airwrite_P_20260804_154513_577080_95160a.png,airwrite,P,P,0.9823802709579468,1.5519655107709696e-06,8.784903911873698e-05,4.962354793747181e-08,6.971866969252005e-05,4.761817763210274e-06,0.00012135728320572525,6.53207243885845e-05,1.4737227502337191e-05,2.5602292225812562e-05,6.327736112865523e-10,2.9688178528886056e-06,6.172863322717603e-07,1.6960365056828408e-10,1.348403839074308e-05,1.3988179503598985e-09,0.9823802709579468,0.009669888764619827,0.006749443244189024,1.5355510186054744e-05,4.25149750071796e-07,4.015647135559991e-13,3.058693891944131e-06,1.5338653741245323e-12,6.283729092615431e-10,0.0007735578692518175,2.810238441952606e-08
data/raw_airwrite/P/airwrite_P_20260804_154531_401076_d43f71.png,airwrite,P,P,0.9740487337112427,1.9862718545482494e-05,0.00034405398764647543,2.7877179675783736e-08,0.0006501307943835855,1.0603728696878534e-05,0.000325549190165475,0.0011351187713444233,1.6224994396907277e-05,2.7119252990814857e-05,3.4506943080714336e-08,4.00894623453496e-06,9.945803185473778e-07,5.771090272332913e-09,4.2795589251909405e-05,1.3346208582731833e-08,0.9740487337112427,0.019560448825359344,0.0014370611170306802,0.00011134512897115201,7.797963235134375e-07,3.8376683775265263e-11,8.263170457212254e-06,2.532121734510895e-10,1.1661977339372243e-07,0.0022565415129065514,1.1551772871598587e-07
data/raw_airwrite/P/airwrite_P_20260804_154703_442522_6d082e.png,airwrite,P,P,0.9971486926078796,2.2477322545455536e-06,0.00019214439089410007,8.009558571941966e-10,0.0002303778746863827,9.53666983605217e-07,1.560317468829453e-05,0.0002974432718474418,8.716918387108308e-08,3.0843330023344606e-07,4.151634244720093e-11,5.9383133077517414e-08,1.5968941724509023e-09,2.467444477904923e-11,1.5066217429193784e-06,5.586498486032099e-10,0.9971486926078796,0.0015700624790042639,0.00044803632772527635,3.004855716426391e-05,8.304848364559803e-09,1.6316692124491126e-14,5.997129619572661e-07,1.0515905637595302e-12,6.820748410518718e-08,6.166692764963955e-05,3.590381769669193e-09
data/raw_airwrite/P/airwrite_P_20260804_154920_343202_5f91dd.png,airwrite,P,P,0.9969035983085632,6.064734066058008e-07,0.00010220383410342038,5.085399115700717e-11,0.00041926716221496463,7.742763585838475e-08,2.653609271874302e-06,0.0013124035904183984,9.43265049402342e-11,1.2406662364128351e-08,5.311965277365882e-12,1.2866863130511774e-10,1.5568008687738555e-11,1.2224206700052823e-14,4.739370140782739e-08,3.9836522969238786e-10,0.9969035983085632,0.0010302567388862371,0.00011463591363281012,9.98992400127463e-05,6.792157392077058e-10,1.9637601922976348e-17,4.5042444440923646e-08,4.327495139170483e-15,3.495485501048279e-08,1.425292794010602e-05,2.210214927744758e-10
data/raw_airwrite/P/airwrite_P_20260804_155001_126338_3c8f2b.png,airwrite,P,P,0.9930996894836426,1.6760552057348832e-07,0.0009529179078526795,5.455257134912017e-09,8.832575258566067e-05,1.200961946778989e-06,0.00013358275464270264,0.00029061216628178954,2.5548978044298565e-08,1.755184939611354e-07,8.876876664287714e-12,1.0807610806295997e-06,3.3079345929110104e-09,4.251947752220708e-12,3.448014069817873e-07,4.110228130072002e-11,0.9930996894836426,1.0935171303572133e-05,0.0053483303636312485,2.678617420315277e-05,6.42059916344806e-08,1.0616153613206107e-14,4.353108579380205e-06,1.080498104183425e-12,3.7220178228380973e-07,4.102338425582275e-05,3.0496389857859185e-09
data/raw_airwrite/P/airwrite_P_20260804_155035_412379_3e7b07.png,airwrite,P,P,0.9864993095397949,7.195132639026269e-06,0.00038244761526584625,4.851093970970055e-10,0.000445258105173707,4.438854375621304e-06,0.0028868569061160088,0.007244189735502005,4.4118846176388615e-07,1.4448474985329085e-06,1.0212689582900225e-09,3.570082071746583e-06,1.596732168707149e-08,1.2541466476445606e-10,9.64281184678839e-07,1.8224519116039062e-11,0.9864993095397949,0.00031628727447241545,0.0007842961349524558,0.00021422158170025796,5.526696327251557e-07,1.0141450260950022e-13,2.131854216713691e-06,7.744836022505197e-12,1.3197839507483877e-05,0.0011931353947147727,3.861803321569823e-08
data/raw_airwrite/P/airwrite_P_20260903_162404_718583_97a56b.png,airwrite,P,P,0.9942933917045593,2.3936233901622472e-06,0.000868764880578965,4.965427180536608e-09,0.00014193373499438167,9.112538918998325e-07,5.204338231123984e-05,6.0762489738408476e-05,4.839554458158091e-05,5.433497335616266e-06,1.174504660195197e-10,1.463757325836923e-05,5.7092474747832966e-08,1.2110930924791319e-08,6.094546915846877e-05,1.9518564542408967e-10,0.9942933917045593,0.0003917757421731949,0.003614441491663456,7.3340565904800314e-06,2.7712363959153663e-08,1.6723086457282044e-11,3.478534199530259e-05,6.211725578353366e-10,3.6797953129052985e-08,0.000402064441004768,2.2352604212017013e-09
data/raw_airwrite/P/airwrite_P_20260903_162428_570283_ca171d.png,airwrite,P,P,0.8482966423034668,1.4282146594268852e-06,0.0063607171177864075,5.558064009036912e-10,0.00026915856869891286,4.713603232175956e-07,0.0002631151583045721,5.428349140856881e-06,0.11383188515901566,0.000302179716527462,8.751202540402403e-10,0.0031349791679531336,2.2463809727923945e-06,6.70594545226777e-07,0.0057192291133105755,3.5966995440978033e-12,0.8482966423034668,7.05533821019344e-05,0.0075233145616948605,2.1282500028974027e-07,4.097856987073101e-08,9.98489468884145e-09,0.002265412360429764,2.328552000108175e-07,5.424345861371194e-09,0.011952122673392296,2.2622163864394196e-10
data/raw_airwrite/P/airwrite_P_20260903_162506_915238_402c78.png,airwrite,P,P,0.9932958483695984,3.7767342746519716e-06,2.1955867850920185e-05,5.823323052066287e-13,0.0003323618439026177,4.500570582877117e-08,2.8048273179592798e-06,0.0014981200220063329,3.2036691077763635e-09,1.4686342808545305e-08,1.6806593009649484e-12,3.6054312313460457e-10,7.456874527578261e-12,1.784668739830339e-13,1.8120390166131983e-07,2.4448741642313365e-12,0.9932958483695984,0.0047797588631510735,1.4164584172249306e-05,1.461140072933631e-05,1.0153072133034513e-10,4.573873359543795e-17,1.0574101594329477e-08,8.767248401873526e-15,2.0895647878660384e-08,3.6322351661510766e-05,5.66967028881038e-11
data/raw_airwrite/P/airwrite_P_20260903_162526_987174_cc6b15.png,airwrite,P,P,0.997032642364502,5.747232307840022e-07,0.00031518933246843517,9.730036776289808e-10,4.517353227129206e-05,9.9450112145405e-08,6.107800345489522e-07,7.38633480068529e-06,4.578550942824222e-07,6.328986046355567e-08,1.0178567922325063e-13,1.08871830661883e-07,1.596598131481386e-10,1.6052395523935559e-10,6.8628987719421275e-06,1.0092824492824448e-10,0.997032642364502,0.0001077868218999356,0.0024702881928533316,2.437788225506665e-06,2.6498145344611146e-10,1.0669343047128941e-14,3.5954615213995567e-06,4.0024897458856845e-12,3.976252216375542e-09,6.74311695547658e-06,1.5566470334960059e-10
data/raw_airwrite/P/airwrite_P_20260903_162604_228306_a8d075.png,airwrite,P,P,0.9406155347824097,0.0011624408653005958,0.004029995296150446,1.2429784419509815e-06,0.008494251407682896,3.837659824057482e-05,0.0035418751649558544,0.011158832348883152,0.0004093378083780408,1.3613334886031225e-05,3.344269998706295e-07,0.00012490886729210615,5.867419986316236e-06,5.299600161379203e-06,0.002012439537793398,4.056891214077041e-07,0.9406155347824097,0.006076876074075699,0.013241074047982693,0.0019414122216403484,6.104666681494564e-06,8.500815162904019e-09,0.0008432937320321798,7.27841040770727e-07,1.3359147487790324e-05,0.0062612141482532024,1.159956354968017e-06
data/raw_airwrite/P/airwrite_P_20260903_162606_477250_a0ceea.png,airwrite,P,P,0.9671460390090942,0.0001817410229705274,0.007235838565975428,1.47174556985874e-08,0.013237521052360535,1.3304237654665485e-05,9.233562741428614e-05,0.0058785704895854,9.427529334971041e-07,7.731229061391787e-07,2.9885898200632255e-09,2.123004207987833e-07,1.3769688500531174e-08,1.4706755813165273e-09,3.159272819175385e-05,2.1580857989533797e-08,0.9671460390090942,0.002982238307595253,0.0006955967401154339,0.0021711208391934633,1.2927975134857661e-08,7.556388674501147e-12,4.508068741415627e-05,1.7378277705759615e-09,2.9987465950398473e-06,0.0002840271918103099,4.136557762990378e-08
data/raw_airwrite/P/airwrite_P_20260903_162608_516860_2cc619.png,airwrite,P,F,0.5573126077651978,0.0003527744556777179,0.0006016117404215038,7.268407102856145e-07,0.0010000148322433233,0.00015145713405217975,0.5573126077651978,0.34270408749580383,6.685668267891742e-06,2.429338508136425e-08,1.7079060388169864e-09,0.0005253978306427598,7.862158213356452e-08,6.71355326886669e-09,9.53522976487875e-06,1.5756734805805195e-09,0.092942014336586,8.054243517108262e-05,0.002973865019157529,5.457596489577554e-05,3.577426923584426e-06,1.997879672029773e-13,6.254027539398521e-05,1.951651062981341e-09,0.0011245575733482838,5.5068729125196114e-05,3.829092747764662e-05
data/raw_airwrite/P/airwrite_P_20260903_162621_277640_445565.png,airwrite,P,N,0.31857937574386597,0.18726368248462677,5.51561352040153e-05,1.1618652706602006e-09,0.0006699409568682313,7.172818072831433e-08,0.00023809766571503133,0.0013092593289911747,0.23009353876113892,7.860018376959488e-05,3.331532383299418e-09,0.002035429934039712,6.146580489030384e-08,0.022381804883480072,0.31857937574386597,5.9308435940153e-10,0.018081584945321083,0.051197413355112076,0.13955776393413544,0.00011915600771317258,6.627336006204132e-06,6.023158221069025e-07,0.0010163275292143226,4.6021425077924505e-05,0.0001918418420245871,0.02707762084901333,1.646274583322338e-08
data/raw_airwrite/P/airwrite_P_20260903_162650_118825_d1ca97.png,airwrite,P,P,0.9866352677345276,8.334368999385333e-07,0.0012643428053706884,1.4360549194236683e-08,7.928766717668623e-05,2.6816542231244966e-07,6.613656296394765e-06,6.920081887074048e-06,0.00024934046086855233,1.093626724468777e-05,3.4688720645936755e-11,1.7269585441681556e-05,8.933662343224569e-08,3.053354546977971e-08,0.00028332273359410465,5.829538518575816e-10,0.9866352677345276,0.00029538918170146644,0.010705754160881042,2.433782810840057e-06,6.701958543686715e-09,7.182825167983964e-11,0.0001811369729693979,2.264865184287146e-09,1.643093661130024e-09,0.0002606603957246989,4.342204373841696e-10
data/raw_airwrite/P/airwrite_P_20260903_162731_233831_1f17d2.png,airwrite,P,P,0.9953935146331787,5.323352525010705e-06,0.0004268237098585814,1.4818922755566177e-09,0.0004002172499895096,2.711920842557447e-06,0.0002619657607283443,0.000878400169312954,4.8201304707617965e-06,3.3067633466998814e-06,1.1570634450563944e-09,3.1765671337780077e-06,6.883104219923553e-08,9.193630301496114e-10,9.800823136174586e-06,8.401764006737977e-11,0.9953935146331787,0.0008683088817633688,0.000739806448109448,4.3324205762473866e-05,1.0140391992763398e-07,3.001263950905275e-12,5.378161858970998e-06,7.937928092616175e-11,1.9894334002401592e-07,0.0009527531219646335,9.218674712485608e-09
data/raw_airwrite/P/airwrite_P_20260903_162735_849916_170163.png,airwrite,P,P,0.9936459064483643,5.2982511988375336e-05,0.00024631110136397183,6.34707786328903e-10,0.0006564398645423353,1.1883663546541356e-06,0.0002166985796066001,0.001967992167919874,5.5008181334414985e-06,3.78325154315462e-07,1.6739100383578176e-10,2.3776340185577283e-06,6.4565326418630775e-09,6.395861174013362e-09,2.4616372684249654e-05,1.7613840941343994e-10,0.9936459064483643,0.001995334168896079,0.000749938830267638,5.160740693099797e-05,4.7808978109742384e-08,8.258581535650067e-13,4.02198611482163e-06,1.6939712133012819e-10,1.4753959476365708e-06,0.00037733485805802047,1.0630698987768028e-08
data/raw_airwrite/P/airwrite_P_20260903_162753_562706_24ae5e.png,airwrite,P,P,0.9732329249382019,3.8115616916911677e-05,0.0007468698895536363,2.0026616809332154e-08,0.0008624852634966373,1.7519978428026661e-06,3.7496498407563195e-05,0.00030280096689239144,0.00026796580641530454,3.771224874071777e-05,6.941716534925035e-09,5.182895165489754e-06,5.408932111095055e-07,1.0126742466809446e-07,0.0005879459786228836,1.641422819886884e-08,0.9732329249382019,0.01954403705894947,0.002332146279513836,4.796899884240702e-05,6.779078631780067e-08,5.127301361262937e-10,6.47563865641132e-05,9.317932203600776e-09,2.2484341499762195e-08,0.0018890331266447902,1.3146983057765738e-08
data/raw_airwrite/P/airwrite_P_20260903_162755_951187_19f4ea.png,airwrite,P,P,0.9442281723022461,0.00013714951637666672,0.0010458935284987092,2.7510028033361777e-08,0.003504018299281597,1.3980275070935022e-05,0.0008637843420729041,0.006034386344254017,0.0001615754299564287,8.677384903421625e-05,4.3004777694477525e-07,1.4143504813546315e-05,3.7489712667593267e-06,1.0461767629976748e-07,0.00028558148187585175,2.0925652322034693e-08,0.9442281723022461,0.03064340353012085,0.0011971560306847095,0.0003486919158603996,1.1553036074474221e-06,1.703759244797709e-09,5.191167292650789e-05,2.0612825224475273e-08,8.960726063378388e-07,0.011376777663826942,1.8048373817691754e-07
data/raw_airwrite/P/airwrite_P_20260903_162758_315880_35e4aa.png,airwrite,P,P,0.9855929017066956,1.2201817298773676e-05,0.0013019358739256859,2.410053845380844e-08,0.0005338328192010522,2.819421069943928e-06,0.00017525561270304024,0.00023246818454936147,0.0005179984727874398,6.226955156307667e-05,8.992016908848655e-09,4.4398992031347007e-05,1.3452480516207288e-06,1.3942795362709148e-07,0.00040207733400166035,3.737885112542472e-09,0.9855929017066956,0.0038078450597822666,0.0041091907769441605,2.8086658858228475e-05,1.8532695378326025e-07,8.897768077886781e-10,0.00012629905540961772,1.3795761866219891e-08,5.210737796801368e-08,0.0030486183241009712,1.6257301282962544e-08
data/raw_airwrite/P/airwrite_lowercase_p_20260805_214343_092569_6f1f68.png,airwrite,P,P,0.9931671023368835,6.627180482610129e-06,0.0009231414878740907,9.449080786479852e-14,3.643183663371019e-05,1.5541115616635182e-10,5.052033884567209e-07,1.8056848603009712e-06,0.0010293503291904926,1.2107201907696208e-09,4.561848965851357e-18,1.8958324289997108e-05,1.9763189565771833e-13,2.7204259822610766e-07,0.0011325422674417496,9.259843588722816e-16,0.9931671023368835,2.035162196989404e-06,0.0034994869492948055,2.5661089253503633e-08,1.7021410322892727e-13,4.9126579404956336e-14,0.000178566639078781,5.746025433239765e-09,1.385506021023275e-08,3.205132088623941e-06,2.5229804682079526e-14
data/raw_airwrite/Q/airwrite_Q_20260804_155449_750303_51c79e.png,airwrite,Q,Q,0.447793185710907,0.2014617621898651,0.006315861828625202,0.04936425760388374,0.09106271713972092,0.016874590888619423,6.361586457614976e-08,0.01354809571057558,2.3591288922375497e-08,8.98118014447391e-06,9.479187212946272e-08,5.140166070560781e-09,2.9275994961608376e-09,6.627474125053823e-10,8.975300443125889e-05,0.05204633250832558,8.567025361116976e-06,0.447793185710907,0.12042319774627686,0.0008811875013634562,7.989713708411728e-07,7.870133345022623e-08,6.763577403035015e-05,4.516360263551178e-08,4.365490167401731e-05,4.853010523220291e-06,4.2433962335053366e-06
data/raw_airwrite/Q/airwrite_Q_20260804_155621_393978_0983c8.png,airwrite,Q,Q,0.8415877819061279,0.060590699315071106,0.008317873813211918,8.486395017825998e-06,0.03440549224615097,0.000624950451310724,1.2003968549834099e-05,0.015878479927778244,7.1180456870933995e-06,0.0005049651372246444,3.8826559034532693e-07,9.002039860206423e-07,1.7437418620147582e-08,4.6703704015271796e-07,0.00011259152233833447,0.00012712915486190468,0.0004968505818396807,0.8415877819061279,0.028340967372059822,0.005944297183305025,1.8819291653926484e-05,5.14633256898378e-07,3.604260564316064e-05,1.4187678516464075e-06,0.0009064878686331213,0.0020676576532423496,7.5151010605623014e-06
data/raw_airwrite/Q/airwrite_Q_20260804_155742_512734_6c889e.png,airwrite,Q,Q,0.6117871403694153,0.3801303505897522,0.0003119693137705326,1.0539537242948427e-06,0.006059789564460516,0.0005892856861464679,4.74072225919997e-10,6.719378143316135e-05,9.610556794825698e-10,2.0890854557364946e-07,4.780725294806221e-12,1.6563252158707797e-10,8.170772035581784e-15,3.338721313306259e-11,8.115893734839119e-08,1.1708408237609547e-05,1.3723407132903986e-10,0.6117871403694153,0.0009838963160291314,2.7712601877283305e-05,1.3996253933612479e-08,2.2032512703162865e-08,2.1768491365037335e-07,2.0834834302263516e-08,2.8814622055506334e-05,4.5376350499282125e-07,1.2176821329035192e-08
data/raw_airwrite/Q/airwrite_Q_20260804_155834_765438_642834.png,airwrite,Q,Q,0.5147379040718079,0.4021313488483429,0.0005194522091187537,0.00029580789851024747,0.026071779429912567,0.00014525681035593152,1.2229330048629805e-10,1.7359127014060505e-05,5.6992153218971e-09,2.9819607334502507e-06,1.5305210432359218e-09,9.737136791310164e-11,1.5488620802583952e-11,2.4758279870695787e-09,0.00013938405027147382,0.02589859440922737,7.78193225414725e-08,0.5147379040718079,0.02927558869123459,0.00072628038469702,8.052023048321644e-08,7.218492896754469e-07,3.0799899832345545e-05,1.871605235237439e-07,2.358596248086542e-06,4.034507583128288e-06,6.300747035226095e-09
data/raw_airwrite/Q/airwrite_Q_20260903_162925_035972_329116.png,airwrite,Q,Q,0.9837083220481873,0.00017269985983148217,8.197715715141385e-07,1.9033611492469404e-12,0.00025064829969778657,1.6719210407245555e-06,7.697511318838224e-05,0.006289098411798477,1.289322000275206e-07,6.768090770492563e-06,3.008215543331971e-08,9.725536820326397e-09,1.350331180205444e-09,1.011353934626813e-11,1.9464116007839039e-07,8.880033861013992e-12,0.0006545143551193178,0.9837083220481873,1.2825048543163575e-05,2.5063643988687545e-05,3.2802392979647266e-07,3.349407882123623e-13,2.3065127585653045e-09,2.548016864774988e-13,1.0219180524018157e-07,0.008799883536994457,1.1546914535642827e-08
data/raw_airwrite/Q/airwrite_Q_20260903_162927_018085_c182de.png,airwrite,Q,Q,0.9814525246620178,0.0002798842906486243,1.1281234719717759e-06,4.301196985384559e-12,0.00016288014012388885,6.109455625846749e-07,0.00014336826279759407,0.004104728810489178,9.338248787571501e-07,1.2022384908050299e-05,2.3675083227203686e-08,4.781139040233029e-08,3.032121442814173e-09,1.52290499655372e-10,1.3428034435492009e-06,2.0730367075727507e-11,0.002148335799574852,0.9814525246620178,4.7424873628187925e-05,2.9507691579055972e-05,5.331363581717596e-07,1.3781765442408278e-12,9.868396766421483e-09,1.4506056945917667e-12,1.3810324617224978e-07,0.011614620685577393,1.2017025596833264e-08
data/raw_airwrite/Q/airwrite_Q_20260903_162930_281538_c7fed1.png,airwrite,Q,Q,0.9979265928268433,0.00025248900055885315,8.040402690312476e-07,2.8555220254328217e-12,0.00013404041237663478,2.0173330028683267e-07,1.6974070149444742e-06,0.0002969534252770245,1.7794333473375445e-07,5.6450522833984e-07,1.6185019990899718e-10,4.530008812508868e-09,4.082873275579324e-11,8.245837346265716e-11,7.183004981925478e-07,6.80660944274436e-11,0.0006787142483517528,0.9979265928268433,2.5766108592506498e-05,4.599089152179658e-06,1.3277993815563605e-08,1.1696054552385454e-13,5.9332481150420335e-09,7.537485175942993e-13,2.0476159434679175e-08,0.0006765429279766977,1.1470293603821347e-09
data/raw_airwrite/Q/airwrite_Q_20260903_162933_484851_f5b650.png,airwrite,Q,Q,0.9969710111618042,0.00038132810732349753,7.2772013481881e-07,2.653289914167356e-12,0.0002839932276401669,1.6041210528783267e-06,1.8042293277176213e-06,0.0009312063921242952,1.99202681017141e-08,1.2845263199778856e-06,1.5027136202050428e-09,1.0416043583205692e-09,1.997933068986768e-11,5.766483644753517e-12,5.392184476704642e-08,2.9228095638211826e-11,1.749790862959344e-05,0.9969710111618042,8.649553819850553e-06,9.856073120317888e-06,5.385791368439641e-08,3.6894212728302844e-13,1.2197559629001375e-09,4.834303530404371e-13,7.911552302175551e-08,0.0013908831169828773,4.227337591089508e-09
data/raw_airwrite/Q/airwrite_Q_20260903_162940_021165_b7a64b.png,airwrite,Q,Q,0.7824508547782898,0.0009954877896234393,2.5320804297734867e-07,7.850536193343416e-12,8.945332956500351e-05,3.837639326320641e-07,0.0007860879995860159,0.0034108723048120737,3.267905049142428e-05,8.897669613361359e-05,9.821407047638786e-07,2.044715074589476e-06,1.2489864786857652e-07,1.6396562330101006e-08,1.034691831591772e-05,6.4682755679390525e-12,0.00024721407680772245,0.7824508547782898,0.00011299152538413182,3.432193261687644e-05,3.178603947162628e-05,2.177133334724246e-10,1.1275990630110755e-07,1.4434396733431498e-10,4.926095016344334e-07,0.21170441806316376,3.769754286508942e-08
data/raw_airwrite/Q/airwrite_Q_20260903_163021_455546_15e02a.png,airwrite,Q,Q,0.6648313999176025,0.0012046551564708352,0.00029311669641174376,1.9441921850216204e-08,0.006850721780210733,4.140372038818896e-05,0.0027239101473242044,0.03834204748272896,0.0003783022111747414,0.0008185965125449002,3.392864891793579e-05,1.5579051250824705e-05,2.4445207600365393e-05,3.155875560878485e-07,0.0004996221978217363,7.103330545987774e-08,0.1872578263282776,0.6648313999176025,0.0007260943530127406,0.0007073826855048537,1.1714774700521957e-05,1.823308792836542e-08,2.1123529222677462e-05,4.8134452867998334e-08,3.0824010082142195e-06,0.0952133908867836,1.1339843695168383e-06
data/raw_airwrite/Q/airwrite_Q_20260903_163038_919456_75d730.png,airwrite,Q,Y,0.570227861404419,0.0005663630436174572,6.661881798208924e-06,1.6423726378889114e-08,0.0003407245094422251,1.6954050806816667e-05,0.042015157639980316,0.0382571704685688,2.3635771867702715e-05,0.0023412795271724463,0.001070229453034699,6.04019714955939e-06,5.0753646064549685e-05,1.0605734956925517e-08,1.7723252312862314e-05,9.525067845572721e-09,0.0017424767138436437,0.3372984528541565,0.0009241232182830572,0.001907776459120214,0.003162177512422204,2.250927000346792e-09,2.264438990096096e-06,1.7389834017222938e-09,1.135249203798594e-05,0.570227861404419,1.071741007763194e-05
data/raw_airwrite/Q/airwrite_Q_20260903_163040_993908_4d0fc9.png,airwrite,Q,Y,0.4234428107738495,0.00034096837043762207,1.463674743718002e-05,4.444835610684095e-08,0.0005892658955417573,0.0001359980524284765,0.12326212972402573,0.09183834493160248,6.6558759499457665e-06,0.0021286753471940756,0.0016800187295302749,1.7900213151733624e-06,5.086398959974758e-05,7.506911203769562e-10,3.5652944916364504e-06,1.8009938429486283e-08,0.003229740774258971,0.34756824374198914,0.00025788063067011535,0.003700065426528454,0.0016860836185514927,4.151755883530228e-10,7.883785997364612e-07,2.365287687933204e-10,1.0391864634584635e-05,0.4234428107738495,5.1020375394728035e-05
data/raw_airwrite/Q/airwrite_Q_20260903_163131_778531_b25dcd.png,airwrite,Q,Q,0.534320056438446,0.0007514957687817514,8.63238747115247e-05,3.801993031515849e-08,0.0032679636497050524,0.00012509935186244547,0.022665061056613922,0.1796015501022339,1.7272477634833194e-05,0.0014932319754734635,0.000285471003735438,1.0796771903187619e-06,3.4148961276514456e-05,1.944454375291116e-09,2.1752201064373367e-05,2.953611755174279e-08,0.05448541045188904,0.534320056438446,0.00030109332874417305,0.006466241087764502,0.00014129331975709647,4.427266608875158e-10,2.7616447368927766e-06,6.783366646168076e-10,4.9487330215924885e-06,0.19590961933135986,1.7995133021031506e-05
data/raw_airwrite/Q/airwrite_Q_20260903_163145_247541_49c2f7.png,airwrite,Q,Y,0.34417277574539185,0.010621041059494019,0.02468341402709484,0.0006214794120751321,0.044486336410045624,0.007228695787489414,0.09772229939699173,0.09536521136760712,0.002233701292425394,0.0579267218708992,0.07450097054243088,0.0006014245445840061,0.03708582744002342,2.6711340979090892e-05,0.0022997206542640924,9.024668543133885e-05,0.008383791893720627,0.007861378602683544,0.005442201159894466,0.15852245688438416,0.00712547404691577,0.0006329385214485228,0.00998768862336874,0.0005685664364136755,0.0011671411339193583,0.34417277574539185,0.0006417878903448582
data/raw_airwrite/Q/airwrite_Q_20260903_163209_763549_3d0785.png,airwrite,Q,Q,0.719106137752533,0.0018844767473638058,0.00010600974201224744,8.413124419348605e-08,0.0037615762557834387,5.7246197684435174e-05,0.003929825033992529,0.017095791175961494,0.0006965220673009753,0.0009167431853711605,0.00017227802891284227,2.0033210603287444e-05,7.993126928340644e-05,1.7495478914497653e-06,0.0007550076115876436,1.5773674988395214e-07,0.07373492419719696,0.719106137752533,0.0007709883502684534,0.001398694352246821,5.112962026032619e-05,4.9200025387108326e-08,4.00046628783457e-05,1.5670369180043053e-07,2.00033059627458e-06,0.17541366815567017,4.749971139972331e-06
data/raw_airwrite/Q/airwrite_Q_20260903_163225_278295_4e3b72.png,airwrite,Q,Q,0.9665554165840149,0.0005170626100152731,2.2776814603275852e-06,9.140457141176839e-11,0.00034575111931189895,5.833770728713716e-07,9.335408685728908e-05,0.0029032896272838116,6.062971806386486e-06,1.804044222808443e-05,1.1284060263960782e-07,3.2785462167339574e-07,7.766256970853647e-08,5.163128591334498e-09,2.301478525623679e-05,5.657695423266773e-10,0.010740123689174652,0.9665554165840149,0.00019783519383054227,5.168798816157505e-05,1.9680771856656065e-06,1.8101605284148725e-11,2.86540000615787e-07,5.930398533360304e-11,1.3422213385183568e-07,0.018542515113949776,2.2683753542196428e-08
data/raw_airwrite/Q/airwrite_Q_20260903_163244_443415_f57efa.png,airwrite,Q,Q,0.9785029292106628,0.0009316157666034997,3.682310489239171e-05,2.879358973473245e-09,0.0024451587814837694,0.0001606013101991266,9.97048628050834e-05,0.01423643995076418,5.723573082150324e-08,2.1931560695520602e-05,2.4481798277520284e-07,2.2649079056691335e-08,2.07430406184983e-09,3.2388168536012785e-11,1.6509982003753976e-07,2.2157481183171512e-08,0.00015310104936361313,0.9785029292106628,8.525379234924912e-05,0.000354569434421137,3.1817558010516223e-06,2.2331272248043987e-11,2.108732033434535e-08,1.0071310972692427e-11,5.796467121399473e-06,0.002960790181532502,1.5532998531853082e-06
data/raw_airwrite/Q/airwrite_Q_20260903_163319_501697_95e3f4.png,airwrite,Q,Q,0.9985418319702148,2.668190973054152e-05,4.358895022704701e-09,4.018655068140304e-15,6.122674676589668e-06,3.874132126213681e-09,9.856553333520424e-07,8.18584012449719e-05,3.901658107707817e-09,9.974151282676758e-08,2.0745533763077972e-11,1.642626312747808e-10,1.3253858731007706e-12,1.410579823519359e-13,1.690666984188738e-08,4.536241242120327e-14,2.84424822893925e-05,0.9985418319702148,2.4093133106362075e-06,3.407022859391873e-07,6.153960008248305e-09,2.446630580644609e-16,4.9844316174496583e-11,2.502864833315026e-16,5.252936419175569e-10,0.0013112223241478205,4.532399802692488e-11
data/raw_airwrite/Q/airwrite_Q_20260903_163348_999618_d1a2d8.png,airwrite,Q,Q,0.7136240005493164,0.0007135997875593603,4.783230451721465e-06,1.1717846692960165e-09,0.00025541652576066554,2.6985669592249906e-06,0.009921804070472717,0.011203061789274216,9.544644126435742e-05,0.0005553184309974313,2.413604670437053e-05,5.279855486151064e-06,5.649282684316859e-06,4.624179084089519e-08,6.049688090570271e-05,1.5563974553600701e-09,0.011996444314718246,0.7136240005493164,0.000567148788832128,0.00047595694195479155,0.0001309045183006674,5.579457451609926e-10,1.4384190762939397e-06,9.391466493369194e-10,1.6425537978648208e-06,0.2503538131713867,9.680122730060248e-07
data/raw_airwrite/Q/airwrite_lowercase_q_20260805_214504_536386_1cb518.png,airwrite,Q,Q,0.9967040419578552,0.003148350864648819,1.247551722372009e-06,1.2999726349636337e-14,0.00012081114982720464,6.630037852062287e-09,5.959553055039091e-13,1.3088013020023936e-06,6.601311858256409e-11,5.728937324533945e-10,7.884626662236815e-19,1.0427305584736687e-13,1.747885140906399e-20,1.0866656831092988e-13,5.87642112748199e-09,9.845495078930622e-12,3.238659118665055e-08,0.9967040419578552,2.4110117010422982e-05,4.9110877142766185e-08,1.2580801472209663e-13,2.282748498894419e-16,3.626470651552083e-11,2.2067817137452067e-14,1.1713192193951727e-08,8.679758423113526e-08,1.0598524147068314e-13
data/raw_airwrite/Q/airwrite_lowercase_q_20260805_214525_854620_876fb7.png,airwrite,Q,Q,0.995248019695282,0.004370627459138632,3.2296009067067644e-06,8.25742686033637e-13,0.00020945465075783432,8.579446131307122e-08,4.675695594591467e-13,1.6411365777457831e-06,7.7895485200985e-12,1.95889571230623e-09,7.800110517124975e-18,1.8868936903400357e-13,2.628823122869997e-20,9.247291788642281e-14,1.0509119130475142e-09,9.060309169584002e-10,1.2944869620667987e-09,0.995248019695282,0.00016627958393655717,1.7683824182768149e-07,3.3375383619999033e-12,2.835219385993932e-15,8.742042506559855e-11,1.0723160640685458e-13,2.9307457793947833e-07,1.2894241763206082e-07,1.4074944551870083e-12
data/raw_airwrite/Q/airwrite_lowercase_q_20260805_214547_405601_d59f06.png,airwrite,Q,Q,0.9993160963058472,2.406877320026979e-05,1.7093222837161193e-08,3.3606489580105883e-15,1.8085671399603598e-05,1.4384275992540552e-08,1.7562099685619614e-07,0.00010573679173830897,2.43693554224933e-09,6.590353507363034e-08,6.97781589453772e-12,6.067466667980526e-11,6.149881493812404e-13,8.133678599349034e-14,9.483031249146734e-09,7.60407226551782e-14,4.2818443034775555e-05,0.9993160963058472,1.6288564665956073e-06,3.153394629862305e-07,7.578949690056902e-10,1.8486969206368955e-16,4.2814071732344416e-11,5.06886803191398e-16,5.238422473574644e-10,0.0004909687559120357,1.4915749191324323e-11
data/raw_airwrite/R/airwrite_R_20260804_160115_983931_150ae8.png,airwrite,R,R,0.9867221117019653,5.060650892119156e-06,4.290306242182851e-05,8.008319127839059e-05,1.8591365460451925e-06,6.797384685341967e-06,8.127367618726566e-05,3.3847092709038407e-05,8.520307164872065e-05,5.5652851216336785e-09,1.3090259983895955e-15,0.0028554692398756742,5.260037738707979e-09,2.0593233784893528e-08,0.0003405924653634429,2.65735072835227e-10,0.009727157652378082,4.6932871100580087e-07,0.9867221117019653,8.196137657456859e-10,3.6702726191606416e-08,1.858133601411599e-13,1.700132997939363e-05,5.053479856798049e-11,6.68699868811018e-08,2.7462082385909525e-08,6.427561771715773e-08
data/raw_airwrite/R/airwrite_R_20260804_160124_591351_c8fb19.png,airwrite,R,K,0.8374395966529846,2.897015747294063e-07,4.471481588552706e-06,5.708531869430544e-09,6.886092585034476e-09,6.776700445243478e-08,4.297162013244815e-05,1.0969263719573519e-08,0.019932035356760025,1.169994545691111e-09,1.3369721533164293e-19,0.8374395966529846,3.451537944343386e-10,5.2355890289845775e-08,0.00013347704953048378,3.4546152726982934e-17,4.875763625022955e-05,7.633230159065363e-11,0.14239276945590973,5.803635973493024e-14,3.3436244883944255e-09,2.303224071967952e-13,5.5379850891768e-06,1.5804493824767007e-10,4.082171489727671e-09,3.7906300320855735e-09,1.219968293053597e-10
data/raw_airwrite/R/airwrite_R_20260804_160245_217720_be6fb5.png,airwrite,R,R,0.4648476541042328,0.01403241790831089,0.0001348478253930807,3.959102556905236e-08,7.71091872593388e-05,2.4199896415666444e-06,0.010228481143712997,0.0021451381035149097,0.29552996158599854,0.0006183931836858392,8.131343598449803e-09,0.17830026149749756,1.6558007018829812e-06,0.004339254926890135,0.011359401978552341,8.192251738092793e-11,0.0012364607537165284,0.00024932189262472093,0.4648476541042328,1.1738109606085345e-05,0.00036937365075573325,1.1517570328578586e-06,0.0003071530954912305,2.181474701501429e-05,0.0029670398216694593,0.013218208216130733,7.536396537943801e-07
data/raw_airwrite/R/airwrite_R_20260804_160329_487061_bee0c3.png,airwrite,R,R,0.9866493344306946,0.000693602894898504,1.1486554285511374e-06,7.8207602200564e-05,2.349632268305868e-06,2.067863761112676e-06,5.888425675948383e-06,0.00010649811883922666,0.0013876265147700906,1.9545103313589607e-08,2.345526930232905e-13,0.002253447426483035,5.255630952660795e-08,2.715322443691548e-05,0.008722524158656597,6.2179243975890586e-09,4.2303810914745554e-05,1.9921737930417294e-06,0.9866493344306946,1.3722764036216972e-09,1.4207184051429067e-07,2.3424948092376496e-10,2.3876113118603826e-05,5.3838579816556376e-08,1.5912999060674338e-06,8.648000004995993e-08,7.038406835135902e-08
data/raw_airwrite/R/airwrite_R_20260804_160345_048070_c1a37c.png,airwrite,R,R,0.8278327584266663,0.00031414421391673386,3.0881290058459854e-07,3.5148304267096364e-09,1.5833400368592265e-07,2.4806584564274203e-10,1.7500322258001688e-07,7.876786867200281e-07,0.00859847478568554,9.302867720953345e-13,6.722800568599628e-21,0.001696959836408496,1.938180518856747e-13,0.002571598393842578,0.15573635697364807,8.457059705313519e-12,0.0032345158979296684,6.563437864315347e-07,0.8278327584266663,3.5931292663438086e-12,5.3588244952607056e-12,4.276270906388574e-14,1.3168090845283587e-05,1.888137823868874e-08,4.7763304422687725e-08,1.692995854618573e-09,8.481160218565265e-12
data/raw_airwrite/R/airwrite_R_20260804_160357_878913_c78e8d.png,airwrite,R,K,0.6344385743141174,3.3660566600701713e-07,0.008884399197995663,5.074456908005232e-07,2.2186004571267404e-05,2.2343898308463395e-05,0.0005746731767430902,8.093941232800717e-07,0.17682036757469177,0.00033841878757812083,2.0237162640102113e-11,0.6344385743141174,2.4774415578576736e-05,9.769382813828997e-08,0.0009910970693454146,6.250993104216229e-13,0.004306209273636341,8.732826906054925e-09,0.17064563930034637,2.2336694716074135e-09,1.14278680030111e-06,2.758531003621556e-08,0.0028445315547287464,2.740319189342699e-07,1.5706493172729097e-07,8.347820403287187e-05,5.80664094584904e-09
data/raw_airwrite/R/airwrite_R_20260804_160419_749299_c53fc6.png,airwrite,R,K,0.7410884499549866,1.2914385933981976e-06,0.014430619776248932,1.890587242314723e-09,3.267458305344917e-05,1.7836084680311615e-06,0.0011759607587009668,2.0703919290099293e-06,0.1776799112558365,0.00027751235757023096,1.657461147497319e-11,0.7410884499549866,1.1433014606154757e-06,4.165966913660668e-07,0.001145575544796884,3.4527736166066816e-14,0.006118678022176027,3.482420751765858e-08,0.054311975836753845,4.187240776332146e-09,5.547717023546284e-07,5.037780681504955e-08,0.0033821125980466604,1.4064069091546116e-06,5.315205726219574e-06,0.0003424729220569134,9.670422240759535e-10
data/raw_airwrite/R/airwrite_R_20260804_160441_867996_cc2396.png,airwrite,R,R,0.5326182246208191,0.0009309245506301522,0.001160551910288632,6.02071494881784e-08,6.626669346587732e-05,2.2423000700655393e-07,3.152734279865399e-05,8.34860693430528e-05,0.002413093112409115,1.5903891537050185e-08,1.979868151681121e-15,0.002445812104269862,6.60909105221208e-11,6.991498958086595e-05,0.008195508271455765,1.021929652011977e-09,0.45145633816719055,0.0001499176287325099,0.5326182246208191,1.955744863835207e-07,3.893790179176904e-09,5.497780616176007e-12,0.0003560190671123564,8.990185307311549e-08,2.0420231521711685e-05,1.4623740298702614e-06,6.1122999994722704e-09
data/raw_airwrite/R/airwrite_R_20260804_160458_477297_a2c2cf.png,airwrite,R,R,0.4695113003253937,6.443308848247398e-06,0.0007970064179971814,2.502675933158116e-08,7.632145752722863e-06,8.862774620865821e-07,0.0009980506729334593,8.908955351216719e-06,0.03957652300596237,6.312067739600025e-07,3.9706444783602773e-14,0.46174073219299316,3.460771580421351e-08,6.544869847857626e-06,0.0009114499553106725,1.3953681959888442e-13,0.02591920830309391,4.955738219791783e-08,0.4695113003253937,8.464873246794014e-09,2.486618768671178e-07,6.479389247360245e-11,0.00049553532153368,1.048193780661677e-07,4.764265668200096e-06,1.3947271327197086e-05,3.267429660169796e-09
data/raw_airwrite/R/airwrite_R_20260903_163807_934173_6c8a39.png,airwrite,R,K,0.8079808950424194,0.00010531576117500663,1.867022911028471e-05,2.8281101549509913e-06,5.57746886897803e-07,2.3447601051884703e-06,0.0004146876453887671,1.0100572580995504e-05,0.014073922298848629,1.5176398332483743e-11,3.1121307767248485e-18,0.8079808950424194,3.838493412011701e-10,1.8609274775371887e-05,0.0028767394833266735,2.651101343661977e-12,0.0012356507359072566,6.108601269261271e-08,0.17313654720783234,7.906459341400218e-12,6.756261106133366e-10,5.908156451052415e-13,0.00012200949277030304,2.6450507562003622e-08,9.591358320903964e-07,1.4293596306558243e-09,4.7485809062663975e-08
data/raw_airwrite/R/airwrite_R_20260903_163931_987588_eb77eb.png,airwrite,R,R,0.7389146089553833,0.0002772544976323843,3.918563379556872e-05,1.5562363842036575e-06,2.239695459138602e-05,7.381207751677721e-07,0.011641149409115314,0.0002505220181774348,0.03512771800160408,9.703139767225366e-06,2.4756209526799466e-08,0.19241642951965332,1.2054651051585097e-05,0.0061378986574709415,0.008031612262129784,1.7814055786047334e-09,0.001630039419978857,3.6448602713790024e-06,0.7389146089553833,5.097994744573953e-06,0.001043927506543696,1.9056382427606877e-07,0.0014567120233550668,3.389094126760028e-05,0.00013479683548212051,0.0028082579374313354,5.902256816625595e-07
data/raw_airwrite/R/airwrite_R_20260903_163939_457889_3cb476.png,airwrite,R,R,0.6872820258140564,0.00010014208237407729,1.6935665092532304e-09,6.567738182639005e-06,4.887617066628991e-08,2.575757662715006e-10,7.6825724601437e-12,3.3174740732277996e-09,0.00017487956210970879,2.904634932576755e-08,1.1988859612097752e-13,2.0031031056078064e-07,1.5340663850338387e-08,8.767077815718949e-05,0.31231167912483215,6.238791883106387e-08,6.074587588500435e-08,7.367350463027833e-07,0.6872820258140564,4.68331429193114e-10,1.643215119528918e-09,3.18766183227126e-07,3.509318412397988e-05,2.451334353281709e-07,3.451453012282002e-11,1.3173794854992593e-07,1.0049297548622715e-12
data/raw_airwrite/R/airwrite_R_20260903_163945_430510_28cad8.png,airwrite,R,R,0.4044921100139618,0.19337846338748932,0.00017299011233262718,6.196523827384226e-06,0.0009656084002926946,2.4853873128449777e-06,4.775155503011774e-06,0.00014969505718909204,0.01430245116353035,0.0009792331838980317,3.7093047922098776e-07,0.0002460641844663769,4.33108834840823e-06,0.01609562337398529,0.3413849472999573,1.4066785297472961e-05,8.844352123560384e-05,0.012209857814013958,0.4044921100139618,0.00031284414581023157,5.9088659327244386e-05,0.001636315369978547,0.004917968530207872,0.0046521383337676525,0.00019522826187312603,0.003728568321093917,1.4800791348079656e-07
data/raw_airwrite/R/airwrite_R_20260903_164036_177882_9d85fa.png,airwrite,R,A,0.4093169867992401,0.4093169867992401,0.004034609999507666,8.976090612122789e-05,0.0067301527597010136,0.0004123394610360265,0.002786817029118538,0.01122803520411253,0.004906242247670889,0.06884746253490448,0.0004153024638071656,0.0015804099384695292,6.369112816173583e-05,0.002215784275904298,0.010596925392746925,5.561467332881875e-05,4.943156454828568e-05,0.03997837007045746,0.20353303849697113,0.03598085790872574,0.02689146250486374,0.02759024128317833,0.003144720569252968,0.008829168044030666,0.059387750923633575,0.07118916511535645,0.00014561675197910517
data/raw_airwrite/R/airwrite_R_20260903_164116_501270_e06241.png,airwrite,R,R,0.995675265789032,2.0429837377378135e-07,2.228834858897244e-07,2.5214061679434963e-05,1.8473885177172633e-07,7.757199682600913e-08,0.0003097786975558847,6.460539907493512e-07,0.0006375937955453992,1.4237206187317497e-06,4.4125880727108324e-09,0.002078126883134246,2.9207792977103963e-05,4.878112349615549e-07,7.354317494900897e-05,5.855904094964615e-10,3.010567706951406e-05,5.818212756025787e-08,0.995675265789032,4.956018528901041e-07,0.0005620823940262198,1.7563162729716808e-11,0.0004565679410006851,9.231754916072532e-09,6.838079436022326e-09,0.00011864078260259703,2.562662437810559e-08
data/raw_airwrite/R/airwrite_R_20260903_164118_304856_b91137.png,airwrite,R,R,0.9955471754074097,1.6628503374249703e-07,2.0999318905978726e-07,1.1348645784892142e-05,3.1714805004412483e-07,7.616693409318032e-08,0.0017147092148661613,1.0007783203036524e-05,6.54757532174699e-05,1.8293090988663607e-06,2.943618682138549e-08,0.0003838877019006759,1.974171755136922e-05,3.1806500544462324e-08,1.4746179658686742e-05,6.609922054146011e-10,5.037739174440503e-05,1.4287975602655933e-07,0.9955471754074097,2.0375020994833903e-06,0.0017232764512300491,8.490404017867659e-13,0.0001182659761980176,1.1484093676017437e-09,2.5219916821583865e-08,0.0003361837298143655,5.718714746194564e-08
data/raw_airwrite/R/airwrite_R_20260903_164255_490891_797b8d.png,airwrite,R,K,0.5455227494239807,2.1374619336711476e-06,1.4692494687551516e-06,3.054030273119679e-08,3.557544800969481e-07,5.6008417459452176e-08,0.014548443257808685,4.5837246034352574e-06,0.008239374496042728,1.673521001066547e-05,1.1996493576305056e-08,0.5455227494239807,3.156996172037907e-05,1.1299446668999735e-05,9.072406101040542e-05,6.711676976993083e-14,5.655078439303907e-06,1.0083727186582792e-09,0.4180113971233368,6.151181253244431e-08,0.011489116586744785,8.20367951348544e-09,0.0001895519526442513,5.282623760649585e-07,1.2934372534800787e-05,0.0018212038557976484,1.554010786719573e-08
data/raw_airwrite/R/airwrite_R_20260903_164327_141121_368ff9.png,airwrite,R,R,0.9671423435211182,4.181230906397104e-05,8.045176969062595e-08,8.93559046200032e-11,5.338702635526715e-07,1.1262245476484356e-12,1.417727304442451e-07,1.8214554131645855e-07,0.00017968210158869624,1.484699585496685e-10,2.9782921446311296e-15,1.1475041901576333e-05,7.917486978537003e-12,0.00043650277075357735,0.02986793965101242,1.4553887262014342e-10,0.0020650161895900965,5.5870727919682395e-06,0.9671423435211182,7.026422821354572e-08,3.605271414741651e-09,4.083227083274271e-13,0.0002414179325569421,2.635295537345428e-08,8.558424191562608e-09,7.167877356550889e-06,1.4732107948920575e-13
data/raw_airwrite/R/airwrite_R_20260903_164427_319526_650a51.png,airwrite,R,R,0.9904160499572754,0.006293581798672676,2.2743670342606492e-06,1.4666309198219096e-06,6.965765351196751e-06,5.895713570680527e-07,7.292022928595543e-06,0.000368294189684093,0.00031820815638639033,0.00017948490858543664,2.537483112519112e-09,0.00011226940114283934,8.919857918954222e-08,5.74143195990473e-05,0.001343417796306312,1.7914626226911423e-08,4.6174943690857617e-07,0.00011117570102214813,0.9904160499572754,2.3974776013346855e-06,7.454607839463279e-05,4.337082827987615e-06,8.39375479699811e-06,1.9459148461464792e-06,0.00041132286423817277,0.00027801201213151217,8.23816677097966e-08
data/raw_airwrite/R/airwrite_R_20260903_164434_348871_72e21b.png,airwrite,R,R,0.9817894101142883,6.540531671817007e-07,1.4627060807015368e-07,1.0368827133788727e-05,6.935918008821318e-07,6.071470437518656e-08,0.0045312331058084965,3.348094105604105e-05,0.00012458568380679935,6.583288723049918e-06,1.010809342005814e-06,0.0001752690877765417,7.487323455279693e-05,7.484521091782881e-08,2.6522635380388238e-05,5.626779486789246e-09,2.2351112420437858e-05,8.829713920022186e-07,0.9817894101142883,1.892925865831785e-05,0.010543745942413807,2.4519403434702935e-12,0.0002627604699227959,1.2350666267479937e-08,7.644903377013179e-08,0.002376006217673421,1.9078629520663526e-07
data/raw_airwrite/R/airwrite_lowercase_R_20260908_141621_139247_03c4eb.png,airwrite,R,R,0.9981233477592468,1.192175744790802e-07,2.1661746174572727e-08,1.7187487628689269e-06,9.967443048708446e-08,1.32667810071041e-09,0.0005083570722490549,1.316772795689758e-06,7.31555774109438e-05,8.499525527838614e-09,2.0893164975888112e-09,0.00019356230041012168,1.204629143103375e-06,4.5060602360535995e-07,9.426422184333205e-05,1.3223372397064281e-10,9.997918823501095e-06,5.411135983734994e-09,0.9981233477592468,4.264368556050613e-07,0.000284346955595538,1.3731766103971393e-13,0.0006116981385275722,1.1437036206984885e-08,6.534960128590228e-09,9.584696817910299e-05,1.5638409456286695e-09
data/raw_airwrite/R/airwrite_lowercase_R_20260908_141657_952957_33dd29.png,airwrite,R,R,0.999906063079834,3.410974613871076e-09,6.838216104476658e-11,3.7919514284112665e-07,9.409201195964556e-10,4.1787628912715036e-11,4.234009611536749e-05,2.088466146688006e-07,3.1128281534620328e-06,8.619209512783499e-11,6.496729803434631e-12,8.104271728370804e-06,1.9474269308261682e-08,2.952836641867407e-09,2.9367774914135225e-06,2.126431409427143e-12,9.651579091496387e-08,3.612867296998168e-11,0.999906063079834,1.4405999726463392e-09,3.055890556424856e-05,5.631706999334579e-18,5.24442657479085e-06,1.5141665699047735e-11,3.752299304604634e-10,9.660489013185725e-07,1.0156200186406394e-10
data/raw_airwrite/R/airwrite_lowercase_R_20260908_141736_980049_a96e6a.png,airwrite,R,R,0.9992387294769287,1.2517920033872088e-08,9.647814769309093e-10,5.923471917412826e-07,6.243349393031394e-09,5.665926616771344e-10,0.0004806295328307897,2.5255353648390155e-06,9.338408744952176e-06,6.346929648515243e-10,6.735616231434705e-11,0.0001278246782021597,1.546102765814794e-07,1.0984772202959903e-08,3.3873152460728306e-06,5.435780948623292e-13,3.210000443232275e-07,2.827201146804459e-11,0.9992387294769287,6.74559963442789e-09,0.00011788503616116941,2.25502484583299e-16,1.4380839274963364e-05,1.5304972567076192e-10,9.969883585370098e-09,4.231136699672788e-06,7.126156331693778e-10
data/raw_airwrite/R/airwrite_lowercase_R_20260908_141740_909965_a08d9a.png,airwrite,R,R,0.9968781471252441,2.1895507629210442e-08,4.186756497048805e-11,1.7229516515726573e-06,3.761559064230369e-09,4.081480708961749e-10,0.0024112099781632423,1.836213778005913e-05,6.3820480136200786e-06,2.942404306316426e-11,1.0891278989788589e-09,5.1334602176211774e-05,2.57808721926267e-07,9.344604201544371e-09,2.157336439267965e-06,5.907489124615251e-13,5.567957650498556e-09,1.5440740049402213e-12,0.9968781471252441,4.1740984002558434e-09,0.0006122152553871274,2.8672902784928276e-18,1.6709784176782705e-05,8.463132417091401e-10,8.129180883997833e-08,1.3320136531547178e-06,3.4101024226629306e-09
data/raw_airwrite/R/airwrite_lowercase_R_20260908_141812_558377_1307c9.png,airwrite,R,R,0.9978335499763489,1.7880888947274798e-07,7.442700233895039e-09,6.671131814073306e-06,4.9798114076793354e-08,3.8383123346363845e-09,0.0006057053687982261,2.158145889552543e-06,0.0002267280942760408,6.814636321905709e-08,6.689840237328326e-09,0.00020177308761049062,5.072860858490458e-06,4.902478281110234e-07,6.03758089710027e-05,1.0921655801965358e-09,4.019386324216612e-06,3.384690927532574e-08,0.9978335499763489,2.2598409543661546e-07,0.0008428744040429592,1.3859322489564313e-13,0.00011123104195576161,6.783432038304227e-09,5.617799114787658e-09,9.878339187707752e-05,1.5001898390210044e-08
data/raw_airwrite/R/airwrite_lowercase_R_20260908_141822_367596_aea271.png,airwrite,R,R,0.9778387546539307,3.9818251025280915e-06,2.0974368908355245e-07,1.1293103852949571e-05,1.5329079587900196e-06,2.8768793569611262e-08,0.009061027318239212,5.8966295910067856e-05,0.00040604989044368267,2.8226091330907366e-07,5.110967435939529e-07,0.0006792026106268167,1.569349115015939e-05,6.104594376665773e-06,0.00026293096016161144,6.3172302944281e-09,1.755299308570102e-05,1.252870447387977e-07,0.9778387546539307,1.3910346751799807e-05,0.008753184229135513,7.710580438025083e-12,0.001727202208712697,9.57082647801144e-07,1.6102194422273897e-06,0.0011385991238057613,1.7250613382202573e-07
data/raw_airwrite/R/airwrite_lowercase_R_20260908_141913_669721_54b04e.png,airwrite,R,R,0.997180700302124,2.9477400076416416e-08,1.0431343788752656e-08,8.361501500075974e-07,4.635571571043329e-08,2.8131865725811167e-09,0.0014556549722328782,7.750708391540684e-06,3.0190312827471644e-06,7.540395330352112e-08,4.67942662396581e-09,2.426006722089369e-05,8.323566476065025e-07,1.240788138900939e-09,2.5984436433645897e-06,7.400677293212254e-11,9.794786819838919e-06,2.5207441467500757e-08,0.997180700302124,4.236691211190191e-07,0.0011626500636339188,1.1586799795925621e-15,1.5841524145798758e-05,3.0001980066973744e-11,9.610739759580156e-09,0.00013542603119276464,5.187335005985005e-09
data/raw_airwrite/R/airwrite_lowercase_R_20260908_141945_035827_b40f32.png,airwrite,R,R,0.9900926947593689,2.904252141888719e-06,4.7361147892388544e-08,3.2640225981594995e-05,5.799791438221291e-07,3.978453477770927e-08,0.003485308727249503,4.726980114355683e-05,0.00045580408186651766,1.6231385302489798e-07,2.790663415908057e-07,0.00045559898717328906,1.8211203496321104e-05,5.669247912010178e-06,0.00019237902597524226,1.419419248804843e-08,5.666274773830082e-06,8.433509179894827e-08,0.9900926947593689,2.4482112621626584e-06,0.004525251220911741,1.884162097176567e-12,0.00043420144356787205,2.87074357174788e-07,6.894251214362157e-07,0.0002415985509287566,2.587837855116959e-07
data/raw_airwrite/R/airwrite_lowercase_R_20260908_142104_019802_0d6f1c.png,airwrite,R,R,0.9265567064285278,0.0005834809853695333,3.5686997801320786e-09,2.1668785166184534e-07,6.450446221606398e-08,1.5351005189234712e-10,1.797286763860484e-10,4.651493554774788e-07,8.762094512348995e-05,1.0511779890975959e-07,1.75636347371326e-13,6.28588850304368e-07,1.079763500833053e-09,0.0001730081858113408,0.07258972525596619,4.849142420937369e-09,1.1025289126109783e-07,2.481909859852749e-06,0.9265567064285278,1.4594798702916023e-09,9.86073533937315e-09,2.4394302045038785e-07,4.263838945917087e-06,1.6951737791259802e-07,4.367296924101538e-08,6.351875185828249e-07,6.159980078107585e-12
data/raw_airwrite/R/airwrite_lowercase_R_20260908_142225_124629_e54488.png,airwrite,R,R,0.9675937294960022,0.00048722937935963273,4.855073010290312e-10,6.578775924026559e-08,1.9186932931347656e-08,1.8614014496431963e-10,1.1472746308527348e-07,7.262064514179656e-07,0.0007047357503324747,2.48051065909749e-07,2.246550168116812e-11,9.34139170567505e-05,2.160217604796344e-08,0.0022076936438679695,0.0288894921541214,2.8509186678071785e-10,1.615877209815153e-08,8.496766668031341e-07,0.9675937294960022,1.3967318412966279e-09,5.451433935377281e-06,1.2493160284066107e-07,3.4385629987809807e-06,4.106722713004274e-07,3.478563428416237e-07,1.1837337297038175e-05,1.2895494394538076e-10
data/raw_airwrite/R/airwrite_lowercase_R_20260908_142314_009134_5584b2.png,airwrite,R,R,0.9881412982940674,0.005295781418681145,2.0522438717307523e-06,4.932140313940181e-07,7.987004210008308e-06,6.638438776462863e-07,7.117248657095843e-08,5.11789721713285e-06,0.0005204896442592144,0.0006785804289393127,1.7827951337423542e-09,7.777178689138964e-05,2.749760596998385e-07,8.685021384735592e-06,0.004365343600511551,6.971412891410012e-10,1.5863442115460202e-08,2.4264934836537577e-05,0.9881412982940674,1.5737735736820468e-07,9.4209099188447e-05,0.00023675424745306373,6.721214595017955e-05,5.547515229409328e-06,1.9491923012537882e-05,0.000447790720500052,2.204710192188486e-09
data/raw_airwrite/R/airwrite_lowercase_R_20260908_142331_013448_bef179.png,airwrite,R,R,0.8823733925819397,0.034819621592760086,2.0076583950867644e-06,1.853160392784048e-05,7.749505311949179e-05,4.407804226502776e-06,1.483902849486185e-07,0.0005775623139925301,4.975589490641141e-06,0.07051417231559753,2.9969660317874514e-05,8.064813528108061e-07,4.195159817754757e-06,1.2767679891112493e-07,0.00021593988640233874,3.8520283851539716e-07,2.136504528849059e-09,0.0005743597284890711,0.8823733925819397,0.0013627875596284866,0.0034951502457261086,0.00066422886447981,8.740265911910683e-05,5.154631253390107e-06,0.00360290938988328,0.0015642617363482714,1.4302820261491433e-07
data/raw_airwrite/R/airwrite_lowercase_R_20260908_142445_252156_8c474c.png,airwrite,R,R,0.9929285645484924,6.135091825854033e-05,8.550341767943337e-09,4.04205906079369e-07,2.6181291801208317e-08,9.733502892572687e-09,2.7480191988615843e-07,1.4160340242597158e-06,0.002142908750101924,1.8102921330864774e-06,5.148230800000597e-12,0.0007150964229367673,1.1885706641123761e-07,0.00012543797492980957,0.004012266639620066,1.0829739882645129e-11,4.1317054666478725e-08,3.821793370661908e-08,0.9929285645484924,4.2049463910842633e-10,3.397692125872709e-06,1.0004950468101015e-07,2.1536677650146885e-06,9.086220131848677e-08,4.0689235447644023e-07,3.957187345804414e-06,1.0832910124491946e-09
data/raw_airwrite/R/airwrite_lowercase_R_20260908_142501_497590_b1228b.png,airwrite,R,R,0.981616735458374,0.004331750329583883,4.317607160686521e-09,2.3100132295894582e-07,2.6187288426626765e-07,1.313737785224589e-09,8.100294621726789e-07,8.496572263538837e-06,0.0001482968800701201,9.505683556199074e-05,1.0590110832708888e-07,3.1757928809383884e-05,7.267680643963104e-07,0.00024334201589226723,0.012164276093244553,4.7033301697751995e-09,6.25168450341107e-09,1.942016024258919e-05,0.981616735458374,7.024395927146543e-07,0.0006141780759207904,1.633517604204826e-05,2.139079697371926e-05,3.4948734537465498e-06,1.6531559595023282e-05,0.0006660393555648625,2.246084429557982e-09
data/raw_airwrite/R/airwrite_lowercase_R_20260908_142518_681361_92687c.png,airwrite,R,R,0.9808345437049866,0.003322992008179426,1.0103882885914572e-07,8.12397615845839e-07,9.36465937684261e-07,3.448241443493316e-07,2.3661543309572153e-05,0.00010144188854610547,0.0031355840619653463,1.780931961548049e-05,1.2319225639600972e-09,0.008011290803551674,3.9253785644177697e-07,0.0009412351646460593,0.002580448519438505,4.689059696083575e-10,6.979279731922361e-08,3.100284175161505e-06,0.9808345437049866,3.708067808361193e-08,0.0003062710165977478,5.940245841884462e-07,7.980574082466774e-06,1.9071067072218284e-06,0.0006125461659394205,9.562876948621124e-05,2.2717830461260746e-07
data/raw_airwrite/R/airwrite_lowercase_r_20260805_214605_319853_c34fbf.png,airwrite,R,R,0.9959343671798706,1.3525914255296811e-07,1.1212158979034825e-09,3.904864626091964e-11,7.55871187863022e-09,2.1367352331935763e-12,0.0018798891687765718,4.1635590605437756e-05,3.606076916184975e-06,2.055901456021747e-12,5.2090578080360786e-14,0.002095869043841958,5.851395756817368e-11,4.933331183565315e-07,8.491630069329403e-06,6.62757091461085e-17,1.5298197695301496e-06,2.6807007134921346e-12,0.9959343671798706,1.7398984475391899e-09,8.100691047729924e-06,1.320662007623383e-16,1.1998678019153886e-05,7.217619835131472e-10,1.0437018318043556e-05,3.4376985240669455e-06,4.327633737477576e-12
data/raw_airwrite/R/airwrite_lowercase_r_20260805_214609_896908_f1b835.png,airwrite,R,R,0.9994245767593384,2.937860787977087e-10,5.371327826964034e-10,6.287830842666153e-07,1.0483685031204004e-09,3.5893494843008966e-09,0.0002640797756612301,1.3778924312646268e-06,5.044508384344226e-07,2.7188826745572214e-09,1.7543962810284697e-11,0.0001694658858468756,3.904154084466427e-07,5.792131097664965e-12,2.9587040373257878e-08,3.669643453734964e-16,2.0878518469658047e-08,8.963921998336039e-14,0.9994245767593384,5.945518521954796e-10,0.0001372473343508318,9.953260824419894e-18,1.27509338199161e-06,4.0601343901519593e-13,4.946981491116276e-09,4.800007786798233e-07,2.797397313791805e-10
data/raw_airwrite/R/airwrite_lowercase_r_20260805_214618_043583_a9d4bd.png,airwrite,R,N,0.42376407980918884,0.11401170492172241,1.1193046489665903e-09,1.1298614835072475e-14,1.3852209690412565e-07,6.97446332457996e-13,7.309347438422265e-08,2.197266674164311e-10,0.03750220686197281,9.0021558207809e-06,1.9902554604378508e-10,0.0002413114270893857,2.253134900875864e-10,0.394439697265625,0.42376407980918884,6.534552223326842e-14,4.2782173637068155e-11,6.245550139283296e-06,0.01873384602367878,3.509111934363318e-07,5.082479674456408e-06,9.635258902562782e-05,0.0008101582061499357,0.007577608339488506,4.516512490226887e-06,0.0027977521531283855,8.874648791453582e-14
data/raw_airwrite/S/airwrite_S_20260804_160523_520835_9cb675.png,airwrite,S,S,0.9205583333969116,3.1062083962751785e-06,0.0014690037351101637,0.0005228240042924881,0.002568937838077545,0.00036119556170888245,0.00011733608698705211,0.00033825988066382706,3.2705587127423996e-09,0.0012211878784000874,0.06720376759767532,2.758780148770512e-10,0.00047519663348793983,5.119017731404496e-13,3.490883955237223e-07,6.916698475833982e-05,1.010685991786886e-05,5.433762908069184e-06,4.975273259333335e-05,0.9205583333969116,4.3752228521043435e-05,2.3989106257005233e-09,0.0015141649637371302,1.425037368107951e-07,1.23963036458008e-06,0.0034627008717507124,4.047721631650347e-06
data/raw_airwrite/S/airwrite_S_20260804_160557_739987_faf48d.png,airwrite,S,V,0.42118945717811584,0.008340011350810528,0.0032342011108994484,1.8681081201066263e-05,0.07924744486808777,7.086075584084028e-06,1.227685828553149e-07,1.5851620673856814e-06,1.9479568436508998e-05,8.00357956904918e-05,0.0004199166432954371,4.407464615496792e-09,2.81706488749478e-05,2.203892336183344e-06,0.18353137373924255,0.0014732934068888426,0.00011533409997355193,0.0012929994845762849,0.0005728992400690913,0.2937055230140686,8.243777926963958e-08,0.0001966318959603086,0.42118945717811584,0.0056783161126077175,8.400094841931605e-09,0.0008452218607999384,1.6291407112234424e-09
data/raw_airwrite/S/airwrite_S_20260804_160601_072728_715692.png,airwrite,S,S,0.9132592082023621,6.601484528800938e-06,0.00047906648251228034,0.0026803184300661087,0.0007885108352638781,0.0010929217096418142,0.00010697526158764958,0.008709668181836605,1.7383836592443913e-09,0.009776224382221699,0.06020441651344299,2.2412785516401357e-10,0.00014723598724231124,3.5065229393076505e-14,1.804554372597522e-08,1.6320624126819894e-05,2.356990080443211e-06,4.678136974689551e-06,0.0004432396963238716,0.9132592082023621,0.00039928016485646367,5.7063527514333856e-11,0.00017314292199444026,8.924370575869034e-09,4.2131308873649687e-05,0.0016040888149291277,6.356900121318176e-05
data/raw_airwrite/S/airwrite_S_20260804_160638_934055_6860d6.png,airwrite,S,S,0.8801506757736206,4.423577411216684e-05,0.03436366096138954,0.0008363471715711057,0.063791923224926,0.000848894938826561,1.2599190995388199e-05,0.01380250696092844,4.8849521649962924e-11,8.545205491827801e-05,0.0010798820294439793,4.6150742949446766e-11,1.1058201607738738e-06,6.49310046376729e-14,4.7637075795137207e-07,0.0018553801346570253,0.001506460946984589,0.0006171258864924312,0.0006549150566570461,0.8801506757736206,5.179393610887928e-06,4.066325332008347e-10,8.960688865045086e-05,9.658722710526035e-10,2.6490486106922617e-06,0.00024893792578950524,2.023773731707479e-06
data/raw_airwrite/S/airwrite_S_20260804_160707_069945_f2e6a1.png,airwrite,S,S,0.7687857747077942,3.1106349496212715e-08,7.57492534830817e-06,0.0014444298576563597,2.5453002308495343e-05,0.00014898581139277667,5.155939106771257e-06,6.483577180915745e-06,7.922266141713319e-12,0.002119479002431035,0.22691456973552704,1.626764044651563e-13,0.00020384056551847607,2.243659375944705e-18,1.0095756175498849e-10,2.331426912860479e-06,4.138340226056414e-10,6.9239183275726646e-09,3.2334685329260537e-06,0.7687857747077942,6.899899744894356e-05,1.3543186754352843e-13,0.0001025470337481238,6.57168097717431e-10,1.0800381744502374e-07,0.00015792866179253906,3.1327126635005698e-06
data/raw_airwrite/S/airwrite_S_20260804_160731_779228_91efcb.png,airwrite,S,S,0.9711863994598389,2.4692378701729467e-06,0.0025363038294017315,0.0015323959523811936,0.0010884007206186652,0.002444472163915634,0.00010584175470285118,0.003291815984994173,2.583753488938356e-10,0.0019679891411215067,0.014880159869790077,2.8436133656106755e-11,8.935105142882094e-06,7.398045900658314e-15,4.135093600865503e-09,3.326087608002126e-05,7.614714377268683e-06,4.676147455029422e-06,2.5297846150351688e-05,0.9711863994598389,3.4351232898188755e-05,1.3653073463459897e-11,7.273495430126786e-05,3.104760448735533e-09,1.9732127839233726e-05,0.0006244331016205251,0.00013275111268740147
data/raw_airwrite/S/airwrite_S_20260804_160733_462741_5d34e0.png,airwrite,S,S,0.8402059674263,2.780649879241537e-07,6.430284702219069e-05,0.0006366710877045989,9.319942182628438e-05,0.0007546748965978622,0.00021646010281983763,0.0004262528964318335,4.56369275703139e-10,0.010612975805997849,0.14476175606250763,3.073100107719995e-11,0.00036138715222477913,6.910370598804032e-16,5.643993605808362e-10,1.95352026821638e-06,5.512224987569425e-08,1.8288019987267035e-07,1.4243349141906947e-05,0.8402059674263,0.0002389242872595787,2.043345093821758e-12,6.525308708660305e-05,1.9869696998853215e-09,4.4443836486607324e-06,0.001452621421776712,8.832918683765456e-05
data/raw_airwrite/S/airwrite_S_20260804_160739_033125_376ab8.png,airwrite,S,S,0.8365207314491272,2.4055427275015973e-05,0.001692712539806962,0.003931635990738869,0.0040846653282642365,0.00032909371657297015,6.840270361863077e-05,8.343852823600173e-05,5.860175988914307e-08,0.0008506531012244523,0.12365420162677765,3.297350392728049e-09,0.0018769381567835808,7.645854782634132e-11,1.3428860256681219e-05,0.0011892577167600393,1.1194987564522307e-05,1.8174308934248984e-05,0.00034239396336488426,0.8365207314491272,0.00015419167175423354,1.260303008621122e-07,0.0218582171946764,1.0645007932907902e-05,1.2587901210281416e-06,0.0032811868004500866,3.3725959838193376e-06
data/raw_airwrite/S/airwrite_S_20260903_164513_950109_4c9f5a.png,airwrite,S,S,0.3792398273944855,8.752733992878348e-05,0.0037845689803361893,0.00017120252596214414,0.002950072754174471,0.01675969734787941,0.14552177488803864,0.24416792392730713,1.7147345715784468e-05,0.10747060924768448,0.018026918172836304,1.2203293408674654e-05,0.005425900220870972,1.273600669371433e-09,3.5620334415398247e-07,5.738081085837621e-07,0.00033337553031742573,4.150723907514475e-05,0.0009221259970217943,0.3792398273944855,0.002770623192191124,1.260442772377246e-08,0.00020891732128802687,4.297041868994711e-07,0.003391845850273967,0.06524389237165451,0.003450908698141575
data/raw_airwrite/S/airwrite_S_20260903_164539_161164_3b9289.png,airwrite,S,S,0.5211732983589172,0.014804963953793049,0.18657882511615753,0.0009503651526756585,0.22938157618045807,0.0028808419592678547,0.0003914344997610897,0.0006183241493999958,3.997107796749333e-06,7.817822188371792e-05,0.001285351812839508,1.1609947705437662e-06,2.7395517463446595e-05,7.029282187431818e-07,0.0012768564047291875,0.010065639391541481,0.0005432925536297262,0.001886057434603572,0.0012388539034873247,0.5211732983589172,9.66173865890596e-06,7.260699203470722e-05,0.025578003376722336,0.00042824240517802536,2.6930360036203638e-05,0.0006911233067512512,6.320293778117048e-06
data/raw_airwrite/S/airwrite_S_20260903_164548_877431_237e05.png,airwrite,S,S,0.615867018699646,0.004924922715872526,0.04215109348297119,1.0965844921884127e-05,0.024682218208909035,0.004352022893726826,0.00564129464328289,0.27780038118362427,6.548776241288579e-07,0.002462387317791581,4.789141530636698e-05,3.507721828555077e-07,2.1616098422327923e-07,1.3399829024152154e-09,1.0535903811614844e-06,5.118528179082205e-07,0.000352897826815024,0.0012037018314003944,0.0015518247382715344,0.615867018699646,7.729454955551773e-05,2.5909187684192148e-08,0.00011142906441818923,1.5597429126046336e-07,0.006639734376221895,0.012042214162647724,7.769986405037344e-05
data/raw_airwrite/S/airwrite_S_20260903_164557_232533_464583.png,airwrite,S,J,0.8669533729553223,1.4323607047117548e-06,4.5821343519492075e-06,0.00012872998195234686,2.4699636924196966e-05,0.0015565184876322746,0.0017685078782960773,0.0002497400273568928,1.8163731629883273e-09,0.027626309543848038,0.8669533729553223,1.2380063640904382e-10,0.0009109247475862503,1.7164188822284049e-15,1.4861439856517222e-09,9.476784157413931e-07,1.9945163742818295e-08,1.673731821938418e-05,6.9916654865664896e-06,0.0909024178981781,0.0024139094166457653,4.303346307771294e-12,4.168743998889113e-06,1.6963419557924908e-10,1.0460533985678921e-06,0.0069692423567175865,0.00045968624181114137
data/raw_airwrite/S/airwrite_S_20260903_164608_383230_3639ba.png,airwrite,S,G,0.41252776980400085,1.3931384273746517e-05,0.00016035797307267785,1.5549527176972333e-07,0.00039554969407618046,0.025723978877067566,0.18141356110572815,0.41252776980400085,2.151092415303424e-09,0.019224217161536217,0.003647776320576668,1.4447144869311757e-10,5.109472567710327e-06,5.348022430409313e-17,1.6926864077060344e-10,7.16960518731824e-12,1.6582773241680115e-05,3.52732531609945e-05,2.471864775088761e-07,0.21568197011947632,1.2395569683576468e-05,8.592776555398085e-14,2.3447378794116958e-07,3.285464619546402e-13,3.128699245280586e-05,0.14075127243995667,0.0003583827638067305
data/raw_airwrite/S/airwrite_S_20260903_164622_098953_12e118.png,airwrite,S,S,0.5559185743331909,4.133389211347094e-06,0.00011876253847731277,0.00012231846631038934,0.0001369669334962964,0.001275603543035686,0.05493660643696785,0.04048141837120056,2.3605588239661301e-07,0.0598747655749321,0.22101706266403198,6.217248227358141e-08,0.001706950250081718,3.240375849589139e-12,7.139590696425557e-09,1.320121896242199e-06,1.1992783583991695e-05,2.1704947357648052e-05,0.00037894860724918544,0.5559185743331909,0.010242557153105736,1.3053187003508882e-11,4.3718016968341544e-05,1.4715102913953615e-08,0.00035905931144952774,0.050847750157117844,0.0024994013365358114
data/raw_airwrite/S/airwrite_S_20260903_164635_963107_f26ebd.png,airwrite,S,S,0.8452346920967102,0.005097293294966221,0.03418854996562004,0.0009611407294869423,0.03658280521631241,0.06622959673404694,3.170131458318792e-05,0.00013652049528900534,3.452215402433012e-09,0.0011630834778770804,0.004447138402611017,9.072103068774595e-10,3.3715718217308677e-08,2.5595669680966715e-11,1.1979916791915457e-07,0.0037994333542883396,8.414259156097614e-08,0.0017639207653701305,1.720811633276753e-05,0.8452346920967102,2.2798438294557855e-05,1.6427605942226364e-06,3.4103766665793955e-05,4.567078804029734e-07,6.600559572689235e-05,0.00014132558135315776,8.035289647523314e-05
data/raw_airwrite/S/airwrite_S_20260903_164709_815513_cec2af.png,airwrite,S,S,0.9657275676727295,8.368656563106924e-05,0.01313699223101139,0.0005756599712185562,0.007402241230010986,0.010421223007142544,5.8491687013884075e-06,0.00016319677524734288,9.82375552432968e-12,0.00034086467348970473,0.0018637302564457059,2.0663195546971602e-12,8.702049747455476e-09,3.47253544583754e-15,1.8657100309127372e-09,0.00016630480240564793,7.798434609185279e-08,4.0428221836918965e-05,2.8311856112850364e-06,0.9657275676727295,2.318219912922359e-06,6.90279222670398e-10,8.649622941447888e-06,1.3607223126044232e-09,4.80421931570163e-06,4.059090497321449e-05,1.2989774404559284e-05
data/raw_airwrite/S/airwrite_S_20260903_164720_025585_c102ed.png,airwrite,S,Z,0.7793325185775757,3.062682480958756e-07,2.451363980071619e-05,0.004284548573195934,2.420631608401891e-05,0.013750146143138409,0.00015352135233115405,8.31488796393387e-05,3.368944874182489e-07,0.15752680599689484,0.0006324852583929896,2.0941207101721204e-11,4.682565304392483e-07,1.6422541133523617e-17,4.889072545248563e-13,3.8675693758705165e-08,4.114566326540725e-11,1.2057289211497846e-07,1.7459113044182573e-09,0.03826381266117096,7.1240174293052405e-06,8.785369824747084e-15,0.00013802378089167178,4.1518472687629426e-11,0.005613270215690136,0.00016467766545247287,0.7793325185775757
data/raw_airwrite/S/airwrite_S_20260903_164743_484680_35fc78.png,airwrite,S,S,0.6461029052734375,1.6071639038273133e-05,0.0009441847214475274,0.18945230543613434,0.0008774855523370206,0.021901225671172142,0.0001787081710062921,0.0003177431644871831,9.882271001515619e-08,0.07565852254629135,0.02406887151300907,1.924017750676299e-10,1.3126226804160979e-05,6.8382312379061064e-15,7.277805025296402e-10,5.6029981351457536e-05,4.024780064781908e-09,1.535676233288541e-06,2.0938500711054076e-06,0.6461029052734375,0.00029658875428140163,2.3954734029718594e-11,0.0014466510619968176,5.1714234672317616e-08,0.001369407749734819,0.00033381357206963,0.03696249797940254
data/raw_airwrite/S/airwrite_S_20260903_164751_626770_8bee7a.png,airwrite,S,S,0.6610003709793091,1.8499207726563327e-05,0.0003195786557625979,0.004709072411060333,0.00032150623155757785,0.0022475197911262512,0.007264737971127033,0.011967696249485016,5.418526711764571e-07,0.10097164660692215,0.1841130405664444,1.866238008574328e-08,0.0005721074994653463,2.9084423671527082e-12,1.6390519164133366e-08,9.13803705770988e-06,5.573218118115619e-07,6.573006430699024e-06,0.0002569032949395478,0.6610003709793091,0.007878612726926804,1.2593069642630184e-10,0.00035945037961937487,2.089534518745495e-07,0.0009094133856706321,0.011545422486960888,0.005527414381504059
data/raw_airwrite/S/airwrite_lowercase_s_20260805_214733_598329_ee13de.png,airwrite,S,E,0.9539425373077393,7.180463779121737e-09,0.00032520812237635255,3.4890283131971955e-05,1.3182464499550406e-05,0.9539425373077393,0.0006727190921083093,0.021899882704019547,1.9801517196771368e-12,0.00031046761432662606,2.911122294335655e-07,1.1163062661745382e-11,6.965613419396277e-09,5.1592269974254047e-23,2.0043300926209106e-16,5.33105712352544e-11,1.896866130834951e-08,6.012748343664498e-08,4.787557728036518e-08,0.005443013273179531,2.6179867163023118e-08,2.707993387091014e-19,3.2527645021929175e-09,5.882606760989673e-17,1.2495157761804876e-06,7.282311997869328e-08,0.017356393858790398
data/raw_airwrite/S/airwrite_lowercase_s_20260805_214737_665974_d56e5b.png,airwrite,S,E,0.918185293674469,5.686230153401084e-09,0.0014037071960046887,4.89830699734739e-06,6.8338804339873604e-06,0.918185293674469,0.02095063216984272,0.056005869060754776,1.1346065753592427e-10,0.0001946706761373207,9.641818454753093e-10,1.9992029365312192e-08,3.8175052452515956e-08,6.406817776552763e-22,7.072298416726228e-16,1.3287194085341396e-15,8.478780273435405e-07,1.390345338858623e-10,6.101464578023297e-07,0.00078928517177701,1.7024747833715992e-08,2.4445077337888622e-20,9.007731449628409e-08,3.457336035169103e-17,1.813042035792023e-05,6.980405942158541e-08,0.002438940107822418
data/raw_airwrite/S/airwrite_lowercase_s_20260805_214742_878662_57c7e8.png,airwrite,S,G,0.9056377410888672,3.796779779463577e-08,0.00027258237241767347,3.546807292309495e-08,0.00026551741757430136,0.02010202407836914,0.0010664365254342556,0.9056377410888672,2.9968093436492926e-13,0.0005678099114447832,3.219420977984555e-05,7.944181337066203e-13,1.5526415708677632e-08,1.1861563188857279e-20,8.608302330508077e-14,1.1022033286067767e-10,7.984103285707533e-05,1.8651855498319492e-05,1.240602074403796e-07,0.07128074765205383,9.052045157886823e-08,3.455251870897714e-17,6.878640990137797e-10,9.701326425254618e-18,1.844400344452879e-06,0.0006172182038426399,5.7038920203922316e-05
data/raw_airwrite/T/airwrite_T_20260804_160829_338033_a05cab.png,airwrite,T,T,0.9947880506515503,2.8764283399596025e-08,4.4157922761065005e-13,5.1819029067701194e-08,2.8353855721641175e-11,1.1254409210126326e-10,0.0024036786053329706,1.1066340022125587e-07,2.88988644570054e-07,2.9180307592469035e-06,0.002036561956629157,1.1487853157632344e-07,3.164457666571252e-06,2.458019898732289e-10,2.508481644625249e-09,3.630389044939619e-11,2.856676890481899e-14,9.343986695498074e-10,0.0005980351124890149,2.295272167884832e-07,0.9947880506515503,5.2947631427381105e-15,1.0228173152881936e-07,4.217035609599407e-09,8.077654456428718e-07,0.00016547710401937366,3.273574691320391e-07
data/raw_airwrite/T/airwrite_T_20260804_160848_258112_ca5987.png,airwrite,T,T,0.9951959252357483,3.3102334762169505e-10,8.608962507987167e-15,9.388718691383247e-10,4.007623226331969e-13,2.263020847104169e-11,0.0008388148853555322,3.460974173918885e-09,8.771166570831213e-10,1.7441983800381422e-05,0.0038821306079626083,1.0177778619890887e-09,6.915321932865481e-07,3.409289189731956e-15,4.469889356654294e-13,2.562702654251847e-13,2.6956505909012888e-17,1.2221833267656024e-10,1.0367133654654026e-05,1.3854679536962067e-07,0.9951959252357483,1.0068492874012819e-17,5.681645154353987e-10,1.5488598901700068e-12,6.712009081866199e-08,5.416464409790933e-05,1.370566593550393e-07
data/raw_airwrite/T/airwrite_T_20260804_160959_266985_7b4cb0.png,airwrite,T,T,0.9811965227127075,2.6839563815883594e-07,6.115475313650531e-12,1.5444910559381242e-06,7.207228147620981e-10,1.8186276928844336e-09,0.0017230964731425047,5.117564683132514e-07,2.698307071113959e-06,1.4047263903194107e-05,0.014575138688087463,2.1946233630387724e-07,5.766577669419348e-05,1.698970186758686e-09,6.113085504466653e-08,5.470583985811572e-09,1.1665314981340602e-12,4.883239412833973e-08,0.0018831650959327817,2.8697836569335777e-06,0.9811965227127075,1.9300750234152453e-13,1.6532324025320122e-06,3.205519405469204e-08,3.592233213112195e-07,0.000538499210961163,1.6518330312464968e-06
data/raw_airwrite/T/airwrite_T_20260804_161019_079338_cfa1a1.png,airwrite,T,T,0.9914062023162842,1.8715969929417042e-07,8.363200540081883e-13,1.9229267067544242e-08,5.823616588962466e-10,8.278890351043344e-10,0.0038264691829681396,6.099359666222881e-07,1.5599603386817762e-07,1.190428974950919e-05,0.00174416764639318,1.4503028111789718e-08,2.7496623715705937e-06,2.86716895885053e-12,6.947608266472116e-09,1.7755269476893432e-10,1.3418763713038406e-12,8.803631885712093e-07,0.0007877760217525065,5.5111195251811296e-06,0.9914062023162842,7.013408451068373e-16,9.759131813780186e-08,2.0882856208159772e-11,1.6312128536810633e-07,0.0022121258080005646,9.778282219485845e-07
data/raw_airwrite/T/airwrite_T_20260804_161111_172908_b4400a.png,airwrite,T,T,0.9937823414802551,9.83027419465543e-08,6.676095494571183e-14,2.960645986149757e-07,4.547969986723466e-11,6.302078303654923e-11,0.00012063197937095538,2.561598577699442e-08,1.8411562052733643e-07,1.3870084103473346e-06,0.004207073710858822,2.109659291704702e-08,8.934925062931143e-06,2.7370489208422555e-10,3.1607822137402763e-08,2.993347791857559e-10,4.157965729942271e-15,9.512131082800579e-10,0.0018221548525616527,1.730147403122828e-07,0.9937823414802551,1.5636040165000094e-14,2.810267289987678e-07,6.080826508991777e-09,6.154481013709301e-08,5.6260025303345174e-05,5.2643365222593275e-08
data/raw_airwrite/T/airwrite_T_20260804_161117_753224_7542fc.png,airwrite,T,T,0.9991219639778137,2.721274039441113e-10,5.369375932486247e-17,3.2045199827024362e-09,5.242641986768354e-14,3.064664407664841e-13,0.0003955222782678902,4.704732603499906e-09,2.3021861750294192e-08,2.1065208244408495e-08,0.0002778407360892743,3.3228628737447252e-09,2.674592849416513e-07,4.991931781134218e-12,5.345358183861393e-11,4.194223364884647e-13,1.3821718197173162e-17,2.39271710084088e-12,0.00019847940711770207,1.0537013483968849e-09,0.9991219639778137,2.6923400279742138e-19,1.1601023475193983e-09,2.8946810226582187e-11,8.21070145207159e-09,5.913183031225344e-06,1.6065810015675197e-08
data/raw_airwrite/T/airwrite_T_20260804_161135_002099_43f628.png,airwrite,T,T,0.9538396000862122,1.8180091501562856e-05,1.7178715117083243e-09,1.6055320884333923e-05,9.917778243107023e-08,4.88058198300223e-08,0.009947458282113075,2.5191737222485244e-05,0.00010542837117100134,3.6136741982772946e-05,0.008281562477350235,2.4048395061981864e-05,0.0002256286097690463,2.911592446253053e-06,1.7320171536994167e-05,2.1285977425122837e-07,1.6921966050631454e-09,1.252694005415833e-06,0.024586627259850502,1.8821985577233136e-05,0.9538396000862122,2.0311732851219233e-10,3.764628490898758e-05,4.458206603885628e-06,1.598325980012305e-05,0.0027826910372823477,1.2646764844248537e-05
data/raw_airwrite/T/airwrite_T_20260903_164925_356666_e8d4c0.png,airwrite,T,T,0.9862895011901855,0.0002123648300766945,6.34587049574975e-09,6.692151828247006e-07,8.828082513900881e-07,1.1168787750648335e-05,9.695225162431598e-05,1.3534335039366852e-06,0.00010109435970662162,0.0013968802522867918,0.0005372878513298929,0.0019682860001921654,0.00038105706335045397,7.141229474427746e-08,2.260940732412564e-07,3.8863256363042e-11,2.4307918416836827e-13,1.3177634095029589e-08,0.0007164167473092675,3.2666025617800187e-07,0.9862895011901855,4.3233046653767815e-07,2.0162360669928603e-05,2.549937562434934e-05,0.007177290506660938,0.0010560607770457864,6.107244644226739e-06
data/raw_airwrite/T/airwrite_T_20260903_165027_196698_4f5a27.png,airwrite,T,T,0.8854039311408997,0.00045320787467062473,2.3772333861415973e-06,1.5133812667045277e-05,1.80710521817673e-05,0.002135324524715543,0.0005120498826727271,2.7577864329941804e-06,0.0008212801185436547,0.07705246657133102,0.000730216852389276,0.015071255154907703,0.0045699384063482285,2.31932073546659e-08,5.028273903917579e-07,2.1323653953686517e-10,1.3911014701273317e-11,6.582915546005097e-08,0.0006358156679198146,3.3705107398418477e-06,0.8854039311408997,2.3439328288077377e-05,0.00018652128346730024,5.675572538166307e-05,0.010212769731879234,0.0017846928676590323,0.0003081010945606977
data/raw_airwrite/T/airwrite_T_20260903_165046_518422_98d17e.png,airwrite,T,T,0.7538387179374695,9.479744988993843e-08,8.823749197972575e-08,1.2925791281759302e-07,1.0999534652000875e-06,0.0010275006061419845,1.0959003020616365e-06,4.3761486101523417e-10,3.2686770282452926e-05,0.18272176384925842,3.635631946963258e-05,0.003148493589833379,0.0590536892414093,7.371679628482772e-14,5.288277593606949e-10,2.3535903641358285e-16,1.1608439634843397e-16,3.648835316468098e-14,2.9614955565193668e-05,9.339106155081822e-10,0.7538387179374695,4.5928527470096014e-06,5.8333439483249094e-06,1.9341297274877434e-07,1.561688918627624e-06,9.645972750149667e-05,1.0009760131879375e-07
data/raw_airwrite/T/airwrite_T_20260903_165051_135501_75f76e.png,airwrite,T,T,0.9755950570106506,1.5017718624221743e-06,2.1640460534655404e-09,1.0017683052865323e-05,8.923176864072957e-08,1.3794031474390067e-05,3.484259877950535e-06,1.4332809605832608e-08,1.0140925041923765e-06,0.010008550249040127,0.007040010299533606,1.1456361789896619e-05,0.0070108454674482346,1.0256867404023762e-11,8.212574620358737e-09,6.073333502776279e-11,1.6528218274277154e-14,2.0375204301537053e-10,0.0002247692464152351,3.2251176662612124e-07,0.9755950570106506,2.832891254911374e-08,3.861935965687735e-06,1.9171032761278184e-07,9.108451195061207e-06,6.403613951988518e-05,1.865530748546007e-06
data/raw_airwrite/T/airwrite_T_20260903_165053_377881_cbfa1f.png,airwrite,T,T,0.9704120755195618,7.5604848461807705e-06,1.3783760799412903e-08,1.1817745892983567e-08,1.2663831228110212e-07,4.962677394360071e-06,1.205931039294228e-05,9.914616683204258e-09,4.9494450649945065e-05,0.024970749393105507,0.00023518632224295288,0.0022424873895943165,0.0011009103618562222,6.33877006439576e-10,3.487289390591286e-08,7.318764463828259e-14,2.733596904608629e-14,5.897819038702679e-11,0.00016414691344834864,1.9258571626323828e-08,0.9704120755195618,6.060298801457975e-06,3.967964403273072e-06,1.927420498759602e-06,0.0004325977643020451,0.0003553192946128547,2.3318578712405724e-07
data/raw_airwrite/T/airwrite_T_20260903_165057_902266_fb8d53.png,airwrite,T,T,0.962351381778717,3.3360329609877226e-08,2.5046711666504295e-12,2.1786409831747733e-07,5.203209529902608e-10,4.705753120504141e-09,0.017710115760564804,8.931895536079537e-06,4.7230892619154474e-07,1.833709393395111e-05,0.017887545749545097,9.981977200368419e-08,9.285678243031725e-05,1.2106768712549787e-11,1.2236089919070992e-09,2.497365370057736e-10,2.105382491610075e-12,2.352952321871271e-08,0.0007756114355288446,2.370893753322889e-06,0.962351381778717,8.629688133657059e-16,5.3563038449055966e-08,2.7842966821012283e-10,3.603228719839535e-07,0.001147582195699215,4.0393692870566156e-06
data/raw_airwrite/T/airwrite_T_20260903_165113_229387_de8ea8.png,airwrite,T,T,0.9900770783424377,1.427695082156788e-07,1.0030772046309977e-10,2.7887409395632723e-11,3.434494910692365e-09,1.802043811949261e-06,6.463923796218296e-08,8.959029698663024e-12,2.701967787288595e-06,0.008693876676261425,1.8846645843950682e-06,0.001096614170819521,7.858340541133657e-05,2.750083418368715e-13,4.9611904862079115e-11,8.344463602585403e-19,1.346839901036304e-19,1.1689976243955957e-14,4.102831098862225e-06,6.556429444498635e-12,0.9900770783424377,8.556723969377344e-07,3.880691323843166e-08,3.173319740312763e-08,2.2342019292409532e-05,1.98503585124854e-05,2.1810917516518202e-09
data/raw_airwrite/T/airwrite_T_20260903_165139_903850_614ae7.png,airwrite,T,T,0.9526258707046509,2.2779052244459308e-07,6.208449310207698e-09,2.1782269044035019e-10,4.441731249471559e-08,5.550478454097174e-05,8.153408543876139e-07,7.879089741757994e-11,8.949214134190697e-06,0.0446176677942276,1.818512600948452e-06,0.0024451008066534996,0.00012697043712250888,2.53095098047898e-13,7.809339286346528e-11,3.1849594801667736e-18,3.2802746749706464e-18,3.566271965780611e-14,7.775574886181857e-06,6.813453967691174e-11,0.9526258707046509,2.7451678761281073e-06,1.088309886654315e-07,4.6867523195714966e-08,3.8728197978343815e-05,6.764133286196738e-05,2.926167397276913e-08
data/raw_airwrite/T/airwrite_T_20260903_165225_199278_6e771f.png,airwrite,T,T,0.8233858346939087,1.2263182043170673e-06,1.340590358722693e-07,3.5514295948502195e-09,8.090308369901322e-07,0.00013142831448931247,8.753292058827356e-05,5.7964385291597864e-08,2.9395112505881116e-05,0.1698482632637024,0.00013094065070617944,0.0023057665675878525,0.001931617734953761,4.965204896539843e-12,1.0078519130374275e-09,3.0541888378039566e-15,3.0727427980520305e-14,1.2925123644980108e-11,3.859010030282661e-05,3.7662722718323494e-08,0.8233858346939087,6.28607608632592e-07,1.2819607491110219e-06,1.0501581471089594e-07,0.00032068422297015786,0.0017847123090177774,9.042233841682901e-07
data/raw_airwrite/T/airwrite_T_20260903_165240_044029_1f7ad1.png,airwrite,T,I,0.754308819770813,1.085503527065157e-06,7.182863100752002e-06,2.5452747465237735e-08,2.2020662072463892e-05,0.0007001339108683169,0.0011003052350133657,2.0100151232327335e-06,3.5047320125158876e-05,0.754308819770813,0.0022752652876079082,0.0007559802616015077,0.00985655002295971,3.6304631176320434e-12,9.987630278374127e-09,2.629136058168724e-13,8.04134883680696e-12,6.169132427125135e-10,0.00010493353329366073,8.012507350940723e-07,0.2136111706495285,1.652124524298415e-06,6.7483183556760196e-06,1.500467448067866e-07,0.00011471533798612654,0.01709343120455742,1.929863174154889e-06
data/raw_airwrite/T/airwrite_T_20260903_165245_370693_d9a9d2.png,airwrite,T,T,0.9627076387405396,1.9321682884765323e-06,6.01262040156314e-10,7.790359632053878e-06,3.971738493646626e-08,1.2767882253683638e-06,9.736586434883066e-06,8.895784731066669e-08,2.984903915148607e-07,0.005346350371837616,0.02885516919195652,1.0308956461813068e-06,0.002473253756761551,9.350251475859217e-12,9.915445353669838e-09,2.534304432977308e-10,2.360834814587546e-14,1.1439016400771607e-09,0.00045628889347426593,1.8923085463029565e-06,0.9627076387405396,3.0607836265517108e-09,2.4594808110123267e-06,1.203328707788387e-07,6.180185209814226e-06,0.0001277052506338805,7.979153338055767e-07
data/raw_airwrite/T/airwrite_T_20260903_165250_212977_0d273c.png,airwrite,T,T,0.8674147129058838,0.0005655318382196128,8.476697075820994e-06,8.685784268891439e-05,0.00018827593885362148,0.0027861427515745163,4.407032520248322e-06,1.5416888743402524e-07,3.8005441638233606e-06,0.09742992371320724,0.018926091492176056,5.4349897254724056e-05,0.00870466697961092,3.982978113992175e-10,3.572321247702348e-06,4.00740489681084e-08,6.207073483671666e-12,1.7354031456306984e-07,0.0009624662343412638,1.9661210899357684e-05,0.8674147129058838,0.0007999190711416304,0.0003307785664219409,3.265124905738048e-05,0.00015773619816172868,0.0015118179144337773,7.78476896812208e-06
data/raw_airwrite/T/airwrite_lowercase_t_20260805_214805_439172_b0fcc4.png,airwrite,T,T,0.9186422228813171,6.629362906096503e-05,1.3426810028249747e-06,6.66691619244375e-07,1.0514275345485657e-05,0.0007547105196863413,8.938641258282587e-07,1.1879655481550344e-08,4.502759111346677e-06,0.07514293491840363,0.00017159221170004457,0.0008951412746682763,0.0010544670512899756,6.233360355656359e-11,6.776737109248643e-07,1.0007259777788935e-12,2.9256851390331573e-13,7.592052320148923e-09,0.000729171559214592,4.101956108115701e-08,0.9186422228813171,0.0011706261429935694,7.470168202416971e-05,1.749246621329803e-06,4.695939787779935e-05,0.0012304801493883133,3.037144438167161e-07
data/raw_airwrite/T/airwrite_lowercase_t_20260805_214823_368068_60b429.png,airwrite,T,T,0.7715504169464111,0.08276930451393127,0.00010614452912705019,2.640638740558643e-06,0.012313107028603554,0.001889401930384338,7.529276047080202e-08,1.5388650353997946e-07,1.2104246138733288e-07,0.05585780367255211,0.0009308382286690176,2.7651683467411203e-06,1.160827923740726e-05,1.1233947105893094e-10,8.46853872644715e-05,5.762039023693433e-08,3.386126014998103e-12,9.761851833900437e-05,0.007791948039084673,2.2327303668134846e-05,0.7715504169464111,0.027017462998628616,0.001677089836448431,3.994421786046587e-05,0.00037872258690185845,0.03745565935969353,4.80243222966692e-08
data/raw_airwrite/T/airwrite_lowercase_t_20260805_214830_369772_f836a9.png,airwrite,T,U,0.9224961400032043,0.0007962836534716189,0.00013256428064778447,1.9612528615042812e-11,0.00917151290923357,4.6107888920232654e-05,3.356477762395116e-09,6.321024704093042e-14,2.4776366558398877e-07,1.0787102837639395e-05,0.0001684605231275782,3.9683040853333296e-08,2.4586205427112873e-07,3.040139667787045e-11,2.8392894819262438e-05,5.803808544868616e-10,3.780632960140553e-17,8.749885815895198e-10,7.619832764760304e-09,7.665375534315899e-08,7.23970401850238e-07,0.9224961400032043,0.003938158508390188,0.06315521895885468,6.641346583791119e-09,5.498692189576104e-05,1.5760294816164616e-13
data/raw_airwrite/U/airwrite_U_20260804_161204_757804_81a38c.png,airwrite,U,U,0.7442852258682251,2.201762556997e-11,1.7953632777789608e-05,5.645646168443708e-13,0.0022186022251844406,1.3545909949286283e-09,4.295208530210107e-14,2.5028462879256925e-18,4.482545001849303e-09,2.5799045033636503e-07,0.0044400813058018684,2.673001793865315e-13,0.002173854038119316,1.7591274216294895e-16,0.0005310623673722148,1.5296121314012368e-10,1.924248950809529e-16,9.862812462555263e-16,1.0344569439327961e-13,1.6948607448052933e-11,1.6815588177676805e-15,0.7442852258682251,0.2454434484243393,0.0008892046171240509,7.946711866334719e-20,2.7608288633018674e-07,5.182471825294137e-22
data/raw_airwrite/U/airwrite_U_20260804_161210_880957_eb0456.png,airwrite,U,U,0.8975152373313904,5.296909287057228e-13,2.037255171671859e-06,2.9896075307185577e-13,5.0866390665760264e-05,3.702916792636124e-11,5.642531815702693e-17,7.252021273326322e-22,5.02655972400845e-10,1.7668849494612004e-08,1.6571324522374198e-05,2.5595057147396842e-15,0.0008938408573158085,2.6076744733642314e-18,0.0005298812757246196,1.452463496698364e-11,6.25944898952709e-18,5.664029908950701e-18,1.780964698633314e-14,5.64010101643253e-13,3.0800905560830664e-18,0.8975152373313904,0.1009540930390358,3.753042983589694e-05,5.020640939115354e-24,1.3627245998293347e-09,2.183078877966655e-25
data/raw_airwrite/U/airwrite_U_20260804_161221_760143_c07740.png,airwrite,U,U,0.9825766682624817,1.3235596226326453e-14,3.26589288945911e-09,1.747819564870869e-17,7.608655323565472e-06,8.701770044545337e-14,9.22232671833642e-23,5.659135215217954e-28,1.8462484416715413e-13,9.76577499423037e-12,5.178332571631472e-07,2.520441039940155e-19,3.001435516125639e-06,3.5737330138007816e-22,1.4803651538386475e-05,2.867284792300133e-14,5.312685825090517e-25,6.720973238576999e-22,5.73726113915821e-19,5.798831232039283e-17,2.983995999622423e-22,0.9825766682624817,0.0173784326761961,1.897358197311405e-05,2.224950309035284e-28,4.245472463165756e-12,7.937590843863967e-32
data/raw_airwrite/U/airwrite_U_20260804_161346_104634_04b543.png,airwrite,U,U,0.9982702732086182,4.850274262085952e-12,4.554981392068669e-10,1.766604949026813e-20,3.0400387913687155e-06,2.029676557033233e-12,1.2784849829347394e-21,3.119854654183067e-25,9.025734326595369e-11,2.5854141050274393e-10,2.869042603492744e-08,2.85876035065715e-17,3.5255484642782164e-10,2.270341740963828e-18,3.206676183253876e-06,1.9663848363812656e-17,9.560166021402577e-27,4.744356958831715e-19,2.794391140621744e-17,6.01330774978183e-18,7.887554881605253e-21,0.9982702732086182,0.000384001643396914,0.0013394325505942106,8.640399805772984e-23,1.0661705962533574e-09,4.4153274070445224e-29
data/raw_airwrite/U/airwrite_U_20260804_161543_980168_b9ae1a.png,airwrite,U,U,0.8892568349838257,1.092732127006002e-09,5.33933489350602e-05,1.4213457667777707e-11,0.002530971309170127,2.6615021297970998e-08,7.956763909853712e-14,1.3840111385273891e-17,1.6843291206214417e-08,6.027148060638865e-07,0.0002429886080790311,2.0006440080988508e-12,0.0002303839282831177,4.387524364142395e-15,0.0005610486841760576,7.542673152727275e-10,8.723531443278955e-16,6.837490507593733e-14,2.9727860798023364e-12,5.959690380086258e-11,1.7549978871956966e-14,0.8892568349838257,0.10578929632902145,0.001333929831162095,1.415788687965655e-18,5.96549682541081e-07,2.9241745844893044e-20
data/raw_airwrite/U/airwrite_U_20260804_161633_684029_9d15b9.png,airwrite,U,U,0.8814837336540222,5.257425605975641e-10,6.665769433311652e-06,9.113735807697587e-12,0.0019649192690849304,1.5418840648706578e-09,8.970608307015075e-16,8.776774040099758e-19,3.924126579235576e-10,3.001438741989659e-08,0.0004694887902587652,6.818054913102509e-15,0.000198209032532759,3.1115331800913096e-16,0.00044943555258214474,6.146591235989263e-09,3.339944216996802e-17,1.0078162330823433e-14,1.8011978085256952e-13,1.925996306884059e-10,3.7163970254454413e-16,0.8814837336540222,0.11462847888469696,0.0007990243029780686,1.0966616773973124e-20,3.551972582727103e-08,3.5693807735233686e-22
data/raw_airwrite/U/airwrite_U_20260804_161640_439291_a621fc.png,airwrite,U,U,0.904455840587616,6.636952099015048e-11,7.226326033560326e-06,2.1129534753805412e-12,0.0007964028045535088,4.817415910629563e-10,5.108222241434598e-16,7.393635644327037e-20,3.4750272104311364e-10,2.7223858722891237e-08,0.00015651635476388037,6.376159518585835e-15,0.00025861553149297833,3.64323726777876e-17,0.000367040658602491,6.342758540611726e-10,1.4262984312384475e-17,7.34468038976157e-16,6.60602486341616e-14,2.0011655527119032e-11,1.2911913491082418e-16,0.904455840587616,0.09366340190172195,0.00029500736854970455,1.147368777909415e-21,1.3568840273592286e-08,3.230897850924075e-23
data/raw_airwrite/U/airwrite_U_20260804_161643_965269_358937.png,airwrite,U,U,0.8449804782867432,2.8776954777431918e-11,2.4564080376876518e-05,6.994520847930508e-12,0.0007512211450375617,1.8893007158737873e-09,1.213347337777589e-14,7.485644365577988e-19,3.5984575319503165e-09,2.505795180240966e-07,0.0002472895139362663,2.289278521524357e-13,0.0017804320668801665,1.1677541641471587e-16,0.0005567038315348327,2.4328225545211524e-10,3.882707444776291e-16,1.1378527099689998e-15,5.627097095575739e-13,2.2086542664223607e-11,1.5450242005712205e-15,0.8449804782867432,0.15149998664855957,0.00015908729983493686,1.3643394238827463e-20,5.921337375980329e-08,4.717817353554091e-22
data/raw_airwrite/U/airwrite_U_20260804_161703_074617_c6b542.png,airwrite,U,U,0.9493005275726318,1.1825306359125598e-11,5.0270259066564904e-08,4.484168028215385e-13,4.9803173169493675e-05,1.0720241534756259e-11,3.111064023927385e-19,3.5950135780155133e-22,1.753319885111626e-11,4.1401418404696244e-10,9.192659490508959e-06,5.1401529350914723e-17,9.076915011974052e-05,1.2379973822356512e-17,0.00023646469344384968,2.5796412228551446e-10,6.704294987333168e-20,3.2393689806777047e-17,4.565825646572373e-15,2.5655124726020606e-12,1.0387742404247047e-18,0.9493005275726318,0.05017983540892601,0.0001332915126113221,3.42106492058554e-24,2.590819503378583e-10,6.94008454866512e-26
data/raw_airwrite/U/airwrite_U_20260904_145408_605723_947b8a.png,airwrite,U,U,0.35379743576049805,0.19665972888469696,0.00016979197971522808,1.757391032697342e-08,0.0018087162170559168,0.00017405477410648018,0.00012394372606649995,2.527622382331174e-05,0.004293093457818031,0.012950102798640728,4.4407126551959664e-05,0.017717961221933365,1.1627810636127833e-05,0.00012404975132085383,0.0005797049961984158,8.411699115029592e-10,5.579403050681719e-10,5.7299635955132544e-05,0.008405362255871296,2.40065019170288e-05,0.0971965417265892,0.35379743576049805,0.0018638890469446778,0.055267736315727234,0.1566796600818634,0.09202513843774796,4.4224171347195806e-07
data/raw_airwrite/U/airwrite_U_20260904_145505_621854_7aac07.png,airwrite,U,U,0.9698649048805237,0.000235203726333566,1.4628272992922575e-06,2.995100098924369e-13,0.00014545113663189113,1.4128698921922478e-06,1.0953260520807362e-08,2.829309529717161e-11,4.3297714000800624e-05,0.0002613597607705742,1.562661782372743e-05,2.2162530513014644e-05,5.506383899955836e-07,9.351698082582516e-09,2.7381349354982376e-05,1.1132301271131809e-13,2.528307320770381e-16,1.6289014581616357e-09,2.947903681160824e-07,4.203585257656073e-10,1.8162356354878284e-05,0.9698649048805237,0.0003575884038582444,0.026569493114948273,3.474925506452564e-06,0.0024321251548826694,6.131238637456515e-13
data/raw_airwrite/U/airwrite_U_20260904_145540_734449_134fb8.png,airwrite,U,U,0.9995212554931641,5.819644354095044e-13,1.847870412241548e-09,3.425865493815186e-18,1.0240509027426015e-06,3.7318837256550275e-12,3.7685204872225145e-20,2.1946518618767e-24,1.889231271423597e-10,1.1080113493378008e-09,5.553429716087521e-09,1.3450369900432253e-14,1.3421968958482466e-07,3.166146756399115e-19,1.5037894627312198e-06,1.1552738615883056e-17,9.169702398994805e-25,5.407059298174079e-20,9.85012814417013e-16,1.7141640052493782e-18,1.7431661776168908e-17,0.9995212554931641,0.0004453091823961586,3.072844265261665e-05,3.5386540732851585e-22,8.62837801207661e-10,2.0226457165554907e-27
data/raw_airwrite/U/airwrite_U_20260904_145557_594095_b8d895.png,airwrite,U,U,0.9679701328277588,0.002224783645942807,1.0859922667805222e-06,1.5365693743427111e-12,0.00018175803415942937,1.655277287682111e-06,1.7475954017243112e-09,1.8278191460385784e-11,1.1635668670351151e-05,3.3503773011034355e-05,9.504715876573755e-07,2.509721161914058e-05,3.6683172766061034e-07,6.988108314232022e-09,2.939009209512733e-05,1.1255421914586547e-13,1.3840425713906662e-16,2.0434538505753608e-09,1.066220988832356e-06,1.471760269211586e-09,2.368755485804286e-05,0.9679701328277588,0.0014584452146664262,0.027551978826522827,5.639260962198023e-06,0.00047889898996800184,3.039126567593031e-13
data/raw_airwrite/U/airwrite_U_20260904_145621_172087_26f838.png,airwrite,U,U,0.6453636288642883,0.06592120230197906,0.00024145714996848255,5.744675490859663e-07,0.0028379845898598433,0.002658507088199258,2.2565165636478923e-05,4.093482857570052e-06,0.0021981901954859495,0.02648569643497467,0.0002141076693078503,0.014487132430076599,0.00016491772839799523,1.073656585504068e-05,0.0005662215407937765,4.79754458382331e-09,3.5892200322962253e-10,6.074129123589955e-05,0.004146911203861237,4.2876631596300285e-06,0.1476816087961197,0.6453636288642883,0.004200351890176535,0.026513811200857162,0.008635209873318672,0.04757837578654289,1.6824425301820156e-06
data/raw_airwrite/U/airwrite_U_20260904_145647_681867_aa4bf3.png,airwrite,U,U,0.9990774393081665,7.297774118342204e-07,1.0190427168765837e-08,2.597619385216743e-12,2.2871847249916755e-05,9.490486263530329e-08,2.8474398876659945e-17,9.516287776587731e-18,6.635402005628066e-09,1.5346910231528454e-07,6.723677170583642e-09,1.8786916466950743e-11,1.1205413841253176e-07,1.0012259779395259e-14,3.278901658632094e-06,2.4748380970419925e-13,8.30463839018783e-22,4.937919647826639e-13,5.507016509476159e-10,4.2115437656406463e-13,1.0791896890016694e-11,0.9990774393081665,0.0006471346132457256,0.0002480567782185972,1.1489364113695302e-14,4.2553676138368246e-08,1.9382826985587566e-19
data/raw_airwrite/U/airwrite_U_20260904_145717_691919_dae3aa.png,airwrite,U,U,0.9929115176200867,3.1742627189940142e-12,1.0394149985160084e-09,6.386492195990295e-20,1.092605657504464e-06,3.0177203509500206e-13,7.294569779981301e-22,4.0374514345305677e-26,1.3652127428542826e-08,4.378025025841836e-11,1.444926036459071e-11,2.5740812459377994e-15,1.151150952338753e-09,3.39263694550541e-16,0.00011612905655056238,5.997092528233953e-17,6.017810821551742e-24,5.030095644692618e-19,3.6190970273053597e-16,1.4396692888524844e-18,9.99334144417967e-22,0.9929115176200867,0.003977170214056969,0.0029940425883978605,9.298265624516616e-24,1.9316713506523087e-10,8.645382158998316e-30
data/raw_airwrite/U/airwrite_U_20260904_145949_782768_f443ab.png,airwrite,U,U,0.9923446774482727,9.808591130422428e-05,1.3774279068456963e-06,3.4915985575902087e-13,6.797277455916628e-05,1.511124310127343e-06,2.608301574724692e-09,8.502185067094103e-12,5.4517644457519054e-05,0.0005134570528753102,8.102856554614846e-07,4.961422018823214e-05,1.9449896626611007e-07,1.8042178862032188e-09,1.4452503819484264e-05,4.1105377294233664e-14,9.812134216623242e-17,1.5524164176383692e-09,9.337651363239274e-07,3.308677290481121e-11,2.870144999178592e-05,0.9923446774482727,0.00013894402945879847,0.0051704589277505875,2.3091895400284557e-06,0.001511942595243454,3.553564235404816e-13
data/raw_airwrite/U/airwrite_U_20260904_145955_431851_dd876a.png,airwrite,U,U,0.9695526361465454,4.4251562940189615e-05,3.3205432714566996e-07,8.980311611526959e-13,5.538930054171942e-05,1.4355570954194263e-07,2.1436162307014728e-12,5.6339070880057334e-15,2.4017843315959908e-05,8.028716251828882e-07,1.5050728663368318e-08,1.9842622123178444e-07,1.9035260834243672e-07,1.9320165467462402e-09,0.0008032186888158321,1.339906592796869e-12,7.737674428181105e-17,8.986951460787651e-11,2.858862657717509e-08,1.1615829825784019e-11,5.321407203773276e-10,0.9695526361465454,0.005923651158809662,0.0235911775380373,5.697058103049102e-11,3.93803566112183e-06,2.2267220339938754e-16
data/raw_airwrite/U/airwrite_U_20260904_145959_512202_a54153.png,airwrite,U,U,0.9937201738357544,0.0004496903857216239,1.9008518847840605e-07,1.5891595765010758e-12,5.498923565028235e-05,1.4415131772693712e-06,1.1226047869072886e-09,1.2568224239117853e-11,4.514247393672122e-06,0.00019770098151639104,1.2487699677876662e-05,6.236729404918151e-06,7.305964686565858e-07,2.2478028327554966e-09,6.130629117251374e-06,1.5219378220795304e-13,1.2689660317529015e-17,1.121432058326377e-09,5.974173404865724e-07,6.439474509178922e-10,0.00035082880640402436,0.9937201738357544,8.267981320386752e-05,0.004167406819760799,4.104006166016916e-06,0.0009402360883541405,1.1875657792217997e-12
data/raw_airwrite/U/airwrite_U_20260904_150038_963639_475a53.png,airwrite,U,U,0.9972924590110779,9.819697138757633e-12,1.1241017894292327e-08,2.0394352778286585e-14,1.5944315236993134e-06,3.54659246415423e-10,1.142162916530442e-16,7.731311449886497e-21,1.1723466997182186e-07,3.1454183613277564e-07,2.7659254442369274e-07,4.838893521985632e-11,0.00023471165332011878,3.6325701451226234e-16,9.213638804794755e-06,2.7239925780142137e-16,2.2756978614459054e-21,1.2652951696305137e-18,1.12341993346865e-12,5.286890606768092e-16,4.725162115423211e-14,0.9972924590110779,0.0023724259808659554,8.878260268829763e-05,4.1661225554811147e-19,2.0430817926353484e-08,1.2060662139273552e-22
data/raw_airwrite/U/airwrite_lowercase_u_20260805_214929_124985_17bf97.png,airwrite,U,U,0.9960230588912964,1.539377763037919e-07,6.280758579890744e-09,4.5151359259908947e-17,4.702427304437151e-06,5.746970122011419e-10,7.147831123959753e-17,1.1744275601904508e-20,1.2832483520242022e-08,5.132242630878636e-09,4.252577456842488e-10,1.7328511889291853e-11,1.1128378218927537e-09,1.2158230456758238e-14,5.256243639450986e-06,7.190002644472278e-16,3.3725627544611126e-23,9.489380411824549e-15,1.7622450807636136e-12,6.56786255630727e-15,7.237176217469651e-14,0.9960230588912964,0.00048180902376770973,0.0034849245566874743,7.420813828643155e-16,2.1997649923832796e-08,1.385941772664871e-22
data/raw_airwrite/U/airwrite_lowercase_u_20260805_214936_558076_0e7ba6.png,airwrite,U,U,0.9999024868011475,3.419501071189046e-10,2.988082004051762e-10,2.0729429201444732e-19,9.519579435846026e-08,3.370165604921205e-11,1.669021967487792e-18,4.077394196057982e-23,4.359509642171133e-09,1.8926124667473232e-08,6.90169033035204e-11,5.993640306289905e-11,1.922470849180513e-09,1.2205102877779127e-17,2.1319583254353347e-07,1.1542412836286026e-20,5.170272026313869e-26,4.899487548283252e-18,2.1193207507940598e-13,2.808454989473462e-19,2.2824372058159736e-13,0.9999024868011475,3.7188787246122956e-05,6.000773282721639e-05,1.9729612531233072e-17,1.5899470184876918e-08,6.741534298537297e-25
data/raw_airwrite/V/airwrite_V_20260804_161732_986921_72d286.png,airwrite,V,V,0.9965638518333435,2.3698276674366525e-10,3.3690075724734925e-06,8.333721586996606e-16,5.088134275865741e-05,8.21474398920996e-12,7.642261063582135e-16,1.7647358762716125e-20,7.746223928961626e-08,1.1049346854141717e-10,8.350513336363719e-11,5.6108876225757776e-12,8.072481350041016e-09,2.46569393591925e-13,0.0025787726044654846,2.2833873734948856e-14,1.1440932463837195e-14,6.222934540680203e-16,1.4446394601408397e-11,4.581578606083214e-12,4.383373995345078e-18,8.546950994059443e-05,0.9965638518333435,0.0007175735663622618,4.0601930307557497e-19,6.470887825571481e-09,3.2918140055696035e-24
data/raw_airwrite/V/airwrite_V_20260804_161736_711306_f60ac3.png,airwrite,V,V,0.8971076011657715,3.5860410371431686e-14,1.0226945050817449e-06,8.073980918954545e-18,4.909896233584732e-05,3.5769933022511413e-12,1.131431141437628e-16,3.45441125434059e-24,1.3967601519837558e-09,1.734476590131706e-10,5.440326276584528e-06,8.508761898458773e-15,1.1148887097078841e-05,1.392819950306589e-17,0.00017607060726732016,3.472737939651493e-16,8.172137324066172e-20,3.2264240377148365e-21,6.354918288079082e-17,1.560690392568044e-14,1.534386755190908e-20,0.09842153638601303,0.8971076011657715,0.004228189587593079,5.743273027038536e-24,3.230975931245439e-09,5.35253294586134e-28
data/raw_airwrite/V/airwrite_V_20260804_161753_868734_1a9e72.png,airwrite,V,V,0.9848394989967346,3.7179763712202885e-09,0.00017826999828685075,1.7457290809396006e-15,0.00014212813402991742,3.1121312193960193e-09,6.895455317845745e-10,2.0459214749739057e-15,0.00013582760584540665,7.6841146778861e-08,3.9501482085313455e-09,6.050206593499752e-07,9.054151206555616e-08,1.2611417465890895e-10,0.001397154526785016,3.8170791996741297e-17,2.956321298874798e-11,4.8555475910599596e-14,1.4163945571965542e-09,9.335575715252453e-12,1.3462303917032709e-13,4.5308988774195313e-05,0.9848394989967346,0.013246447779238224,1.81469788740167e-13,1.4496751646220218e-05,1.4230710826809953e-18
data/raw_airwrite/V/airwrite_V_20260804_161809_182180_6049fc.png,airwrite,V,V,0.9233872890472412,5.8438946126671e-08,0.0009797142120078206,8.919150682774879e-13,0.0030227811075747013,3.894848532581818e-08,1.6752684572907128e-08,3.5952610246553496e-12,4.155765782343224e-05,4.7118257384681783e-07,5.1595170589280315e-06,7.092739195968534e-08,2.6422796963743167e-06,3.1831282054639587e-09,0.0025267077144235373,1.035520085478081e-12,1.6298283833648952e-09,7.939187501859735e-12,4.104748541067238e-09,4.1144474494103633e-08,1.2093440398402988e-12,0.00033206676016561687,0.9233872890472412,0.06961137801408768,7.803767181069343e-12,9.007985499920323e-05,5.395736458072638e-16
data/raw_airwrite/V/airwrite_V_20260804_161815_756170_748e63.png,airwrite,V,V,0.9654957056045532,5.283996764443577e-12,6.540350295836106e-05,1.6079147028389578e-15,0.000609510054346174,7.514865951741001e-10,1.6359381297542663e-12,5.2079775266996966e-18,4.5563871253762045e-07,2.7907342214916753e-08,2.0734991267090663e-05,1.9176951693289368e-11,2.2865619030199014e-05,3.367696272131744e-14,0.00036541803274303675,4.332320685870991e-15,6.827068614210716e-15,7.24215883054836e-17,7.371835482545067e-14,3.181918487374369e-12,1.7548936134694226e-17,0.013322326354682446,0.9654957056045532,0.02009640447795391,7.783279459611053e-19,1.2020462918371777e-06,3.737844607297085e-22
data/raw_airwrite/V/airwrite_V_20260804_161817_789325_d1db5f.png,airwrite,V,V,0.9938056468963623,7.893045106399654e-10,0.0030874735675752163,1.836073746383851e-13,0.0012971735559403896,1.2321581088770017e-08,1.8020392289486153e-08,1.9720524855031812e-13,3.4404351936245803e-06,1.6991617712847074e-07,3.7401829899863515e-07,3.000659205554257e-07,9.642656550568063e-06,6.296224934650152e-13,0.00016705637972336262,5.347559129856945e-15,1.0489741020247578e-10,1.485216368835897e-14,1.085835310554728e-09,3.32555510906829e-10,1.3572106763101721e-12,0.00020388724806252867,0.9938056468963623,0.0014146517496556044,7.022473423080877e-13,1.0148230103368405e-05,9.457916122301702e-18
data/raw_airwrite/V/airwrite_V_20260804_161824_460744_69c1b4.png,airwrite,V,V,0.8921505808830261,8.829767466522753e-05,0.0019933658186346292,3.879967014341901e-09,0.0007349506486207247,2.9978293241583742e-05,3.066170756937936e-05,2.450563307831999e-09,0.0020005102269351482,0.00019840526510961354,1.5501408370255376e-06,0.0888255313038826,0.0003171316348016262,1.8930823131313446e-08,0.0017558005638420582,1.2799020198718536e-13,6.2296270364470274e-09,1.2278124073006325e-09,0.0003804629959631711,1.93812734750054e-08,0.0004055652825627476,0.004546699579805136,0.8921505808830261,0.004288536496460438,3.3790452107496094e-06,0.002248442033305764,3.261070025128987e-10
data/raw_airwrite/V/airwrite_V_20260804_162056_073828_a4dc84.png,airwrite,V,V,0.7875509858131409,2.506557621018146e-06,8.715298463357612e-05,3.153358962837416e-10,0.006675907410681248,9.491391210758593e-07,5.292348226326737e-10,1.5993145393092267e-12,1.3049623703409452e-05,3.5625096188596217e-06,0.0006375366938300431,1.4308763951476067e-08,5.252707705949433e-05,2.2586370107546827e-08,0.010166581720113754,4.502555661645147e-09,6.537130559092219e-11,1.1570446822872782e-09,1.2777993774193419e-08,2.2948277944578876e-07,9.215386786998181e-11,0.018215741962194443,0.7875509858131409,0.17640480399131775,8.019989186647258e-12,0.00018847949104383588,2.309838179558564e-14
data/raw_airwrite/V/airwrite_V_20260901_163647_356017_f71266.png,airwrite,V,V,0.9879911541938782,9.954946108337026e-06,0.0010113540338352323,2.7041213712664103e-08,0.005146958399564028,2.824546299962094e-06,2.4712192292497548e-09,5.03368111082203e-11,1.7378902157361154e-06,4.903702119918307e-07,8.791707273303473e-07,4.5401338866213337e-07,5.1523100410122424e-05,3.6274042103379145e-10,0.0025547442492097616,1.38131650562201e-09,1.478675071275859e-09,3.5706013146175053e-10,1.8038826965494081e-06,1.44168438964698e-07,2.460843084861608e-09,0.0016693796496838331,0.9879911541938782,0.0015493000391870737,5.441422867846768e-10,7.2587849899719e-06,8.423742660444017e-14
data/raw_airwrite/V/airwrite_V_20260901_163700_050287_6e5393.png,airwrite,V,V,0.9805108904838562,3.7581209255677095e-09,0.0020946396980434656,5.752298377209586e-12,0.0033538485877215862,1.343762168204421e-08,1.3907401452684098e-08,6.989146132500845e-13,7.256970548041863e-06,4.874285650657839e-07,1.0566978744463995e-05,1.3990336356073385e-07,0.00021295873739290982,2.6979527986692453e-11,0.00114920933265239,5.744075354252587e-12,1.608528726881886e-10,1.1219540243688139e-13,2.5735036324192606e-09,6.786567308125768e-09,5.228275711671726e-12,0.006895472761243582,0.9805108904838562,0.005744105204939842,1.0774390277537571e-12,2.045038854703307e-05,3.368872377379007e-17
data/raw_airwrite/V/airwrite_V_20260901_163707_675664_fb72a8.png,airwrite,V,R,0.5372642278671265,0.004166712984442711,0.0008365625981241465,0.00012866327597294003,0.006854614242911339,2.4137132186297094e-06,4.4020393943355884e-06,6.843799928901717e-05,7.336096314247698e-05,0.00012284665717743337,1.519441866548732e-05,1.1764426744775847e-05,7.854952855268493e-05,1.346760745946085e-05,0.05852694809436798,0.0001842763158492744,0.0025614858604967594,0.0030159237794578075,0.5372642278671265,0.02527569606900215,6.0067013691877946e-05,1.9656476069940254e-05,0.3531966805458069,0.00012084063928341493,1.749129410200112e-06,0.007395453285425901,1.0071781630927035e-08
data/raw_airwrite/V/airwrite_V_20260901_163716_140793_cda568.png,airwrite,V,V,0.8878387808799744,9.762784330957786e-12,8.096280907921027e-06,3.573373235900507e-15,9.059387230081484e-05,6.677740027605239e-10,3.197062840160081e-13,2.754360996327674e-19,3.148809264530428e-05,9.386803299094026e-07,0.00041077093919739127,5.450768308934428e-12,0.00014436026685871184,2.1772000435155148e-12,0.022777188569307327,3.5523087970517134e-14,1.565403622699746e-14,1.27629992756036e-15,3.9949608291595107e-13,1.8714157827559585e-12,1.77824922350098e-17,0.06336990743875504,0.8878387808799744,0.025325212627649307,1.1651397920957722e-20,2.607684336908278e-06,4.750830866893228e-22
data/raw_airwrite/V/airwrite_V_20260901_163727_468493_74c535.png,airwrite,V,V,0.9379750490188599,8.235315099129614e-13,4.8155043259612285e-06,3.1219193922114234e-16,0.000185267417691648,1.1118996695591576e-10,7.020477576287921e-15,4.324568097086852e-21,3.1697297231403354e-07,6.130040475227361e-08,0.00024311406014021486,1.4379125602877185e-13,7.403481140499935e-05,4.369452916212725e-15,0.0034538288600742817,1.7676230826811114e-14,1.9737526002717244e-16,2.3164218635785953e-17,7.883946350850744e-15,2.615614430774571e-13,1.0526269307455537e-18,0.04988466948270798,0.9379750490188599,0.008178509771823883,2.632966528315515e-22,2.940478509572131e-07,1.6455309133482376e-24
data/raw_airwrite/V/airwrite_V_20260903_165428_614159_60af46.png,airwrite,V,V,0.4802047312259674,0.1683569997549057,0.014780305325984955,0.0009257145575247705,0.26061567664146423,0.0045314268209040165,1.0722205843194388e-05,7.09833184373565e-05,2.5124272724497132e-05,0.00023598416009917855,0.0008381717489100993,4.3505850044311956e-05,0.0002888378221541643,6.20243554294575e-06,0.012949332594871521,0.0007032532594166696,7.98251676314976e-06,0.0016629744786769152,0.00849173590540886,0.019652308896183968,0.0003969702811446041,0.005527615547180176,0.4802047312259674,0.01595263183116913,0.00023896883067209274,0.0034805324394255877,1.3062493735560565e-06
data/raw_airwrite/V/airwrite_V_20260903_165431_503543_cafc41.png,airwrite,V,V,0.8735182285308838,4.411341514298783e-09,2.618665746467741e-07,1.0214909023894062e-13,7.173007179517299e-05,2.228351725364064e-09,5.51973722805188e-13,7.866595986039538e-18,9.798073733691126e-05,1.0150744174097781e-06,0.0007624717545695603,8.588335598247454e-11,5.860480450792238e-05,2.5663340341708363e-09,0.06451959908008575,4.340806793873275e-12,5.693005339065318e-14,6.2179298168651975e-12,4.772458470081453e-11,5.367927977117937e-11,1.7877963581660987e-14,0.013961835764348507,0.8735182285308838,0.04697093740105629,2.215931661426468e-18,3.7266407161951065e-05,2.0096695486448193e-19
data/raw_airwrite/V/airwrite_V_20260903_165437_818213_d76c95.png,airwrite,V,V,0.9056205153465271,1.0584866316776242e-08,6.085505788178125e-07,6.513274755691814e-14,0.0010908818803727627,4.090084937402594e-10,2.1141898995380437e-12,1.677877242001999e-16,5.294508810038678e-06,3.4802110349119175e-07,0.008458930067718029,2.2482446460081462e-11,0.00014328457473311573,2.97472324550796e-10,0.022571900859475136,2.0933346722706858e-10,6.28076692217594e-14,2.0724328503307632e-11,1.3463912276745482e-11,7.721512873537506e-10,7.460900658135677e-14,0.008966755121946335,0.9056205153465271,0.05304885283112526,1.3010115877096346e-17,9.258145291823894e-05,9.695212061262991e-20
data/raw_airwrite/V/airwrite_V_20260903_165454_231082_afc17a.png,airwrite,V,V,0.9772994518280029,0.00015655913739465177,5.790925570181571e-05,0.00035701997694559395,0.006870099809020758,7.76572687755106e-06,4.836739082164643e-12,2.3841398300028516e-10,1.0172504616434708e-08,3.151208147755824e-07,1.4469646885117982e-06,7.747557595472188e-10,2.636106000863947e-05,3.737010423332521e-10,0.013781393878161907,0.0001282542507397011,2.5746389908931633e-08,4.1315243493045273e-07,0.0011028958251699805,9.435623360332102e-05,2.176454039215514e-08,9.626038081478328e-05,0.9772994518280029,1.527211679785978e-05,5.6234242956643143e-11,4.179748884780565e-06,6.308436845819942e-13
data/raw_airwrite/V/airwrite_V_20260903_165544_400428_e05ff0.png,airwrite,V,V,0.8969159126281738,0.0002981266297865659,0.031213684007525444,3.98963521774931e-07,0.009821880608797073,8.238378541136626e-06,0.01377510279417038,3.37845049216412e-05,0.0005515816155821085,6.5243111748714e-05,9.421386494068429e-05,0.0034652953036129475,0.0006971830734983087,8.742187674215529e-06,0.003922881558537483,6.71005873087438e-09,0.00025694433134049177,1.501161221995062e-07,0.004951982758939266,0.00611913250759244,9.854000381892547e-05,0.00023807812249287963,0.8969159126281738,0.0057049342431128025,0.00013217281957622617,0.02162575162947178,8.441266352576804e-09
data/raw_airwrite/V/airwrite_V_20260903_165617_854757_ed3c87.png,airwrite,V,V,0.9616830348968506,6.585957890159477e-10,0.004553681705147028,6.261650919991979e-11,0.0048047457821667194,3.120848290905087e-08,3.527766523347964e-09,3.060227039223401e-13,2.049452632491011e-06,6.323030902422033e-06,0.0015084057813510299,4.688922028428522e-10,0.0016691721975803375,1.9482145931226658e-12,0.0033982351887971163,2.2892771012195112e-10,3.85104004241299e-10,2.2476557290720955e-13,6.862590495870791e-10,8.978332743936335e-08,2.455193708929271e-13,0.01962980628013611,0.9616830348968506,0.0027277793269604445,4.437237998366171e-15,1.665831769059878e-05,2.3176725606647754e-17
data/raw_airwrite/V/airwrite_V_20260903_165628_522564_561e77.png,airwrite,V,V,0.9062033891677856,8.538384008716093e-07,6.133780061645666e-06,7.109681766925835e-13,0.00011261126928729936,3.310517138199742e-10,1.2281113626055884e-10,4.660331365605175e-13,0.000507435470353812,1.8087949911205214e-06,1.3886479166558274e-07,2.487029071573943e-08,1.800826652242904e-07,5.273998340271646e-07,0.0860893577337265,4.931409447461732e-12,8.032880138841847e-09,5.662875945944279e-09,2.493320380381192e-06,1.8679152447020897e-07,4.860885131907633e-12,4.018745676148683e-05,0.9062033891677856,0.0067399595864117146,4.4022592645895364e-13,0.00029478856595233083,7.462132625205811e-17
data/raw_airwrite/V/airwrite_V_20260903_165649_374482_b740fa.png,airwrite,V,V,0.7047615647315979,0.012837286107242107,0.0021804641000926495,3.342745230838773e-06,0.019074436277151108,0.0005526618333533406,2.2755377813155064e-06,5.9457917700456164e-08,0.0001902805088320747,6.249643774935976e-05,0.00017830627621151507,0.00022505101514980197,0.0009699786314740777,1.4374238617165247e-06,0.008439215831458569,1.6352466047919734e-07,1.0260635008307872e-08,7.348514827754116e-07,0.00012377681559883058,3.9019483665470034e-05,5.927633537794463e-05,0.1171267107129097,0.7047615647315979,0.13266831636428833,6.449211468861904e-06,0.0004966560518369079,1.0767338132211535e-08
data/raw_airwrite/V/airwrite_lowercase_v_20260805_215012_461936_b00444 (29).png,airwrite,V,U,0.7240245938301086,5.7633299174741914e-12,2.9058251129754353e-06,1.7377198550277192e-15,3.192808435414918e-05,1.4426446148796401e-10,1.0022446541726074e-16,2.4867844100199556e-24,1.3640338858422751e-09,1.1140354194694169e-09,1.530214746026104e-07,2.3195516145844974e-13,1.9733113731490448e-05,8.449079719594399e-19,0.00016525801038369536,5.792481396610632e-15,2.046537247040249e-20,2.704528792794124e-19,1.5653360506463787e-15,1.6265002997676117e-15,1.5211034210404977e-17,0.7240245938301086,0.2746465802192688,0.0011088578030467033,4.128155502042782e-23,3.4284008965101975e-10,1.4212517429295017e-25
data/raw_airwrite/W/airwrite_W_20260804_162255_776955_324e35.png,airwrite,W,W,0.6161133646965027,1.2663820143643534e-06,1.3281578503665514e-07,1.6292903733563081e-16,8.69904033606872e-06,6.66950869532279e-11,1.3014525568344482e-10,4.5685216677401885e-14,0.10392829775810242,3.7785266613354906e-06,6.13460770182428e-07,5.727266128019437e-08,1.6876342101568298e-08,0.00043085089419037104,0.22612778842449188,5.603427454431735e-15,1.447970354728767e-10,4.845964962640892e-09,2.067918103421107e-08,1.5365247962861872e-10,4.0787037918106617e-13,9.044497710419819e-05,0.050699301064014435,0.6161133646965027,4.168870381283246e-13,0.0025953850708901882,3.1975113255768063e-17
data/raw_airwrite/W/airwrite_W_20260804_162306_625410_f6f14a.png,airwrite,W,W,0.9883157014846802,5.265421165745465e-08,1.1187302817461386e-07,1.3701359282143634e-17,8.372756565222517e-05,1.5016520249488963e-09,1.7862437467737816e-14,6.4285850909176455e-18,9.078885341295972e-06,2.1972329733443985e-08,4.6816245458103367e-07,2.010824883338924e-12,3.4103828094877997e-10,5.865568475371674e-09,0.001099410466849804,4.612537819547553e-15,1.7976128929835807e-16,2.92174574464954e-12,6.068383100708841e-13,9.917924120861343e-12,8.158708698226106e-17,0.0008444003178738058,0.009638960473239422,0.9883157014846802,3.7616407609274377e-16,8.043823072512168e-06,3.842240051259462e-20
data/raw_airwrite/W/airwrite_W_20260804_162313_123341_3b85a3.png,airwrite,W,W,0.835415780544281,2.6480208248358394e-07,0.00019052009156439453,9.259150927530199e-14,0.036364536732435226,5.4300966212395e-07,3.2333810628948356e-10,1.013433382894037e-13,6.237260095076635e-07,2.3400120596761553e-07,0.0009480733424425125,2.5070211531752484e-11,1.6968856186849735e-07,5.470213171321348e-10,0.0002991865621879697,1.3221130787388624e-11,8.616332202848048e-14,2.4081292515631958e-11,8.921957790619661e-12,1.8044451621790358e-07,4.084266833157685e-14,0.004822351969778538,0.12173887342214584,0.835415780544281,1.995128237966548e-13,0.0002186589117627591,4.6666151954620155e-17
data/raw_airwrite/W/airwrite_W_20260804_162515_815316_51d1f6.png,airwrite,W,W,0.9941349625587463,1.1023998283243158e-13,4.306569857670528e-12,4.7079551624284375e-26,5.5389719477716426e-08,7.090633503660732e-15,1.741835675857734e-22,1.3924207177919593e-29,2.952270605760532e-08,1.5745733980988136e-13,1.2159381279630566e-09,4.1244199864053124e-19,2.1647432652850684e-13,6.31567010061368e-13,0.000266662536887452,5.829816890134761e-22,1.3137674724408758e-24,5.057968723278814e-21,5.2648349622509624e-21,1.0458846849702105e-18,1.0742500192051734e-27,7.985775300767273e-05,0.005518411751836538,0.9941349625587463,1.2130714733011931e-26,4.413421850202326e-10,6.262494937021296e-32
data/raw_airwrite/W/airwrite_W_20260804_162530_680236_f059b0.png,airwrite,W,W,0.7988288402557373,5.728479300159961e-05,1.6738809449634573e-08,6.635319413193655e-16,2.1213304535194766e-06,7.342546709532272e-11,4.8216462072980804e-11,1.1243194146959984e-13,0.015367445535957813,6.44360014234735e-08,1.6725812956863706e-09,1.1823437517932689e-07,1.6849335815471989e-10,0.028570663183927536,0.13429348170757294,3.864566646024064e-15,9.085219382365395e-11,3.725300512513741e-09,3.7097544236530666e-07,3.4216454114499584e-09,1.2107924255225222e-12,1.7713371562422253e-05,0.022607453167438507,0.7988288402557373,1.0807211375807313e-10,0.0002543825248721987,1.5366838641863015e-16
data/raw_airwrite/W/airwrite_W_20260804_162556_876985_ddeafb.png,airwrite,W,W,0.9937961101531982,6.433351629198114e-09,5.11912401357506e-10,1.029298237041882e-20,2.2952391987018927e-07,1.4664767664096523e-11,8.386983124599075e-15,5.584279513239297e-20,0.00014928265591152012,4.319123281248949e-09,5.129831848194044e-08,2.6055498904276053e-12,1.2252473341467507e-11,1.1588971347009647e-06,0.0028973319567739964,3.2950127070408685e-19,8.625423852163226e-17,5.444147059162005e-14,1.3413211242662565e-13,1.990368454904065e-13,1.5701644751082375e-18,2.7520343792275526e-05,0.003123427974060178,0.9937961101531982,1.1223526687787361e-16,4.848886419495102e-06,1.0903572323092407e-21
data/raw_airwrite/W/airwrite_W_20260804_162616_141791_daa51a.png,airwrite,W,W,0.9700759053230286,4.5721648348262534e-05,1.2049247743561864e-05,4.661183765353183e-12,0.00028767433832399547,9.701228691483266e-07,1.311639437062695e-07,9.21027004663344e-11,0.00038477714406326413,6.087329893489368e-06,7.199008541647345e-05,4.0813930013428035e-07,3.9912222860039037e-07,4.522475865087472e-05,0.0023702397011220455,3.5732196281695883e-12,9.075973306238438e-11,3.2214657608165e-09,7.63138743309355e-08,8.355982572538778e-07,1.7279085939847505e-09,0.0027234978042542934,0.022179437801241875,0.9700759053230286,1.9478056501043284e-08,0.0017945445142686367,1.8295876966223368e-12
data/raw_airwrite/W/airwrite_W_20260804_162701_598221_ea64ce.png,airwrite,W,W,0.8320682048797607,0.0009670230792835355,7.649196049897e-05,5.273030900809772e-09,0.002029363065958023,1.6733300071791746e-05,6.3146586626317e-07,7.914364719141531e-10,0.00010491206921869889,1.2327634067332838e-05,0.0005346420221030712,3.2266352718579583e-06,3.058582660742104e-05,2.0717185179819353e-05,0.004410265013575554,3.2859612808522343e-09,2.90783619405488e-10,2.8883150093861332e-08,1.4828691519142012e-06,2.7970560040557757e-05,4.801923410013842e-07,0.04268673062324524,0.11552044749259949,0.8320682048797607,2.0111788501253614e-07,0.001487548230215907,9.010082957505716e-11
data/raw_airwrite/W/airwrite_W_20260804_162719_555483_ce1e71.png,airwrite,W,W,0.9475510716438293,0.0005311486311256886,1.7440224837628193e-05,9.369393455527231e-11,0.0010335765546187758,1.935733416758012e-05,1.3084203942526074e-07,4.478626636217342e-10,0.0005216505378484726,4.932523734169081e-05,0.00017136690439656377,2.5346218990307534e-06,1.2885585647381959e-06,4.51814012194518e-05,0.0020506635773926973,9.670904355107979e-11,2.3829112294482258e-11,1.0759571011931257e-07,5.651403398587718e-07,9.88353690445365e-07,1.1252354426005695e-07,0.026812907308340073,0.01579681597650051,0.9475510716438293,2.7061167884312454e-07,0.005393553990870714,4.744601586614827e-11
data/raw_airwrite/W/airwrite_W_20260804_162742_192956_da1a84.png,airwrite,W,W,0.9906675219535828,4.137728382147543e-08,4.1509187198585096e-09,4.531448940966691e-19,2.2792312392994063e-06,6.021636661523999e-11,2.1898433587297372e-13,1.1808023923709784e-17,2.5185483536915854e-05,3.1053741800235457e-09,1.0489193869034352e-07,4.151936780494303e-11,6.99545976701188e-11,8.763193477534514e-07,0.000807068427093327,4.8852778261305094e-18,5.544479149379637e-16,1.5282675298877724e-13,2.126371995148091e-12,1.2881101567330244e-11,2.324395256026341e-16,5.726870585931465e-05,0.008424990810453892,0.9906675219535828,2.2824893491642066e-14,1.4733988791704178e-05,2.4359402752178296e-20
data/raw_airwrite/W/airwrite_W_20260804_162832_901899_5664d7.png,airwrite,W,W,0.8992789387702942,1.345077293990471e-06,2.7201500074625073e-07,6.105236798030156e-17,5.774783403467154e-06,2.464395909562711e-10,3.7794472412810975e-11,7.675610735949007e-17,0.0001923354429891333,2.3294582263133634e-07,4.8203574465333077e-08,1.1258983079187601e-07,1.0133239136678185e-08,1.8739173412996024e-07,0.007867615669965744,1.7093968599816585e-17,8.606424797277194e-15,8.369174087476464e-14,2.3515622782355194e-09,3.931547795654744e-11,8.039021705263938e-12,0.005156150087714195,0.08743463456630707,0.8992789387702942,1.1394545029741465e-11,6.231676525203511e-05,9.55215039884012e-19
data/raw_airwrite/W/airwrite_W_20260901_163735_233107_617168.png,airwrite,W,W,0.9955170750617981,1.1430213362473296e-06,2.0152623392277746e-07,1.81342091005951e-16,2.2406729840440676e-05,2.000723142714378e-08,3.600317266538866e-11,6.088727781781034e-15,0.00012324794079177082,2.6828209342966147e-07,7.003702648944454e-07,1.0315602816390879e-09,5.160633587131258e-10,2.0751638203364564e-06,0.0006339543033391237,1.2485342934284824e-15,1.1210981653382492e-14,2.8272531885087382e-11,1.0579095238716363e-10,4.5044828977935936e-10,9.043383175557501e-14,0.0008414547191932797,0.0027492674998939037,0.9955170750617981,9.447848753341148e-12,0.0001082805247278884,6.93065849372865e-17
data/raw_airwrite/W/airwrite_W_20260901_163738_362423_127317.png,airwrite,W,W,0.971107006072998,8.172326704247723e-10,6.049267398111624e-08,3.406794082235649e-20,2.299901461810805e-05,3.753210416068686e-12,6.253171499314813e-16,2.5063373520021843e-19,7.234759323182516e-06,2.9677531543370606e-09,1.1546770650738836e-08,4.3062854172305765e-13,2.83878143214622e-10,1.084419776198331e-10,0.0012353671481832862,1.5677931344076858e-17,5.2799939387800946e-18,2.396655583817046e-15,4.694458187524779e-14,1.1174401519115779e-13,7.53472486872988e-20,0.00977933220565319,0.017847120761871338,0.971107006072998,4.632002567192285e-18,8.083940201686346e-07,8.532502961030928e-25
data/raw_airwrite/W/airwrite_W_20260901_163740_395062_14f8e1.png,airwrite,W,W,0.9927741289138794,1.2249982361822731e-08,3.730488273845367e-08,4.576383201298161e-21,9.764572723724996e-07,7.046178310959883e-12,1.0971055878009062e-12,2.6417698242379016e-18,3.767307862290181e-05,1.158780627008582e-09,5.880888553910779e-10,1.1342192463015266e-10,2.972321390751209e-12,4.444740753228871e-08,0.000411613640608266,1.3824078272707747e-20,5.789586132117798e-16,2.3374306166285518e-15,1.2061282961967068e-12,1.2306961005847938e-12,1.5556969414380778e-17,2.5224288037861697e-05,0.006746882107108831,0.9927741289138794,4.237517793798974e-14,3.3524083846714348e-06,5.950855163593059e-22
data/raw_airwrite/W/airwrite_W_20260901_163821_248988_79f25a.png,airwrite,W,W,0.9997490048408508,5.871290120751382e-10,2.6334859640209096e-11,4.639481789336221e-25,6.49704787747396e-08,6.384262151055975e-13,9.123147029414753e-18,1.6960433731604853e-23,1.1748069255190785e-06,3.512464624710887e-11,9.064949485493301e-11,5.842330979622442e-15,2.557520481269557e-15,2.484417116477289e-09,3.600856871344149e-05,4.406053212923505e-23,3.177282067530951e-22,6.85312850927528e-17,2.41161132692936e-16,1.7440174391114365e-15,1.3063693100463551e-21,1.6800886442069896e-05,0.00019664315914269537,0.9997490048408508,1.7001154799185072e-18,2.2598645443849819e-07,4.268923253793834e-26
data/raw_airwrite/W/airwrite_W_20260901_163827_901447_3a6729.png,airwrite,W,W,0.9688037037849426,9.91844085161675e-13,9.078999704814628e-12,1.5771958620853708e-25,1.0602545508220373e-08,2.4819998707253108e-15,2.7883857581604966e-22,1.1151469008329933e-28,7.850209840398747e-06,7.618862138403237e-12,4.0210758334158214e-11,5.244835950332508e-17,5.373281030188193e-13,6.582320105641415e-11,0.01782222092151642,4.1041643486488383e-22,1.4761064284299705e-22,2.819212473339714e-20,2.4830380005920383e-18,4.285019170284014e-19,4.280754472553798e-27,0.0012395838275551796,0.01212660688906908,0.9688037037849426,9.94023609323527e-25,5.030869609790045e-10,2.0361840264293913e-31
data/raw_airwrite/W/airwrite_W_20260904_150513_297808_fdffe9.png,airwrite,W,W,0.9658712148666382,1.1934129133805982e-06,2.3562641217722557e-05,1.2269017453468006e-13,0.0004407283558975905,1.771238373748929e-07,5.382305268142318e-09,1.5102617507284366e-12,0.0001453051809221506,5.791870307803038e-07,1.0646080227161292e-05,1.1085663942367319e-08,8.935101192264483e-08,8.487433547088585e-07,0.0014819949865341187,6.630950129260516e-13,1.2627093814998602e-11,1.071873007019164e-10,7.395958290246085e-10,2.7202117891533817e-08,9.775302312400869e-13,0.001530604436993599,0.03033909946680069,0.9658712148666382,4.939592831987305e-11,0.00015401581185869873,4.803111762350298e-15
data/raw_airwrite/W/airwrite_W_20260904_150519_455242_4dd114.png,airwrite,W,W,0.9357149600982666,0.0028838803991675377,0.00022688647732138634,1.0560606833465158e-09,0.002667332999408245,1.9344422980793752e-05,5.701040208805352e-07,6.856511358677153e-09,0.0013267502654343843,2.3953440177137963e-05,8.769942724029534e-06,3.7038321352156345e-06,4.0547277535551984e-07,0.00020539085380733013,0.008063361980021,2.794688702678627e-09,7.183904582319656e-09,2.2084786905907094e-06,7.754489161015954e-06,2.5911433112923987e-05,4.4252523423438106e-08,0.0053842212073504925,0.041171230375766754,0.9357149600982666,4.665548090088123e-07,0.0022628316655755043,2.2369206487127258e-10
data/raw_airwrite/W/airwrite_W_20260904_150538_075107_88be97.png,airwrite,W,W,0.18768271803855896,0.12151891738176346,0.011854391545057297,0.0008205104386433959,0.0238103736191988,0.0029578902758657932,0.009009001776576042,0.0007398276356980205,0.013840259984135628,0.022885585203766823,0.05011293292045593,0.011891805566847324,0.02213970758020878,0.005913687404245138,0.04507453367114067,0.0004064758832100779,0.00013360015873331577,0.003704305272549391,0.027823543176054955,0.029643867164850235,0.04581592231988907,0.13544215261936188,0.11604994535446167,0.18768271803855896,0.003775225253775716,0.10680636763572693,0.00014641101006418467
data/raw_airwrite/W/airwrite_W_20260904_150604_049400_4f40e5.png,airwrite,W,W,0.9390071034431458,0.00018312349857296795,0.0001704644237179309,1.2324138376484939e-09,0.0020539304241538048,2.136342845915351e-05,1.4829212204858777e-06,2.8338966728824744e-09,0.0005886426079086959,1.660486486798618e-05,0.0003437542181927711,1.2199109278299147e-06,4.8684742068871856e-06,0.00011669748346321285,0.004697182681411505,1.9604198264744355e-09,6.661478035852042e-09,9.582108617678387e-08,4.989192348148208e-07,2.1432197172543965e-05,1.4786915691900049e-08,0.004818874876946211,0.04564051330089569,0.9390071034431458,8.107249982458598e-08,0.0023121037520468235,1.7533306750916466e-10
data/raw_airwrite/W/airwrite_W_20260904_150744_650896_947138.png,airwrite,W,W,0.9670519232749939,9.041835437528789e-05,2.0434253400480884e-08,7.20707578466427e-18,3.2999457744153915e-06,1.3718431945974885e-09,8.69966043648418e-11,8.105920448753245e-13,0.020544327795505524,2.676997382877744e-06,3.3720199965614484e-09,3.4971307627529313e-08,3.2247629046244786e-12,0.004678281955420971,0.0032206375617533922,2.3210385240133762e-17,6.007309450231646e-13,4.2075935624552585e-08,5.77646019905842e-08,1.2124683479441956e-09,2.027000746071539e-12,3.8670106732752174e-05,0.0005374675383791327,0.9670519232749939,1.4360731492857326e-09,0.0038321649190038443,9.329718512915376e-16
data/raw_airwrite/W/airwrite_lowercase_w_20260805_215240_235549_29e90e.png,airwrite,W,U,0.5239014625549316,0.0021946944762021303,4.0863278627512045e-07,1.2032378132048605e-13,7.518738857470453e-05,2.852660685448427e-08,3.607326590215898e-11,1.5830861131000372e-14,1.5974601410562173e-05,4.049264532568486e-07,2.5282863802544853e-08,1.5758773770357948e-06,5.965971183741203e-08,2.437121615628257e-08,0.0017871177988126874,3.570126304503797e-14,1.2441709620193795e-16,3.9976109228456735e-11,3.464444944256684e-07,1.0763908653288468e-09,3.1085587437473805e-08,0.5239014625549316,0.06748000532388687,0.40451472997665405,9.599570027774007e-09,2.7935197067563422e-05,2.257901581480102e-16
data/raw_airwrite/X/airwrite_X_20260804_163213_589665_7efdfb.png,airwrite,X,X,0.8964545130729675,0.008614580146968365,5.449428499559872e-05,7.326166340249074e-10,5.7708642998477444e-05,8.29750297270948e-06,0.0006599203916266561,0.00012576111475937068,0.0004962165257893503,0.0028880073223263025,1.6017936559364898e-06,0.007902788929641247,1.790128862921847e-07,1.501811948401155e-05,9.295193194702733e-06,1.9139444803334404e-12,1.4504440981610855e-09,1.939656840477255e-06,0.006992862559854984,1.0870942787732929e-05,0.03462480753660202,0.0014002847019582987,5.720393164665438e-05,0.0007776058628223836,0.8964545130729675,0.0388457365334034,2.854867489077151e-07
data/raw_airwrite/X/airwrite_X_20260804_163245_813062_6d54d1.png,airwrite,X,X,0.7565581798553467,0.0005867595318704844,5.208474703977117e-06,1.7241041927462675e-10,4.115844149055192e-06,1.3706926438317169e-07,0.006599698215723038,0.0001727165508782491,0.0004036459722556174,1.1902517144335434e-05,7.447165106810871e-09,0.20224054157733917,8.813420748765566e-08,9.211201358994003e-06,7.831968105165288e-06,2.2357527816401455e-14,6.814213548977932e-08,1.860530041142283e-08,0.02616249769926071,4.733051923722087e-07,0.0057806638069450855,1.4014109694926447e-07,6.62820166326128e-05,1.543623693578411e-05,0.7565581798553467,0.0013742817100137472,4.5797175829420667e-08
data/raw_airwrite/X/airwrite_X_20260804_163335_494550_d1daf2.png,airwrite,X,X,0.9763590097427368,0.00019290432101115584,5.352373045752756e-05,1.507518554433318e-10,3.3143796827062033e-06,8.72058080858551e-07,0.007543407846242189,0.00021111224486958236,0.00027800642419606447,0.00017847015988081694,3.812016657889217e-08,0.008989879861474037,6.15209145848894e-08,2.6221703137707664e-06,3.871793978760252e-07,2.3460536237898373e-15,4.0430371939237375e-08,3.427570671732383e-09,0.00035887834383174777,2.109227716573514e-05,0.000172887826920487,9.143518582277466e-07,0.00022796046687290072,4.805382923223078e-05,0.9763590097427368,0.0053564333356916904,1.4816215809787536e-07
data/raw_airwrite/X/airwrite_X_20260804_163407_337776_da949e.png,airwrite,X,A,0.9538582563400269,0.9538582563400269,0.00013277289690449834,1.2418444744755064e-11,0.0036697713658213615,2.922844487329712e-06,6.274718089116504e-06,0.0001685783063294366,3.028681476280326e-06,2.7626014343695715e-05,3.1859446192328278e-09,6.829443464084761e-07,8.311718826224668e-13,4.7341367803710455e-07,3.7349116155382944e-06,8.986242305830672e-12,4.6424303290493185e-10,0.0015811119228601456,0.0014236463466659188,0.003610634710639715,1.2278368558327202e-05,1.5731994835732621e-06,1.6861145923030563e-05,3.325031866552308e-05,0.02901178039610386,0.006434764247387648,1.6586984008526429e-09
data/raw_airwrite/X/airwrite_X_20260804_163422_347513_c74de9.png,airwrite,X,Y,0.6222835183143616,3.755024226848036e-05,0.010360600426793098,3.5224319988591546e-11,0.0008184975595213473,5.25023870068253e-06,0.16417239606380463,0.0002815604966599494,0.015894807875156403,0.04253888502717018,5.793928721686825e-05,0.05026840418577194,4.077684570802376e-05,7.088525535436929e-07,4.296534461900592e-05,3.9413130826495765e-14,3.0105695714155445e-07,5.0027919584749725e-09,0.00020032328029628843,5.634870376525214e-06,0.0002924567961599678,0.001411115750670433,0.0035921467933803797,0.0026041020173579454,0.0850900188088417,0.6222835183143616,8.778950011389952e-09
data/raw_airwrite/X/airwrite_X_20260804_163451_169183_466b9a.png,airwrite,X,X,0.9360867142677307,0.020627684891223907,2.7133178264193702e-06,4.954563235376463e-13,1.748795693856664e-05,6.014075211169256e-07,1.0228379323962145e-05,7.851940608816221e-06,0.00011348348925821483,0.0004694013041444123,3.875205489833888e-09,0.0022565636318176985,1.8482335106817516e-10,7.404559028145741e-07,6.61617093555833e-07,1.9069487793178927e-15,2.759629547446907e-13,9.33267074287869e-07,0.0034127715043723583,9.940106338035548e-08,0.015906909480690956,0.0008580978028476238,2.9392176656983793e-06,0.0003409593482501805,0.9360867142677307,0.019883280619978905,1.3434797718758773e-09
data/raw_airwrite/X/airwrite_X_20260904_151720_796101_8bdb9f.png,airwrite,X,A,0.9904829263687134,0.9904829263687134,4.757144722589146e-07,6.554485867897095e-17,4.2989315261365846e-05,7.708617077994973e-10,2.5258750646628414e-10,9.67900390946852e-08,0.00011097398964921013,2.647065593919251e-05,9.197594671560977e-14,7.16625663699233e-07,5.545751816382887e-16,3.1701520128990524e-06,1.2008988960587885e-05,9.647815383509624e-16,2.287681491724286e-14,0.00039927917532622814,0.004768200684338808,9.225471586660206e-08,4.396800363792863e-07,2.5533609004924074e-05,6.531543590426736e-07,0.00020483155094552785,0.0025272059720009565,0.0013939409982413054,3.6638582928206e-14
data/raw_airwrite/X/airwrite_X_20260904_151723_308729_f73e25.png,airwrite,X,X,0.6275460720062256,0.0003346923040226102,3.9280530472751707e-07,1.102018736681698e-11,3.725128578935255e-07,2.3911439495094555e-10,0.026117999106645584,0.0021280718501657248,0.00036160368472337723,1.6295970794999448e-08,5.227018470832512e-12,0.09968852996826172,1.7171888910816335e-10,0.0009584638755768538,9.331985347671434e-05,1.4412426533791899e-15,6.997761374805123e-06,3.7236222993897172e-09,0.2423577606678009,4.265491213573114e-07,0.00010065678361570463,8.034620885277732e-11,3.2983396522467956e-05,1.585767449796549e-06,0.6275460720062256,0.0002700338081922382,2.3484187927635958e-09
data/raw_airwrite/X/airwrite_X_20260904_151803_135927_06b3ba.png,airwrite,X,X,0.9969943761825562,0.0005595890688709915,4.911802534479648e-06,3.2082663348892426e-12,6.044832616680651e-07,3.0795177963227616e-07,0.000490663864184171,0.00014566956087946892,2.0724593923659995e-05,0.00010007025412051007,1.2096111889903227e-09,0.0003600659838411957,1.172542340999172e-10,7.228492648891915e-08,1.3086281391849752e-08,5.939757000383207e-17,5.176181011590231e-11,1.0717998044640353e-08,0.0001998903462663293,2.8815550194849493e-06,7.364531484199688e-05,3.048744474654086e-07,2.881796945075621e-06,3.0402763968595536e-06,0.9969943761825562,0.0010402698535472155,2.5206480458450642e-08
data/raw_airwrite/X/airwrite_X_20260904_151808_448943_1da3bb.png,airwrite,X,X,0.9798706769943237,0.0018034604145213962,4.595511654770235e-06,1.868625913725719e-12,1.0596248785077478e-06,2.220283512599508e-09,0.0014091902412474155,0.000793604354839772,7.92096761870198e-05,8.527372301614378e-06,2.952377578524512e-11,0.0009354944922961295,1.728365367492657e-11,1.709508796921e-05,1.4837527260169736e-06,3.41797212447426e-15,5.8952128512146373e-08,3.5277361121188733e-07,0.013827762566506863,3.2660525903338566e-05,8.376202458748594e-05,2.4660407049736932e-08,5.734351361752488e-06,4.159699983574683e-06,0.9798706769943237,0.0011210789671167731,4.212923343516195e-09
data/raw_airwrite/X/airwrite_X_20260904_151841_115396_ebd1d8.png,airwrite,X,X,0.9460898637771606,8.266402460321842e-07,2.493873108022626e-09,2.6727377644419903e-07,7.545791547158842e-09,0.0001139026353484951,0.00023131139460019767,2.0210916773066856e-05,1.4547273167409003e-05,5.67785682505928e-05,6.154531745350411e-11,4.291435828918111e-08,1.4889678032203868e-11,7.238938120115323e-17,2.954131165085411e-15,2.852925418616201e-17,1.476322509654837e-17,2.8330442158885916e-11,2.303082863308603e-10,3.2216977530197255e-08,8.734063072779463e-08,8.412318303567924e-17,3.021051213636383e-07,2.309503066219576e-12,0.9460898637771606,5.991640961156008e-08,0.05347174033522606
data/raw_airwrite/X/airwrite_X_20260904_152004_995684_8e639f.png,airwrite,X,X,0.9974658489227295,1.2561372386699077e-05,5.508979938895209e-07,4.377250701525148e-15,1.8194334927557065e-08,2.188455416884949e-09,0.00031130301067605615,3.335419705763343e-06,6.837815362814581e-06,1.3325841337064048e-06,3.0749953364855864e-12,0.0020064308773726225,7.475535815371082e-12,8.30479685021146e-09,1.3985241853475827e-09,3.2555308594158297e-21,1.772689460499688e-11,5.485663572696309e-12,3.839841519948095e-05,2.767798434888391e-08,7.672472747799475e-06,2.4536952469844664e-09,2.1853782072867034e-06,3.996673285655561e-07,0.9974658489227295,0.00014302623458206654,1.0704621911106216e-10
data/raw_airwrite/X/airwrite_X_20260904_152133_527699_45dd7e.png,airwrite,X,X,0.788882315158844,8.965074016487051e-07,9.485743746040498e-09,5.776296347903553e-06,4.302025047309144e-08,0.00015514121332671493,0.00019699189579114318,4.2511951505730394e-06,7.532587187597528e-05,0.024159027263522148,3.6730642705151695e-07,4.695284872013872e-08,1.0764697577769766e-08,3.4036500678856106e-15,1.84334101802075e-13,5.634700673174016e-14,2.9008631159171603e-16,1.13478137997447e-09,1.3438847812352606e-09,2.332157237106003e-06,2.0238714569131844e-05,1.6621655495128312e-13,5.651174888043897e-06,7.732040008257002e-11,0.788882315158844,1.8428650946589187e-05,0.1864730566740036
data/raw_airwrite/X/airwrite_X_20260904_152203_489012_66098c.png,airwrite,X,X,0.7015732526779175,0.0012541011674329638,2.221164140792098e-05,1.4067496749703423e-06,2.8372245651553385e-05,0.0005172998062334955,0.0010379775194451213,0.00016908792895264924,6.51753434794955e-05,0.27580785751342773,0.0001889163686428219,1.419902855559485e-05,1.3786254839942558e-06,3.3972873403342874e-09,3.510027113406977e-08,1.0450527943017818e-10,4.945158865732324e-11,8.259183914560708e-07,9.085215424420312e-05,0.0011690795654430985,0.009944631718099117,2.0056320408912143e-06,4.490950232138857e-05,1.7679617485555355e-06,0.7015732526779175,0.007741002831608057,0.0003237075579818338
data/raw_airwrite/X/airwrite_X_20260904_152211_604383_b22da4.png,airwrite,X,X,0.5160356760025024,0.010095193050801754,0.002198203932493925,0.004382840357720852,0.0015571702970191836,0.049662720412015915,0.02280867099761963,0.005453379359096289,0.004658033140003681,0.07635197043418884,0.0007276825490407646,0.00025237014051526785,5.4964140872471035e-05,3.4653945135687536e-07,2.731698032221175e-06,2.641695573402103e-06,3.7102850569681323e-07,0.0004323936300352216,0.00011812826414825395,0.012384796515107155,0.002134069101884961,3.593222572817467e-06,0.005630129482597113,7.34250497771427e-05,0.5160356760025024,0.0044502681121230125,0.28052833676338196
data/raw_airwrite/X/airwrite_X_20260904_152228_191248_6450eb.png,airwrite,X,X,0.9758032560348511,2.4591734472778626e-05,1.632382975458313e-07,4.927272129862104e-06,5.241245162324049e-07,0.0001861425262177363,0.0007750329677946866,7.853595889173448e-05,1.6476542441523634e-05,0.01867734268307686,7.1216622927749995e-06,1.2717081290247734e-06,2.1704259722810093e-07,2.6448639285636677e-12,6.078721553892663e-11,1.3681546130392408e-12,1.3356247260520177e-13,3.608313425829124e-09,2.680866373339086e-06,4.027500108350068e-05,0.0007693056832067668,3.278473673096194e-11,5.569965651375242e-06,6.211887004781147e-09,0.9758032560348511,9.318596858065575e-05,0.003513357136398554
data/raw_airwrite/X/airwrite_X_20260904_152236_720783_e9dca2.png,airwrite,X,X,0.9676247835159302,0.0006652356241829693,3.7010547657700954e-06,4.646908280392381e-07,1.0392761396360584e-05,0.000890016439370811,0.0007212613709270954,0.00010450181434862316,2.0280001990613528e-05,0.01799670234322548,7.674155312997755e-06,0.00020960795518476516,1.4022750747244572e-06,1.3719195224304315e-10,1.5289993715583705e-09,2.2440302654275213e-12,1.979058193365968e-12,2.6556881138617427e-08,0.00010473138536326587,3.811402712017298e-05,0.011042374186217785,2.8141347030441466e-08,1.3348056199902203e-05,6.864818260510219e-07,0.9676247835159302,0.00034592259908095,0.00019876968872267753
data/raw_airwrite/X/airwrite_X_20260904_152245_924614_4065c0.png,airwrite,X,X,0.7056763172149658,1.6795513602119172e-06,1.4940310677502566e-07,1.20142804007628e-05,2.1440557418372919e-07,0.0004950223374180496,0.00023089387104846537,1.1745174560928717e-05,5.102415889268741e-05,0.0013730872888118029,1.9159411834834827e-08,2.0009998991099565e-08,6.525762152875814e-10,1.9655827292674403e-15,1.984268326905847e-13,1.253131984031014e-13,7.557417690783053e-15,3.3274198951716016e-09,3.682687488293368e-10,3.1150148060987704e-06,6.14605426108028e-07,2.355131064127325e-14,2.4727354684728198e-05,1.2678837146840038e-10,0.7056763172149658,3.076346501984517e-06,0.2921162545681
data/raw_airwrite/X/airwrite_X_20260904_152341_638327_9f92ab.png,airwrite,X,X,0.9871204495429993,0.0003023608587682247,3.7496473481724024e-08,2.296815386807708e-14,2.9472552398601692e-08,5.292251706312534e-11,0.0002636974095366895,7.095978799043223e-05,5.837038406752981e-05,3.704190589814971e-07,1.808572063811964e-12,0.006373339798301458,5.590305128533313e-12,2.996905823238194e-05,4.743496333503572e-07,1.1037806070064455e-18,6.477616776301431e-10,1.268565585910153e-09,0.0051890951581299305,1.6143476955221558e-07,4.829549288842827e-05,3.785142421719456e-09,2.221611566710635e-06,2.1822515918756835e-06,0.9871204495429993,0.0005379903595894575,1.0330073602071721e-10
data/raw_airwrite/X/airwrite_X_20260904_152353_684340_574c06.png,airwrite,X,T,0.49622997641563416,0.12191334366798401,4.109430307153161e-08,1.5270931186250891e-09,5.835310730617493e-06,7.492261602237704e-07,7.409050226669933e-07,8.991379729650362e-08,0.008649691939353943,0.0034765417221933603,7.798093406563567e-07,0.10282780230045319,4.319103936722968e-06,0.0009655485628172755,0.0029531591571867466,3.4895105468363274e-12,9.011151200222223e-13,2.902216010625125e-06,0.06374619156122208,1.7097454119152644e-08,0.49622997641563416,0.14023377001285553,0.00035664692404679954,0.004973902832716703,0.017865614965558052,0.035792261362075806,1.4430326267245164e-08
data/raw_airwrite/X/airwrite_lowercase_x_20260805_215330_388444_9e2b83.png,airwrite,X,X,0.9993996620178223,1.4746183829572601e-08,2.717157165932349e-08,8.98115837342367e-13,6.614953584893613e-10,1.9206778233638033e-05,0.00032422729418613017,8.22178553789854e-05,2.0742909612181393e-09,4.52811254945118e-05,1.2865447910574007e-13,3.6003178216503784e-10,3.5068332921795245e-15,7.6053875399611115e-22,1.0668932889208616e-19,1.0606903824744131e-23,1.6157254054038265e-16,4.976828953291712e-13,5.194528401170073e-12,1.4971933524066117e-06,8.695404118963523e-11,1.0344703776923258e-20,6.857494128098551e-09,7.666870414724526e-17,0.9993996620178223,1.0555041995985448e-07,0.00012773984053637832
data/raw_airwrite/X/airwrite_lowercase_x_20260805_215352_273096_519443.png,airwrite,X,X,0.7814245820045471,4.0714803617447615e-06,8.918930802792602e-07,3.998453848907957e-06,3.2447277931169083e-07,0.0017373469891026616,0.0007782106404192746,9.867350308923051e-05,6.323272828012705e-06,1.8255270333611406e-05,8.751896429792794e-11,6.13318107411942e-08,1.0774542716363023e-11,1.5193342471463692e-16,6.597592481019654e-14,4.966470960074236e-15,7.989728399281776e-14,3.2139948480391922e-09,2.9623889452601304e-10,5.999124823574675e-07,9.414995894019285e-09,3.5564634407184365e-16,1.8162869309890084e-05,4.762433936794652e-12,0.7814245820045471,8.811572627109854e-08,0.21590836346149445
data/raw_airwrite/Y/airwrite_Y_20260804_163628_338242_209434.png,airwrite,Y,V,0.6281985640525818,0.00012331356992945075,7.036481838440523e-05,1.6010245573738757e-08,0.013517000712454319,8.703188541403506e-06,2.3414968097767996e-07,2.2404573751799717e-09,0.0026087576989084482,0.0002815870975609869,0.052931394428014755,1.9512760900397552e-06,0.003253343515098095,2.8214368285262026e-05,0.11397659778594971,8.381968541470997e-07,4.655447938262114e-08,1.3393625522439834e-05,2.5029401058418443e-06,8.618528227088973e-06,8.969588805030071e-08,0.012939894571900368,0.6281985640525818,0.1419321894645691,4.757524374454647e-10,0.030102457851171494,5.68790847754741e-11
data/raw_airwrite/Y/airwrite_Y_20260804_163733_195786_b7f846.png,airwrite,Y,Y,0.7481688261032104,0.004745807033032179,7.669786100450438e-06,5.834901344314858e-07,0.00022282854479271919,1.503018029325176e-05,0.019236184656620026,0.0035850966814905405,0.0005459792446345091,0.008939527906477451,0.0051481532864272594,0.0005844935076311231,0.00042076403042301536,7.669230399187654e-06,0.00029504025587812066,1.458584648617034e-07,6.119925092207268e-05,0.08010854572057724,0.012842086143791676,0.0013640949036926031,0.11328964680433273,1.584436517987342e-06,0.00015270838048309088,1.8315116676603793e-06,0.0002275680162711069,0.7481688261032104,2.696185401873663e-05
data/raw_airwrite/Y/airwrite_Y_20260804_163752_324222_0d29d1.png,airwrite,Y,Y,0.9892889261245728,8.866212010616437e-05,1.7950995243154466e-05,7.201323426464512e-10,0.0014320207992568612,9.38808898354182e-06,0.0002340843784622848,6.712785398121923e-05,0.0008473403286188841,0.0032211230136454105,0.001177056459710002,7.458902837242931e-05,0.0002157181443180889,2.4651754415572213e-07,0.0002784017997328192,4.374927364825254e-10,1.291759963351069e-05,0.002643916755914688,9.915310511132702e-05,4.53684879175853e-06,7.303015445359051e-05,2.9526315756811528e-06,0.0002067612367682159,3.739337898878148e-06,3.254183980061498e-07,0.9892889261245728,2.188641978762007e-08
data/raw_airwrite/Y/airwrite_Y_20260804_163821_980119_d0db4c.png,airwrite,Y,Y,0.9310994148254395,0.00011548487236723304,8.987780893221498e-05,2.9828137737553106e-09,0.0013509453274309635,1.1890640053024981e-05,0.0005422263639047742,2.1247798940748908e-05,0.0424935445189476,0.0067797149531543255,0.0011179789435118437,0.0002724572259467095,0.0005054433713667095,2.0397963453433476e-05,0.009212993085384369,1.0448456544409623e-09,0.0005176595295779407,0.0029792929999530315,0.0002728441613726318,8.280116162495688e-06,1.261989109480055e-05,9.326025974587537e-06,0.002506544813513756,5.9631627664202824e-05,7.137927582334669e-08,0.9310994148254395,3.242499602151838e-08
data/raw_airwrite/Y/airwrite_Y_20260804_163847_799336_637ecb.png,airwrite,Y,Y,0.8314468860626221,1.7912952898768708e-05,0.011760140769183636,5.987415563346588e-10,0.02130938321352005,2.0742485503433272e-05,0.018071165308356285,2.793304702208843e-05,0.03443831950426102,0.0015057983109727502,0.002111469628289342,0.00019092269940301776,0.0006452770321629941,7.028983873169636e-06,0.017816778272390366,4.345773393921171e-11,0.00255646463483572,5.782309017376974e-06,2.195703928009607e-05,0.00010374260455137119,1.272674126084894e-07,4.7012599679874256e-05,0.056211233139038086,0.001683838781900704,1.1758518070337232e-07,0.8314468860626221,1.1657238507822854e-09
data/raw_airwrite/Y/airwrite_Y_20260804_163851_986865_fa103e.png,airwrite,Y,K,0.5477640628814697,7.229375000861182e-07,0.0008385429973714054,8.774438065017875e-09,2.9817672839271836e-05,1.386367102895747e-06,0.0935695543885231,1.8180564438807778e-05,0.04463174566626549,0.002922662300989032,2.799746141590731e-07,0.5477640628814697,0.00032802054192870855,3.496180909223767e-07,0.00034270124160684645,1.4348921085604455e-13,0.005347985774278641,1.7686532771676866e-07,0.1821443736553192,6.25721156666259e-07,0.00197957968339324,5.083675702621804e-08,0.002940722042694688,3.036019222690811e-07,1.6064282135630492e-06,0.11713656783103943,1.3101383089519913e-08
data/raw_airwrite/Y/airwrite_Y_20260804_163918_641143_df9f34.png,airwrite,Y,Y,0.9763168096542358,0.0012365233851596713,3.79728626285214e-05,8.712090604490186e-09,0.0023558689281344414,2.7824917196994647e-05,0.0014204513281583786,0.0004074893658980727,0.003910008817911148,0.002042472129687667,0.00166820187587291,0.0006515575805678964,0.00025789180654101074,3.326524529256858e-05,0.0013781646266579628,3.680806548445048e-09,9.391491767019033e-05,0.006203890778124332,0.0004567644209600985,7.690931670367718e-05,0.0003186143294442445,1.291732223762665e-05,0.0010085627436637878,6.86116618453525e-05,1.499350673839217e-05,0.9763168096542358,3.6463748642745486e-07
data/raw_airwrite/Y/airwrite_Y_20260901_163923_267767_6de79b.png,airwrite,Y,Y,0.9598249197006226,9.235418474418111e-06,0.0008271299302577972,3.4611400551165517e-11,0.019429389387369156,0.00016534002497792244,0.0029365920927375555,0.008236213587224483,4.494771928875707e-06,0.007893512025475502,0.0005537933320738375,5.523911113414215e-06,2.4468165065627545e-05,1.1443055704385419e-11,3.0705621156812413e-07,5.653648989939475e-12,3.365092311469198e-07,2.238154957012739e-05,2.9268019261508016e-06,1.1200463632121682e-05,8.135217285598628e-06,1.870425649030949e-06,6.089040198276052e-06,1.1953581235957245e-07,3.6001394619233906e-05,0.9598249197006226,6.856405221355999e-09
data/raw_airwrite/Y/airwrite_Y_20260901_164030_303735_7ad73a.png,airwrite,Y,F,0.7320783138275146,5.789652277599089e-07,0.0017592764925211668,8.605233858816064e-09,0.0003537482116371393,0.0003738884988706559,0.7320783138275146,0.011509204283356667,0.00014040246605873108,0.08555889874696732,0.0004191698972135782,0.00019049717229790986,0.004383441526442766,1.8329933057503744e-11,1.0409399209265757e-07,9.218706798364701e-14,4.262143193045631e-05,9.068833684011679e-09,1.1233294571866281e-05,0.00023938862432260066,3.562566780601628e-05,1.2246562874906886e-08,5.815983968204819e-05,1.7437708166312405e-08,8.7433320004493e-05,0.16275645792484283,1.5661546513001667e-06
data/raw_airwrite/Y/airwrite_Y_20260901_164037_837739_a277fb.png,airwrite,Y,Y,0.6351924538612366,0.0005872975452803075,0.008622512221336365,1.2731234164675698e-05,0.04867380112409592,0.003146980656310916,0.048912886530160904,0.08441504836082458,0.000592496246099472,0.057182397693395615,0.046935830265283585,0.0003550272958818823,0.020976347848773003,3.26196897049158e-07,0.0004633587959688157,6.967497029108927e-06,0.010039236396551132,0.02168952114880085,0.0030405898578464985,0.005560672841966152,0.0026633713860064745,3.092086626566015e-05,0.0007461404311470687,7.152712441893527e-06,8.519834227627143e-05,0.6351924538612366,6.0703961935359985e-05
data/raw_airwrite/Y/airwrite_Y_20260904_151204_099429_9252db.png,airwrite,Y,Y,0.9978883862495422,0.000280920387012884,1.906089153180801e-07,4.392508221300745e-14,0.00018057778652291745,3.6755761811946286e-07,2.7463499918667367e-07,3.811958606547705e-07,0.00037031862302683294,0.0005847796564921737,2.0918339487252524e-06,1.0738390301412437e-05,3.060555187062164e-08,7.441040850153513e-08,2.0529099856503308e-05,2.8353675744080542e-14,1.6894788346100142e-10,0.0006034490070305765,2.157236849598121e-05,6.813110076109297e-09,1.099036217055982e-05,2.6669165436032927e-06,1.1711191291396972e-05,9.440876056032721e-06,4.2877195483015385e-07,0.9978883862495422,2.2619746353758075e-11
data/raw_airwrite/Y/airwrite_Y_20260904_151213_957956_b33c41.png,airwrite,Y,Y,0.870155930519104,1.2686044101428706e-05,0.00020200246945023537,1.0436313147010878e-08,0.0065233223140239716,0.00016151492309290916,0.0038379544857889414,0.0015563927590847015,1.1609852208493976e-06,0.02584220841526985,0.08938023447990417,1.1565869044716237e-06,0.0013757647247985005,9.673561431056132e-12,1.2372964874884929e-06,5.6530384817676804e-09,3.1912910003484285e-07,0.00019510976562742144,2.2150839868118055e-05,0.0001332052779616788,0.0005767970578745008,2.31828971664072e-06,1.6411449905717745e-05,7.107821886620513e-08,1.945643816725351e-06,0.870155930519104,1.118215067208439e-07
data/raw_airwrite/Y/airwrite_Y_20260904_151303_446000_6962e3.png,airwrite,Y,Y,0.4251224398612976,0.005376473069190979,0.00028072402346879244,4.386259752209298e-05,0.00520080653950572,0.0028873865958303213,0.009228195995092392,0.0020585493184626102,6.669848971796455e-06,0.054397936910390854,0.32296910881996155,9.930571650329512e-06,0.0036067250184714794,1.0557017482426545e-08,6.554502760991454e-05,9.51522815739736e-06,2.993819180119317e-06,0.024489082396030426,0.0027900554705411196,0.015000236220657825,0.1260363906621933,3.045697303605266e-05,0.00020813870651181787,2.359626478209975e-06,9.102889453060925e-05,0.4251224398612976,8.536803943570703e-05
data/raw_airwrite/Y/airwrite_Y_20260904_151322_726187_40b405.png,airwrite,Y,Y,0.8149813413619995,5.063848220743239e-05,0.0004567104915622622,6.2809675682729e-08,0.01911366917192936,0.00010607080912450328,0.0010572538012638688,0.0046613384038209915,1.0832793577719713e-06,0.02069387398660183,0.13342604041099548,3.927196132735844e-07,0.0016963862581178546,8.211028384996766e-11,1.072494615073083e-05,9.733702199810068e-08,5.4028078011469916e-06,0.0020510435570031404,9.003486775327474e-05,0.0012381590204313397,0.00028414378175511956,4.585627721098717e-06,6.963767373235896e-05,3.0890893754076387e-07,1.029907707561506e-06,0.8149813413619995,7.112125643971012e-08
data/raw_airwrite/Y/airwrite_Y_20260904_151344_120099_2361e0.png,airwrite,Y,Y,0.930687427520752,0.0008275004802271724,4.0440841985400766e-05,8.978920718050176e-09,0.002493938198313117,3.890200605383143e-05,0.00030343918479047716,0.009178243577480316,2.228573748652707e-06,0.026909543201327324,0.0030190134420990944,3.219289055778063e-06,2.4131339159794152e-05,7.68004437823322e-10,7.502587777707959e-06,3.6602911812622096e-09,9.56296162257786e-07,0.016924798488616943,0.0020653645042330027,0.0002696378796827048,0.007135473657399416,3.710768623932381e-06,9.537885489407927e-06,9.907666509434421e-08,5.451842298498377e-05,0.930687427520752,2.791092583720456e-07
data/raw_airwrite/Y/airwrite_Y_20260904_151414_036010_049232.png,airwrite,Y,Y,0.5696664452552795,0.0006726103601977229,5.876024715689709e-06,4.5102865442459006e-08,0.00014075827493797988,3.315022695460357e-05,1.3664588550454937e-05,2.694837712624576e-05,3.8727535866200924e-05,0.05857616662979126,3.763914719456807e-05,0.0007052849978208542,3.550827022991143e-05,1.703885033066399e-08,9.807565220398828e-06,1.2054579556775025e-10,1.679949179766993e-09,0.0001877520844573155,0.054054830223321915,1.5784728475409793e-06,0.3154616057872772,0.00013201835099607706,7.740806904621422e-05,1.865529952738143e-06,0.00012011158833047375,0.5696664452552795,1.0265956973398715e-07
data/raw_airwrite/Y/airwrite_Y_20260904_151427_965379_826ba5.png,airwrite,Y,Y,0.48289230465888977,0.00016836939903441817,0.0012426733737811446,7.718103915976826e-07,0.004445299506187439,0.001003861427307129,0.29246366024017334,0.020886646583676338,3.5200662296119845e-06,0.005346027202904224,0.02066657319664955,5.063857884124445e-07,0.0015836742240935564,1.1827276658049612e-10,3.0368864827323705e-06,2.865672810159481e-09,0.00015954431728459895,6.291186582529917e-05,1.7002368622343056e-05,0.1686776578426361,7.184788410086185e-05,2.4276955556956636e-08,0.0002855757484212518,8.202894719033793e-08,1.285209054913139e-05,0.48289230465888977,5.473277269629762e-06
data/raw_airwrite/Y/airwrite_Y_20260904_151437_950686_a0bc88.png,airwrite,Y,Y,0.8075225949287415,0.0002056842640740797,0.0011449070880189538,3.1739734822622268e-06,0.004528098274022341,0.00025649924646131694,0.027527928352355957,0.002816148567944765,0.01040481124073267,0.027261503040790558,0.005655028857290745,0.00043533582356758416,0.011172083206474781,2.7622704692475963e-06,0.002855451311916113,4.981059191777604e-07,0.04823612794280052,0.04104279726743698,0.005206507630646229,0.0014302271883934736,0.0006020330474711955,2.1160146843612893e-06,0.0016733300872147083,3.824794930551434e-06,4.7420033411071927e-07,0.8075225949287415,9.939893061527982e-06
data/raw_airwrite/Y/airwrite_Y_20260904_151448_405398_dd9219.png,airwrite,Y,D,0.28499743342399597,1.1682492186082527e-05,0.11829707771539688,5.311225663717778e-07,0.28499743342399597,0.04366683587431908,0.02209833264350891,0.0006417142576538026,1.9140395934869048e-08,0.027817633002996445,0.17757999897003174,1.7407720820372674e-09,0.00025554810417816043,3.3006114744674403e-15,5.9448730382882786e-08,1.5412139475756703e-07,8.756838951740065e-07,6.064844001230085e-06,3.1074523576535285e-07,0.238657608628273,4.585714123095386e-06,4.426572530746853e-08,0.00010763842874439433,1.541739358401628e-08,9.97231040855695e-07,0.08585338294506073,1.4286952136899345e-06
data/raw_airwrite/Y/airwrite_Y_20260904_151512_948621_f893d5.png,airwrite,Y,T,0.8211652636528015,0.0032571046613156796,3.2011444091040175e-06,4.319886556913843e-06,1.8640042981132865e-05,2.8436343200155534e-06,0.003767417510971427,0.00010175278293900192,0.0007231644704006612,0.017688343301415443,0.008206047117710114,0.00206248858012259,0.0005940913106314838,8.985382009996101e-05,0.00035143562126904726,4.552501593479974e-07,3.444742446845339e-07,0.001009804313071072,0.03796825185418129,0.00043514848221093416,0.8211652636528015,7.505070243496448e-05,0.0006808149046264589,0.0001115397535613738,0.0016858368180692196,0.09997643530368805,2.035808574873954e-05
data/raw_airwrite/Y/airwrite_Y_20260904_151531_092331_cc4c55.png,airwrite,Y,Y,0.9521365761756897,0.00013186720025260001,5.59832824365003e-06,4.36091118771742e-09,0.0003675985790323466,1.1113374966953415e-05,0.004959446843713522,0.0017673183465376496,0.0001609761966392398,0.003191568423062563,0.0019186383578926325,5.4685879149474204e-05,0.00038509705336764455,2.86853385489394e-08,4.485281169763766e-05,9.504229625534322e-10,0.00025627907598391175,0.03251417353749275,0.00047827596426941454,5.3660387493437156e-05,0.0015455222455784678,3.895684841381808e-08,1.5281866581062786e-05,1.9177639032363913e-08,6.737064381923119e-07,0.9521365761756897,5.909587912356074e-07
data/raw_airwrite/Y/airwrite_Y_20260904_151541_910427_12ee41.png,airwrite,Y,Y,0.5629798173904419,0.0003176862664986402,1.5500861536565935e-06,5.601415598716075e-12,1.3114055946061853e-05,1.6367590433219448e-05,0.0009773310739547014,0.0006510813254863024,5.167579274711898e-06,0.11316019296646118,3.358382673468441e-05,0.00016599225637037307,1.2316240827203728e-06,1.4478375442994462e-10,8.080417224221037e-09,4.1128349145400556e-16,1.0809024682256752e-11,8.304244403234406e-08,0.00025280137197114527,6.141417998151155e-06,0.06832804530858994,2.1235430267552147e-06,7.818861718078551e-07,9.781787468909897e-08,0.2530866265296936,0.5629798173904419,1.366730231211477e-07
data/raw_airwrite/Z/airwrite_Z_20260804_163950_642963_63b1e1.png,airwrite,Z,Z,0.9999730587005615,1.2605059924071787e-16,2.7308962604938058e-17,1.0563918095840563e-07,7.398131874502461e-16,5.380771312957222e-07,6.755995940466164e-08,6.492185261608441e-12,2.795347564532591e-10,5.910244382789642e-08,8.560572362743477e-15,7.586496914197444e-17,8.512311813540716e-15,6.9762452620754e-33,5.591681926328222e-28,1.3780298567172161e-24,1.0633062834080575e-28,3.6026911509983587e-22,1.3787478761776543e-20,2.314655628624096e-13,1.0882213099389082e-12,6.268820455794063e-34,1.5107080517107185e-11,8.402555087405228e-23,2.6136127416975796e-05,2.1226452534680793e-14,0.9999730587005615
data/raw_airwrite/Z/airwrite_Z_20260804_163954_177947_58e420.png,airwrite,Z,Z,0.9490160346031189,9.044180160344695e-07,1.345298983324028e-07,0.004624481778591871,2.944614152511349e-07,0.003702569752931595,0.015432428568601608,3.630250648711808e-05,0.0018315096385776997,0.012739969417452812,3.5558241506805643e-05,6.740217941114679e-05,0.0003615366877056658,8.947293426986302e-12,2.5724913865765586e-10,3.515218671701348e-11,2.9372524378012965e-12,4.6027870403975157e-10,2.1752375687356107e-06,3.7401132431114092e-06,0.0029388070106506348,4.665049162938528e-12,5.18034867127426e-05,1.880810351906348e-08,0.009128721430897713,2.5709330657264218e-05,0.9490160346031189
data/raw_airwrite/Z/airwrite_Z_20260804_164022_308831_efeb6c.png,airwrite,Z,Z,0.6925641298294067,5.023995981900953e-05,0.00014570933126378804,0.003669795813038945,5.863075057277456e-05,0.085146963596344,0.0026432357262820005,0.0009478753781877458,8.840727969072759e-05,0.16567161679267883,4.972169699613005e-05,1.3707368680115906e-06,2.997492629219778e-06,1.786509416963622e-12,1.3749168470411632e-10,5.4854698561257464e-09,2.92624119380136e-10,9.431975627194333e-07,1.8532083458921988e-06,0.004054805729538202,0.00018475207616575062,3.5113750795900955e-10,0.00010790161468321458,2.4080865301812082e-08,0.044482599943876266,0.0001264724851353094,0.6925641298294067
data/raw_airwrite/Z/airwrite_Z_20260804_164036_563107_1d910f.png,airwrite,Z,Z,0.9978318810462952,4.5331960407679617e-11,1.6617773823668358e-10,6.321547698462382e-05,5.366052602262528e-10,0.00019809423247352242,2.2123040253063664e-05,7.98030583837317e-08,1.4092607898419374e-06,0.0010453542927280068,1.148370198933435e-08,4.0564680087173954e-11,1.0797779559368337e-08,2.417388084262557e-21,5.081377533948456e-18,8.66733027783304e-16,7.633609813166014e-18,4.425678709141581e-14,5.508037602408589e-13,1.547239492083463e-07,9.041094273243289e-08,7.718132297841768e-21,3.983768408488686e-07,6.946383369226851e-15,0.0008372541051357985,3.523116021142414e-08,0.9978318810462952
data/raw_airwrite/Z/airwrite_Z_20260804_164058_726628_088413.png,airwrite,Z,Z,0.906495988368988,4.633293428923935e-05,5.607661933026975e-06,0.012564761564135551,1.095933112083003e-05,0.035830870270729065,0.009938587434589863,2.5669209207990207e-05,0.001243981416337192,0.005190528463572264,3.303843186586164e-05,7.670692866668105e-05,0.00016098172636702657,1.7721747680443656e-11,3.74239172984403e-09,2.991769720850357e-09,1.5816374251964582e-11,1.1054942739008311e-08,1.6906315067899413e-06,1.1097804417659063e-05,0.0012887893244624138,1.6507090139228353e-10,0.0003128840762656182,9.04457010619808e-07,0.02675415761768818,6.315546215773793e-06,0.906495988368988
data/raw_airwrite/Z/airwrite_Z_20260804_164102_857661_735303.png,airwrite,Z,Z,0.9836611151695251,1.0461936739147859e-07,5.301349119690713e-07,0.00033867888851091266,2.3219899958348833e-07,0.010851670987904072,0.0004331378440838307,2.296400816703681e-05,4.226045803079614e-06,0.0006151178386062384,2.7878220620891625e-08,4.0290309755164344e-08,2.0685824608790426e-08,4.98350477940863e-17,3.950908949502431e-14,1.1257932520242209e-12,6.077695855269405e-13,9.17356912655265e-10,1.0940670591708113e-09,2.7194300855626352e-06,3.273584638918692e-07,5.664465072127353e-16,3.0263224743976025e-06,2.1015021320347493e-12,0.0040658446960151196,1.1902167784683115e-07,0.9836611151695251
data/raw_airwrite/Z/airwrite_Z_20260804_164147_810571_a253fd.png,airwrite,Z,Z,0.9959158301353455,3.820325833459037e-09,1.120810111387982e-09,7.274013478308916e-05,1.7855477096873074e-09,0.00039459310937672853,6.087655128794722e-05,8.611126531832269e-07,1.61243190177629e-06,2.6325744329369627e-05,1.1131573440792408e-09,1.2203558164003425e-09,8.688100239240271e-10,4.949278547882539e-19,2.0835354817741702e-16,4.4223539354170185e-15,8.722556031900633e-17,6.537219225145885e-13,5.717035785751667e-12,3.3904505869486457e-08,2.2438728208840075e-08,2.9351263265525358e-19,3.34968717652373e-07,1.7648327189836305e-13,0.0035267036873847246,2.2731030391298646e-09,0.9959158301353455
data/raw_airwrite/Z/airwrite_Z_20260804_164201_109789_81ff8a.png,airwrite,Z,Z,0.9322748184204102,5.581011646427214e-05,1.3340388250071555e-05,0.010386246256530285,2.0964174836990424e-05,0.023907942697405815,0.008056716062128544,0.0013014251599088311,0.00011072736378991976,0.00010874290455831215,1.7007647556965821e-06,2.554332786530722e-05,3.907167410943657e-06,1.755175345341531e-11,2.6201643077428116e-09,3.166961093370446e-08,1.8868804296801045e-09,4.777011781698093e-07,1.7556701550347498e-06,1.55467296281131e-05,2.289175972691737e-05,8.720558997143968e-12,0.0001066175609594211,4.187691260426618e-08,0.023583626374602318,1.024132757265761e-06,0.9322748184204102
data/raw_airwrite/Z/airwrite_Z_20260804_164203_149752_857706.png,airwrite,Z,Z,0.9994081258773804,1.2604051483067202e-11,2.691611039953856e-12,2.0224797481205314e-05,1.0133785303956255e-11,6.522196781588718e-05,1.1118150723632425e-05,1.7766284443609948e-08,1.513903526983995e-07,3.069045078518684e-06,2.03279754140695e-11,4.8880673814144515e-11,7.290650028135559e-11,4.368374376190891e-23,1.2529002300429245e-19,1.9176815586079703e-18,8.95755662479521e-21,3.1075349198824733e-16,6.806960052042899e-14,1.554791434488223e-10,3.422090832927438e-09,1.9781960419917898e-23,9.571112791206815e-09,1.704647585951073e-16,0.0004921393701806664,3.9105257226834667e-11,0.9994081258773804
data/raw_airwrite/Z/airwrite_Z_20260901_164123_088798_e9a7cc.png,airwrite,Z,E,0.7737348675727844,4.7791808704955585e-11,5.099439590594557e-07,5.928530555365796e-08,7.255101852621237e-09,0.7737348675727844,0.0005087279714643955,0.000209100529900752,1.144572609433625e-12,6.011666300764773e-06,4.2303886088612686e-12,9.510694098588401e-13,1.378384277377076e-12,2.237000611956072e-28,1.0206040684768091e-22,1.36189356971864e-17,6.701516647384179e-14,6.0280955574421036e-12,8.528371151644842e-13,1.1154628737131134e-05,7.27954328760827e-12,8.23927390239239e-27,2.2144817229952096e-11,4.766503071833945e-21,5.767073162132874e-06,1.9187746877480372e-11,0.22552384436130524
data/raw_airwrite/Z/airwrite_Z_20260901_164144_418157_0680c3.png,airwrite,Z,Z,0.9924126267433167,2.6616092441145156e-08,7.489608044863871e-09,0.0010822797194123268,1.5797571251141562e-08,0.0014138291589915752,0.0016254420625045896,5.9229905673419125e-06,2.5104012820520438e-05,0.0007095078472048044,5.430078431345464e-07,3.572102400539734e-07,1.5831911923669395e-06,9.50887127521558e-16,1.4152256298284593e-13,7.525217970462406e-13,1.4458542395572212e-14,1.570261629058045e-11,1.1883285466751659e-08,4.796243047167081e-07,2.925081571447663e-05,4.714816200895562e-16,2.087513848891831e-06,2.6016109405668786e-11,0.0026905748527497053,2.7705948468792485e-07,0.9924126267433167
data/raw_airwrite/Z/airwrite_Z_20260901_164212_248386_b2f8a7.png,airwrite,Z,Z,0.9975046515464783,3.7256212004344036e-11,7.708156335439753e-10,2.3511276481258392e-07,5.313925410810327e-10,0.0008885354618541896,1.4105185982771218e-05,8.39047800127446e-07,5.4925591852494904e-11,7.55116852815263e-05,1.00383856782571e-09,1.5179138057163505e-13,3.849598157606993e-12,1.9353429655090274e-26,9.121556490343784e-22,3.4397833287451766e-16,6.687962461234673e-18,2.177216740228971e-12,1.6080925585820575e-14,1.0687249414331745e-06,3.8044628558608906e-10,3.910234412469469e-24,7.022830095237964e-10,8.127141542176643e-19,0.0015150172403082252,6.606479252546649e-10,0.9975046515464783
data/raw_airwrite/Z/airwrite_Z_20260901_164217_340477_d948a6.png,airwrite,Z,Z,0.9996654987335205,1.3406082613378473e-13,9.16636471587351e-12,1.0828721253020035e-09,3.458661959263032e-12,0.00011241051106480882,5.861633667336719e-07,2.4178625324111636e-08,1.2136414919913796e-12,1.3146044466338935e-06,1.2998876606183651e-13,4.494976210973997e-17,5.542221806575205e-16,2.0435870841393587e-32,2.6557674138629965e-26,2.44046169776042e-21,3.326655265449927e-21,6.546198841648294e-15,1.6765372910937485e-19,5.813583392466626e-09,2.029757079373331e-14,3.8231157605126845e-30,4.499862288342982e-11,2.162951841387801e-23,0.00022006600920576602,2.9511083247252268e-12,0.9996654987335205
data/raw_airwrite/Z/airwrite_Z_20260901_164222_611047_f6337e.png,airwrite,Z,Z,0.9375001788139343,4.3677460780600086e-05,1.0051242043118691e-06,0.004385233391076326,3.7998347579559777e-06,0.004723062738776207,0.0025681096594780684,1.3703044714930002e-05,0.000738513539545238,0.0022851675748825073,2.083602885250002e-05,1.6597240346527542e-06,5.121840786159737e-06,2.1196685032198737e-11,2.5277944182278134e-09,2.1877071265663517e-09,2.2268140022901894e-12,4.2478685458036125e-08,7.169649052229943e-08,1.8477927369531244e-05,8.938508108258247e-05,4.890387053646528e-11,0.0006431951769627631,2.6272570607943635e-07,0.04693702980875969,2.15463041968178e-05,0.9375001788139343
data/raw_airwrite/Z/airwrite_Z_20260904_150851_005110_80e011.png,airwrite,Z,Z,0.9999315738677979,2.6816911321767e-13,5.047222676694135e-14,2.1772318632429233e-06,7.022722383004734e-14,2.8472970370785333e-05,1.6190678024941008e-06,9.758550634231256e-10,1.3522130082321837e-08,5.5082729488731275e-08,4.664364800974728e-15,2.2401765772256388e-12,2.2049316582631318e-13,1.9474281373914584e-27,3.8461213201194415e-23,3.583324931319545e-23,3.4325341692865485e-24,2.359509691346725e-19,1.167914703360443e-16,3.455162859381661e-13,4.93094887837886e-12,7.276618812326825e-28,3.705666051789791e-10,1.3342971287636153e-19,3.594178633647971e-05,2.665153423745282e-14,0.9999315738677979
data/raw_airwrite/Z/airwrite_Z_20260904_150951_263375_602dca.png,airwrite,Z,Z,0.8594098687171936,0.0002017833321588114,6.850266800029203e-06,0.04354046657681465,5.5933738622115925e-05,0.010067873634397984,0.013763617724180222,0.00013032784045208246,0.005601140670478344,0.011148428544402122,0.0009470277582295239,3.697826468851417e-05,0.00048963533481583,3.7709750877468196e-09,1.5335845660047198e-07,6.628683308917971e-07,4.794969976629204e-10,1.209468109664158e-06,6.758420568075962e-06,0.00025476026348769665,0.004412255249917507,2.137796162315908e-09,0.0027855432126671076,7.109976195351919e-06,0.046750448644161224,0.0003811391652561724,0.8594098687171936
data/raw_airwrite/Z/airwrite_Z_20260904_150954_078868_1f166a.png,airwrite,Z,Z,0.9995496869087219,3.10396604252805e-11,5.405038829703335e-12,1.1474059647298418e-05,1.0688176906026303e-11,0.0001576529029989615,8.311205419886392e-06,1.0771697134259739e-07,3.533254355758686e-09,4.994467506236333e-09,5.184354600349175e-14,1.0316311173375059e-11,3.241121292792831e-13,3.2393589461959652e-25,6.848743663622228e-21,1.815341532451991e-18,1.8510242235341046e-20,4.700350995738827e-16,7.584419407075625e-15,2.094995704693403e-11,9.857911362209926e-12,1.5356138944355233e-26,1.710418917610923e-09,9.359459295531352e-18,0.0002727860410232097,4.106798587181007e-14,0.9995496869087219
data/raw_airwrite/Z/airwrite_Z_20260904_150959_378309_82808e.png,airwrite,Z,Z,0.9978122711181641,5.589181895082618e-10,2.3567708895555484e-10,5.8566285588312894e-05,4.1245387660815425e-10,0.0002518685068935156,2.0455247067729943e-05,1.275447800708207e-07,9.981519042412401e-07,3.016859591298271e-05,3.0827920771692163e-10,2.8028854237582834e-10,3.647725455024897e-10,1.3255593549969277e-20,1.346759555949431e-17,3.9404952088115315e-16,3.343397034309721e-18,8.725255896480447e-14,8.724094580428443e-13,7.9224831139868e-09,1.2015267003562258e-08,2.09082210596738e-20,1.4610465370878956e-07,2.0090660973509818e-14,0.0018253229791298509,7.018005065972943e-10,0.9978122711181641
data/raw_airwrite/Z/airwrite_Z_20260904_151005_449524_fd9292.png,airwrite,Z,Z,0.9960759282112122,6.854581346971145e-10,2.8782315072972686e-11,2.033094824582804e-05,1.2665293813718392e-10,3.8133941416163e-05,2.0391453290358186e-05,5.3756831874807176e-08,1.0008825483964756e-06,2.8842123356298544e-06,1.299681473554415e-10,4.334117092996692e-11,7.825755321544392e-11,7.088672085495922e-21,1.4825460511475634e-17,1.8235497035729974e-16,1.7346657284302932e-19,4.2906243878995665e-14,8.068323570017966e-14,2.6791788787505766e-09,3.281546590017115e-09,2.654467620174023e-21,6.150155513751088e-07,1.1585060710229966e-13,0.0038406322710216045,4.26930990560237e-10,0.9960759282112122
data/raw_airwrite/Z/airwrite_Z_20260904_151023_298188_fce48e.png,airwrite,Z,Z,0.9805088043212891,4.296348876664524e-08,2.161579359949428e-09,0.00016027926176320761,9.821127910925043e-09,0.0001958493230631575,0.00015820437693037093,1.1948875453526853e-06,9.668348502600566e-05,0.00037929866812191904,5.823913085123422e-08,1.7863108325855137e-08,5.165924221728346e-08,1.0333072449376641e-15,7.632782616671593e-14,1.6403360874467365e-13,9.34302751809911e-16,1.9036890119839e-11,9.637222270209023e-11,1.6935831581577077e-07,1.0760124951048056e-06,3.715251148686484e-16,7.4087638495257124e-06,4.740420903037723e-11,0.018490619957447052,2.55508126656423e-07,0.9805088043212891
data/raw_airwrite/Z/airwrite_Z_20260904_151030_827767_4f03bf.png,airwrite,Z,I,0.35171765089035034,0.0005147402407601476,5.306149978423491e-05,0.003119588131085038,4.0759900002740324e-05,0.00120173383038491,0.11603336036205292,0.0015496641863137484,0.0021607407834380865,0.35171765089035034,0.14721524715423584,6.779579416615888e-05,0.008716115728020668,1.610619904113264e-07,2.539203251217259e-06,2.9706612281188427e-07,2.953529509852615e-08,1.3608703284262447e-06,0.00172704691067338,0.0744268074631691,0.16422811150550842,9.162361180869993e-08,0.011920168995857239,0.0003126966184936464,0.03124646283686161,0.06205590441823006,0.021687859669327736
data/raw_airwrite/Z/airwrite_Z_20260904_151033_979762_e81bd5.png,airwrite,Z,Z,0.9861722588539124,2.4800792175483366e-07,2.258523146281277e-09,0.00014946740702725947,1.117042547349456e-08,0.00027667745598591864,0.00038163832505233586,6.918556209711824e-06,6.924976332811639e-05,1.2272483218112029e-05,7.765958542904627e-09,6.94738346851409e-08,1.265581683895789e-08,7.972116551429285e-15,3.5001314997382127e-13,9.80827086758708e-14,1.4697679701856361e-15,1.1505380849430313e-11,2.153699857343483e-10,2.197604942466569e-08,2.2708363189849479e-07,4.07721267924548e-16,2.4061046133283526e-06,1.7733702006861307e-10,0.01292854268103838,2.3617001687625816e-08,0.9861722588539124
